scenario,seed,mean_return,daily_volatility,return_acf_1,maximum_absolute_return_acf_1_20,mean_absolute_return_acf_1_20,absolute_return_acf_1,absolute_return_acf_5,absolute_return_acf_20,absolute_return_acf_50,excess_kurtosis,volume_absolute_return_correlation,volume_acf_1,order_flow_imbalance_acf_1,order_flow_imbalance_return_correlation,mean_spread_bps,mean_depth,three_sigma_tail_fraction,mean_absolute_log_price_gap,maximum_drawdown,bubble_day_fraction,crash_day_fraction,strategy_turnover,final_wealth_gini,price_cap_hits,maximum_cash_relative_error,maximum_share_relative_error,return_skewness,leverage_correlation,learning_fitness_alignment
full,20270401,-0.0002073969959896715,0.02290663267814286,-0.084460552068436,0.16523057820517792,0.04229914936813286,0.21638548870980595,0.2263670799765916,0.08100931637581307,-0.028329172800883557,2.7174573595602336,0.36443460426439267,0.8473196133105922,0.3755925050188731,0.5903248623013747,7.137612583936567,16280.48130538872,0.0116,0.018862720541614725,0.619948475539334,0.0004,0.0208,0.0,0.22451513870503392,0.0,2.573836933482777e-15,1.98435207659548e-15,0.08211807770850223,-0.025435846382266595,1.0
full,20270402,0.0006451188378449565,0.019768135595038237,-0.030289461721581992,0.1226926135241949,0.02787600140272255,0.184419476578712,0.16591769640150228,0.039477988551083316,-0.00016080637068942503,1.6349947166967267,0.19505917305848963,0.9131118554162562,0.4399653900399315,0.46900239857188014,6.99496539809194,4344.380317233179,0.008,0.05163353399182483,0.4250273345567517,0.0,0.0088,0.0,0.20982160172267306,0.0,2.4383718317205256e-15,1.7197717997160825e-15,-0.11092699334056524,-0.006632086081699309,1.0
full,20270403,0.0005368545261782351,0.020630569448683512,-0.04082061403362146,0.12450998754338755,0.026556949412587162,0.13239550344800322,0.13529318152165157,0.059777608824732736,-0.010333203986453548,0.7115892197089968,0.21043206758188862,0.9061607684944105,0.40925599705250143,0.5271540617787642,7.093553317736649,6564.522426107942,0.0076,0.03797284421164076,0.29872610564946656,0.0,0.0116,0.0,0.23068186342395713,0.0,1.2191859158602628e-15,2.778092907233672e-15,0.06915582171774387,-0.036221204309941205,1.0
full,20270404,0.00038936509961519833,0.020422805844090255,-0.08056144241654883,0.11803610820241976,0.030559419298502023,0.11811866782457472,0.12400344993358393,0.031126220562744937,-0.014767257005068533,1.2240806799249393,0.18113189190451892,0.9040494745107022,0.40857299886288134,0.5245467502800245,7.091583824449899,6644.856545190916,0.0088,0.03829034455051044,0.3086027477877229,0.0,0.012,0.0,0.2006609493491145,0.0,3.3866275440562853e-15,3.7041238763115625e-15,0.060316182985561,0.02990608886555784,1.0
full,20270405,0.0003375435490218955,0.02056118726803241,-0.07631691276497117,0.1263556546297241,0.031196969503397575,0.1640719823410158,0.15496468718309198,0.0444615085325045,-0.023322005995462334,1.6346512692760413,0.20231621482071774,0.8758224675228335,0.4082497960896658,0.5105888393684569,7.1117825739383,4935.1428478462885,0.0092,0.046692216187985115,0.36477646254014573,0.0,0.0132,0.0,0.192998608675101,0.0,2.84476713700728e-15,2.3812224919145757e-15,-0.04637504739364164,0.006483346044187588,1.0
full,20270406,0.00027598654321206976,0.01981936671797512,-0.007993268393619126,0.13420698086939095,0.03859265873776675,0.13733354326812147,0.14064230656949223,0.02569198495306324,-0.030090800558739302,0.784606739690421,0.2835643591397837,0.7970249313457483,0.4318485037543324,0.5223231681696474,7.078752575703782,5001.817969393723,0.0076,0.04556172817205984,0.42155957089938234,0.0,0.0072,0.0,0.20519020050748682,0.0,2.302906729958274e-15,4.497864706949754e-15,-0.0005544380130603827,0.0025264587783239705,1.0
full,20270407,0.0005268799725971832,0.020171854644380482,-0.06915245647000733,0.13291549395404925,0.036126899757784284,0.13537745758261385,0.16129792427487183,0.02890047910555537,-0.042882252120628836,1.2577451675033569,0.22171359128227103,0.8580484868844016,0.39355673214022824,0.5047323619486126,7.125805666320727,3703.2494829537645,0.0088,0.05484141765300337,0.29275927123240364,0.0,0.01,0.0,0.18135446914570852,0.0,3.657557747580788e-15,2.645802768793973e-15,0.04057603165414446,0.0007142930633797532,1.0
full,20270408,5.0971885316485554e-06,0.02056186598169854,-0.037782850993893474,0.18163653336207192,0.028792500548777567,0.17802999692919788,0.18004085266513517,0.04683617902059067,-0.015376596658216684,1.8890163554518749,0.31130713244170927,0.7673200733536413,0.4289821358565794,0.509794856172768,7.032160201577161,6970.147848301256,0.0092,0.03363185284701145,0.4271691485412076,0.0,0.0104,0.0,0.2146352893718686,0.0,2.4383718317205256e-15,1.4551915228366853e-15,-0.013537095006795289,0.027081753621620706,1.0
full,20270409,0.00023056019202417416,0.02173864104498621,-0.12238751284154305,0.12238751284154305,0.029895962108204728,0.1728744357144362,0.17883668041912906,0.049366489229192546,-0.05186870153132664,1.3363880766154796,0.2722507271568431,0.8410333993504238,0.35506789788906146,0.5796026449471946,7.153868318962351,11000.355087136588,0.0076,0.019696337710275538,0.3315766451772658,0.0,0.0144,0.0,0.20938868290748536,0.0,5.824999375776811e-15,1.5874816612763839e-15,-0.13635380509722786,-0.028864117175087283,1.0
full,20270410,0.0005164379754342075,0.019606736762181567,-0.054199488242181786,0.10335040357826615,0.03212053922190834,0.13729384708193068,0.13679147959700208,-0.017361193466304912,0.013973255688065848,0.5735591899034107,0.18863448952223685,0.8638853830656644,0.4344165869075671,0.5044278975647067,7.039610594339084,5794.911296009831,0.0072,0.04072666209169313,0.4263636996542719,0.0,0.0084,0.0,0.20788188399211216,0.0,4.3348832563920454e-15,2.5135126303542743e-15,-0.07197082942581462,-0.005710766419259149,1.0
full,20270411,0.00033259779965381,0.021284763854545297,-0.07667119384123373,0.17238541818680242,0.033917321237646854,0.20314076713500737,0.16240581540449214,0.044001214219958444,-0.061018081933371375,1.245086822737215,0.34148885982906463,0.8460971994679741,0.41708183207542365,0.5467681759849524,7.0788653872659255,11782.07360702979,0.01,0.01879542113669945,0.399799730442025,0.0,0.0132,0.0,0.23567622711709735,0.0,2.7093020352450286e-15,3.1749633225527677e-15,-0.010593737332138286,0.059009285287900774,1.0
full,20270412,0.0001452341499960024,0.020731148673750196,-0.07454954714936236,0.12385052943048185,0.026034289229657052,0.1266207955868391,0.13913277216393372,0.04264189919617315,-0.022083469483939758,1.1669218940987678,0.28993249698207735,0.8300933251132866,0.40389709607857854,0.5572097472384563,7.1228313349370795,8431.249361111137,0.008,0.025241045175051414,0.5766224437240375,0.0,0.0128,0.0,0.2249951390091376,0.0,3.7930228493430395e-15,2.5135126303542743e-15,0.07209503723348912,-0.03778260986192634,1.0
full,20270413,0.0002873993427284436,0.020744728468919064,-0.021392390588089477,0.1093726016105473,0.0375367400723672,0.11196326102020596,0.1261641669073725,0.0262605458327631,-0.023010379039378404,0.766360794130768,0.2666845942432307,0.8519245288946813,0.4294253807906168,0.57282316803833,7.073799652647516,12423.881066987638,0.0088,0.02135067527495228,0.3490961051697109,0.0,0.0104,0.0,0.2276207570499984,0.0,2.573836933482777e-15,2.1166422150351785e-15,0.02612444907320839,-0.019057904953826584,1.0
full,20270414,0.00018640210761753729,0.01968242334434698,-0.04438517299225693,0.1213440589184942,0.03017498191283093,0.163640273630256,0.13405849204624792,-0.017553383742982015,-0.033924970231489056,0.9155819117182955,0.2635316455308265,0.8093136651467623,0.4104864834460874,0.5148875568856067,7.028014993639033,6002.3103199163315,0.0076,0.03867596065569212,0.39400649106816943,0.0,0.0084,0.0,0.18384758513611454,0.0,2.84476713700728e-15,3.7041238763115625e-15,0.06461864091557196,0.0007237840312852718,1.0
full,20270415,0.0003177302026639232,0.02119253383532028,-0.09545296502033868,0.11218671193023064,0.03130196061737163,0.14829183103196947,0.08215066710136769,0.02870999306283292,-0.055514696642432984,1.241751799396341,0.2336101541853279,0.8724080494323883,0.40729559154231576,0.5424547883918259,7.0992940745213,7660.14644326539,0.0092,0.031236523445305562,0.46358976788703743,0.0,0.0136,0.0,0.2162652049912257,0.0,2.0319765264337714e-15,4.497864706949754e-15,-0.004874302610725351,0.0026818515477099003,1.0
full,20270416,-1.0886931029841662e-05,0.020106840962890626,-0.07157918159713837,0.12248460204991261,0.03273208510689023,0.13303037354756095,0.12400767366956299,0.07555468571327316,-0.02075737452848737,1.112957201249123,0.25579413757275576,0.7554606347120694,0.4300071442192352,0.49771269423865006,7.0738011872348485,6257.92744981309,0.0076,0.03766904466160006,0.44218401434195787,0.0,0.0124,0.0,0.18601860240834567,0.0,1.7610463229092685e-15,3.1749633225527677e-15,-0.12468452040635952,0.039175188472549076,1.0
full,20270417,8.941460195416653e-05,0.021464677211251237,-0.10374427843779503,0.13066014926623737,0.032877188863721346,0.15920990295147674,0.1585028888903968,0.03410959988277014,-0.053215504686686586,0.8205760183553372,0.25442149402480224,0.8072734582124823,0.3755809917297729,0.5902279202439641,7.131974255183043,13121.3948473755,0.0064,0.01781846996664749,0.47781114245204326,0.0,0.0128,0.0,0.19911380374273802,0.0,1.625581221147017e-15,1.8520619381557813e-15,-0.07236428124292511,0.038495569060565345,1.0
full,20270418,0.0006588567987436552,0.020919965547950625,-0.06091152874399531,0.1626192618214514,0.038354921985872495,0.17523764130930256,0.19239958718309366,0.07948760464290122,-0.01193174648108583,1.6976618721105314,0.2573631750490617,0.9173855557637398,0.40373534107686526,0.5267585639717594,7.07747391669266,7263.1510124463275,0.0112,0.03619381294849966,0.2846195966405095,0.0,0.0144,0.0,0.20990861207361378,0.0,3.1156973405317828e-15,2.5135126303542743e-15,-0.004390964939042135,9.006474676580365e-05,1.0
full,20270419,0.0005545218269296651,0.019971289169234477,-0.06655212525845225,0.15432705254910692,0.03132929109195256,0.12641394447140686,0.1287167847046887,0.054147914867735736,-0.024464450882149227,1.3614591147379365,0.1850348447880476,0.8969656605450875,0.42062091320813794,0.5159137360245213,7.031691027884516,6067.379527515714,0.0116,0.040084137558816096,0.2841538368821239,0.0,0.012,0.0,0.19626135267253741,0.0,2.0319765264337714e-15,4.89473512226885e-15,0.07833884403970304,-0.001726825075460042,1.0
full,20270420,0.0004791103076387234,0.01968301605463888,-0.06032786054490628,0.11722462502136873,0.02673642691403249,0.11027372284951767,0.09281839151572974,0.03351724386905536,-0.03350791101072661,0.5798872391707146,0.16040822130362364,0.8715193838300426,0.4364979016903912,0.49644311556458914,6.994198712750182,4902.336816646779,0.0052,0.046327767293476124,0.3450422340210989,0.0,0.0084,0.0,0.1980189212882042,0.0,1.0837208140980114e-15,2.1166422150351785e-15,-0.00875149356173535,-0.011957562271588694,1.0
full,20270421,0.0005375468753774023,0.020795640578783803,-0.057942558878598026,0.13555447024622597,0.027402259640432976,0.20425505353275475,0.20368717547225837,0.10239567487564342,-0.03274545768440459,0.8659650798416596,0.23178206026329795,0.896523207607217,0.42348674550605786,0.49149649049716976,7.130477217862117,4888.6384072181245,0.0048,0.04780552472278116,0.30058656374821413,0.0,0.0132,0.0,0.1990573544677794,0.0,3.3866275440562853e-15,2.248932353474877e-15,-0.1183338289432061,-0.005409388051591253,1.0
full,20270422,0.0004633437016875185,0.020114441839716696,-0.053414601254349346,0.13920974598742605,0.03245585448955591,0.09228162666922836,0.12481308295101412,0.04053691311675386,-0.01118659814805152,0.4243649916236567,0.2120552799509855,0.8461327205502499,0.41749425927754963,0.5244325376962437,7.0664485315274455,6137.7947160870435,0.004,0.03780856913432111,0.32619819998184507,0.0,0.0072,0.0,0.19924723411452705,0.0,4.876743663441051e-15,6.614506921984933e-15,-0.06956113862397377,0.014842864365406154,1.0
full,20270423,0.00018143536442840968,0.02166295957923938,-0.045484762467363445,0.14768291816192117,0.03712034258339854,0.17709607798534532,0.14957189605927176,-0.020059616667500314,-0.00850138101548329,1.7327337133899796,0.3408230711868927,0.8183231307743389,0.4060247393359918,0.5589952223879939,7.069348471821277,13634.149679811873,0.0128,0.017938894492935488,0.4673381865425966,0.0,0.0144,0.0,0.19572218616655213,0.0,1.4901161193847656e-15,1.5874816612763839e-15,-0.014402396160392567,0.0402260606018212,1.0
full,20270424,0.0008470966054494841,0.01994104859127444,-0.07219772996453026,0.11475366656141231,0.027569701948731446,0.11418972361986611,0.1532291676130656,0.02602243548050431,-0.04899519962438358,1.1678300124944228,0.16851055925119476,0.9296256897794717,0.43643050845209264,0.4829812124123355,7.038679335342212,3660.665327575016,0.0108,0.056360721945157795,0.24469016071834904,0.0,0.0112,0.0,0.2034408912020631,0.0,2.0319765264337714e-15,2.9103830456733705e-15,-0.04642629432095303,-0.022700422388073817,1.0
full,20270425,0.0007458341308699744,0.02097933897320819,-0.11532731079293461,0.11532731079293461,0.02968104613610381,0.1700928211584264,0.1420280625489303,0.02234161517668252,0.01522786507371945,1.2478770315760084,0.22214138289326843,0.9236265917113868,0.40414467572156093,0.5337644245509062,7.028686485562558,9087.597914826403,0.0108,0.034669622615413384,0.38321307572491814,0.0,0.0116,0.0,0.2187317265423223,0.0,2.7093020352450286e-15,3.1749633225527677e-15,-0.08389202450537303,0.06166647799858247,1.0
full,20270426,0.0004450416388323642,0.020493588491537054,-0.10982358075550654,0.11136166638007863,0.030152805100544487,0.19842629455779273,0.21397038806144328,0.07027605181297912,-0.02566572207971454,1.114860584608298,0.23386591420757685,0.8896980578150898,0.3924952284564161,0.4870375922860831,7.101678963042151,4237.3749782478835,0.0108,0.05139322655674363,0.2993417635512846,0.0,0.0132,0.0,0.20233420448135253,0.0,2.1674416281960227e-15,3.042673184113069e-15,-0.02471024902577871,-0.003928253054137542,1.0
full,20270427,0.00023526856041630745,0.02007673823901363,-0.0430838153713272,0.13188535812770785,0.028248971860809047,0.16324132368693844,0.15945816716423986,0.03496875868002608,-0.008449104362716458,1.0716044665068987,0.24921583825488897,0.7961870010657319,0.4215870969639128,0.4918212903623348,7.120601561163556,4576.9196295960155,0.008,0.04801945974106345,0.3016782363134489,0.0,0.0096,0.0,0.21338751027555114,0.0,2.980232238769531e-15,2.1166422150351785e-15,-0.03362251510299671,0.00784394968467524,1.0
full,20270428,0.0003144334008300657,0.021726894540127127,-0.07374577116410005,0.19012614047384122,0.03683107055648617,0.19549983157525308,0.22183181164300175,0.04241881715292243,-0.025192370323671102,2.0691191836630063,0.3505482793794011,0.8348744342656174,0.40967972450802076,0.5382995523649557,7.151449967396092,9263.00494917216,0.0112,0.02295647905089537,0.3570117165715747,0.0,0.014,0.0,0.20506540898302128,0.0,3.1156973405317828e-15,1.98435207659548e-15,-0.0435153037254208,0.0158934680650013,1.0
full,20270429,0.00031815122115904694,0.02088414819502566,-0.12504842512770842,0.12776453391081166,0.03474265018117008,0.1758814436799726,0.1497302169639571,0.039019517150928607,0.020199549114120415,1.597697112977957,0.28226603200769806,0.8722859542233535,0.3987100276261165,0.529534952812236,7.054621822592286,8205.040862987855,0.0108,0.02918835448562504,0.3343406556284383,0.0,0.014,0.0,0.19475242008434468,0.0,5.147673866965554e-15,1.7197717997160825e-15,-0.07828556537239612,-0.0211001391479427,1.0
full,20270430,0.00043540094871643583,0.020095803158009982,-0.059258639869379744,0.11944463318629582,0.034406107185278895,0.14030338735054526,0.14803066063214593,0.04901475503636263,-0.06388517925200077,1.3935198395093717,0.20162990069119222,0.8510294328116349,0.43453640111172653,0.5154084359843575,7.078954648484653,5950.077894391219,0.0092,0.038399927622676244,0.3042392065456101,0.0,0.0124,0.0,0.20715340387647796,0.0,2.4383718317205256e-15,3.836414014751261e-15,0.04268763742000666,-0.014216808612427748,1.0
full,20270431,-5.0838927631492226e-05,0.019652524965787527,-0.049873569465861106,0.15224090754557507,0.025499967181824217,0.0968564139622225,0.0848325181886115,-0.0066719552230484706,-0.03090430144010885,2.194390739585076,0.27560537681983033,0.7584726526070622,0.41078502925501525,0.5311506342618796,6.914447602414996,7678.910062689063,0.0092,0.02948424636619616,0.40237913388268653,0.0,0.0096,0.0,0.2040758400952274,0.0,3.3866275440562853e-15,1.7197717997160825e-15,-0.021957402814217562,-0.005833148594835147,1.0
full,20270432,0.0007038189560709406,0.01914805059778459,-0.06328598821959008,0.16379638651121253,0.03352906713975575,0.12060338814768774,0.140999133361503,-0.0012500732011811355,-0.05161728644948331,0.9550661365212334,0.1750724971616261,0.9212113847995824,0.404529620426261,0.4812709847620638,7.013627675757625,3483.43900865812,0.0076,0.057392063522005946,0.2684137337455357,0.0,0.0088,0.0,0.18445743936855918,0.0,3.251162442294034e-15,2.3812224919145757e-15,-0.06858423331720769,-0.0029224218812707527,1.0
full,20270433,0.00010005012656252746,0.019430084878403708,-0.017778019201917596,0.13049462635842116,0.030563436919575426,0.1599616095048341,0.14494536474550754,0.05204695004368309,-0.03147696633511267,0.7641153801092564,0.2514995643947042,0.7763821035898624,0.41802816304244134,0.505928154943257,6.983628808760296,5761.967794286486,0.0072,0.03980906714716093,0.47510589866102915,0.0,0.0084,0.0,0.19960297343167466,0.0,2.980232238769531e-15,3.1749633225527677e-15,-0.027004625666077822,0.0036633534101753983,1.0
full,20270434,0.00010952111661351012,0.02072301632660927,-0.077616815914415,0.1288682976803769,0.03013505097736762,0.11924657633209888,0.11967547138934655,0.03463844707797373,0.00215760449749522,0.9691859316316798,0.26507092450656594,0.7919128567273475,0.396461211875483,0.5661305086708001,7.0053388822489,11790.903718442056,0.008,0.018285719246674877,0.46382550082090934,0.0,0.0148,0.0,0.2018892113017332,0.0,2.84476713700728e-15,2.778092907233672e-15,-0.027077779865443585,-0.029854264557103896,1.0
full,20270435,0.00026598567368893493,0.02110375839422581,-0.07059978634555432,0.1099180641506434,0.028922235217654725,0.2124714616522803,0.1547022958466357,0.04700112756121123,-0.03142624428461784,2.1532573269949618,0.29098769835730837,0.874403816956521,0.42311299430893456,0.48506723164179544,7.085083206970851,4493.936468651771,0.0124,0.050376633649596506,0.5398406371145414,0.0,0.0164,0.0,0.19688443540844602,0.0,5.147673866965554e-15,1.4551915228366853e-15,-0.02776594262451996,-0.009422965438850291,1.0
full,20270436,0.00010778345511511489,0.021094662276096934,-0.08739531576201433,0.13412890103232414,0.031084299186826,0.18464584213242488,0.19142263596706247,0.0466446444235423,-0.06578730936928025,1.2034337452004227,0.3039439516118359,0.8148609460240679,0.39590375426662733,0.5548522103732927,7.11488638422705,12678.724038860193,0.0096,0.017611403703755725,0.5083415515682959,0.0,0.0128,0.0,0.20229072795907954,0.0,1.625581221147017e-15,2.645802768793973e-15,-0.020962093718202766,0.02066046362927696,1.0
full,20270437,0.00015837819142106114,0.01986129484165329,-0.06058764654137685,0.1243229097848032,0.02649983278501352,0.10234940967090571,0.12165372165304413,0.03807177016590598,-0.056804364344666555,0.5786408122661642,0.26778733137421773,0.7870143568600474,0.4057424834002571,0.5457932982739693,7.03246911738111,8164.13617080461,0.0052,0.026829767478455627,0.3955089572359214,0.0,0.0084,0.0,0.19475752926359235,0.0,2.84476713700728e-15,2.645802768793973e-15,-0.023526191528076185,-0.026044026480291693,1.0
full,20270438,0.00030070144991988494,0.020101469398372786,-0.10561760096643269,0.10561760096643269,0.03151386845191003,0.1707028373094601,0.12724389571100994,-0.002710568669385606,-0.0090634863125351,1.0692063581186497,0.23087575380333267,0.8696298233267094,0.44055061096078074,0.4989920537376468,7.071132405136103,5695.16583884771,0.0088,0.04099062170097858,0.33477116478468616,0.0,0.01,0.0,0.2054821284387105,0.0,3.7930228493430395e-15,2.778092907233672e-15,-0.08844708925906522,-0.034445981792459814,1.0
full,20270439,0.00037491326814650494,0.02067218348195139,-0.015548683629415834,0.15329489772925026,0.034218515095501806,0.18160022465532408,0.16822190658378958,0.031211803627285515,-0.002560853536790906,1.2108810487430306,0.26379243523340956,0.9036013519322978,0.42641566935320224,0.5148924863738119,7.120827866477057,7891.79532185181,0.01,0.03241353376245754,0.3684634883939918,0.0,0.0116,0.0,0.19615051908607017,0.0,2.7093020352450286e-15,3.042673184113069e-15,0.10676144143351655,-0.02227965119225315,1.0
full,20270440,0.000472603055557904,0.01987592818197985,-0.04962740969939011,0.1452913233981107,0.028496477893600613,0.13765675816445208,0.1188625837157099,0.009665500963209612,-0.006462812266817996,0.7551783339200164,0.2106072171453258,0.8784856100616876,0.4076803364445281,0.5124460996555067,7.001179288117841,4718.674650783953,0.0064,0.0473598937546832,0.38126099452616424,0.0,0.006,0.0,0.21600049622101625,0.0,1.4901161193847656e-15,4.89473512226885e-15,0.014267326645976783,-0.0008014032248010718,1.0
full,20270441,0.0004140047003603094,0.02051378574220144,-0.06195476838895002,0.12572697766086297,0.03616604668016926,0.1554884782945284,0.17158259043751267,0.03949330554035188,-0.07538357678173403,0.7604068380082922,0.2527595924655285,0.8711892715694243,0.4149284054719667,0.5091359347067889,7.069667251405917,8375.945868732393,0.0072,0.02790229838263602,0.24955071138169338,0.0,0.0124,0.0,0.20579936637169194,0.0,3.1156973405317828e-15,5.423895676027645e-15,0.013049492535452942,0.015698570533544034,1.0
full,20270442,0.00031144640121552955,0.02099220737030491,-0.05922262359600913,0.11531863453944237,0.03301038444681006,0.11976710163046585,0.11493099904882553,0.049991418595894795,-0.02152297230824538,1.0568130028419587,0.2256290125843117,0.8731351111679991,0.39252617535752515,0.5798580755604659,7.059919015609035,12504.476148231834,0.0064,0.0211261775210871,0.3803076096367838,0.0,0.01,0.0,0.20997383662289493,0.0,4.199418154629794e-15,1.98435207659548e-15,-0.021265500865360512,-0.007373755023519871,1.0
full,20270443,0.0003831477714607473,0.020507224578455663,-0.08490759247704625,0.09710191506589776,0.02790114276018992,0.1499548511416192,0.1674763182944845,0.04115516159544324,-0.03933173819312042,1.59227770375096,0.1923624249753426,0.8535254703698241,0.4209103431095085,0.5276351733346524,7.094613133637202,7816.298110776529,0.0076,0.030671482184113124,0.4037722138873586,0.0,0.01,0.0,0.20566566876960746,0.0,4.063953052867543e-15,6.2176365066658364e-15,-0.05895425611260223,0.025784960649546725,1.0
full,20270444,3.849672993700999e-05,0.01991051521481486,-0.040268515459047666,0.14201138969095997,0.027457263596875697,0.16683978322989465,0.2032365876027169,0.02945645375327565,-0.03955410027259265,1.092736557075198,0.2807774868730442,0.8047588178705252,0.44542865767121453,0.49067269073412134,7.048490735770617,4893.347486140095,0.0092,0.046346165801231694,0.5442012208310831,0.0,0.01,0.0,0.18840712164995255,0.0,3.522092645818537e-15,2.3812224919145757e-15,0.027728065127756885,0.00893739121337275,1.0
full,20270445,0.0006305789786153366,0.02040354147528262,-0.07553748668525728,0.1597187136451533,0.03552363263941584,0.17203113723634722,0.16987068558223165,0.0463792422465425,-0.048767475656986255,1.5482049948753858,0.21896287435309375,0.9111402834945586,0.4107584855776797,0.5003863283338591,7.095172536375673,5263.273634296436,0.0116,0.04517683341898998,0.3081441404066929,0.0,0.0124,0.0,0.21204412413392015,0.0,6.095929579301314e-15,1.7197717997160825e-15,-0.046448995598639,0.05991776340001073,1.0
full,20270446,0.00032843313130492434,0.019919971560026426,-0.05449236178721782,0.1039194941465615,0.030257992627668262,0.15376324929951535,0.19099276635425838,0.06330235549585939,-0.02001779852329835,1.113135403249193,0.22756900960970236,0.8749298444782097,0.42079658550686083,0.48688379455037967,7.046117645800031,4408.555988018072,0.0076,0.0504688218673878,0.41427434835544286,0.0,0.0108,0.0,0.19506645249174137,0.0,2.1674416281960227e-15,1.98435207659548e-15,-0.025626196240925367,0.0030675080510949543,1.0
full,20270447,0.0007681661960818012,0.020037520900059166,-0.021452076265545048,0.12296750123767486,0.0329682594573517,0.08520767457712464,0.12317001249672598,0.04582906559510984,-0.02982720112237948,1.3414930203693087,0.15473340437655494,0.9384758576462471,0.4219907676923187,0.49498482506323116,7.014275358350991,4320.329498207093,0.0092,0.05267906304108144,0.31587000649028507,0.0,0.0088,0.0,0.21311742931654076,0.0,3.1156973405317828e-15,3.5718337378718635e-15,0.12216048671804426,-0.03186536337504317,1.0
full,20270448,6.494773063432291e-06,0.019689445281142814,-0.02886309927816616,0.12034785499184913,0.024642092576369522,0.09089065743924402,0.12271535469052844,0.020448504255831338,-0.005256256284621456,0.7553077728916398,0.24843342996235546,0.7571860529607458,0.4315613897661198,0.4961127326936361,7.005401222089011,5515.802948768706,0.008,0.04312460060305609,0.4411997977529166,0.0,0.0108,0.0,0.20459997141401676,0.0,2.302906729958274e-15,3.5718337378718635e-15,0.015092029816847225,-0.018140806082086645,1.0
full,20270449,0.0005045383331812328,0.019634740400667035,-0.061912155038637826,0.15361599180058447,0.035168570791935846,0.11896486827403953,0.13716044419652873,0.029611745901516665,-0.01689093341586235,0.946722569408518,0.1662905952753193,0.865163785985854,0.433858928745109,0.48383784427905374,7.024389092209076,3786.4719164364246,0.0072,0.055690520832314315,0.3474218987601314,0.0,0.008,0.0,0.21363484760908436,0.0,1.8965114246715198e-15,1.3229013843969864e-15,0.003345542099921033,0.014272999803464902,1.0
full,20270450,7.134254724961053e-05,0.02087435589299778,-0.07646381066193063,0.17259196426057563,0.03209313378232061,0.15742124262864762,0.18441135380140772,0.03811048334780227,-0.007441903568987542,1.1918674574846762,0.3427702626074442,0.7843190905781405,0.424343373602331,0.5518491314701102,7.1370109782788855,10499.723845118111,0.0112,0.01966271633528005,0.39324005359122927,0.0,0.0144,0.0,0.23794918367922113,0.0,2.980232238769531e-15,3.7041238763115625e-15,0.003019241117505578,-0.007709755058127076,1.0
no_direct_news,20270401,-4.146247292280911e-05,0.01705692185612962,-0.10626609569955946,0.21966232359692775,0.04704873244666839,0.5745606422081129,0.592714857709223,0.34296608757092517,-0.061617968266136317,9.53621614958201,0.719367163449661,0.9590627258652251,0.8226032179403054,0.3596512894129359,6.813743093988484,14912.989988739055,0.0332,0.16489486182371677,0.27580011199842946,0.5044,0.0188,0.0,0.12590695684141884,0.0,4.3348832563920454e-15,2.3812224919145757e-15,0.06327966354335972,-0.02544449812768907,1.0
no_direct_news,20270402,2.2192351059914017e-06,0.015558095536573646,-0.0426593869228593,0.15151563326697257,0.043658711510005596,0.5108455926917636,0.5068081110431064,0.28474977120701644,-0.04302445511583256,15.819802172752372,0.7100329885915634,0.9669680232302325,0.8390229390485855,0.3131394116773561,6.633239461934569,13600.808075651325,0.0276,1.299232325348682,0.20704224729974186,0.0,0.0128,0.0,0.12479931131838429,0.0,4.876743663441051e-15,2.3812224919145757e-15,-0.4929846588789869,0.008065462364780623,1.0
no_direct_news,20270403,-1.7592755294181472e-06,0.01700087556805355,0.018439968246882304,0.3140187495234351,0.05932769137183248,0.5434362146896169,0.5551683976675947,0.30785936762170946,-0.062494058773748286,19.398690314301703,0.7395975073393943,0.9659924255442516,0.8718497543483689,0.28228289972867104,6.550753998386278,13796.220765090382,0.0296,0.8156140689123775,0.21685094757515044,0.0,0.0172,0.0,0.11244521158321552,0.0,1.4901161193847656e-15,2.5135126303542743e-15,0.4144083186365086,-0.026915100514848102,1.0
no_direct_news,20270404,8.796387952323314e-06,0.016134840988168097,-0.032116932562805324,0.1692499874022622,0.05671992771408664,0.5842827976955742,0.5704167849488954,0.3261737614719675,-0.08606401256448562,15.039640277971728,0.7504671076029185,0.9676650521870046,0.8543487405010975,0.30341271841546336,6.680784925759668,13632.801321414614,0.0304,0.8003435144976562,0.19783450264252256,0.0,0.0152,0.0,0.11164587767852585,0.0,3.1156973405317828e-15,1.98435207659548e-15,0.5259650860490253,-0.011566358698730643,1.0
no_direct_news,20270405,7.65678413248949e-06,0.01563557298544438,-0.1528851318930587,0.18570121137030055,0.05789402698515826,0.533804276640518,0.5610589938606584,0.30068628542590775,-0.059859093012991575,17.385607873969462,0.7265468677918232,0.9707842064332144,0.8447199024503446,0.29586757959563914,6.547038812829181,13749.88484968395,0.0312,1.0658740125666186,0.18370145802824678,0.0,0.012,0.0,0.08945888988986117,0.0,2.573836933482777e-15,3.1749633225527677e-15,0.6518888367621081,0.04636955442662644,1.0
no_direct_news,20270406,-1.113908338717522e-05,0.016128695255463902,0.01226271141297598,0.18053067415461593,0.056421242649925,0.5769941588868094,0.5571666609679884,0.38698541914053647,-0.05154029757186679,13.949374182632589,0.7504279162945546,0.9660580676939375,0.8609078969169822,0.29880640677808223,6.606203534364704,13703.902299592392,0.0308,1.0065938042504277,0.21177088103660968,0.0,0.0148,0.0,0.12045028148961712,0.0,3.1156973405317828e-15,1.5874816612763839e-15,-0.09169839956669572,6.585666945142243e-05,1.0
no_direct_news,20270407,1.0586708809240619e-05,0.015403040787057495,-0.014783199023572394,0.16788266724505765,0.05467208735954217,0.5562913070608013,0.5523598991695059,0.3718551251989718,-0.03228171372330135,13.527211935823129,0.7352092744939523,0.9669534996082563,0.8570740264215663,0.3020571475249324,6.6081048433723915,13651.623295310726,0.0308,1.3657399945492448,0.20249279929528596,0.0,0.0112,0.0,0.1079509115161752,0.0,1.7610463229092685e-15,5.0270252607085486e-15,0.25643659491900994,0.023442507463912528,1.0
no_direct_news,20270408,8.808612326871312e-06,0.01584794050798936,0.03015498908910942,0.208323711866156,0.053202497921331304,0.5671152585327318,0.5885510071535717,0.32911232710511634,-0.04394176276439757,15.359830504716587,0.7280372098934361,0.9689917025051128,0.8498030828481506,0.3031501194223446,6.57608793046729,13679.592180654667,0.0312,0.660693520950925,0.19358984565337634,0.0,0.0148,0.0,0.10828804200840447,0.0,3.251162442294034e-15,1.5874816612763839e-15,-0.10793001444572872,-0.0255859089160794,1.0
no_direct_news,20270409,3.318662425969485e-05,0.01662714917211131,-0.14607269925951522,0.15527112804437376,0.045067112341627455,0.527107320327287,0.5434873791153502,0.3167179094157589,-0.06172811116385013,16.11004063888553,0.7182332013723016,0.9683740837609506,0.8624696509501939,0.3061445440664665,6.65806467392741,13985.092785980934,0.0288,0.24905149139620936,0.2171096450575074,0.0704,0.0152,0.0,0.1210300937887816,0.0,1.0837208140980114e-15,7.275957614183426e-15,-0.04671896542110544,-0.00011441289266319064,1.0
no_direct_news,20270410,-1.8111302805184693e-06,0.016849769284526504,-0.03545580851450395,0.15106720514755884,0.050101520224599204,0.5587955389497117,0.5648746197418605,0.3566461184755858,-0.048013658590374486,10.704281667456767,0.7311775410113045,0.9678954900537783,0.863176396131583,0.3112949268591462,6.904840646951058,13410.470210949727,0.032,0.8957010987295329,0.19090981770083804,0.0,0.0168,0.0,0.11995295862492794,0.0,3.7930228493430395e-15,2.9103830456733705e-15,-0.06123216890034085,0.027013042784927204,1.0
no_direct_news,20270411,6.639009434343812e-05,0.016396584035694217,-0.09311637785223323,0.16430363314788837,0.046105409860242794,0.5573732588437266,0.5737114968550161,0.32767955420824996,-0.05687403868554035,12.063653443720838,0.7438509460030759,0.9703808193091552,0.8440413571383165,0.3223110347446166,6.642350563519242,14002.72569012527,0.0352,0.18374802085985342,0.197057035632778,0.0444,0.0172,0.0,0.13040898579880777,0.0,2.7093020352450286e-15,2.5135126303542743e-15,0.02685457659653182,0.011517370934679473,1.0
no_direct_news,20270412,7.058910190620793e-06,0.01521758832751668,-0.05220550829411758,0.21282777373227055,0.047628755276113974,0.4930157908267721,0.5186819437188976,0.3289133111745913,-0.02060109331812972,13.949142607352439,0.7226138811291735,0.9705548723635457,0.8592917251187489,0.29454930286863434,6.5671998399291605,13709.187848148214,0.0308,0.4655209860926742,0.17651291516027845,0.0,0.0128,0.0,0.12270667241956335,0.0,1.3546510176225143e-15,4.762444983829151e-15,0.20215188903281073,-0.09096505229434529,1.0
no_direct_news,20270413,5.527378599727193e-05,0.017317030347895383,-0.07014225412289578,0.22066744744586056,0.059038776044618234,0.5171094955239196,0.5285243398414191,0.3386352973941654,-0.07437563017284879,13.03491673887666,0.7114588994450987,0.9623122431141041,0.8257977420353537,0.34712199564537316,6.83415156901071,14124.957955161053,0.0268,0.2236246186884517,0.22170755369261697,0.1968,0.0144,0.0,0.12389180097771435,0.0,2.0319765264337714e-15,7.143667475743727e-15,0.07828456477554083,0.016417507953091038,1.0
no_direct_news,20270414,-1.3518157714216983e-05,0.01619556332548231,-0.05634588631772929,0.21919339276437194,0.05173988092473427,0.5355682469204528,0.5863914189421929,0.3137781706619995,-0.0750909429437805,11.98165094461565,0.7491788130001462,0.9698108272037481,0.8700687246547811,0.2905346915134085,6.641229309780048,13673.784567276538,0.0324,0.8227463051679981,0.19757664602070013,0.0,0.0164,0.0,0.1075573679207793,0.0,3.7930228493430395e-15,1.98435207659548e-15,0.06888224165501229,0.018331698235719125,1.0
no_direct_news,20270415,-8.408007149498787e-06,0.016345896998877896,-0.015235115830487242,0.19086357347546207,0.03751508870393453,0.5254854875126563,0.5295241945853236,0.33199168790637573,-0.043163735789607874,16.109094699868415,0.7324385362338397,0.9701529993641808,0.8609651270969931,0.299899238927646,6.652280496695368,13647.99315149945,0.0328,0.6113670681869453,0.2297996877302686,0.0,0.0168,0.0,0.1074034822485952,0.0,2.573836933482777e-15,3.1749633225527677e-15,-0.7672245308046522,0.036634056693880535,1.0
no_direct_news,20270416,-1.165906941860122e-05,0.01653241737189112,-0.06323823395707993,0.22445769562350346,0.042587654064252425,0.5571611290201249,0.6143703179647596,0.361383641274564,-0.040544777541568155,12.408626298312518,0.7487398657367889,0.9721877087241564,0.8661361277127148,0.29456388734014416,6.786115695808983,13529.720122683322,0.034,0.7692277840848758,0.22823888110380441,0.0,0.0188,0.0,0.10186254065352496,0.0,1.625581221147017e-15,3.5718337378718635e-15,-0.25570466184296636,0.018684640909138104,1.0
no_direct_news,20270417,1.0883482963550506e-05,0.01693528494720373,-0.08899116189411324,0.15873691897449901,0.04186166768836226,0.5045449908742283,0.5354110277136908,0.2861188099360283,-0.0890113738779708,13.85573936290174,0.7095781041394869,0.9586529966516607,0.8211955126259496,0.35474206516572215,6.744839175618994,14228.487311701474,0.0316,0.13045153226245293,0.2520195991016263,0.1976,0.0164,0.0,0.12241709547769752,0.0,3.522092645818537e-15,2.3812224919145757e-15,-0.30462345781093453,0.03446343129328155,1.0
no_direct_news,20270418,4.1026043773946695e-06,0.01703759081757512,-0.04886561576715445,0.1566408031112519,0.06473015373246029,0.5333381938229266,0.5402983960933012,0.29868363805039455,-0.06971176649260943,17.38828931795063,0.7080189257085499,0.9658084684458331,0.8544851740608487,0.3119577554257256,6.6777315165180315,13728.747920665764,0.03,0.7433932973103848,0.19707385258625565,0.0112,0.0176,0.0,0.12437733519818361,0.0,4.199418154629794e-15,2.248932353474877e-15,-0.20685682165071193,0.01111738647540765,1.0
no_direct_news,20270419,-3.900529911613759e-06,0.01587737901821668,-0.05465499231768742,0.2892943651942931,0.05208761471925788,0.5260390042974206,0.5346729047211085,0.3374919704151666,-0.03774581044950904,12.51448943203446,0.7353169309195519,0.9663765064545682,0.8476331343110729,0.3131123366283935,6.675668925941563,13563.456842424963,0.0308,0.907606693464555,0.20278860719882863,0.0,0.0116,0.0,0.1058072610063292,0.0,2.7093020352450286e-15,4.630154845389453e-15,-0.008884372482360823,0.027136163902484297,1.0
no_direct_news,20270420,1.573803008426715e-05,0.016148241503466686,-0.09424868139738449,0.12091736964261998,0.05578139672313842,0.5958497638871493,0.5812973121697264,0.35341290007153053,-0.03716524257928504,17.092143496678233,0.7406543662722415,0.9720210655088638,0.8720960682591088,0.2803622566537098,6.537467635424328,13784.164695243633,0.0324,1.0855007828176098,0.22677931369397697,0.0,0.0128,0.0,0.11616230802066618,0.0,4.063953052867543e-15,2.778092907233672e-15,-0.12035402182295483,-0.08084357911824955,1.0
no_direct_news,20270421,1.8182867140925651e-06,0.0165442001131319,-0.04049921570793028,0.15364124896261672,0.051519781747416685,0.4983476968740609,0.5332487648235801,0.37127537197229427,-0.04633472859437733,14.326752192751584,0.7297569702392546,0.9717024383837236,0.8479234139692506,0.313160887427144,6.725288799950827,13534.068084482968,0.0308,1.0906515998859954,0.20752039012917134,0.0,0.0156,0.0,0.11480564072192068,0.0,2.7093020352450286e-15,2.3812224919145757e-15,-0.40762748809986343,0.005653781306644226,1.0
no_direct_news,20270422,-9.12264700952008e-06,0.01640720826769573,-0.021585927864797322,0.21250091567466403,0.04628151584940163,0.5304556446725693,0.5866875384445883,0.33148130150714106,-0.012344350103774607,18.722916299022526,0.7420829045304884,0.9701877815273047,0.8546660392823316,0.305407504069819,6.641194764289857,13666.318054222877,0.0284,0.8178249168292224,0.2166071458019786,0.0,0.014,0.0,0.11826020903442691,0.0,5.283138968727805e-15,1.3229013843969864e-15,0.06741526575282243,-0.02221171721268341,1.0
no_direct_news,20270423,-1.5614049893823534e-06,0.01753658863590252,-0.05124850011492454,0.2688436889251995,0.04638576058335529,0.5115214766361588,0.505912556398016,0.34779495585189873,-0.08985285560278528,12.527896353984348,0.7106227236665025,0.9621712694406308,0.8199454755854148,0.36502647510063435,6.840994404007866,14299.624318302465,0.0264,0.11009690915891224,0.2517796078799651,0.1136,0.0184,0.0,0.12572811387685134,0.0,1.8965114246715198e-15,6.746797060424632e-15,0.0032970515968755534,0.011441505829650516,1.0
no_direct_news,20270424,4.256005248613803e-06,0.01554236982134157,-0.029345535136215965,0.14580855044415938,0.04017795323856976,0.5944934695853074,0.5517711200089409,0.3132005209115797,-0.06883538063228437,14.266013330264741,0.7538921933728083,0.9654004362698299,0.8601829919733566,0.3092175814249593,6.568828313622433,13656.845500557747,0.0296,1.5114332582398087,0.22121037031530144,0.0,0.0132,0.0,0.110461150866072,0.0,4.470348358154297e-15,1.98435207659548e-15,-0.029937305929956984,-0.05376970977831324,1.0
no_direct_news,20270425,4.184180166724971e-06,0.01592663028183095,-0.09879328705240235,0.1946206034420637,0.05642019050127961,0.5289411608810278,0.5945801486262118,0.32809469421996384,-0.07024119275518886,11.822673213079732,0.7190650927844131,0.9701580080885437,0.8338770205298194,0.3341393010645437,6.632778091197341,13987.664127242195,0.0308,0.6792086892034748,0.20141109696155046,0.0728,0.0136,0.0,0.1151671510221437,0.0,2.4383718317205256e-15,1.5874816612763839e-15,0.4223721392436943,-0.0059670185317252065,1.0
no_direct_news,20270426,1.9677471865609417e-06,0.017109673717188474,-0.11164864104870281,0.22325562621377895,0.056545253939124095,0.571040029462152,0.5889177692586127,0.37717941560226725,-0.019543058814104328,14.42029502346519,0.7676747704359049,0.9709139537435463,0.8559870214342375,0.29655239690369944,6.726841915021053,13585.833046596414,0.0312,1.2293429734509214,0.22190176444899856,0.0,0.0152,0.0,0.11452955122292852,0.0,5.0122087652033025e-15,1.4551915228366853e-15,-0.05181738050835549,-0.008739108569568218,1.0
no_direct_news,20270427,5.438252513729935e-06,0.015366026475309028,-0.04656918810248663,0.21450958427901456,0.046464752712610836,0.5587385605318047,0.5881672593779654,0.3411017626849107,-0.03887918550194247,14.600430496175914,0.7522956032275127,0.97239717449367,0.8545602241728684,0.29628984189570023,6.495918732198316,13803.393685599089,0.034,1.097012553491761,0.20271645548445505,0.0,0.0136,0.0,0.1087089411749591,0.0,1.8965114246715198e-15,1.0583211075175892e-15,0.1460409862515972,-0.011753361408633523,1.0
no_direct_news,20270428,-3.7374327429944285e-07,0.01789009301318507,-0.011049441663672098,0.24739169633665514,0.039075528662744954,0.515851814439324,0.5605639928415977,0.34539924190670945,-0.026554070460522477,12.545177980510681,0.7321750904377806,0.967047297432203,0.8479620249669535,0.3153672668853649,6.873393258627089,13467.353418391342,0.0312,0.3722312744174093,0.21795286208925102,0.0,0.0188,0.0,0.12478787269704039,0.0,4.470348358154297e-15,1.98435207659548e-15,0.12459948881209398,-0.043215529276125236,1.0
no_direct_news,20270429,1.4162253515422662e-05,0.015902188342677228,-0.03341761278673418,0.2754345928699357,0.04644976458473034,0.5958624580489225,0.5371744552839824,0.31969029306208124,-0.06343302974657264,14.651422095021402,0.7370138724924656,0.9667394068095059,0.8559402606474591,0.307059275333792,6.625348603192756,13636.660138492232,0.0304,0.5409874703981353,0.19957993158037057,0.0,0.0136,0.0,0.10314434495777292,0.0,2.1674416281960227e-15,5.1593153991482476e-15,-0.47322396827838065,-0.013297670470261362,1.0
no_direct_news,20270430,-8.359279051929392e-06,0.015543020312966688,-0.04660193466447751,0.149692090598222,0.0650171732195866,0.583634507035996,0.5782461405650938,0.36566538345623556,-0.08611188516458912,12.720974907407811,0.7394261284766679,0.9672823208246956,0.8563363377949393,0.30856686877227846,6.6266539615761495,13660.822670873016,0.032,0.84934473855699,0.22349669309404208,0.0,0.0116,0.0,0.1190071329711786,0.0,3.251162442294034e-15,1.98435207659548e-15,0.36304379454612024,0.022425884407833645,1.0
no_direct_news,20270431,8.577346526377738e-06,0.017059825794772998,-0.02648962614106292,0.19302251290321312,0.05952025531272258,0.5141990828035775,0.4992038106006182,0.33479349795192415,-0.032621657671389144,17.638947325656115,0.7177617006144035,0.9715540986688052,0.8658625220397365,0.2842081946906386,6.688771793901683,13642.253859507411,0.0276,0.5678677308415718,0.23347671002367698,0.0,0.0156,0.0,0.12428321342656456,0.0,2.302906729958274e-15,3.439543599432165e-15,-0.44526430100698056,0.015827430744744436,1.0
no_direct_news,20270432,-2.0654825146251808e-05,0.015676956128765518,-0.07579971288361585,0.23295284921596057,0.060187978260339,0.556662022051868,0.5348909395676379,0.3306955686468428,-0.07618117574786053,16.045228179986015,0.7408142709763834,0.9704128392258,0.8560456092399907,0.29319294425450837,6.624741757918105,13606.740915408867,0.0292,1.482521897038009,0.18694984830407357,0.0,0.012,0.0,0.09073917827368838,0.0,1.7610463229092685e-15,4.630154845389453e-15,0.04964985927997177,0.030727997138581778,1.0
no_direct_news,20270433,-8.8162410954574e-06,0.016387587859835243,-0.05235923559257773,0.18446524783761448,0.04681796778797413,0.5365644516676267,0.5794704495846984,0.38687883133006956,-0.02535718944411077,12.91407853363895,0.7339662048335497,0.9721279266344918,0.8537957345010677,0.3036861269285606,6.72067069635442,13594.110480199168,0.03,0.8595344078847471,0.2169610126731344,0.0,0.0136,0.0,0.12914503866523042,0.0,2.302906729958274e-15,2.1166422150351785e-15,-0.0301263574608098,0.034204415131102804,1.0
no_direct_news,20270434,7.006146983570716e-07,0.01635961515632755,-0.0570902916296029,0.16467574177467867,0.04868438605739629,0.5760101426763081,0.5309199645352162,0.34245501972591513,-0.03796885206010381,8.803363217475786,0.7250379224758073,0.9603822819488851,0.8131020616857326,0.37580504912141466,6.828535831903338,13671.643425987864,0.0264,0.16129457795881016,0.2148326080757147,0.0096,0.0108,0.0,0.11813194189769538,0.0,2.4383718317205256e-15,2.1166422150351785e-15,0.24787623295336889,-0.029183303788056728,1.0
no_direct_news,20270435,-5.459614703806537e-06,0.01610021764137458,-0.06929648712137873,0.20419332141758484,0.04527705045990814,0.541408048917165,0.5269064126617857,0.33157339894379306,-0.0016659453092274024,16.427698157141986,0.7244472775375905,0.965739025752429,0.8404410390230448,0.3164121573079557,6.550307222717319,13708.740606161951,0.0288,1.1654878899387409,0.17514996709099495,0.0,0.012,0.0,0.11888790264057536,0.0,2.4383718317205256e-15,1.8520619381557813e-15,0.6074890826944411,0.01466858931444308,1.0
no_direct_news,20270436,2.611636539249922e-05,0.01635735405363574,-0.07571284087187989,0.22853879958565218,0.04033135398748263,0.5215421597451958,0.5051542921080224,0.3070657535484536,-0.06046653977400239,11.721185363616021,0.7060924091904494,0.9603915621414064,0.8000975274513437,0.3668601525108878,6.776382386914422,13875.023597784144,0.0288,0.11353114460556699,0.272140310684428,0.1044,0.0136,0.0,0.11600801451475617,0.0,2.1674416281960227e-15,4.100994291630658e-15,0.2906635695723718,0.005953721843977292,1.0
no_direct_news,20270437,-1.9168845797093326e-05,0.016761133121930828,-0.06682299335753834,0.2507950538827519,0.050641668249858274,0.5830543065703293,0.5779269840881441,0.34736591144697654,-0.06480779339427777,13.583437080581962,0.7488483357479409,0.9701740282412677,0.8667659895705736,0.29461812222861594,6.657648465355644,13669.112247532452,0.0328,0.49320192762809295,0.21230966340841495,0.0,0.0156,0.0,0.10068733772094318,0.0,4.7412785616788e-15,1.8520619381557813e-15,0.10304593454861585,0.015543985842324833,1.0
no_direct_news,20270438,-8.772092906595574e-06,0.015196120486804734,-0.01209142799330052,0.214491703378829,0.053161620596816096,0.5746737035034578,0.5416918376342078,0.33696181981217704,-0.02061671990904875,12.962892470630107,0.7395369761048869,0.9693939714134365,0.8359588070489641,0.3169789631105046,6.520939913746901,13720.74140659169,0.0312,0.9060175910843976,0.23602352401251459,0.0,0.0132,0.0,0.11050926785024151,0.0,1.4901161193847656e-15,2.1166422150351785e-15,0.26693960334092226,0.0059117672806449926,1.0
no_direct_news,20270439,-4.511264696492035e-06,0.017008708254342603,0.011194710597590477,0.2866239417537663,0.055299057145754525,0.5820967245337765,0.5713851432344892,0.3338085819615747,-0.07406922920206283,11.14260064721113,0.7475932470637213,0.9697893772983138,0.8597803732059501,0.31315707746518007,6.840852713860759,13538.80487162941,0.0312,0.6098384029508743,0.1972859854904484,0.0,0.0136,0.0,0.12962423991216543,0.0,3.522092645818537e-15,2.5135126303542743e-15,0.5910977704762914,0.0023472024847242087,1.0
no_direct_news,20270440,-4.121204630815e-06,0.01593219664790872,-0.041533224398327045,0.23040914525501094,0.045126694551453995,0.5842782820953694,0.5715884631381318,0.34648206308225316,-0.046989857875755686,12.377274908905935,0.7480621456960397,0.9719992303172023,0.8566324359676015,0.3029461920219745,6.6638803954158705,13625.02680115267,0.0312,1.1195272109444936,0.18705155226996195,0.0,0.0148,0.0,0.12105565634865734,0.0,1.7610463229092685e-15,3.7041238763115625e-15,-0.07094441015290957,0.015505952061202338,1.0
no_direct_news,20270441,7.943645115717856e-06,0.01647780654777989,-0.13716466967614172,0.13716466967614172,0.05024201299159011,0.5693119362222975,0.545450135850854,0.3861936622836511,-0.04617371138840524,11.608705600717729,0.7360734900236054,0.9713228594671076,0.8654155831558398,0.2907723575706975,6.749585629087786,13547.090643070936,0.0364,0.5122436032413931,0.2093275208138502,0.0,0.0208,0.0,0.11428542828081545,0.0,2.980232238769531e-15,2.5135126303542743e-15,-0.1696593521968013,0.026101749245592644,1.0
no_direct_news,20270442,4.930510841387488e-05,0.016488323869971094,-0.042723974398907356,0.15201626609830707,0.048662135189155374,0.5206771693960884,0.5158530759287048,0.3116298565728009,-0.07488858353265776,12.472442210846156,0.714803835303805,0.9634036058283364,0.8200262223094358,0.34418436699419824,6.849641078261876,14056.605078258115,0.0288,0.2698595751748828,0.19563645015874676,0.2868,0.0144,0.0,0.12675704518833997,0.0,1.3546510176225143e-15,3.1749633225527677e-15,0.27440037567619746,0.004204054773632923,1.0
no_direct_news,20270443,-3.718669486577042e-06,0.016146199922518242,-0.041054022442122466,0.13761420493146548,0.044017059722752105,0.572086526599958,0.5678078454725474,0.35889039173009474,-0.06508606274452271,15.087898524103696,0.7535212860871892,0.9711636313876432,0.8771600111606443,0.28503157964532283,6.614866310095982,13713.358668578578,0.0348,0.5791862587073443,0.23812866409598654,0.0,0.016,0.0,0.11767351695603567,0.0,4.063953052867543e-15,5.820766091346741e-15,-0.33209074976508907,-0.006750124670824353,1.0
no_direct_news,20270444,8.817480454672832e-06,0.015797004934330713,-0.09004131612114265,0.25385819216610467,0.04297442436465917,0.5570277664380717,0.5059260336262009,0.28020543565254474,-0.07543153014689852,15.593476944866865,0.7373073273637304,0.9694321738380155,0.8689316407376159,0.2952392351592375,6.5409473908079425,13712.765969982478,0.03,1.0398587348262285,0.1963506980751708,0.0,0.0136,0.0,0.11370012626991288,0.0,1.8965114246715198e-15,2.9103830456733705e-15,-0.03955793954683469,0.05765754435061002,1.0
no_direct_news,20270445,2.786818780431588e-06,0.015605645326568576,-0.04925460919107911,0.24105875367059382,0.05628111928412075,0.5792987819550666,0.6190879932268667,0.3455317692027673,-0.05432752588770191,13.345536075942327,0.7550510524171902,0.9695537927231943,0.8679240533626303,0.2927515604899083,6.564485051363011,13723.260259415661,0.0312,1.0813821865087316,0.17357780361551867,0.0,0.0148,0.0,0.10918247971102124,0.0,3.928487951105291e-15,1.7197717997160825e-15,-0.3004823098309662,0.04770864222826669,1.0
no_direct_news,20270446,1.9873202160783164e-05,0.015264284025561174,0.012713528384916123,0.20792833782766001,0.04768600827374616,0.5817569097376469,0.5954221806431881,0.3497875782289712,-0.013292149772590151,11.847666822835686,0.7481403581658221,0.9667419511342137,0.8647641690867638,0.30119976124633174,6.616276036764609,13585.088643227595,0.034,1.194457726615353,0.18578470571613181,0.0,0.014,0.0,0.10431231384021333,0.0,3.1156973405317828e-15,5.820766091346741e-15,0.0995804858469809,0.0008396940867531509,1.0
no_direct_news,20270447,-5.2880697952357285e-06,0.015676099287720232,-0.0036246911016396387,0.19387801293359402,0.0494617730559378,0.5281162132105989,0.505239204518475,0.3569374639866819,-0.032950654719510315,17.098598906346492,0.7396867296896408,0.970352845010893,0.8725041277161487,0.2870778099825644,6.609766957164393,13654.815522160918,0.032,1.4378314639861265,0.21289147989318846,0.0,0.0156,0.0,0.11142577244468477,0.0,3.7930228493430395e-15,4.762444983829151e-15,0.44256726953712494,-0.040179496010450656,1.0
no_direct_news,20270448,-2.8349149354706782e-06,0.01648681821757137,-0.0059473507721132845,0.1686016043916573,0.050456436034280495,0.5370917818619495,0.5471895992936567,0.3631319576365289,-0.07896378626377791,14.441272984377477,0.7398738387657983,0.9727225996920564,0.8682861012086591,0.2908365776571337,6.647393835354661,13649.499559144157,0.032,0.8992856194007385,0.22978041378375635,0.0,0.0148,0.0,0.11061602568384066,0.0,4.876743663441051e-15,2.645802768793973e-15,0.050336602356651335,-0.03079546080724112,1.0
no_direct_news,20270449,7.43556118973494e-06,0.016079039940158937,0.0347485210929278,0.20662747063378578,0.0472402894783817,0.5224030601007411,0.5416847606391402,0.3145051672484365,-0.06130672726297033,17.098559629286513,0.743195083502584,0.971116023577932,0.8850059066482197,0.27449933821904476,6.619407445926196,13699.358721770748,0.0312,1.3456686732386032,0.21470962418322603,0.0,0.014,0.0,0.11604131376289284,0.0,4.3348832563920454e-15,1.98435207659548e-15,-0.49014600146879583,-0.04215626991454316,1.0
no_direct_news,20270450,-6.488742702715555e-06,0.01510537005123814,-0.09531277470103773,0.169408382313158,0.05225127846213525,0.5539982274480284,0.5110087197563663,0.3142218184646107,-0.04087614305315123,12.575938406516984,0.7234950835500851,0.9634468899296992,0.8293775657826647,0.33321551112557235,6.617934489354617,13591.362363248754,0.0284,0.22957033386243766,0.23463475187458938,0.0,0.0096,0.0,0.1153547005060851,0.0,1.8965114246715198e-15,1.7197717997160825e-15,0.007293151651417872,-0.006294245016963573,1.0
no_agent_information,20270401,-0.00020647785682937147,0.022303734215817616,-0.026414878895380068,0.16524257285280403,0.0391098307610347,0.20843441787774972,0.2231471993782171,0.07492004933377643,-0.021718576950174526,2.8386475517864787,0.36186500000132615,0.8422589833492207,0.44001466219557595,0.5645967700212178,7.1023438365609755,16189.593825394839,0.0124,0.025223303888663305,0.6123698078072357,0.002,0.0176,0.0,0.2151561675242002,0.0,2.84476713700728e-15,3.042673184113069e-15,0.06397587945448903,-0.021207810964258375,1.0
no_agent_information,20270402,0.0006466957930515552,0.019602565394937974,0.019630812867704774,0.12571546025113697,0.02959480166372429,0.18906063673984064,0.174742434522906,0.03757188402964855,-0.008876853397873117,1.8986744338539134,0.20308780647377064,0.9100731340745347,0.4851387700805525,0.44296273162988203,6.984288581034249,4392.042924138501,0.0092,0.059659154742151124,0.4272997159305163,0.0,0.0096,0.0,0.1777127865709378,0.0,1.0837208140980114e-15,2.778092907233672e-15,-0.10741075938612119,-0.008177560338919376,1.0
no_agent_information,20270403,0.0005361634828234095,0.02033770179246075,0.006231402753117449,0.12149429057679345,0.02713492518023041,0.14170614430479803,0.14533471479264007,0.05561077441192244,-0.013732889381546255,0.8009536155752897,0.21825768682052127,0.9026634577307041,0.46389509283972413,0.49728480575517653,7.071319978836714,6635.631683434849,0.008,0.04667490447284348,0.30165171849854433,0.0,0.0088,0.0,0.20423850780906716,0.0,3.7930228493430395e-15,2.645802768793973e-15,0.07290255852654577,-0.050710398947330544,1.0
no_agent_information,20270404,0.00038668637918952875,0.02001828289329995,-0.029938862294535712,0.13104471385912897,0.029209632422613784,0.1307349328863917,0.12361947574102526,0.028240070614002577,-0.017202509493222065,1.3152911309959654,0.1887439724688296,0.9009544026495734,0.46295749933814495,0.49691745331844667,7.059422342752512,6708.353805142376,0.0088,0.04686967976454635,0.31419145570399076,0.0,0.0096,0.0,0.18192155480082484,0.0,2.1674416281960227e-15,2.1166422150351785e-15,0.09833066742485944,0.03607778321624827,1.0
no_agent_information,20270405,0.0003382653593337441,0.02028991519024453,-0.03463209089363268,0.12646106994764358,0.030260697009806325,0.1686834283382663,0.15952457775163933,0.04323997858472813,-0.020783752985767675,1.643355916748166,0.2150841923467229,0.8750005067930127,0.46394730644984933,0.47840528358837114,7.105341888309145,4988.255782949159,0.0084,0.056392150850494635,0.36896890797457305,0.0,0.0116,0.0,0.16974453426754876,0.0,1.8965114246715198e-15,2.645802768793973e-15,-0.03914606440721525,-0.0050609673434048475,1.0
no_agent_information,20270406,0.00027890805525200937,0.019703368545832822,0.03689921110576679,0.13330646009096328,0.041793161594323766,0.1560209405308325,0.16087301303656923,0.025283113554624925,-0.03488259731227339,0.9599664390242806,0.2977785123062303,0.8022050516905135,0.48188715134200394,0.4934368246305438,7.077535397075788,5066.52749273059,0.0084,0.05621558305709126,0.4223557107864453,0.0,0.0072,0.0,0.183626801407774,0.0,2.302906729958274e-15,4.365574568510055e-15,0.0005586424905184913,0.005591573686046115,1.0
no_agent_information,20270407,0.0005295148379270255,0.020009540867929453,-0.01899293235530948,0.14120216572664976,0.035670225292783395,0.14629988263690033,0.16674951738230143,0.04075297193491911,-0.04602471494045521,1.2309121253139583,0.2299438367593344,0.8595143121662188,0.44934963052017063,0.4766480121844787,7.126547546423053,3738.5883222904295,0.0096,0.06311974741672095,0.29417716772837077,0.0,0.0088,0.0,0.14529739149888643,0.0,1.4901161193847656e-15,1.98435207659548e-15,0.062167964188111685,0.0038317975369662827,1.0
no_agent_information,20270408,3.1841611383931933e-06,0.020198411541678535,0.012444151711887499,0.17721919570326083,0.027874106162434666,0.19188624297449275,0.1790006763980945,0.05092702759292497,-0.010593743416125104,1.7526892848232736,0.31483106941034356,0.7635348697335471,0.4830355720961048,0.48227949177104856,7.015691422571602,7057.528769806202,0.0096,0.045515573418994176,0.4309967182843303,0.0,0.0084,0.0,0.20603938813643663,0.0,2.7093020352450286e-15,2.3812224919145757e-15,0.03248728125121469,0.016915939559643527,1.0
no_agent_information,20270409,0.00022748441664327573,0.021169760556801403,-0.06078360508571016,0.11529919616022251,0.02780630686417408,0.16903659708397714,0.16148103675909983,0.04925178194573937,-0.06364325697906467,1.217264669406946,0.2674586859481889,0.8304112557417536,0.42349838903185455,0.5520448754807233,7.135461928796931,11035.346372529686,0.0084,0.025940003356168688,0.33467600309284395,0.0,0.012,0.0,0.19975809134241396,0.0,4.063953052867543e-15,1.4551915228366853e-15,-0.14126640820658418,-0.03225230081462858,1.0
no_agent_information,20270410,0.0005166052582096871,0.019233180654056388,0.0015192320635919806,0.11768522255995076,0.03205759147766567,0.14123810711882537,0.1323565563957565,-0.013803601951504213,0.01586158280716803,0.47493813182851863,0.19247713923383358,0.861891289557732,0.4833637172265255,0.48027768043910707,7.020729210061186,5846.07556044986,0.0072,0.050579070784357194,0.4249198620825019,0.0,0.006,0.0,0.1868104507933055,0.0,3.251162442294034e-15,1.4551915228366853e-15,-0.06460141257280343,-0.01456848988884134,1.0
no_agent_information,20270411,0.0003230366224047643,0.020578860600668533,-0.013422555807131361,0.1685774296650536,0.03158082913252244,0.1765118214440624,0.1497108498384442,0.03401354383832373,-0.05510629166733239,1.0357173589399524,0.32386064400833264,0.8324583213155317,0.4758717986962544,0.5217572733067322,7.041844820623367,11818.32518630017,0.0088,0.024076333850812155,0.40079483808602756,0.0,0.0092,0.0,0.22535136205626993,0.0,2.4383718317205256e-15,3.7041238763115625e-15,0.02790854397557,0.03454991653810522,1.0
no_agent_information,20270412,0.00014095510620287896,0.020276113521261567,-0.01554558335745981,0.13312066333958844,0.025833886697369534,0.12104124644181379,0.1395133716278651,0.03047061951841207,-0.02510451528489591,1.12079842305441,0.287997004327204,0.8231477980836441,0.4577036928105458,0.531995241795473,7.098222039455097,8507.87180126528,0.0076,0.034186123353119865,0.5755016367162231,0.0,0.0116,0.0,0.2160595383562245,0.0,2.573836933482777e-15,1.8520619381557813e-15,0.0779208349292619,-0.0351375080847591,1.0
no_agent_information,20270413,0.0002807288194631589,0.020534945604300577,0.04226793271961773,0.12907428696998677,0.040240781029624556,0.13339456297387106,0.13832034170382115,0.031912449865145014,-0.029442414236826114,0.9960563700216385,0.2912786272527269,0.84755038279437,0.4902770165431154,0.5463250152179557,7.072457671472193,12441.240328172997,0.0096,0.027684726342371006,0.3540504055577507,0.0,0.0112,0.0,0.21865448222965922,0.0,3.3866275440562853e-15,2.645802768793973e-15,0.024157585601031314,-0.01852122734062594,1.0
no_agent_information,20270414,0.0001853059415395176,0.01937437063241737,0.007755551693590905,0.1275380957410554,0.030514311355434816,0.16921038323560506,0.13317112546700366,-0.014272789035412207,-0.04286201019832523,1.0582366405344423,0.27088806573024843,0.8099951361135296,0.4614022001529212,0.48927648619375713,7.007959563405856,6073.394388195326,0.0076,0.049385526886598495,0.39819503493976405,0.0,0.0072,0.0,0.17133036993302486,0.0,3.1156973405317828e-15,5.0270252607085486e-15,0.09496116691727666,-0.008733584217112992,1.0
no_agent_information,20270415,0.00031648723624530924,0.020777041665793392,-0.04144915269216408,0.10935144980396297,0.030095496959938055,0.15078578310247484,0.08394374011044368,0.026837594022779045,-0.06178484473826094,1.0505084050267843,0.22964714695115604,0.8692576984836359,0.4620005662956961,0.5167895280189891,7.08641287271226,7720.167246018032,0.008,0.03968398706766784,0.4632473312104932,0.0,0.0112,0.0,0.20236763562986826,0.0,1.7610463229092685e-15,5.1593153991482476e-15,-0.018754018521984148,0.00439719488423261,1.0
no_agent_information,20270416,-1.3675666205056558e-05,0.019827555851967976,-0.024493003425480383,0.12384480418219147,0.031222696915197794,0.13400441234759172,0.12694436120452862,0.07806675846524595,-0.025316851207879014,1.1577647587641362,0.2631268449807627,0.7599798994725088,0.48191433473273476,0.4697902474549063,7.064403740846856,6332.462141433659,0.0084,0.049111854105856785,0.44528952586072235,0.0,0.0132,0.0,0.17970164536953281,0.0,4.3348832563920454e-15,5.423895676027645e-15,-0.10202572050359127,0.03921568396411316,1.0
no_agent_information,20270417,8.424057492759047e-05,0.021065403747236554,-0.04141781964412459,0.13607647497436398,0.03159149758321555,0.17277997078855803,0.17159317267289964,0.05419075806324073,-0.05565917747122777,0.95140798401945,0.2733318055990966,0.8055599961795662,0.4391179307311567,0.5612396965793588,7.125046973063283,13133.951572823838,0.0072,0.021768704512848052,0.48292208688531124,0.0,0.0124,0.0,0.19068319598549976,0.0,3.3866275440562853e-15,1.8520619381557813e-15,-0.04666396014640783,0.037769560736841984,1.0
no_agent_information,20270418,0.000655861327142005,0.020561878623787732,-0.006165763144673044,0.1622320294026972,0.03654945878739953,0.17515171862007534,0.19037146207594266,0.07428737046326685,-0.013232594887066884,1.7446310020404674,0.2567635323810614,0.9119438607728404,0.4558747837256774,0.5008958086264813,7.069839937259952,7301.806149739412,0.0112,0.04409089747423699,0.2887618760394107,0.0,0.012,0.0,0.18419851938139065,0.0,2.573836933482777e-15,1.1906112459572878e-15,-0.008991267162326745,-0.01231324751672908,1.0
no_agent_information,20270419,0.0005539698320435523,0.019672881215426343,-0.019468109988658656,0.1572824404967601,0.03066349779515206,0.12619391497300939,0.13074178649654739,0.053946520533277906,-0.025023270752580935,1.335889361743968,0.18793552192897864,0.8961928705962863,0.4737397734944353,0.4882618701406843,7.023214143633585,6120.468416239702,0.01,0.04917122263117657,0.2906524152260681,0.0,0.0104,0.0,0.1695061969791689,0.0,1.625581221147017e-15,1.98435207659548e-15,0.09962977877459461,-0.0026477359647967317,1.0
no_agent_information,20270420,0.0004795693038655951,0.01950438798560174,-0.018432430757223693,0.11575532977031408,0.02690207815744332,0.11791817427472885,0.10744341551432768,0.04015270907871779,-0.03771781189356764,0.7274007109411076,0.17037844793563203,0.8713020940647135,0.48568485683169077,0.46743998473146103,6.980051564459046,4965.817663962215,0.0072,0.055948665951385326,0.35249254825578125,0.0,0.0076,0.0,0.17274088175265057,0.0,2.0319765264337714e-15,1.7197717997160825e-15,-0.0018622640017266464,-0.007742111899084924,1.0
no_agent_information,20270421,0.000538204978233129,0.020548435559825218,-0.01615189456983169,0.13276708802461007,0.02773668171027534,0.2138949259529098,0.21054561803457494,0.10110328963916881,-0.030745888747670005,0.8311129910402246,0.24389494969674871,0.8961370908965258,0.47190791216214983,0.46297133408121693,7.126532609564647,4937.929169315899,0.0064,0.057293922374658766,0.3008282254660263,0.0,0.012,0.0,0.17029460625633575,0.0,2.1674416281960227e-15,4.233284430070357e-15,-0.10153993261195335,-0.010308376284207338,1.0
no_agent_information,20270422,0.000466289376263963,0.0198246667917743,-0.004463972227763026,0.13644928871083847,0.03132394169431697,0.09435677186883978,0.1267268871410495,0.04237409422499795,-0.01801128911456153,0.3681745768591762,0.20796881528727076,0.8428682618008805,0.46438511007082883,0.5003755873661216,7.0651771873366584,6198.899309722935,0.0052,0.04779885033884822,0.32774403660498097,0.0,0.0068,0.0,0.1762952310857766,0.0,2.573836933482777e-15,4.497864706949754e-15,-0.055095457212888506,0.013964584099911938,1.0
no_agent_information,20270423,0.0001748715771298425,0.021255663024753946,0.01610544892025411,0.14852783659568064,0.0387823029924248,0.18708922706693693,0.15527686620843936,-0.014810416478710895,-0.011559176764148934,1.973038162033271,0.347827765456717,0.8130355042532126,0.46650287824055486,0.5327036374906597,7.049020868655941,13656.851939038634,0.0116,0.021989212986976817,0.4667184658858492,0.0,0.0128,0.0,0.186650649652484,0.0,1.8965114246715198e-15,3.439543599432165e-15,0.00970287600086977,0.046552865686483945,1.0
no_agent_information,20270424,0.0008506386919727223,0.019721885271075705,-0.02340346348302926,0.12902090806312902,0.02694506439365956,0.13255566796368037,0.1565150842709117,0.02841455285203157,-0.05347400147562993,1.3503444639699795,0.17930256201394684,0.9288846701802477,0.48675924098615286,0.4546279361218736,7.011099611438664,3702.0459786982865,0.0104,0.06370152632361317,0.2549773153234488,0.0,0.0108,0.0,0.1581724452617883,0.0,1.3546510176225143e-15,5.423895676027645e-15,-0.05387357684016365,-0.029815601529431194,1.0
no_agent_information,20270425,0.0007465284440962329,0.020451315082853305,-0.05775002792910711,0.10162636403150761,0.02867212120277839,0.15338598687999314,0.135932982519824,0.00531386231959939,0.02528922445656086,1.1214302050918414,0.2072496935822487,0.9201686142008683,0.4611930796322061,0.5053915267967893,7.002909264111923,9126.568969862456,0.0096,0.04035265100719963,0.3918349253787864,0.0,0.0104,0.0,0.18316819400254936,0.0,3.1156973405317828e-15,3.439543599432165e-15,-0.07046302534726837,0.04821376687743261,1.0
no_agent_information,20270426,0.0004438657323857406,0.02013955367651537,-0.06254567881008669,0.11411672056306899,0.028779467150201243,0.1894876929563584,0.2119097455442208,0.0655116988046419,-0.025840148961739917,1.0362989248896906,0.22643772534004178,0.8852276316026492,0.4454457577899718,0.4585277400376386,7.0894077178150745,4270.600876139591,0.0112,0.05994046085110979,0.31147108966298975,0.0,0.0116,0.0,0.18154337103250406,0.0,2.4383718317205256e-15,5.423895676027645e-15,-0.004326658673362559,-0.014754876051633878,1.0
no_agent_information,20270427,0.0002368506226720367,0.019828357241179373,-0.0008734846189557113,0.1283536634389993,0.029482117509026816,0.1742731776652775,0.1608079759444198,0.03653523217757071,-0.0067865843467466245,1.1386567540056767,0.2579670394328344,0.7978796478260923,0.46995901699848064,0.4657413327797417,7.108099170367543,4622.079163737636,0.0084,0.058093584082981375,0.3034363074775852,0.0,0.0096,0.0,0.19081838705854115,0.0,1.4901161193847656e-15,1.5874816612763839e-15,-0.02168689404932765,0.014227347055884963,1.0
no_agent_information,20270428,0.00031087984683238543,0.02142986820470039,-0.023316344816168795,0.1939798383037881,0.03766315332301372,0.20569038625321526,0.22458171259735737,0.0345348825944316,-0.01575367668822024,2.2773923377245167,0.3543152349224186,0.8302796635507813,0.46173902316423854,0.5127308716645995,7.1411878242044,9360.600660997943,0.0128,0.0312728809843549,0.3565904218639264,0.0,0.0132,0.0,0.19301456265648564,0.0,2.980232238769531e-15,1.8520619381557813e-15,-0.03317783342483049,0.0019722049687019567,1.0
no_agent_information,20270429,0.00031971303530803927,0.020335159073531825,-0.06684807300814793,0.13051564563557083,0.03216662036046596,0.17288785089664852,0.1458141617238373,0.032224572934974036,0.012178625587924269,1.3648285906396875,0.27486255905616236,0.8661682522850166,0.4574257487788516,0.5042667831016968,7.042636154021238,8262.37676069912,0.0088,0.03762318573152617,0.33041380187188196,0.0,0.0144,0.0,0.17942906790181756,0.0,1.8965114246715198e-15,2.1166422150351785e-15,-0.08642894278060485,-0.02662022060276697,1.0
no_agent_information,20270430,0.00043794179122529434,0.019820798765326587,-0.010617280190993972,0.12186107197976576,0.033825111442673146,0.14100075581739271,0.1525326772178062,0.04676643698613824,-0.05506146106869752,1.690099749383517,0.2086173515593319,0.8508072241292153,0.4878466053171455,0.48490924926139656,7.0508237959083715,6020.55279473973,0.0084,0.04853491953936544,0.3035904808459656,0.0,0.01,0.0,0.1837718243814348,0.0,1.4901161193847656e-15,3.1749633225527677e-15,0.012336393732663339,-0.0071422972292481636,1.0
no_agent_information,20270431,-5.1697922966030064e-05,0.019380678386482247,-0.0039804401741483615,0.15255906584562162,0.024067827840661974,0.0969769957644155,0.07785266168167676,-0.005114335828484309,-0.037371158181410374,2.0787899981377276,0.28095520680336966,0.7664450715780635,0.4598839736657324,0.5081775325047169,6.9004138424579065,7778.353972977406,0.0096,0.04047375457098528,0.40574506554025824,0.0,0.0108,0.0,0.19617070818270177,0.0,2.4383718317205256e-15,5.291605537587946e-15,-0.02719275161777348,-0.009040825838282493,1.0
no_agent_information,20270432,0.0007069147582056062,0.018949232085736407,-0.027281445383063648,0.16369850805500408,0.03276612333975432,0.1261608223645898,0.14304311795584984,-0.0059492375097881115,-0.054499955802757245,0.9401778030329027,0.18339471387202422,0.9203563188499391,0.44969056937072277,0.4562378944424923,7.0078798241724645,3514.1376510571567,0.0088,0.06543822954492237,0.2696042333862245,0.0,0.0088,0.0,0.14650836187590732,0.0,3.251162442294034e-15,1.3229013843969864e-15,-0.08827441380874194,-0.0042348438549530765,1.0
no_agent_information,20270433,0.0001030537280135281,0.01920904390051635,0.026287351451906915,0.143753976885271,0.03212092046988843,0.1690251802591167,0.14787203290689616,0.05237040554555353,-0.030671632342064842,0.8960030090082225,0.26708727572500957,0.7830018912557987,0.4719297113667502,0.47654882973294643,6.974373660289414,5835.112475168648,0.0076,0.05112535629280728,0.4788774277415765,0.0,0.0084,0.0,0.1896226075285019,0.0,3.522092645818537e-15,3.7041238763115625e-15,-0.006233394487647945,-0.005483978521938204,1.0
no_agent_information,20270434,0.00011259314426247826,0.020214500984481746,-0.02168613305577496,0.1492909765706641,0.028700836003222478,0.12128867184355914,0.1312452850321066,0.04008326590970726,0.0051734603759303055,0.9926478931474434,0.27371756918631857,0.787298762912341,0.4549035507025977,0.5411898682064036,6.984431218514722,11848.241642527937,0.0088,0.023389601513276688,0.46256932409619056,0.0,0.012,0.0,0.19698944935898033,0.0,3.1156973405317828e-15,2.248932353474877e-15,-0.0246845436393253,-0.034708798567777845,1.0
no_agent_information,20270435,0.00026633127884772634,0.02073524811536633,-0.013284622500232395,0.12319182139539789,0.026981381847051216,0.20567806965282773,0.14667450130523685,0.04448188140773671,-0.032934072887223026,1.8999916040944793,0.2843500105644587,0.8736731229206159,0.4717947674374558,0.4604052943767456,7.070027046249373,4536.9898212904745,0.0104,0.06036454730528826,0.5435414354735404,0.0,0.0144,0.0,0.1760441525594456,0.0,1.2191859158602628e-15,3.7041238763115625e-15,-0.012028031795981402,-0.02069549775711495,1.0
no_agent_information,20270436,0.0001056106392605713,0.020565443786112605,-0.025150472973629046,0.1332477921714084,0.029603252549006226,0.1760336499827387,0.18964515843915491,0.05166389204368889,-0.06662246077968213,1.2015663996432693,0.31179006365786793,0.8176939019024375,0.46120301741131003,0.5265896242238711,7.1001749368911335,12711.177812333972,0.0096,0.022683177355975893,0.5064205872814576,0.0,0.0128,0.0,0.19783984440377766,0.0,4.063953052867543e-15,3.1749633225527677e-15,-0.026503929351457123,0.014232715497263649,1.0
no_agent_information,20270437,0.0001580980772200917,0.019517243440989766,-0.009048283937250578,0.12060670648978573,0.025284679334562514,0.11669400041128396,0.11742359797244002,0.03341526226981542,-0.06154595673962504,0.5125486461883075,0.2702412742226883,0.7798708407648571,0.4568872791531952,0.5219448682042706,7.019101282281699,8246.362705166151,0.0056,0.03694145452572156,0.4011299961178063,0.0,0.0076,0.0,0.18700620172181104,0.0,1.8965114246715198e-15,2.1166422150351785e-15,-0.039173705651629406,-0.03429107263206442,1.0
no_agent_information,20270438,0.000299300869032853,0.01973123093398342,-0.04957960822221712,0.10677017272773488,0.031665872217723975,0.16592757883706163,0.12791421376332818,-0.0022016772933259265,-0.01586140624389259,0.8938266842658122,0.22399928230749905,0.8633082465982694,0.4900909875357567,0.4732010108602514,7.05101064134443,5748.073764012721,0.0088,0.050661968383248275,0.33856107989593653,0.0,0.0088,0.0,0.18695334757056203,0.0,2.302906729958274e-15,1.98435207659548e-15,-0.0752975560073115,-0.03631006356752882,1.0
no_agent_information,20270439,0.00037127468398316134,0.02036501991788005,0.03350602226626054,0.14691234660797725,0.03612518880303834,0.1884774380115733,0.17659428795731938,0.03092014403604272,-0.003370322295137858,1.380966781849188,0.2622901840053882,0.8993231641176374,0.48177907823657984,0.4842591157865761,7.105923770281534,7955.784825835058,0.0104,0.04069041554213384,0.371866121394697,0.0,0.0108,0.0,0.1795333649771551,0.0,1.4901161193847656e-15,4.233284430070357e-15,0.08151036453241452,-0.036036209000583935,1.0
no_agent_information,20270440,0.00047527771416162954,0.019576656821949305,-0.005448512703792659,0.14125514101292272,0.02747600638870178,0.1285148118861874,0.11228855806533307,0.002745877126145302,-0.009282748367286146,0.7532402182981941,0.21184743872254266,0.8766521578670113,0.4561707575172429,0.48598273097817,6.987064318639385,4768.452380928825,0.0076,0.05647982344526285,0.392000561338107,0.0,0.0064,0.0,0.19656932737489896,0.0,4.063953052867543e-15,2.248932353474877e-15,0.03572427264521758,-0.01159954015312134,1.0
no_agent_information,20270441,0.000412969425436415,0.020165866225992878,-0.00742883755193449,0.12562877132243883,0.037128592031282034,0.15675460829519627,0.1701736159021777,0.03620845016094226,-0.0713054605302332,0.7797615328552712,0.25666138920161935,0.8696085887535562,0.472680003569888,0.4820890227375804,7.0651864681166305,8443.90899512332,0.0084,0.036065219606431456,0.25401734349547533,0.0,0.0104,0.0,0.1890715354504675,0.0,2.302906729958274e-15,1.3229013843969864e-15,0.040011646459830796,-0.002912377906018518,1.0
no_agent_information,20270442,0.0003026167409667927,0.02041953527170567,0.0020557973358179046,0.11290983607725119,0.03224663045092082,0.11346026926434898,0.11682421365968573,0.053994502732353775,-0.017606165038846412,0.9238820301596746,0.22369446924406114,0.8635704771432712,0.4510191389608118,0.5558009075202154,7.034111671123861,12475.953412512863,0.008,0.029359830070868207,0.37550523247397305,0.0,0.0096,0.0,0.1995238390517251,0.0,3.3866275440562853e-15,5.0270252607085486e-15,-0.04212280318715494,-0.00863060960188085,1.0
no_agent_information,20270443,0.0003862957661513171,0.020058607856596997,-0.031315399356947236,0.10641374490959056,0.02836252392755731,0.14765157741345497,0.17013106794410726,0.04562516043434654,-0.03412781719231089,1.2526779957933876,0.18475449586623935,0.8447700964788972,0.4801696753567532,0.4990203651291231,7.080687513811723,7886.324384875101,0.0076,0.04020404284050136,0.40709404876823196,0.0,0.0096,0.0,0.18805146880934598,0.0,2.980232238769531e-15,1.4551915228366853e-15,-0.018321801446549147,0.028431009417419256,1.0
no_agent_information,20270444,3.914927526395751e-05,0.019686337683739893,0.008958352974368469,0.14451877606915503,0.026370197940978956,0.17466654134491855,0.2086156786472435,0.03621878679503359,-0.04769025977218447,1.1244434214431571,0.2951046188944084,0.8074175946800474,0.49645538232877134,0.46280750726720593,7.032041043326437,4954.350809806949,0.0096,0.05666355327331238,0.5485145950476811,0.0,0.0104,0.0,0.17651981691669105,0.0,1.625581221147017e-15,1.98435207659548e-15,0.056647198031288794,0.008881061759017492,1.0
no_agent_information,20270445,0.0006334519594554536,0.020119176989446753,-0.02467290966464685,0.16194393371673269,0.031863070475485505,0.1686425631640633,0.17023369232904179,0.05248328806831659,-0.05068117413959477,1.552241003263969,0.2200953447832038,0.9081008864899743,0.4660407861313237,0.47335749436822283,7.085497963363137,5307.746462323969,0.0116,0.053910215237061354,0.31032286749203797,0.0,0.01,0.0,0.1861110784214013,0.0,3.522092645818537e-15,1.3229013843969864e-15,-0.014147814920178838,0.0595857993096213,1.0
no_agent_information,20270446,0.0003309002916445092,0.019643022526373493,-0.008509835207354502,0.10582266729353759,0.031715690481851765,0.1591596354071362,0.20169360820662563,0.04909410941096302,-0.016110034986115022,1.1661041407927568,0.2322206979112361,0.8748322096268425,0.46485076805298636,0.4629225908779989,7.020623966454765,4455.314191213638,0.0084,0.059526468938180754,0.4162707088807922,0.0,0.0092,0.0,0.1717260386603936,0.0,4.199418154629794e-15,1.98435207659548e-15,0.010850156561915134,0.0061369005039474366,1.0
no_agent_information,20270447,0.0007710341116288823,0.019912065440612435,0.023089719572337686,0.12642121796286307,0.03660570595811195,0.09646703796757007,0.13294183763461725,0.04878788720296509,-0.029079939802319148,1.5938456526568192,0.16477953544160767,0.9374990461478818,0.46893341546281614,0.4656659736032718,7.012256242826732,4356.1529496053245,0.01,0.05917638980105724,0.3200755282754042,0.0,0.0076,0.0,0.1730159042644519,0.0,1.3546510176225143e-15,1.5874816612763839e-15,0.11698791635607177,-0.024922463968919877,1.0
no_agent_information,20270448,5.8276928718747455e-06,0.01953443077184868,0.019917834920512276,0.12411103020786778,0.02667022814195329,0.09884770259374333,0.13085470982160377,0.02364340524221958,-0.011967335013784676,0.9015455500944518,0.26220385434236715,0.7622881418982899,0.4809173668562322,0.4678841436331044,7.005692807116421,5584.838342131307,0.0072,0.0546361179733605,0.44959673255941757,0.0,0.0108,0.0,0.19097341276421687,0.0,1.7610463229092685e-15,1.98435207659548e-15,0.014800332252675758,-0.02331141191207168,1.0
no_agent_information,20270449,0.0005079546731585196,0.01934505276247646,-0.02134083791277162,0.15673845403170017,0.03374224494452431,0.12311162362964183,0.13067954647163738,0.028817818332931344,-0.020870446064326725,0.9007096920095692,0.1616057553559593,0.862952628075633,0.4831739276964927,0.45729182180656874,7.020189171556281,3819.114564444335,0.0072,0.06458063803224254,0.34773529346980925,0.0,0.0068,0.0,0.18314464661293717,0.0,1.3546510176225143e-15,2.778092907233672e-15,0.01224699478222076,0.00947915069457189,1.0
no_agent_information,20270450,7.162317978890868e-05,0.020235559377818388,-0.019503869314879657,0.16613601243687803,0.03054131866735591,0.15353256287483344,0.17359688117728247,0.03468791931670743,-0.012463662471559127,0.9808204703930596,0.3301698425510562,0.7762014616798832,0.48616624667727837,0.5263666819889347,7.10959620872078,10562.535799535452,0.0088,0.02629808425085297,0.39038968070923485,0.0,0.0112,0.0,0.2276568467795803,0.0,3.522092645818537e-15,2.5135126303542743e-15,-0.007780588820801938,-0.018274931668745924,1.0
no_information_channels,20270401,-3.7330662778945365e-06,0.01794167539471893,-0.07921130819865076,0.23177747322801787,0.051592033228962664,0.5622711062484437,0.5983873612180509,0.35018393928757413,-0.034989366268864744,12.680550767510908,0.7456032549658497,0.9691650957789065,0.8629244682453644,0.3030359848045225,6.841605159709308,14253.626767105085,0.0304,0.22566825627747003,0.2030839499549305,0.6032,0.0216,0.0,0.12243305236099267,0.0,1.8965114246715198e-15,7.408247752623125e-15,0.12045995004143069,-0.013549336906551983,1.0
no_information_channels,20270402,5.402275353904074e-06,0.017071468261462407,-0.07594275032432785,0.18944855628719562,0.05174280996595496,0.5595994491746334,0.572077616386485,0.31690275114303756,-0.07883535513363585,14.0350141654597,0.73793535936627,0.9684412629865868,0.8591996778954059,0.2981420634409315,6.68645210380548,14403.911944586998,0.0328,1.352067391218002,0.21966988413446475,0.0,0.0172,0.0,0.1200017265669906,0.0,1.8965114246715198e-15,1.7197717997160825e-15,-0.19855262276950386,0.019319715553605746,1.0
no_information_channels,20270403,-2.9323477357834804e-06,0.016943508082149356,0.027079099762270374,0.22096126918176576,0.04779730249966997,0.5542409778305862,0.538626856252404,0.2982565735479964,-0.07866545633908385,20.050629099159867,0.7328978632241059,0.9729482054236231,0.8853179530717497,0.27050771029872134,6.519342017545655,14572.93416989654,0.0324,0.8688163194878401,0.21532808782583535,0.0,0.0164,0.0,0.10627103082667766,0.0,2.7093020352450286e-15,1.7197717997160825e-15,0.29367010106674196,-0.002521549322783391,1.0
no_information_channels,20270404,1.0639033431679934e-05,0.016454791404082857,-0.017251856297927245,0.17318505302249543,0.051388041719183576,0.5641241491020145,0.5550205849264721,0.3158546809921515,-0.09488238996048999,12.608009825003135,0.7339870132423219,0.9691457939341962,0.8551113240892739,0.3042347095155793,6.746969106490995,14266.792064198136,0.0316,0.8518375568786254,0.2248163879855669,0.0,0.0156,0.0,0.1071617847063473,0.0,4.605813459916548e-15,3.3072534609924663e-15,-0.06321634579274414,-0.018231350894779747,1.0
no_information_channels,20270405,7.041089335325523e-06,0.01756770418832772,-0.07406398300485877,0.21137278763521777,0.05600668443161096,0.584747443555844,0.5756326410396225,0.33032405785740704,-0.09861598674853632,11.542680843672663,0.7496878747844639,0.9685112007012499,0.8634387023044566,0.3020379838901075,6.802464506950147,14290.524841637833,0.0316,1.1202095550636386,0.19499892140408792,0.0,0.0172,0.0,0.11513006519660829,0.0,2.1674416281960227e-15,5.820766091346741e-15,0.04910679746271778,-0.0016937040714900546,1.0
no_information_channels,20270406,-5.53189531660081e-06,0.01608819674375559,0.05454398580508741,0.1806851499129161,0.05593478854122456,0.5914881514473668,0.5897686466424649,0.37592769705136014,-0.04229395019499936,12.074058910540128,0.7536088480370495,0.971067791483425,0.873216048249639,0.293310610526854,6.620297548242178,14393.740736893618,0.0308,1.05947832074976,0.22593326351339704,0.0,0.0152,0.0,0.12899877483469901,0.0,3.251162442294034e-15,2.5135126303542743e-15,0.09768464973441382,-0.02899331733958016,1.0
no_information_channels,20270407,9.554970072512248e-06,0.016958766149381046,-0.04324144417272089,0.18178617934463265,0.05402553982226177,0.5446191472582349,0.5844052733366456,0.3838149621153024,-0.05643545965959901,12.053718428094795,0.7512835584172282,0.9700539808371386,0.8555109075015012,0.29772371505998246,6.740754585248405,14284.901731316384,0.0328,1.4193345409574072,0.20177247148463473,0.0,0.0144,0.0,0.10485639656493029,0.0,2.302906729958274e-15,3.96870415319096e-15,0.13568524985103153,0.0017260935920877373,1.0
no_information_channels,20270408,8.251430766252099e-06,0.016989008710007178,0.041470856672330275,0.24426318607451666,0.06705333759887072,0.5482008921415494,0.5580605547557667,0.34125247711399437,-0.06284204082266055,11.795130653465113,0.7315733699717534,0.9672544663960736,0.8635162255004051,0.3081194300926702,6.77469517318532,14258.489857996046,0.0328,0.7144558337844737,0.20735353461480976,0.0,0.014,0.0,0.11399585620359853,0.0,2.980232238769531e-15,3.96870415319096e-15,0.11271854755342905,0.007592982715809265,1.0
no_information_channels,20270409,7.0658374160206705e-06,0.016295445085255707,-0.11047742759439032,0.23581824205878035,0.044041963836979676,0.49480301228450463,0.5195894839820563,0.33689470050119646,-0.07636389683670158,17.996970822990818,0.7195211580111784,0.9696944853938257,0.8676521501532045,0.28311782071727626,6.650207998724437,14398.686640937907,0.0304,0.2974611542840532,0.21053472719584265,0.1212,0.014,0.0,0.0897635202297391,0.0,1.0837208140980114e-15,2.1166422150351785e-15,-0.07960212506149357,-0.004759647932719701,1.0
no_information_channels,20270410,2.6358582478878035e-05,0.016907735421831247,-0.028470131989110546,0.14328121501001037,0.050041233204489846,0.5539908824963442,0.5500226207686242,0.301427636526192,-0.05297773915371017,10.937721073086886,0.7234773061467247,0.9671697915836815,0.8647894594468506,0.31658418190327303,6.831885972001656,14170.22493362739,0.032,0.9482936820375125,0.22943981799571178,0.0,0.0148,0.0,0.12804551150304766,0.0,3.657557747580788e-15,2.1166422150351785e-15,0.06951203259812785,-0.017186657909196223,1.0
no_information_channels,20270411,-7.935800722420084e-06,0.015777536842278915,0.06168763279689412,0.22983195283339516,0.061263074147332675,0.5636696277691462,0.5607970108672712,0.35510739562627797,-0.08371370198900749,14.087455255577229,0.7448075765718619,0.9701228167232995,0.8732811108809875,0.2909841201587754,6.621194760563303,14403.441631326956,0.0312,0.22659266387915422,0.21351155364112517,0.0792,0.0148,0.0,0.11314227502696839,0.0,2.7093020352450286e-15,5.291605537587946e-15,-0.07387827544459205,-0.0544770228234621,1.0
no_information_channels,20270412,1.009816559742127e-05,0.016877655155184787,0.0024487803754946395,0.17377572137412522,0.046707252366071816,0.555911534693595,0.5563673395078924,0.3834982420250447,-0.06266042685610813,11.133023349559782,0.7352188200726802,0.9676876897044677,0.8579964053163391,0.31857612166018434,6.92649307110548,14055.799558520504,0.0312,0.5187344286995529,0.20472907211578906,0.0,0.0176,0.0,0.12699296590451192,0.0,2.302906729958274e-15,1.7197717997160825e-15,-0.41957001266416183,-0.024735305520951763,1.0
no_information_channels,20270413,-5.9460261491960155e-06,0.016923207635649886,-0.10403133733822041,0.14809113058766268,0.056744425074532256,0.570984979306779,0.5611996631719866,0.30894807389153206,-0.10923220570855041,19.871159647689726,0.7445638764065179,0.9700054373020769,0.8767376495870537,0.28680180364082924,6.541768001985608,14552.16722243584,0.0332,0.27238886446016497,0.22365677934229156,0.312,0.0168,0.0,0.12142540209002495,0.0,4.3348832563920454e-15,4.89473512226885e-15,-0.7130295130129959,-0.018789816179707583,1.0
no_information_channels,20270414,-1.2602549822825182e-05,0.016602683236326868,-0.04647155970525542,0.18074968646318124,0.048060814025349674,0.5323058039099949,0.5622988524196781,0.35216524706768626,-0.05226170563268222,11.061475539429221,0.7340330037667834,0.9699336085734817,0.8740872616925933,0.2999578571554016,6.794529270916646,14225.67416932514,0.0352,0.875035987365399,0.19227914447822558,0.0,0.0188,0.0,0.10485843756268864,0.0,4.199418154629794e-15,3.439543599432165e-15,-0.09987248784479434,0.01478395547672789,1.0
no_information_channels,20270415,-4.413601030176722e-05,0.016459687648333648,0.017867784934109038,0.20663235816489003,0.04477500800199139,0.5593349507772785,0.5331441997157572,0.3117348142683426,-0.07020353908586388,13.200544431056574,0.7372973013308912,0.9711553625960851,0.8591039638447463,0.3028837404282516,6.7133913907281215,14319.16389225689,0.03,0.66552020050171,0.2156871826764637,0.0,0.0144,0.0,0.10530435073741473,0.0,3.522092645818537e-15,3.1749633225527677e-15,-0.23627705601694735,0.09496103180272307,1.0
no_information_channels,20270416,1.5243106601710821e-05,0.01666903676176415,0.02268471857233561,0.21984138640903295,0.05296201215561429,0.5664308728818988,0.569069397495205,0.3828794441939343,-0.016086964532247963,12.151841129632889,0.7231184539990562,0.9696451706446995,0.8595733959185109,0.31119222057679324,6.745682305026939,14267.992319699311,0.0296,0.8208780349595621,0.20498469878532277,0.0,0.016,0.0,0.11334099447783008,0.0,3.657557747580788e-15,2.1166422150351785e-15,-0.27826436346455313,0.09712256506121204,1.0
no_information_channels,20270417,-1.6587544294564795e-05,0.017069154920147267,-0.10952823119411656,0.17643704195779428,0.04603498485940511,0.5367384185050168,0.5477106357736587,0.3405417482259669,-0.07477799044314276,14.701042189591018,0.7224801484173627,0.9702976272210073,0.8592733009833552,0.2991704868321909,6.769187495448362,14293.69009747287,0.0312,0.17372636521740775,0.2151677294114661,0.2548,0.0168,0.0,0.10137369142864294,0.0,3.1156973405317828e-15,3.836414014751261e-15,-0.04078992629876153,0.06752578288454697,1.0
no_information_channels,20270418,3.991643121600674e-06,0.017087002195597445,-0.107987168879575,0.20784244564270646,0.04336445534586309,0.5905155919052096,0.5652748280647748,0.3266044451211061,-0.0621678012499837,13.27724567812922,0.7379208293043006,0.9691218987080126,0.8676783498510943,0.295085939055265,6.707057591731532,14344.748517339844,0.0328,0.79239760027165,0.18452703996824638,0.0144,0.0168,0.0,0.1060996425176155,0.0,4.3348832563920454e-15,2.3812224919145757e-15,0.2196221511511423,-0.012074272458993925,1.0
no_information_channels,20270419,-5.600750314633629e-06,0.016459396803964067,-0.03884960035348023,0.1713741036738431,0.04360431622878882,0.563899077699758,0.5423838617321385,0.3337453782195383,-0.06529445326056296,10.030952166714636,0.7357216800178243,0.969605449445355,0.8564226972865435,0.30937103586609943,6.878833306951046,14119.480119364976,0.0332,0.9628624088147973,0.186736387178709,0.0,0.0176,0.0,0.10530989027846593,0.0,2.1674416281960227e-15,2.1166422150351785e-15,-0.13760345613993713,0.03315820052931001,1.0
no_information_channels,20270420,-1.1559796074957874e-05,0.017310968236902053,-0.09430041980987465,0.13134947274137274,0.04954806695634848,0.5925995579133324,0.5891973300208685,0.3544862674535577,-0.03634146780426942,11.741923064316978,0.7476123364693368,0.9704731825813796,0.8770679282333974,0.2849375042864709,6.821588643594954,14259.778485843599,0.0336,1.1393194636573252,0.2256210703990077,0.0,0.0192,0.0,0.12250467540267374,0.0,2.1674416281960227e-15,2.3812224919145757e-15,-0.3877484118211708,0.01051129308135448,1.0
no_information_channels,20270421,2.344140595613098e-06,0.017191769515197672,-0.05100306881247825,0.20192462427356397,0.044733030838655645,0.5605066134503509,0.5845708423554016,0.3924444743837234,-0.044830830472647486,12.677215363655524,0.7370770038999596,0.9687413844869124,0.8713960140582236,0.30019307536567363,6.8176757083798245,14239.83729151591,0.0308,1.1459388313588936,0.21329656507759576,0.0,0.0172,0.0,0.11482611014450028,0.0,1.7610463229092685e-15,2.3812224919145757e-15,-0.05763467214699702,-0.011872180459498977,1.0
no_information_channels,20270422,-6.928674089152551e-05,0.017426616660135355,-0.050481847238003794,0.1976683748301507,0.04120324934853663,0.5501922298967444,0.5712636057360673,0.3228267349514074,-0.045746209521614296,15.63409600408686,0.7378266917380908,0.9684201731207249,0.8558968903031704,0.30735656504172504,6.7161678640872395,14347.347820864337,0.0308,0.8722772964464486,0.2199510205626124,0.0,0.0172,0.0,0.12225062213848825,0.0,1.3546510176225143e-15,1.5874816612763839e-15,-0.19925731959326246,0.0023577108982479836,1.0
no_information_channels,20270423,-5.1907106906082134e-06,0.01567565216268414,-0.03801356798835645,0.21819620891368247,0.0456913714246115,0.5434281600433454,0.5536011058264625,0.32386022143304355,-0.09350680153041262,19.31488256522719,0.7405178350983447,0.973792643358476,0.8733281070080042,0.2615175469063958,6.4801812230224805,14552.491663564282,0.0276,0.14497181986325441,0.23259978321150676,0.2384,0.0128,0.0,0.09375412284504892,0.0,1.8965114246715198e-15,1.8520619381557813e-15,-0.0731473136660748,0.03582645529831365,1.0
no_information_channels,20270424,-1.116939766315106e-05,0.01620271475316271,-0.07459483491641328,0.17679291377840278,0.042217496846697455,0.6078235629639165,0.5828315103136008,0.3581747983820667,-0.07232845440870173,12.056604036277427,0.7473123237561609,0.9673894754940298,0.8648877328892698,0.30236600156637206,6.679961639484744,14315.703923671901,0.0356,1.5629021623691157,0.19676173463472157,0.0,0.0168,0.0,0.10098968934912622,0.0,4.7412785616788e-15,1.4551915228366853e-15,-0.26086622681120586,-0.0629631463148373,1.0
no_information_channels,20270425,-1.531338611974391e-05,0.016460296095097686,-0.01262026385934575,0.2433180989668628,0.05409963462959814,0.5284922462873307,0.5513717128603604,0.3493881413730671,-0.056853366690779124,11.454411785224417,0.7290300961961926,0.9651534561839639,0.859299134788401,0.32159862818683205,6.87771284852549,14099.69301854766,0.0296,0.7212620595662905,0.2040883420083066,0.1036,0.0144,0.0,0.1259549602108505,0.0,2.573836933482777e-15,4.89473512226885e-15,-0.43576058779032767,0.02550009378645741,1.0
no_information_channels,20270426,-3.832255409945163e-06,0.015170821364655621,0.023458879043688617,0.198833687318181,0.05029940314658855,0.5885464663171962,0.5636158565418969,0.37687319308226774,-0.058156268141100115,15.342471774527013,0.7556108167145706,0.9707348382367705,0.877568324043318,0.275770524918295,6.479619033017604,14563.024269713267,0.032,1.2842156115131111,0.22017834478520482,0.0,0.0124,0.0,0.10075055904195462,0.0,1.8965114246715198e-15,3.1749633225527677e-15,0.34583175962870666,-0.014467712094395796,1.0
no_information_channels,20270427,-2.2979036636843375e-05,0.016880360175029252,-0.0141314722549596,0.19628163195004036,0.049594095829281086,0.5391863833268287,0.5095632378180496,0.2912643459866922,-0.07316031994209962,13.739505758191179,0.7334302073246477,0.9663665253725467,0.8472752579914073,0.32602843664965825,6.737911946284621,14271.46612110563,0.028,1.1501928952303306,0.2147982475460054,0.0,0.0124,0.0,0.13653185534795198,0.0,1.625581221147017e-15,1.3229013843969864e-15,0.5849803144509328,-0.0523520157428702,1.0
no_information_channels,20270428,1.5040695872794885e-06,0.01717476686975205,-0.02417025740483545,0.1998400194172856,0.050259600555787466,0.49182316793057806,0.49555565803175494,0.2850796564881849,-0.04824021217906744,11.783994116955187,0.7021633150730658,0.9616815707558821,0.8471469670382035,0.32955934794662595,6.934100188746733,14059.853875370154,0.0308,0.42578115117829585,0.21253018897542875,0.0,0.0172,0.0,0.12452766997735254,0.0,4.876743663441051e-15,1.3229013843969864e-15,-0.00344223915274203,0.002843732281767423,1.0
no_information_channels,20270429,1.3447993273539537e-05,0.016351609428963954,0.005103568535393485,0.20872146245178674,0.050862592961966324,0.5868307571968803,0.5484026921542547,0.3169905145896276,-0.06608502205014376,12.048755696022345,0.7391469847968021,0.9697579000271309,0.8498831125232357,0.31435067929728,6.689639481393292,14303.961568875626,0.028,0.5932848509243817,0.24218344619283927,0.0,0.0124,0.0,0.10906239520689032,0.0,3.251162442294034e-15,5.556185814467344e-15,-0.2756356381764049,-0.029190942053730545,1.0
no_information_channels,20270430,-3.0335422163496163e-06,0.01569226889011869,0.018487717562004683,0.20163127615005827,0.04599717972400113,0.5447343309691189,0.5686437823553598,0.3248768397550949,-0.07214432754844186,10.519660837843782,0.7384279857909563,0.9667392463526914,0.8530233306938143,0.3182171790558995,6.732225372952623,14204.67896758946,0.0304,0.9020148346184839,0.22030922257909902,0.0,0.0136,0.0,0.11808123402519977,0.0,3.1156973405317828e-15,2.645802768793973e-15,-0.2425926697618695,-0.021601532567551613,1.0
no_information_channels,20270431,2.0871460408038446e-05,0.01614964818916141,-0.07940509300629979,0.19079410956414936,0.046261682131699455,0.5729359068918175,0.5166091216426152,0.2944560233016651,-0.0638135893307193,16.69483445390491,0.7361681533899092,0.9681230431123632,0.8643891320047793,0.29623658179360945,6.63558253773371,14361.901545430312,0.03,0.6198043798101273,0.20840216666376998,0.0,0.0132,0.0,0.10896261039101018,0.0,2.1674416281960227e-15,4.233284430070357e-15,0.22889754071116694,-0.004431508144340339,1.0
no_information_channels,20270432,2.2173838575172768e-05,0.016557154463986336,-0.014591409690000024,0.24249887283142363,0.054161591034130395,0.5709173919728715,0.5565326825741598,0.34105172158849817,-0.08248280260354782,12.686431120980968,0.7353468182021673,0.9666858112343252,0.8556834537557623,0.3110737288653185,6.728994508671301,14292.942934405244,0.0336,1.5362308067782144,0.19404978777294135,0.0,0.0148,0.0,0.10337972231459513,0.0,3.3866275440562853e-15,1.7197717997160825e-15,-0.08029948685169211,-0.02385037681759547,1.0
no_information_channels,20270433,9.675368504190729e-06,0.017150887104778734,0.02491268847592787,0.18658692056899864,0.05545463255751243,0.5516834001769367,0.5323679174151122,0.34481613590550386,-0.09715136616556591,10.589065920455749,0.7361964138364229,0.9662354129961463,0.8491179140476255,0.32728139858674377,6.861465479532101,14152.314937841045,0.0292,0.9147132423118417,0.21589395633342623,0.0,0.016,0.0,0.12946628030495422,0.0,2.7093020352450286e-15,3.042673184113069e-15,0.3515975241551819,-0.016200514762279287,1.0
no_information_channels,20270434,-2.5104904269846528e-05,0.015965466691004866,-0.10852839897751353,0.16383322999040195,0.04643049356385763,0.5951870445723634,0.5289980141995675,0.3531956193734922,-0.05905961334454049,15.626973449128752,0.7607597435410622,0.9717851548364822,0.8705130618284525,0.2864130395602257,6.569062481828256,14477.537277464462,0.0304,0.20158237883637908,0.20684908663264667,0.048,0.012,0.0,0.10285847255440217,0.0,3.251162442294034e-15,5.556185814467344e-15,-0.13634109495084512,-0.08908910205894617,1.0
no_information_channels,20270435,-2.3855732037596056e-06,0.01626611250854606,-0.011063578685111175,0.1668263105405007,0.0434996149635559,0.6188627149661668,0.5516472537867956,0.30233583249754803,-0.06192388744400919,11.673347814326029,0.7314797195102686,0.9623846081300974,0.8428331837382634,0.32847000070703364,6.6588079565863145,14310.675256197625,0.0292,1.2210400647540147,0.2518075956531123,0.0,0.014,0.0,0.1246538933374699,0.0,3.3866275440562853e-15,1.98435207659548e-15,-0.04093505785703895,-0.034764208537777605,1.0
no_information_channels,20270436,1.0314440898746113e-05,0.01651120523168722,-0.052046060011661156,0.13373251078588977,0.04652605544387535,0.5505750316276125,0.5492732845582404,0.35661145707924363,-0.04112648908175141,11.329774644830646,0.7394673372203867,0.9693049488010896,0.8509892134661675,0.30959796318999416,6.813329889297839,14203.77868878973,0.0332,0.15564409407443486,0.2133240217251453,0.114,0.0176,0.0,0.11375076465431722,0.0,2.980232238769531e-15,3.7041238763115625e-15,0.07034831077167467,0.001991268169048788,1.0
no_information_channels,20270437,2.1501790510733087e-06,0.016670656230350012,-0.054888728041462304,0.1535590547836854,0.058130919720249495,0.5285148315672522,0.5511701519560951,0.35063021672236006,-0.06868513452498193,12.051851942379779,0.7364802876269126,0.9687836065583051,0.8618161267879205,0.3010956803849262,6.742161839795402,14268.826625656564,0.0292,0.5453657342352716,0.2425471062329685,0.0,0.0136,0.0,0.103024041995885,0.0,2.4383718317205256e-15,5.0270252607085486e-15,0.3073424895530172,0.013863007146268574,1.0
no_information_channels,20270438,1.0167281646708659e-05,0.01715931770059978,-0.049036438489087474,0.19094712805430245,0.052638084074377,0.5158041820173273,0.5529646389882902,0.2867972062817208,-0.09525340505452369,13.200371125106003,0.7095773280707065,0.9663873457306265,0.8288106652726606,0.33410165448597806,6.812536697263404,14185.32961109224,0.0292,0.9600894591822695,0.20308717008296118,0.0,0.0152,0.0,0.10804200343303538,0.0,4.3348832563920454e-15,1.8520619381557813e-15,0.15299067716750128,0.03277536832960265,1.0
no_information_channels,20270439,-1.4224597564669494e-05,0.016623181296397994,0.034364684101601095,0.21223208166205104,0.05367323484201185,0.5160045724287275,0.5291675663748652,0.3299555563022512,-0.061314281930253026,12.974508871266627,0.721258287233877,0.9670469935116118,0.8596026071400481,0.30288834233362855,6.748163047263533,14250.99384494111,0.0324,0.6548288376989413,0.22390550799611042,0.0008,0.0156,0.0,0.11889767976732557,0.0,3.7930228493430395e-15,1.7197717997160825e-15,0.2087169236546836,-0.017369324497615198,1.0
no_information_channels,20270440,-6.245673414269249e-06,0.01557713553435672,-0.09783488801029072,0.18155402573814863,0.045646384626941164,0.571729990668192,0.5748012654403265,0.3416944088020595,-0.05068591946376854,12.180855314343294,0.761294097393504,0.9757964808431335,0.8515019779310622,0.29892265033460863,6.575951699091811,14417.725921917492,0.03,1.171678929965679,0.17791214439031655,0.0,0.0124,0.0,0.10219446802501642,0.0,2.84476713700728e-15,1.5874816612763839e-15,0.0999727091709731,0.025589282047773738,1.0
no_information_channels,20270441,-1.2868273141641851e-06,0.016058107419872226,0.0442794612813898,0.2091466908422147,0.05044248250524943,0.5197055257940957,0.5276926501980027,0.2866193880602367,-0.05821386860708304,15.40938898011646,0.7247495569526096,0.9644074929282173,0.8426757276886417,0.3256300869617049,6.606600347415622,14342.744533721823,0.0288,0.5639514921448319,0.21353246715622443,0.0,0.0132,0.0,0.12355648812305198,0.0,4.876743663441051e-15,2.1166422150351785e-15,-0.2914750764281551,-0.02561032324157017,1.0
no_information_channels,20270442,-4.51031777156885e-06,0.017640070223873795,-0.031612043154229115,0.224601438130738,0.04658811941571015,0.5392649488506398,0.5686845375612127,0.3127006273308121,-0.08596947244460319,15.184281393262445,0.7314142461747899,0.971276267798041,0.8732945733306432,0.2931544547698891,6.716403808040662,14370.933185992024,0.0336,0.32847302824225105,0.24707937952782166,0.3004,0.0168,0.0,0.11253118020874342,0.0,9.482557123357599e-16,2.645802768793973e-15,0.36106338739906735,-0.05508287925527052,1.0
no_information_channels,20270443,1.2861027548151327e-06,0.017790207523963732,-0.08611615475123045,0.18973676267899922,0.04556676484591931,0.5860592753976145,0.6262251395075744,0.33697440464870676,-0.06315078335482292,12.11603281115857,0.7424903314228068,0.9725765855645411,0.872818386290717,0.2977562031774444,6.810504716852104,14270.772513496328,0.0336,0.6284644115218935,0.21473402916560602,0.0,0.0176,0.0,0.12064022515335071,0.0,2.0319765264337714e-15,4.100994291630658e-15,0.01702377486139494,-0.040287634647702616,1.0
no_information_channels,20270444,-1.1318383679154209e-05,0.017431853200827015,-0.06459774318635328,0.20348455567583257,0.05003868936466014,0.5362951775524384,0.5043467676258291,0.36227271057258403,-0.05442030286403931,10.39933651937845,0.7190734695449321,0.9663356267812789,0.8459165950217586,0.33437787789670104,6.929568510075744,14089.711386171639,0.0328,1.0940944543608129,0.20421041784845206,0.0,0.0176,0.0,0.12985497183946282,0.0,7.450580596923828e-15,3.1749633225527677e-15,0.1374751147632748,0.05626569715986618,1.0
no_information_channels,20270445,8.793487412031453e-06,0.016468154804153437,0.049857083789588974,0.2472424655873759,0.04884301205438469,0.5661478635840167,0.5664109873421466,0.350145915939428,-0.02886329920425146,11.332538288718753,0.7431154969581655,0.9629777082959798,0.8538339665165532,0.32781109956460774,6.756094078389284,14220.569631558701,0.0296,1.1344410472709912,0.22206149605452963,0.0,0.0152,0.0,0.11117744972957366,0.0,2.1674416281960227e-15,2.1166422150351785e-15,-0.02950307676957119,-0.04386897779492158,1.0
no_information_channels,20270446,1.8858704461712605e-05,0.016233711751234253,0.008573087634340965,0.23699640918143716,0.0428840205926961,0.5409025202377274,0.5539433742456019,0.31404112255391275,-0.08192011075935063,14.063677231863124,0.7370425376466322,0.9666949726322166,0.8683863165468143,0.3017344070807961,6.665544568253598,14333.546942981375,0.0304,1.2482448863124216,0.20552077968546012,0.0,0.0156,0.0,0.11510881801264428,0.0,2.302906729958274e-15,2.9103830456733705e-15,-0.1875159102381495,0.011657220925104066,1.0
no_information_channels,20270447,5.488888628331523e-06,0.01774329714520456,0.009110615868591883,0.2707163643552811,0.05091660668641318,0.5403172363800989,0.5199969606980341,0.2777553740830104,-0.09151324448693714,19.263767456480977,0.7462782440927747,0.9727734761335984,0.8825736968938556,0.2807691203551033,6.641488060631862,14461.122277747974,0.0324,1.4912988708054167,0.20641447211045383,0.0,0.0172,0.0,0.1173400863267191,0.0,1.8965114246715198e-15,2.9103830456733705e-15,-0.4422044022422979,0.0034306324265525414,1.0
no_information_channels,20270448,7.5604939085291536e-06,0.016201610746154876,0.04950349706474376,0.21722406364416832,0.06013533478804532,0.517449942511366,0.5112854193529345,0.26036958924169656,-0.024348071330641388,11.095299103630614,0.7187821965422898,0.9644508680379845,0.8278136866199917,0.3396824583195522,6.711343054614658,14236.528150525162,0.028,0.9535853128134372,0.21854864503693083,0.0,0.0144,0.0,0.13076563694163568,0.0,3.1156973405317828e-15,2.9103830456733705e-15,0.06987523031066382,-0.017825219778135646,1.0
no_information_channels,20270449,-5.464924640709512e-06,0.017376224203281943,-0.013432643619915722,0.19855084557896446,0.05026756083517904,0.5362429273510851,0.5523356404479042,0.34991724691919246,-0.08918921334182354,15.565453633511797,0.7457752205853483,0.9733305333960312,0.8891499772127599,0.2783070029225682,6.668087944004606,14456.469951363528,0.0344,1.3998077783355969,0.24789412429390645,0.0,0.0176,0.0,0.11221344073637507,0.0,2.84476713700728e-15,5.423895676027645e-15,-0.2541096975403137,0.005201436277480027,1.0
no_information_channels,20270450,-1.6763597728456147e-06,0.01724129289865002,-0.028064945763247477,0.20408894633371746,0.05165797805167015,0.4950776581431323,0.5213147990536218,0.3185592119086489,-0.049969073660916546,13.13396284110351,0.7156191874798723,0.9646497111388174,0.8499837707885817,0.31842324583652365,6.870982902139508,14131.501694598059,0.0288,0.2787466173659864,0.22830708098283536,0.0,0.0168,0.0,0.12304106620791289,0.0,4.199418154629794e-15,3.7041238763115625e-15,0.08251430898272737,-0.017110532197714665,1.0
value_only,20270401,-0.00019545386609200115,0.014347426525180142,-0.13174303006386778,0.13174303006386778,0.02705930301200495,0.06955609361386751,0.05826192035577189,0.008511839897561083,-0.018977434302473634,0.28185323688706276,0.3607918873498738,0.5809226436965377,0.2920323176280857,0.5108229815855527,6.711789103028926,15974.06839816727,0.0048,0.007017911283122621,0.6172635151361114,0.0,0.0008,0.0,0.005561471736901469,0.0,2.7093020352450286e-15,2.1166422150351785e-15,0.010121227888848915,0.013835758890008019,1.0
value_only,20270402,0.0006503838205323827,0.013645413950125133,-0.05567749455998299,0.05567749455998299,0.02265298013852088,0.029094960757809766,0.009626495605697036,0.03994666971710003,-0.02901837941046773,-0.05494636811125364,0.12320095273808758,0.7416532812592352,0.390995043837874,0.38511943841752694,6.682472938698889,4250.29831265998,0.0024,0.041161143613763086,0.3954950347117756,0.0,0.0,0.0,0.01623946497891149,0.0,1.7610463229092685e-15,2.645802768793973e-15,-0.017201710788733775,-0.02898259108576563,1.0
value_only,20270403,0.0005410593999123328,0.013905110840306092,-0.1285251512084523,0.1285251512084523,0.023257582617271864,0.016445080096179603,0.03372730887829051,-0.005292622107741408,-0.0078691592676891,0.2537159529092623,0.19988603878537473,0.6501585122258898,0.37702548898722427,0.4401927564652379,6.705775492708306,6481.991039550486,0.0032,0.02754864727238687,0.2741306801599369,0.0,0.0004,0.0,0.011983575406786295,0.0,2.4383718317205256e-15,3.96870415319096e-15,0.010468124883846212,-0.011953956283325188,1.0
value_only,20270404,0.0003978045212570116,0.013932788226161435,-0.13386060139533376,0.13386060139533376,0.020871336627960306,0.024128496564127577,0.010113600071506374,-0.046268687925522765,0.005963990669217515,0.33194035393175003,0.19766434111852754,0.6716064586799112,0.355670931470694,0.44806958029492977,6.695942554184828,6569.216109667403,0.0056,0.027536769073665618,0.3028047591061168,0.0,0.0008,0.0,0.008807475436053647,0.0,3.522092645818537e-15,3.3072534609924663e-15,-0.04821537993629208,0.016226833462420005,1.0
value_only,20270405,0.00034392766304043614,0.013654924577231234,-0.08741425533255948,0.08741425533255948,0.02185399222941011,0.02149216643380447,0.029355682622513344,0.0036179091495490956,0.013429266802200114,0.13074161600920942,0.10358682392441994,0.7080543245437988,0.35952413722953785,0.41533124247240405,6.684757489024453,4838.256751788552,0.0036,0.035762545366659605,0.34284402501404854,0.0,0.0,0.0,0.01259583135281539,0.0,3.1156973405317828e-15,1.98435207659548e-15,-0.016829212063565586,-0.016831795985259843,1.0
value_only,20270406,0.0002785893291953073,0.013409594451148633,-0.08410654592348185,0.08410654592348185,0.02249289464330331,0.06168261774751733,0.01706662111153178,6.798621540445458e-05,-0.023742326605046823,-0.018545402934652344,0.18281601698985642,0.6017516287684139,0.36394261741696005,0.42208257080008044,6.672024427202768,4919.014133875405,0.0012,0.03393098392390744,0.40358470660842183,0.0,0.0,0.0,0.011654942906104582,0.0,2.0319765264337714e-15,2.778092907233672e-15,0.019938525269115735,0.006626295330377966,1.0
value_only,20270407,0.0005205661858775698,0.013252907362639002,-0.09662516994220777,0.09662516994220777,0.018530061069349364,0.03991784322769084,0.040511095046879324,-0.001595124263702621,-0.01901463786472793,-0.007578714319080415,0.14620479376456563,0.7179451308889165,0.3946004361227773,0.39792147617776147,6.670584187038022,3645.0589308141216,0.002,0.044927748120908044,0.2585008868101507,0.0,0.0,0.0,0.018000431922045257,0.0,3.1156973405317828e-15,3.1749633225527677e-15,-0.09244964114296422,-0.002187037801791073,1.0
value_only,20270408,1.2993943309284362e-05,0.0135715489091068,-0.07612414895646653,0.07612414895646653,0.019537213062499,0.028063266431804224,0.045019052380705755,0.010853302189450631,-0.02781977952809443,0.17024626587853398,0.13589663949147435,0.43796442993456197,0.3947531075464064,0.37234409479597497,6.679120490018238,6789.909092300805,0.0036,0.02244500284425175,0.41282997868520244,0.0,0.0008,0.0,0.0052957948517118325,0.0,3.657557747580788e-15,1.8520619381557813e-15,0.004669381065158967,0.011325191276293948,1.0
value_only,20270409,0.00023673377573568075,0.013988623099438354,-0.09926351197131553,0.09926351197131553,0.01785864552991606,0.055563419576797723,0.019940654006391043,0.055875296859839496,-0.021837713508244518,0.36830860209889593,0.34178605923700334,0.5052198599136442,0.35499889472719276,0.4694049899777257,6.714703547674753,10901.62109304609,0.0036,0.009181805897071162,0.3236638808525476,0.0,0.0004,0.0,0.00491795560382946,0.0,2.4383718317205256e-15,3.5718337378718635e-15,-0.012998902905545737,0.008396548815124633,1.0
value_only,20270410,0.0005216328053079923,0.013587717331049343,-0.08924915120931379,0.08924915120931379,0.02254622281628229,0.0006265136551420264,0.02772710633273372,0.0023223923200419616,-0.0009300140691784019,-0.1156402040507194,0.09121936960876537,0.5853484470550112,0.3643106820661461,0.4168765617586202,6.671007125892377,5703.8898045654205,0.002,0.029713031138081658,0.3881629414577361,0.0,0.0,0.0,0.010562894620893104,0.0,4.199418154629794e-15,1.98435207659548e-15,0.04470942059630217,-0.007013133096938267,1.0
value_only,20270411,0.00032304897186134627,0.013985233409586129,-0.09870582323777724,0.09870582323777724,0.020961448864317552,0.023979965730426482,0.039951532622731586,-0.011346458530432353,0.002696985814764632,0.14027537444097016,0.3549999779735413,0.5540559926342615,0.3344608035479508,0.47900606344697044,6.706550076169372,11464.681991323354,0.0036,0.007386962714230137,0.3584937538166809,0.0,0.0,0.0,0.0050393163440767275,0.0,2.1674416281960227e-15,6.2176365066658364e-15,0.027555130203833204,-0.008339534561417611,1.0
value_only,20270412,0.0001428596000834137,0.013939051963430598,-0.10902465700806636,0.10902465700806636,0.021859648224135244,0.02359879241924804,0.013877346545812677,0.01065713471978507,0.020977784813581736,0.2626041177870224,0.26483377113489454,0.49483418701302123,0.370244090918999,0.4365866234887219,6.702899114651958,8321.671488948843,0.0044,0.015010206961370409,0.5653298061786468,0.0,0.0004,0.0,0.005237036249471583,0.0,2.980232238769531e-15,3.3072534609924663e-15,-0.0531469035232011,-0.03929384973679341,1.0
value_only,20270413,0.0002827048209975917,0.01404850950379261,-0.08845026955769805,0.08845026955769805,0.022860599796772962,0.06491788215410058,0.07227815400798815,-0.009017639966898408,0.026711876705961427,0.0983990081423487,0.34286096856250214,0.6100373123816609,0.3145079841751868,0.46290497885988036,6.700487553151048,12315.951545565844,0.0032,0.00902863207384376,0.3399441015175919,0.0,0.0004,0.0,0.005239356025138031,0.0,2.302906729958274e-15,2.3812224919145757e-15,0.020359182635304278,-0.021856011328054037,1.0
value_only,20270414,0.00021712229806483238,0.013501571563650776,-0.09057091119985228,0.09057091119985228,0.019396187325835465,0.06417403909454214,0.003661710729818832,-0.015015305857841254,-0.03504549936069934,0.0863274614537044,0.13428580478943114,0.5412571455057998,0.3569651103651442,0.40454047552357064,6.6859277159818244,5884.932921423901,0.0036,0.027367901650526803,0.38028140178372005,0.0,0.0,0.0,0.006909000046950053,0.0,3.7930228493430395e-15,2.9103830456733705e-15,-0.0004136227462815668,-0.014428030082563322,1.0
value_only,20270415,0.0003369392512674263,0.014118253840830902,-0.13059570493165307,0.13059570493165307,0.022789537828130098,0.04894295317482178,0.027025278405424964,0.0036204610156913204,0.02978550961103298,0.1522354144850242,0.20942358650538678,0.5728764910689238,0.3525067528805814,0.4223735604858574,6.675727289479647,7571.196219469033,0.0044,0.021354791187254914,0.4194398166677714,0.0,0.0004,0.0,0.007045936637902095,0.0,1.3546510176225143e-15,3.1749633225527677e-15,-0.001435507235250347,-0.004596737032566687,1.0
value_only,20270416,-1.1178661900951426e-05,0.0135853607714537,-0.1164371105642357,0.1164371105642357,0.025404219669075967,0.05695798617829714,0.005154752014152865,-0.021277200213728132,0.020782936589633864,-0.10827498004810732,0.13704932549909268,0.46470636576703767,0.36783688357114336,0.4166937206653141,6.6690048284038985,6132.035807160741,0.0028,0.02558306196450271,0.419935855652002,0.0,0.0,0.0,0.005303685778402123,0.0,2.980232238769531e-15,3.1749633225527677e-15,0.04589655352667048,-0.0012494955458944763,1.0
value_only,20270417,0.00010113465899425016,0.013800538818259354,-0.14527207267327563,0.14527207267327563,0.02571391225270293,0.05281373801518816,0.028804560477681238,-0.012750099322147317,0.028641873670106437,0.09242519492489176,0.39288639400115327,0.5627044128351227,0.3098297542582133,0.4672212533546182,6.723317062104874,12956.552830261968,0.0032,0.0056275330916607585,0.4661504408603445,0.0,0.0,0.0,0.005267504148459334,0.0,2.0319765264337714e-15,3.7041238763115625e-15,0.03190687259976481,-0.013957232639377821,1.0
value_only,20270418,0.0006720814963012536,0.013325251360232016,-0.10514041191825738,0.10514041191825738,0.02799904370521351,0.019136058473633026,0.015619932404778755,0.004787567942685187,0.011571172541420515,0.021173577851147485,0.19640179954318254,0.6405798697694538,0.35104379950428394,0.42246279131586856,6.688630693139928,7088.784081474171,0.0028,0.024930008348856406,0.2605924144578815,0.0,0.0,0.0,0.01208008194039234,0.0,1.8965114246715198e-15,2.778092907233672e-15,-0.028166570870370725,0.042996939224258866,1.0
value_only,20270419,0.0005610106500461903,0.013845697901383906,-0.12051446328465812,0.12051446328465812,0.023065082226528012,0.05740520509846062,0.005892709256235973,0.023996459830000136,0.006863626582262513,0.210588907512665,0.17774114232810181,0.7018596335378617,0.36783624500525847,0.42749369740116494,6.693753233952872,5928.398238525914,0.0044,0.029979841619580838,0.252361279813491,0.0,0.0004,0.0,0.012436871459393872,0.0,3.251162442294034e-15,2.778092907233672e-15,0.058681104671527054,-0.01773694619685026,1.0
value_only,20270420,0.00046917500951100484,0.013370190103854597,-0.11936524847521823,0.11936524847521823,0.01989096546121676,0.023773414442973345,-0.006387059894324982,-0.010843011630353139,-0.008214062878257827,0.006906604170410446,0.0934484109326664,0.6699793217755371,0.4137923475740374,0.3906678086615243,6.664002203229371,4803.016333470725,0.004,0.03703587118509535,0.32347367186891995,0.0,0.0,0.0,0.013275856728765634,0.0,2.573836933482777e-15,2.778092907233672e-15,-0.07096406313929647,-0.012934409623608591,1.0
value_only,20270421,0.0005403870105705007,0.013608122248385344,-0.08612352049009604,0.08612352049009604,0.017259444910608903,0.0908814885752862,0.01563434704786782,0.03290652909834597,-0.026119592267416208,0.0175949630616965,0.11366844984674715,0.6846289294950204,0.37372741694548006,0.3820083957055343,6.668004541362376,4825.736719817806,0.0032,0.036491357069577415,0.26703025831606153,0.0,0.0004,0.0,0.014096731238404159,0.0,4.063953052867543e-15,1.3229013843969864e-15,-0.05082905424347033,0.011140098938747676,1.0
value_only,20270422,0.0004680490385518876,0.013711533086994783,-0.08839613921681554,0.08839613921681554,0.014582861063011108,0.03354753336575262,0.016682373754294034,0.0031960700578459325,0.017223116903956164,-0.07568368295015881,0.1544352957355233,0.5681827618979994,0.359918013626654,0.4284327287359892,6.664993406023857,6075.219140008551,0.002,0.026537272098185495,0.29407940882264094,0.0,0.0008,0.0,0.013208080283706902,0.0,1.3546510176225143e-15,1.4551915228366853e-15,-0.05858078961724776,0.0047370461319042705,1.0
value_only,20270423,0.00019606130145287325,0.01390351518570969,-0.13784462034900696,0.13784462034900696,0.0190454427488781,0.06982534064366308,0.005199465579657242,-0.02321791173966299,0.0015802282636990742,0.020728180854103773,0.38640972894735204,0.5305420545085953,0.31005975472964914,0.4677006459043029,6.684981153195042,13326.794467830452,0.0024,0.005918960856090534,0.4628107698159143,0.0,0.0,0.0,0.006163045221487362,0.0,1.7610463229092685e-15,2.645802768793973e-15,-0.05365322854412936,0.02664816342041493,1.0
value_only,20270424,0.0008350750646245903,0.013281232191114763,-0.11122490027865357,0.11122490027865357,0.02019431588965988,0.03456554530355324,0.02823136653698743,-0.010842795212475697,-0.010794851607144398,0.03058508699144946,0.05928779172236937,0.7923133466357322,0.37881230335687427,0.395783708978613,6.6606981157621,3596.0615275995774,0.0028,0.047998744719873275,0.18899931480952314,0.0,0.0004,0.0,0.02069988862224892,0.0,3.522092645818537e-15,1.8520619381557813e-15,-0.04430094581612488,0.0069666769495101135,1.0
value_only,20270425,0.0007530875439103731,0.014026265566750826,-0.12755943741032622,0.12755943741032622,0.019432848373253174,0.03257930242947635,-0.010669946315558815,0.007684738286421895,0.02212856369987749,0.1370719409115786,0.28334752553344605,0.6979245492406008,0.343613151445195,0.44750371011796813,6.676319291672677,8902.506687596602,0.0032,0.023268884107697438,0.3507310015138062,0.0,0.0008,0.0,0.015401072934748239,0.0,2.4383718317205256e-15,1.7197717997160825e-15,-0.06653613819356531,-0.0031463133952685752,1.0
value_only,20270426,0.0004366133166561713,0.013753851403837489,-0.11237095533515522,0.11237095533515522,0.02093360213558178,0.006247812169617951,0.023719190828598104,0.001167496865704613,0.005370498875707851,-0.0433040058644667,0.11219319638991314,0.6928540699724279,0.3662883794672657,0.423572149883426,6.677881231293691,4149.3739237198515,0.002,0.040806578767802464,0.27716996611194833,0.0,0.0008,0.0,0.011376379266297754,0.0,2.980232238769531e-15,3.1749633225527677e-15,-0.07659568720190832,0.0055049623693337445,1.0
value_only,20270427,0.00023278870501516237,0.013770131013246725,-0.12951992436035942,0.12951992436035942,0.02016682016728986,0.037571815288713506,-0.003757745981779012,0.0028023211919205415,-0.024358730390086597,0.04997926330940228,0.15692607315588933,0.6124701595889207,0.3313697349481453,0.4212882534555681,6.6979725916712125,4509.4588651422055,0.0048,0.03618341200953542,0.29312121985032247,0.0,0.0,0.0,0.013514996268110258,0.0,2.1674416281960227e-15,4.497864706949754e-15,-0.06918150879276756,-0.05216232081435318,1.0
value_only,20270428,0.0003096481310886677,0.013752420355679262,-0.11875873065092754,0.11875873065092754,0.022722781526749437,0.0618566838009613,0.018007962794829285,-0.025031314856023293,-0.00033304017988223156,0.3063577859517843,0.30352936458952307,0.4883172914451611,0.3640315674158045,0.47486731473517757,6.645174245091365,9162.722499509806,0.0048,0.012447480851053478,0.3424680362076805,0.0,0.0,0.0,0.005486446845401671,0.0,3.522092645818537e-15,2.3812224919145757e-15,-0.01468523343072061,-0.004079450587809082,1.0
value_only,20270429,0.0003303532841673533,0.01367376446420779,-0.11600481158560556,0.11600481158560556,0.024268526648199555,0.04448600471403641,0.021924046108701415,0.02942272994418391,0.024334099985850705,0.2942628387443147,0.2626265954797702,0.5946992741488805,0.3816503779724192,0.42623439869755314,6.689311129683365,8024.969361230054,0.0056,0.018044671282458704,0.32958338153060096,0.0,0.0004,0.0,0.008107997797025757,0.0,1.7610463229092685e-15,1.8520619381557813e-15,-0.0767242023737559,-0.01315980894288805,1.0
value_only,20270430,0.000434793262643047,0.01343187067344473,-0.08983820247429812,0.08983820247429812,0.023077484005797923,0.06795326404047274,0.02607204023781609,0.011904671283470369,0.0193932844452569,0.03877431394944875,0.15498443850856236,0.5778458689827921,0.3867511562315103,0.42481725917006863,6.699867390992571,5832.640448020968,0.0032,0.028135307926174642,0.3120890049903575,0.0,0.0,0.0,0.012330753897648483,0.0,3.928487951105291e-15,1.3229013843969864e-15,0.025239724970302076,-0.009524711569520283,1.0
value_only,20270431,-7.432583082867446e-05,0.013695241889772902,-0.1120533543145909,0.1120533543145909,0.027614312086479926,0.059163643857027354,0.005913008476259089,-0.009033611820347544,0.0038830417219092774,0.15968631398047783,0.15290295286875807,0.4459570237850204,0.3721555300601787,0.41853856741581386,6.675242138130929,7449.103501429629,0.0048,0.018605626254086682,0.3978648099814929,0.0,0.0004,0.0,0.004846153268765363,0.0,4.3348832563920454e-15,3.1749633225527677e-15,-0.029667924626157447,0.02315303553945192,1.0
value_only,20270432,0.0006986118080320203,0.013091282330952837,-0.08828883891059817,0.08828883891059817,0.022062186401416134,0.04371967160365716,0.03842891724791013,-0.04012499806689453,0.018683656577114204,0.046526983447900516,0.09361036069811696,0.7705541043452552,0.4045104268318525,0.4070749691756101,6.637778546288081,3441.7629466467833,0.0044,0.04797442908234854,0.25738120402607967,0.0,0.0,0.0,0.018120916680788524,0.0,4.876743663441051e-15,2.1166422150351785e-15,-0.11687051477872487,0.00902904967190566,1.0
value_only,20270433,9.731935322040038e-05,0.013665791684481968,-0.0651173439957199,0.0651173439957199,0.019083412786956334,0.06891278022304899,-0.006100831065388187,0.027454166684275767,-0.0391579330180734,0.038693223193691395,0.1525097744461247,0.5675971646050108,0.3271967037058175,0.4456409235359838,6.690004658534473,5630.667319486385,0.0036,0.029165616832562854,0.47568030218730284,0.0,0.0008,0.0,0.0065229629399885525,0.0,3.7930228493430395e-15,1.5874816612763839e-15,-0.062037725867349625,0.004105075565176453,1.0
value_only,20270434,0.00013026375111920956,0.013710016008662599,-0.14904015509167132,0.14904015509167132,0.02211818522328677,0.043091893702129305,0.03744761044614693,0.004890314079879882,0.006268156925703775,0.23027396361527286,0.3329804913364289,0.5166201816384978,0.3705777997500601,0.4472734972249861,6.661975643204324,11586.350506056517,0.004,0.0070484621687171255,0.42237358718601936,0.0,0.0,0.0,0.0057269892639144615,0.0,2.980232238769531e-15,1.3229013843969864e-15,-0.011065915054719539,-0.009432972811292958,1.0
value_only,20270435,0.00027033465484810153,0.013767567808333311,-0.0514094309251063,0.0514094309251063,0.01441901482021547,0.023131483333678687,0.005962446983314701,0.02205475278084649,0.0007616247811856108,-0.1106852527570985,0.11240101605374758,0.6644454656768958,0.3991744358160816,0.4133450472654582,6.704721591873907,4337.902572534484,0.0024,0.039973949722608246,0.5342042926062436,0.0,0.0,0.0,0.012433926693788733,0.0,1.7610463229092685e-15,2.778092907233672e-15,-0.061477686465869305,-0.008430232890170825,1.0
value_only,20270436,0.0001043707280457074,0.013802226534862731,-0.13644264929216487,0.13644264929216487,0.019750062030326594,0.05285552577777856,-0.006659035256873828,0.003817528050672286,-0.0012718884257607286,0.21899270187059905,0.3506044679800747,0.5610526637428688,0.34295523611706724,0.4539162446058967,6.662357695787472,12563.15589338401,0.004,0.006014128608391232,0.4869903743284302,0.0,0.0,0.0,0.005781250365694435,0.0,2.573836933482777e-15,4.365574568510055e-15,0.021423207510017986,-0.004300170178770749,1.0
value_only,20270437,0.00017084265685617588,0.013823909986497749,-0.07732582260268508,0.07732582260268508,0.018828941114536837,0.04300889877273435,0.03206277863483693,-0.022388035197262065,-2.302371393703355e-05,0.26019029496148116,0.21821827583326034,0.4838007596076384,0.38889063542649516,0.42988436508791844,6.687499203059453,8054.7103377490075,0.0064,0.016152879984494155,0.379284160569173,0.0,0.0004,0.0,0.005294208407309542,0.0,7.044185291637074e-15,2.5135126303542743e-15,0.032564383626610995,-0.010939764667237997,1.0
value_only,20270438,0.0003099880170088994,0.013578208858059122,-0.12854894698448913,0.12854894698448913,0.024159424683529954,0.018640350357058903,-0.01020939900913489,0.008085225906224229,-0.001525479705231166,0.01616457891857781,0.12261907736259602,0.6059988329294466,0.35111985458774764,0.43544550402239807,6.685076550762741,5568.877884797488,0.0032,0.03011135113587284,0.2838538894955882,0.0,0.0,0.0,0.008982155636424016,0.0,3.928487951105291e-15,3.7041238763115625e-15,0.0715961600116024,-0.010500218924525044,1.0
value_only,20270439,0.0003669953581885895,0.01389563895621159,-0.09069848166414572,0.09069848166414572,0.021416623990936964,0.050617487653872556,0.01746897318855678,-0.0013046149473028314,-0.013477973509601868,0.08013545403187328,0.24140332043245502,0.6236715801932762,0.319353712349314,0.4508752781995356,6.690017708643204,7735.595819010109,0.004,0.021621820821181147,0.3536099365366302,0.0,0.0004,0.0,0.007752293796430054,0.0,1.8965114246715198e-15,3.439543599432165e-15,-0.08855986671556684,0.02269136740430105,1.0
value_only,20270440,0.00048575326332552253,0.013553791752171798,-0.08466796840037652,0.08466796840037652,0.02281438969112191,0.025804729273913054,0.023975911859813005,-0.015235229068208893,0.0016804478224410502,-0.027693620481854087,0.15003980716704493,0.6998747331694916,0.38217857143798917,0.41258161185000525,6.682449381528581,4584.571646184872,0.0028,0.037302606035009823,0.32409816321985807,0.0,0.0,0.0,0.012024282379277773,0.0,2.302906729958274e-15,2.3812224919145757e-15,-0.07451547769333204,-0.03141389499920954,1.0
value_only,20270441,0.0004249073597545504,0.013859623868087124,-0.09509246866323474,0.09509246866323474,0.025664880992811494,0.03193022829986155,0.014141880467013108,-0.014024955953749233,-0.05272056476660879,0.14584070959589068,0.22808172833858031,0.5948695502673804,0.36293923935108124,0.4458149931793718,6.687495066078056,8251.259623152948,0.0036,0.017910683206383872,0.2186521138516836,0.0,0.0,0.0,0.00868672592320685,0.0,3.3866275440562853e-15,3.5718337378718635e-15,-0.023947401219171383,0.021070529767633253,1.0
value_only,20270442,0.00031338059865173803,0.014313820317805929,-0.12721957938807626,0.12721957938807626,0.019454499499114847,0.05186377173741988,0.022146848984644425,-0.02435707691837676,0.014569290180811692,0.2407640321182325,0.298873649598317,0.6325602840561644,0.3210169400289104,0.47538434256018075,6.70842883001473,12397.689784486065,0.0044,0.010083631703376221,0.36795464867389294,0.0,0.0004,0.0,0.005127465129732167,0.0,3.7930228493430395e-15,2.645802768793973e-15,0.011856033763659929,0.027344132759757462,1.0
value_only,20270443,0.00038969385089823445,0.0136195513200738,-0.1439941272332728,0.1439941272332728,0.022914886415629533,0.041825180815985755,0.031709233817864446,0.0247497428352596,-0.017413007110316008,-0.055721573740978414,0.18054016269256673,0.5391469655988528,0.34218136597623877,0.44899194603366543,6.700354989315049,7654.292244046521,0.0032,0.01963099548397917,0.37837413242765705,0.0,0.0004,0.0,0.009349521474359301,0.0,2.0319765264337714e-15,2.645802768793973e-15,-0.008172611732835202,0.018475636961238287,1.0
value_only,20270444,3.502454984282863e-05,0.01342366678524239,-0.09163957669525026,0.09163957669525026,0.023794368408034314,0.050916188791211035,0.06054121093557171,0.03619786021200242,0.005550274140363485,0.023782077027180826,0.13785338010345916,0.5517242112622833,0.3696028414576133,0.41839328154172845,6.664747025163126,4758.9505160173085,0.0032,0.03467117807793005,0.5370139096592048,0.0,0.0,0.0,0.007699404752358419,0.0,4.605813459916548e-15,2.1166422150351785e-15,-0.0031247855235635655,0.024781556620377447,1.0
value_only,20270445,0.0006141136980196062,0.013684060718722479,-0.12038661649682476,0.12038661649682476,0.0234113370438093,0.041972751635270714,-0.00803760158019937,0.027765991472143887,0.018022167081479613,-0.05538524677452861,0.12670697492429076,0.717115109883351,0.38300210183151606,0.4454535021081822,6.690304672843644,5130.440644847242,0.0032,0.03593765611741933,0.28035809389019983,0.0,0.0,0.0,0.014177046921964864,0.0,2.1674416281960227e-15,3.5718337378718635e-15,-0.007976259178161148,0.024792181269910337,1.0
value_only,20270446,0.00032000901899590593,0.013052415684653401,-0.06640510898628878,0.06640510898628878,0.01934731197633023,0.04456491835712855,-0.013473376878641762,-0.001216948549730328,-0.015418639994156614,-0.003773011500324941,0.1169726819374856,0.7043412559307168,0.43436189426846067,0.3717717773056854,6.644333284786043,4300.033388308773,0.002,0.039392065827297845,0.4144353400997698,0.0,0.0,0.0,0.012946988077415122,0.0,2.84476713700728e-15,2.5135126303542743e-15,-0.03451840933265772,-0.007080865169569866,1.0
value_only,20270447,0.0007670242763082001,0.013431246151331377,-0.06425696418515883,0.06425696418515883,0.02165003994307249,0.02225954494177718,-0.016592597363949618,-0.0006134423007207899,0.012652621208027634,-0.0381726751726883,0.11579045616792855,0.7931818144587806,0.4546600351724206,0.3455505769695002,6.657729941604405,4231.352622805833,0.0032,0.044906031745169786,0.30499606240492194,0.0,0.0,0.0,0.01848380818404194,0.0,3.251162442294034e-15,2.5135126303542743e-15,-0.041683962042143884,0.0010390941506042803,1.0
value_only,20270448,3.116024818307359e-05,0.013946380558364977,-0.11431451234076641,0.11431451234076641,0.021201902603285954,0.011190552094488227,0.033546348287416934,0.005396509540372278,-0.019597931864864714,-0.06894180460129995,0.1515806827890801,0.4861788104791046,0.37154999060510646,0.42722468339364655,6.699686084049282,5390.882865620238,0.0036,0.03092875360277017,0.4114369008644049,0.0,0.0004,0.0,0.007277040061044682,0.0,2.302906729958274e-15,4.497864706949754e-15,-0.0018525249833427722,0.030398337333483703,1.0
value_only,20270449,0.0004935167022692841,0.013387792567539466,-0.0847367857558961,0.0847367857558961,0.022807815052197596,0.012708975769942796,0.04009180824066784,0.0264203561979065,0.047059239266934845,0.017492751565721054,0.100385997864427,0.7256855565614587,0.4019497932707634,0.3686219421062984,6.6569950087623475,3711.975285159506,0.0024,0.04503509934641351,0.34131141977400603,0.0,0.0,0.0,0.016494997699882052,0.0,3.7930228493430395e-15,1.5874816612763839e-15,0.02504657192054646,0.017584292386010975,1.0
value_only,20270450,6.515162987179295e-05,0.013542237590527296,-0.10234133643355148,0.10234133643355148,0.019274826084429493,0.05244812195903946,0.04240807351068186,0.001978587622989136,-0.031607677168944234,0.08859966825454846,0.33035032786286184,0.4867755839005914,0.33384460413693834,0.45863436124812296,6.683001910426713,10354.348630606317,0.0036,0.008704172009584076,0.38135917074057757,0.0,0.0004,0.0,0.004653185974532681,0.0,2.980232238769531e-15,1.3229013843969864e-15,-0.06467322356654738,0.016069005898053063,1.0
trend_only,20270401,-0.00021908962043505726,0.029244462950651313,-0.06860910068737341,0.14806510885043353,0.03531734789915399,0.4603968222380594,0.42560680719219773,0.11449331759421012,-0.09608502827608417,9.687522786610685,0.613786894028508,0.8567883843399411,0.6598441029632082,0.4515122222148799,7.323149192545407,16682.32806770234,0.0236,0.048406640074173134,0.6293528287792118,0.0544,0.034,0.0,0.06877494424207731,0.0,1.7610463229092685e-15,1.8520619381557813e-15,0.011707284028071257,0.02932469423308507,1.0
trend_only,20270402,0.0006566903837270548,0.024549725178850793,-0.07338246935477834,0.09675834252353763,0.03353016742050018,0.3963441516198796,0.37450802909815034,0.08418069862259092,-0.06697807067027745,13.057661039420537,0.43614758372717155,0.8699442307968263,0.6232871454551493,0.3725809294350405,7.028501734410684,4583.1492054309665,0.018,0.060387355306900585,0.40470657928746,0.0,0.0208,0.0,0.017918902862002817,0.0,3.3866275440562853e-15,3.7041238763115625e-15,-0.30867677800627913,0.040581470808057754,1.0
trend_only,20270403,0.0005459093429659084,0.02618450331686598,-0.07539039169910915,0.11032117380812985,0.03516149914008825,0.42299707471090303,0.3392852442642931,0.0830230026925496,-0.06221966091485021,11.126402570537845,0.46817173418062386,0.8580071780387346,0.596385394280884,0.3980333967869381,7.152686659098028,6898.3005356152435,0.022,0.04705595807007301,0.4065092393165928,0.0008,0.0256,0.0,0.019722227444340046,0.0,4.605813459916548e-15,3.5718337378718635e-15,0.09266280068863335,0.021130794765681273,1.0
trend_only,20270404,0.000370219436880317,0.025401679125754424,-0.06521729017034784,0.12233075688739198,0.037543138263969565,0.4119673249339419,0.3438038958475114,0.066019377620288,-0.07253850850964892,9.398524355308615,0.48964392552234387,0.8683427030034935,0.5936818852318398,0.4053552416917294,7.1968371975421,6987.321719526035,0.0204,0.04899698714029537,0.38403195065314655,0.0028,0.028,0.0,0.01874106180409152,0.0,2.1674416281960227e-15,3.836414014751261e-15,0.3194333962911126,-0.007013062330083108,1.0
trend_only,20270405,0.00032513994949376546,0.02404377972966658,-0.025215620469304634,0.12769649682229908,0.04051839071805391,0.32634966620025635,0.33603743418324294,0.10672362950620419,-0.08126668189330656,9.166498288910166,0.4574318366218828,0.8388236637188211,0.6362393459613757,0.39746591405252496,6.945976889105858,5314.146305098973,0.0212,0.05865003411290113,0.41915126088371824,0.0,0.0216,0.0,0.02101748671192727,0.0,2.573836933482777e-15,5.953056229786439e-15,-0.23240860943340572,-0.05361934731291091,1.0
trend_only,20270406,0.0002903378525511432,0.024983118210207083,0.023169135530104218,0.17509292193674053,0.03446016321343443,0.351071171607893,0.36465306117903656,0.13629327907614688,-0.05747184514886346,11.422942085908936,0.5382009164760702,0.8008822493024932,0.652402609153269,0.37034657954181444,7.075293413353875,5312.302428189019,0.02,0.05570335363391323,0.42885664971953175,0.0012,0.0232,0.0,0.026792867141546273,0.0,4.7412785616788e-15,1.98435207659548e-15,0.02243785605752869,-0.035252068138961465,1.0
trend_only,20270407,0.0005063573928088512,0.023684173218062366,-0.08319051864988172,0.10395391572502781,0.034837205383612686,0.35064711322714004,0.3152538371759378,0.08368577995718605,-0.08477109796411693,10.923951493120525,0.45234294019299826,0.8274216031072422,0.6265408153856586,0.37062393827033846,7.034311149440144,3913.0574275420167,0.0212,0.06349323377622228,0.36258340702527414,0.0,0.018,0.0,0.015298024803765076,0.0,2.7093020352450286e-15,1.98435207659548e-15,-0.24338836710864162,0.022377004218395884,1.0
trend_only,20270408,4.106729237561844e-05,0.02658598083287409,-0.0026479270338873504,0.17324605428522113,0.04543832562926655,0.3504998529780403,0.3837589960859343,0.14411545107728688,-0.033601717204804225,12.693090922528578,0.5755886119236975,0.8253509690549726,0.690591084347714,0.37166489979079337,7.172591521161724,7354.049198034425,0.024,0.047029886285001564,0.46076004334162124,0.0008,0.024,0.0,0.04173453020525386,0.0,2.573836933482777e-15,4.233284430070357e-15,-0.3464023238163639,-0.006211099616362669,1.0
trend_only,20270409,0.00023183927731009284,0.027478694964617415,-0.05319108605285383,0.12965938389054335,0.03941932666957442,0.3281521937267683,0.40008408980085824,0.14546897141629372,-0.08952797321045719,13.706500635721824,0.5548812485939087,0.8230894495720231,0.6742316729462847,0.40567470427389035,7.225320132430264,11755.123581993645,0.0208,0.037642144455981304,0.37380536606330794,0.0036,0.0308,0.0,0.07278054475452089,0.0,1.8965114246715198e-15,2.3812224919145757e-15,-0.05674971138019871,-0.007554842144227959,1.0
trend_only,20270410,0.0005287682787876847,0.024264198571323947,-0.024632100866398367,0.15742111627152014,0.04236566682337888,0.3733613631996495,0.3559917281754732,0.12863902118700132,-0.09895905409063642,6.473471827843605,0.47065425696377566,0.8162107133864893,0.6351911729279301,0.3863124737288421,7.162532531389554,6067.057821364565,0.02,0.048899819466250945,0.463178981845222,0.0,0.0272,0.0,0.022406162045497613,0.0,1.2191859158602628e-15,3.1749633225527677e-15,0.027259739184061743,0.06891401095618245,1.0
trend_only,20270411,0.00032240508525795803,0.027469968989827544,-0.012466818289104124,0.192064777687877,0.03573474095976149,0.39747677504079265,0.4166240937566045,0.10711276076453635,-0.053265030663745196,14.87294868986113,0.5983276492261431,0.8488944156669079,0.6530091912174504,0.3968389263359959,7.088816708255077,12399.802928114288,0.0216,0.035796502048340305,0.4487191752868017,0.0064,0.0284,0.0,0.057548821801718386,0.0,3.251162442294034e-15,2.1166422150351785e-15,-0.43756091919180407,0.012811072224575459,1.0
trend_only,20270412,0.00015210883644625674,0.02446323269863882,0.04240213147353052,0.15516552615622872,0.03564329969401502,0.33184622395920027,0.2946968790684689,0.11445510085125848,-0.06606872561637783,6.233794458114248,0.5107961703457036,0.7988303855333331,0.6170856136689399,0.4426887194496098,7.184696831972058,8843.772377854515,0.0188,0.03892823021234085,0.6101924667340259,0.0016,0.0232,0.0,0.03194239120623665,0.0,2.4383718317205256e-15,3.836414014751261e-15,0.4317807015543074,0.01540756262139877,1.0
trend_only,20270413,0.0002953302565727423,0.026159068006359122,0.013375430950616971,0.17809853450183014,0.04341045549412158,0.3571833908841292,0.2968219825430437,0.16070322479202703,-0.09519418695790759,10.430935258774646,0.55373841072019,0.8411992638881305,0.6852109724362663,0.4222845305663337,7.097593752905299,13081.391730321815,0.022,0.04197738222543598,0.44870662788514637,0.0268,0.0272,0.0,0.03271408824249633,0.0,2.4383718317205256e-15,3.836414014751261e-15,0.21454912012459726,-0.054200247107429336,1.0
trend_only,20270414,0.00019682367995879703,0.02512164362166593,-0.002413656287702633,0.20028205264358426,0.027972715519717056,0.3141388486834071,0.33715321676281546,0.0552287084908407,-0.0800171842509212,12.727180658028304,0.546079215196491,0.8379847081646615,0.6362199644575003,0.3720877718158519,7.005027972850936,6418.340978540261,0.02,0.04954191088670561,0.5005377631673027,0.0016,0.022,0.0,0.030852137271021318,0.0,3.3866275440562853e-15,2.9103830456733705e-15,-0.12578101211644754,-0.03935181023487876,1.0
trend_only,20270415,0.0003138621759163065,0.02479400827587537,-0.048146764629788355,0.1418753752575079,0.046760050569758925,0.3482740055621333,0.34138549044801886,0.10031387695542765,-0.021996816619158158,8.724018450359377,0.4902249617758566,0.850747638477684,0.6028228220436347,0.4130165001377098,7.02056691696022,8041.18959726893,0.0212,0.03953235389333929,0.5061001227894033,0.0,0.0228,0.0,0.02799100010749922,0.0,2.0319765264337714e-15,2.1166422150351785e-15,0.05447330175263445,0.01140730093978014,1.0
trend_only,20270416,-3.3711173523713e-05,0.025075332096576607,-0.12239474955339379,0.14175502676576918,0.03456938887126617,0.38636142389168493,0.3853268310814866,0.12600193257969822,-0.07384699906918023,12.514943711197757,0.5618358598629968,0.8314150496647337,0.6393490844252501,0.36666160922855806,7.022034841283815,6665.470969421991,0.0244,0.04962605218545573,0.46031799275625074,0.0,0.0244,0.0,0.02493629323023905,0.0,1.8965114246715198e-15,1.0583211075175892e-15,-0.15757517093765652,-0.03798181777653697,1.0
trend_only,20270417,9.119591222708294e-05,0.02639775233291364,-0.009912019219637774,0.17394060160894928,0.0337736370464712,0.37013780328020307,0.37976697881102073,0.1379945030120411,-0.0791936856445563,8.346466704819887,0.5628125702599746,0.8348075467048596,0.6348636467127818,0.4438257089843892,7.134031903423317,13799.74703567507,0.0224,0.036652278081188726,0.49231116823260024,0.018,0.0276,0.0,0.04612390040196179,0.0,2.0319765264337714e-15,3.7041238763115625e-15,0.17297571949458004,-0.00016597597603218022,1.0
trend_only,20270418,0.0006642913748294866,0.026792770107533746,0.0016609198156972557,0.23726219333729803,0.05092585151353801,0.2792903852431238,0.34472572465968976,0.11256022856198655,-0.05507293515295633,18.3938151262535,0.44333933788873664,0.8610337815872232,0.6604692975974911,0.38207317955981096,7.040727619966836,7827.469002825581,0.0204,0.04842910535479539,0.361624605315074,0.0008,0.0268,0.0,0.031231622661396674,1.0,3.251162442294034e-15,1.7197717997160825e-15,-0.5601334319938994,2.7698283690801666e-06,1.0
trend_only,20270419,0.0005711714804836589,0.026119664729908735,-0.04114862243897252,0.15068536026797205,0.04187396537031135,0.3242503568265595,0.3202747534338962,0.11201602916309802,-0.05088968606603834,15.828708388368764,0.475062281630213,0.8649332288729237,0.5948344433026903,0.3912808751834316,7.121554398202182,6323.8015946340765,0.0168,0.048406616039291736,0.37011928070725675,0.0,0.0268,0.0,0.024606257865855907,0.0,1.4901161193847656e-15,3.439543599432165e-15,0.2464907711026307,-0.018678645476352042,1.0
trend_only,20270420,0.00046469464987603713,0.024418525601959992,-0.0603151336139458,0.14376623525591803,0.040404000030645794,0.3879459132593209,0.37429387457410634,0.05387076784287593,-0.09420778655481629,10.360087171724954,0.4568484860987582,0.8247016835694866,0.6555854759604506,0.37225683528872805,6.93470329972426,5212.879102315921,0.022,0.054074713153223555,0.3640457065045599,0.0,0.0224,0.0,0.022773114140482553,0.0,2.1674416281960227e-15,3.836414014751261e-15,0.25028812478591994,0.023978989122532685,1.0
trend_only,20270421,0.0005232835716627182,0.025589569331043546,-0.03486699363621258,0.21517993958665046,0.04490907554835706,0.4329456271833999,0.3701902135967767,0.13454918453408438,-0.0571289632454679,8.506066362925107,0.5248879805433055,0.8549724486425013,0.6378723356611289,0.37785245680041535,7.249749081022443,5099.643500175642,0.0224,0.056678633009841814,0.3229277983683345,0.0,0.0264,0.0,0.016798807203174615,0.0,1.3546510176225143e-15,2.645802768793973e-15,-0.16795651968057268,0.0829206627249771,1.0
trend_only,20270422,0.00046341946706279915,0.024646233955978453,-0.09920283696430865,0.15446287815450724,0.03562327121082989,0.3863577904324554,0.3252213278377347,0.07590730881711741,-0.10415063073186306,10.352698924388248,0.5061608113439197,0.8271316135647645,0.5912077474651125,0.3969339536703524,6.965578706333517,6570.360317051196,0.0184,0.04637425744558035,0.33142625750539556,0.0008,0.02,0.0,0.016161905684018762,0.0,3.7930228493430395e-15,2.5135126303542743e-15,-0.24804556495773894,-0.05971030476778565,1.0
trend_only,20270423,0.00016515811267578222,0.027840698460670693,-0.01421610657368202,0.11022995855160088,0.04030138359572756,0.40849890752084117,0.38386665193752334,0.06445546949814758,-0.07880039952499882,10.946993482661256,0.5947461033397657,0.844764035690176,0.6567217910245164,0.4166916849689853,7.17508360285037,14238.654775981486,0.024,0.04461521504512333,0.5091956674993764,0.018,0.0312,0.0,0.036591624283490054,0.0,2.573836933482777e-15,2.778092907233672e-15,-0.7273767594433678,-0.016471018299353254,1.0
trend_only,20270424,0.000851546232256343,0.026835446413810665,-0.03779559935760545,0.12387637632750252,0.03706588287701911,0.3282801914557841,0.39130462856520903,0.1013022217607209,-0.04527307920910164,17.395386520913675,0.34164234530226656,0.869832339161683,0.640926244177826,0.3597565371637919,7.223476930949537,3861.884272402615,0.0224,0.06413532474121574,0.27774707700808143,0.0,0.026,0.0,0.02149476102733683,0.0,1.625581221147017e-15,3.5718337378718635e-15,-0.2812680134971943,-0.008693623500607747,1.0
trend_only,20270425,0.0007665601333746072,0.026841123568608866,-0.03936856233076811,0.18903834759273697,0.039610988796013595,0.39803536725903477,0.3842239725813852,0.10842163839998999,-0.09077056294996406,9.079796561693474,0.48363052429218817,0.887693607385785,0.6425969268583508,0.3967293202394882,7.255003722403885,9315.935556338805,0.0224,0.045762071337657216,0.4449500380489466,0.008,0.03,0.0,0.02129562895043602,0.0,2.4383718317205256e-15,1.8520619381557813e-15,-0.2787552787792297,-0.03589900631260021,1.0
trend_only,20270426,0.00042795203706828106,0.026417098657611198,-0.09522991361343562,0.1081853178584742,0.04501230767818318,0.4036639223896636,0.3495949568037582,0.19242593089815613,-0.05771473593411783,11.747614609724778,0.4792256294996377,0.8452634535064156,0.6190296562121205,0.36031939781758027,7.126109155178986,4498.411475744872,0.0212,0.057384874059308845,0.3303158903578225,0.0,0.0276,0.0,0.02252701995885431,0.0,5.824999375776811e-15,1.7197717997160825e-15,-0.2419069161792577,-0.03805438272732812,1.0
trend_only,20270427,0.00023417050507455527,0.026640868795931888,-0.028250291654945067,0.17922547975281775,0.03205742581666089,0.3863682461654844,0.4071234875916657,0.19655231826925307,-0.06676219447737175,10.824315141231617,0.5641597744983617,0.835713995846562,0.6239900971454531,0.367633785606355,7.190733370730738,4898.292087428853,0.0256,0.059607794973026554,0.32303263830264883,0.0,0.0252,0.0,0.023295792582841868,0.0,1.4901161193847656e-15,1.5874816612763839e-15,-0.1186777703543526,0.05589616532221867,1.0
trend_only,20270428,0.00031860240531913673,0.027023009627278227,-0.0737162651903294,0.1617023429864837,0.04368605437495311,0.39080839041233534,0.3478399515758069,0.12533774967532182,-0.06928011725629586,10.458980766705592,0.5653744604084665,0.8287448964777366,0.6230615703309645,0.41880159613593143,7.1217097758653205,9814.05872378859,0.0228,0.03482210158913441,0.42773768192349715,0.0012,0.0284,0.0,0.027963532712001582,0.0,4.876743663441051e-15,1.8520619381557813e-15,0.03816449529765439,0.009520730714178513,1.0
trend_only,20270429,0.00032511172595068417,0.027516899231219732,-0.050592260550547365,0.14541477761550045,0.04304631036699674,0.3648895439491553,0.3791352923031238,0.12391670453732113,-0.0734163576122174,13.908904080857894,0.5269128161366391,0.8470195372185759,0.6403751779447376,0.3820076307460164,7.1108901348360725,8750.252454457239,0.0256,0.041839690070519416,0.3355161244026935,0.0008,0.028,0.0,0.024578619082870956,0.0,2.7093020352450286e-15,2.3812224919145757e-15,-0.25447423466198515,0.01223931125161545,1.0
trend_only,20270430,0.00045308922947071364,0.025459758768338985,-0.03272710744777757,0.11411944885657525,0.03399462981030292,0.3019619937879836,0.31064061448604824,0.09673622771880057,-0.06382585228355439,15.10304988613471,0.5041808701303315,0.8226192984000711,0.6332242719719173,0.3750094683305607,7.234833202040478,6314.160899434914,0.0184,0.0592003103549225,0.3646444584796634,0.0056,0.0228,0.0,0.030991199851805096,1.0,2.573836933482777e-15,1.8520619381557813e-15,0.7677556340526293,0.023141146044689767,1.0
trend_only,20270431,-4.837783223509575e-05,0.026242655072562817,-0.013790530336388282,0.15960415258278432,0.050793389337454475,0.32064892221737945,0.3452992538190296,0.11525410018541081,-0.07689212668517455,12.023315401898685,0.5497894029342315,0.8187504277751575,0.6174355407660853,0.41015597884264937,7.126536191355247,8036.4424261674285,0.0208,0.04217245104472713,0.49482141574196203,0.002,0.026,0.0,0.037688609907690074,0.0,4.063953052867543e-15,2.9103830456733705e-15,-0.22761740948577208,0.01203159473726638,1.0
trend_only,20270432,0.0007139842146602515,0.025048966848533635,-0.03481602277944688,0.20495095434127547,0.043329764803998784,0.38435254053232737,0.39164571507733575,0.10294285892368592,-0.05863016234327264,9.965293529651762,0.4549990502505132,0.864872395632468,0.6079909368356586,0.3550431314958197,7.072153994820847,3743.181270803453,0.0248,0.06416311695322012,0.30784868028846113,0.0004,0.0236,0.0,0.01754439461319901,0.0,3.3866275440562853e-15,2.645802768793973e-15,0.2881136311196296,0.008634481624147476,1.0
trend_only,20270433,0.00012002374747576852,0.02574931070672924,0.023761889069406215,0.158798278830146,0.04339264863796176,0.3718386597660478,0.3740580189888699,0.11113611744022955,-0.06241960803539042,14.123729884824417,0.5484691735422408,0.8344618332909771,0.6524586056123955,0.36409288342546586,7.076376426020593,6114.253510203651,0.0208,0.051522456679554365,0.4885647788681525,0.0008,0.022,0.0,0.019433951049670828,0.0,2.0319765264337714e-15,1.98435207659548e-15,-0.3923867204209063,-0.006192916265176233,1.0
trend_only,20270434,0.00015578479793648228,0.02647800926113537,-0.02204156169941933,0.2237405837857378,0.04019344313851338,0.36598597043624104,0.4390479840129313,0.108093556451398,-0.08126042778755492,14.735422406906764,0.5952300641155324,0.8148648983425341,0.667129473624491,0.40424991892727136,7.094354391467162,12346.573666483984,0.0224,0.037311186388466776,0.49772963566142636,0.0076,0.0268,0.0,0.031786317580239976,0.0,2.1674416281960227e-15,3.5718337378718635e-15,0.4306761598846855,-0.0929542011134914,1.0
trend_only,20270435,0.00025885904257816144,0.027958506315657154,-0.13564054285539526,0.13564054285539526,0.03507146064899189,0.38543534427945075,0.31140081217982934,0.14327590352053138,-0.06802514593363591,13.894523423843005,0.52878557046515,0.8601795796400031,0.6328633798787822,0.37670565720138377,7.288334927782525,4684.573109397835,0.0216,0.061157216585573375,0.5705620452267894,0.0,0.0288,0.0,0.0203473593093193,0.0,2.1674416281960227e-15,1.5874816612763839e-15,-0.6719988272315723,-0.019093702977928412,1.0
trend_only,20270436,0.00010777632451103293,0.025341870776539422,-0.056262878012736925,0.13781388295631278,0.03514099826557257,0.4022838272743516,0.2831516487352039,0.07545915968506607,-0.0576032646672046,10.797446968585218,0.530329843879126,0.7940812663730039,0.6273807134712439,0.44004475993744696,7.0210678364455905,13294.366388516193,0.0184,0.03516190156650004,0.5471954566537303,0.0036,0.0248,0.0,0.024991013218591984,0.0,2.0319765264337714e-15,3.5718337378718635e-15,0.01887722360343927,-0.049685439136409666,1.0
trend_only,20270437,0.00013781541115915063,0.026951460073761927,-0.12036213430123521,0.1384552985593576,0.03716504696271662,0.3923643393802481,0.37356288482518524,0.09284490229776178,-0.06574072342917743,16.355226087390594,0.5943243317527583,0.8553283828459801,0.6782068086361331,0.35504052323188756,6.976358617593243,8805.869788538039,0.0224,0.03980498424307403,0.42810315379264774,0.0024,0.026,0.0,0.03440268281524572,0.0,3.1156973405317828e-15,1.8520619381557813e-15,-0.2707217994453328,0.03069252211182038,1.0
trend_only,20270438,0.00031320956233684604,0.02493280878771486,-0.06468580885429018,0.1822008655705853,0.038930681120339414,0.32072325810671287,0.31606892815608295,0.08570659692299715,-0.06735640618058007,10.184722906391562,0.5021526804472675,0.8498307323224762,0.5975330706183761,0.39690668073901086,7.052375962941717,6017.982644211239,0.0216,0.05161814360830158,0.35843974652499266,0.0,0.0232,0.0,0.02376513637889688,0.0,1.8965114246715198e-15,3.7041238763115625e-15,-0.04798116849718954,0.04531422519267282,1.0
trend_only,20270439,0.00033990889211705236,0.025590809171838858,-0.07415718324437451,0.1302404590623028,0.04333592851165379,0.3741005444439867,0.3583899969530791,0.11767044169081235,-0.09969457561653917,10.89289378428876,0.41880739886665974,0.8624022266174234,0.6529268997149048,0.39295366839609563,7.077598231717087,8295.113418932044,0.0204,0.044232238165604086,0.3908072436765646,0.0004,0.024,0.0,0.02809073433878817,0.0,2.980232238769531e-15,2.645802768793973e-15,0.2544431201188905,0.04668741187698409,1.0
trend_only,20270440,0.00047665946807790575,0.02526588183317238,-0.09598243632921298,0.13616444656466944,0.0397199041877655,0.3543653095625669,0.34637346887485104,0.10421402273697054,-0.0733464570054449,10.000864979365122,0.43966146748385215,0.8640715954076251,0.6066319390050373,0.3873740854413621,7.091857074592475,4951.890110789824,0.0208,0.056386888280026394,0.3526749400011834,0.0,0.0212,0.0,0.024034685588613325,0.0,5.418604070490057e-15,2.5135126303542743e-15,0.168431504124121,-0.002473129559249285,1.0
trend_only,20270441,0.0004187487058793039,0.026132646880749916,-0.07979726893234698,0.1700177129620434,0.043320028328451124,0.30459036510268284,0.28570988099631167,0.07251078179594457,-0.09454698215866464,11.66241239473928,0.48512808589215944,0.8375952290918636,0.6319283151145506,0.41014727905503795,7.174183228888823,8758.940317848866,0.0208,0.03882977738584149,0.3208877662170504,0.0004,0.0244,0.0,0.03497061857764017,0.0,2.4383718317205256e-15,1.4551915228366853e-15,-0.4365592678476135,0.01761811444554452,1.0
trend_only,20270442,0.0002607186612223252,0.02700930991621823,-0.033244589382419476,0.1439424304824177,0.038000166488309256,0.38829548708867884,0.3670159571388202,0.14268833597425556,-0.04333809897090684,11.836133941274696,0.5583608194809935,0.8549239263992817,0.6442390532437839,0.4173229552643425,7.1601619277768815,13176.630254235955,0.0232,0.040136232610901795,0.4118559425770205,0.0384,0.0284,0.0,0.04497474075334562,0.0,7.72151080044833e-15,1.8520619381557813e-15,0.18912254614420815,-0.02939368660481364,1.0
trend_only,20270443,0.00039524421515467657,0.029250524771020626,-0.1627014391588308,0.1627014391588308,0.0460012908914451,0.449738058724088,0.44848656353607974,0.1404117123263122,-0.07455934818867242,11.685828994232331,0.5731006329652166,0.8790352209628688,0.6446243982269918,0.37458006584476994,7.319696447473554,8283.994008979376,0.0244,0.041319076507661645,0.42700951902458306,0.0008,0.0332,0.0,0.02211573504890585,0.0,2.1674416281960227e-15,4.100994291630658e-15,0.2736141253012228,-0.023070653327875106,1.0
trend_only,20270444,3.069777502513738e-05,0.025792830347254655,-0.14675829169363272,0.14675829169363272,0.041621697742622886,0.39968716133418214,0.3355131972597952,0.08680668236033302,-0.059402016628718295,12.473509668426932,0.5511811947165701,0.8284967170671186,0.636240014779944,0.37660285092276596,7.035335084655534,5187.35370985989,0.0216,0.05926702582528251,0.5921853862917088,0.0,0.0228,0.0,0.026097994693777382,0.0,1.3546510176225143e-15,2.3812224919145757e-15,-0.15340538844360654,0.027367487094502232,1.0
trend_only,20270445,0.0006317814675364168,0.025266546166248665,-0.05853177660464483,0.1548975887171043,0.04333668172438546,0.40206226092340003,0.38699055511444763,0.14650123161261083,-0.062190269915847946,9.893801412891838,0.47532194087253177,0.8663356228729849,0.6316286129952707,0.37453070432604707,7.1538618762443384,5673.0954486219825,0.0236,0.08064354849099695,0.33903725406228236,0.0,0.026,0.0,0.026689220205924347,1.0,3.3866275440562853e-15,2.3812224919145757e-15,0.04395304579335217,-0.025560380595647397,1.0
trend_only,20270446,0.00032383450247140753,0.02561831417964747,-0.016908297990735795,0.19910902968812397,0.0382464538863058,0.3927602903176232,0.3791251033050384,0.04944511174482217,-0.055089445249622594,20.877953411183988,0.5106174072253042,0.8456649963298734,0.6340860310533215,0.3528626491433301,6.946424048400838,4723.243725138169,0.0208,0.06674646844378435,0.4382673080438415,0.0008,0.0236,0.0,0.020992122259500867,1.0,3.522092645818537e-15,1.98435207659548e-15,0.1848268323742508,-0.014236062562545426,1.0
trend_only,20270447,0.0007676082296934112,0.0259578895048508,-0.05271502117997059,0.23199052114570984,0.04091916137447066,0.3698997906120952,0.34401851766608843,0.12090783112678737,-0.06368481614324357,12.032824523080464,0.43317753234185336,0.9040744918616936,0.5980691256381773,0.36180417902794915,7.06232422650413,4524.315058990949,0.022,0.05681658987074479,0.4073059595942021,0.0008,0.026,0.0,0.01870639522319273,0.0,1.0837208140980114e-15,4.762444983829151e-15,-0.061336099500691604,-0.005464289709319116,1.0
trend_only,20270448,2.936672268010376e-05,0.027073404968963596,0.023138874238751817,0.19762718446662353,0.05361845470027795,0.3351865162228422,0.2928637569625259,0.08261637327199291,-0.07006965022615531,16.245992343753418,0.5150729755961225,0.7881809946400288,0.6560037005966727,0.37265947756886814,7.234701115244861,5800.7108206698185,0.0168,0.055296755466095145,0.5535860665884315,0.0016,0.0244,0.0,0.03730344189282131,0.0,2.7093020352450286e-15,3.836414014751261e-15,-0.29922590538962723,0.027288887697002856,1.0
trend_only,20270449,0.0005089336012354728,0.025100580830403736,-0.030579073449375393,0.18462171751878628,0.044776201542233426,0.37765539819073696,0.3757592244770781,0.11439934318714076,-0.07162976137038983,12.060265162102061,0.5006354295932394,0.845217607802147,0.633560412048551,0.34666629554415385,7.031341744875683,4022.7320017759316,0.0228,0.0618199819353415,0.3723947629506531,0.0008,0.0236,0.0,0.020067665251736422,0.0,2.302906729958274e-15,2.3812224919145757e-15,-0.015631858293347296,0.02550327080840588,1.0
trend_only,20270450,9.878537073964288e-05,0.02635564253080087,-0.11726470128324414,0.11726470128324414,0.037610744334732785,0.3831802874476707,0.32812143817571465,0.1412436434308671,-0.07024064166210044,12.866267376234056,0.5633276253571362,0.8045122616167945,0.6798994691394002,0.389446853294479,7.154739631415412,11101.22118353658,0.0212,0.036693380481171094,0.457341779493896,0.0016,0.0264,0.0,0.0793812449362521,0.0,2.4383718317205256e-15,3.042673184113069e-15,-0.6153530912590344,-0.020672665305715106,1.0
noise_only,20270401,-0.00024033006461224887,0.015627759874864384,0.03807074436150391,0.15175769016471205,0.035701931774949826,0.22443270797235532,0.18223376575971745,0.06321808907164951,0.006872062229894901,7.717424756902391,0.4272092754542051,0.8661892845349233,0.5025478562891457,0.26335079765533026,6.570942586773234,18931.83680607409,0.0112,0.14325963294090605,0.6357017707285662,0.0,0.0028,0.0,0.2529869294285112,4.0,5.283138968727805e-15,1.4551915228366853e-15,-0.029951728470953076,-0.02740750867456206,1.0
noise_only,20270402,0.0006503808818871523,0.0180861040774423,5.2183985192768774e-05,0.1175535872024595,0.03808290730674518,0.19755815577404148,0.16628856858359461,0.057876377465453155,-0.03784626911147947,10.918908631053197,0.4650411573694408,0.8840664008920665,0.5330203363933619,0.25141811629440036,6.648712200812213,4574.71863644691,0.014,0.059718990804639896,0.4247266290011952,0.0,0.0052,0.0,0.20137600677462952,2.0,2.1674416281960227e-15,1.3229013843969864e-15,0.9987604247253655,0.018702599919831406,1.0
noise_only,20270403,0.0005285698146875192,0.01706832950040993,-0.09313048229830968,0.09313048229830968,0.024053074708922387,0.24791893573111456,0.18919017502674315,0.05235367639854302,0.004658144312594018,6.878967118537492,0.4739330128678662,0.8911983640272986,0.5100026241817361,0.2433988094599232,6.642652385163272,8414.230001152968,0.0148,0.24371884861094212,0.2931318022647601,0.0,0.0044,0.0,0.2109551251863595,4.0,2.7093020352450286e-15,3.3072534609924663e-15,0.7974658948520038,-0.014072701100682069,1.0
noise_only,20270404,0.00039323661402750396,0.018644341165358225,-0.051547318031276504,0.1540149095887135,0.03851519299518548,0.307436278482796,0.2932324989165506,0.17066744610163925,0.021405493583998743,8.911256476213472,0.5525199192234027,0.9049340720719514,0.49560164335202483,0.28602815369439494,6.769961567712253,6669.1011964242325,0.016,0.019521007431354525,0.40049283587378204,0.0076,0.0068,0.0,0.22427259355764972,2.0,2.980232238769531e-15,2.248932353474877e-15,0.6561427223893237,0.0027020385153379164,1.0
noise_only,20270405,0.0003288197307707993,0.017938022875128738,0.01424494592859154,0.1407260645411433,0.0373297969576901,0.25648046698328547,0.2510651789731183,0.11433402894185478,-0.016099744808421832,10.502458148306248,0.46910206806921717,0.9002179530248787,0.5203468793199085,0.2526732368311745,6.656279551581823,5619.554236628426,0.0144,0.13347517716164176,0.3656392252351931,0.0,0.0056,0.0,0.22357706257420706,1.0,2.302906729958274e-15,1.98435207659548e-15,0.8624617281328177,0.03831992079131655,1.0
noise_only,20270406,0.00024016159558896106,0.019905784467787933,0.058235958548119755,0.1500115744560484,0.049088455888521856,0.3270783137231183,0.40962949483885447,0.22335299820675913,0.07950768004139416,10.618872299045249,0.5688548057524372,0.9210861612587831,0.509079721268821,0.3096355537124802,6.724640247497017,7236.020891049127,0.0168,0.381713387807172,0.4300010644053862,0.0,0.01,0.0,0.22642909350173257,10.0,2.4383718317205256e-15,2.3812224919145757e-15,0.42885036291016515,-0.03802216305296125,1.0
noise_only,20270407,0.0005388732369572299,0.02021303746135545,-0.042058778339258335,0.16675270176836726,0.03701246653616068,0.2892359113001909,0.2682755623527757,0.12887932444901354,0.1531573105782884,8.389816091108136,0.5787994446710768,0.9204644202857455,0.48604685126378,0.31930579815084154,6.6858406195285855,4473.986897651694,0.0184,0.205225650395319,0.2789227756063455,0.0,0.0112,0.0,0.1820314079013119,5.0,3.928487951105291e-15,2.645802768793973e-15,0.8380796571798129,0.0140501100367943,1.0
noise_only,20270408,-3.3989074881509396e-05,0.018292658465700287,0.046257537192369164,0.12755510045050628,0.03964308201030203,0.31467976182901763,0.25827332025845545,0.1361472464992224,0.07377660624160787,12.106696505917236,0.5549072173288877,0.8929886396700729,0.5106373536198635,0.2615433058100198,6.625944969219697,8024.430868409489,0.0164,0.15175977448872913,0.45937026180180274,0.0,0.0084,0.0,0.2099976563184378,1.0,2.302906729958274e-15,2.1166422150351785e-15,0.8958449328849579,0.016850626346946482,1.0
noise_only,20270409,0.0001958298572947527,0.01913205245143727,0.007929484322190304,0.12064971840194204,0.03695085206139654,0.283155012756824,0.24416283743555475,0.16269900930312858,0.00024971839142442126,15.607681853922877,0.5387662379602073,0.9197946593392968,0.49187833923882934,0.292742568655236,6.70244482879883,12511.342251101943,0.0136,0.10263427092324583,0.325452037557837,0.0004,0.0076,0.0,0.20561902036656,2.0,1.7610463229092685e-15,3.96870415319096e-15,1.1192229522507657,0.008710580996306899,1.0
noise_only,20270410,0.0005132039512366092,0.01650815505129622,0.052533193714119596,0.11835183954237659,0.03473289586564669,0.15860343652971873,0.06981030492671289,0.06040690669840861,0.04430679146530694,4.7408883207070085,0.40892933135417303,0.9054996440369738,0.5462323529959789,0.27019999274485557,6.640478770532216,5327.154179027865,0.0112,0.06953613463408344,0.40169256409257215,0.11,0.0032,0.0,0.20740907176689194,6.0,2.1674416281960227e-15,3.3072534609924663e-15,0.8042273906389655,0.005213684087554557,1.0
noise_only,20270411,0.00031712558560707186,0.017143442673111086,-0.050403963112460266,0.12483484064656702,0.032296169444545664,0.25337748557517437,0.2165446941187678,0.07355751426169962,0.0034909595969728623,16.065401486629007,0.508722837927851,0.8906769491650378,0.49472697712614755,0.25489691471473985,6.615122352127717,12600.108966555146,0.012,0.06049589437569592,0.38071010230207847,0.0,0.004,0.0,0.2506169211791738,0.0,1.7610463229092685e-15,3.836414014751261e-15,1.2619647787793689,0.021579153055726986,1.0
noise_only,20270412,0.00010708474292011019,0.017749375484975186,-0.05126670456946725,0.14641724488449667,0.028819767862843498,0.22985196669616975,0.2108159654705607,0.10507735462842342,0.010546939918160043,8.550675991959757,0.49546625961084667,0.9010608524579242,0.4986933972856096,0.26649669624150973,6.652794949497783,9595.710206376025,0.016,0.11837865846338723,0.5709291315634275,0.0,0.0056,0.0,0.23048359971342336,4.0,3.522092645818537e-15,2.1166422150351785e-15,0.6441689298916409,-0.02540566275536467,1.0
noise_only,20270413,0.0002647253755065712,0.01832905307401467,0.02578458983490222,0.17178819687102537,0.05281213682962578,0.44751260494868256,0.432260394823169,0.14595911294327507,-0.01462246731137455,12.944930816162762,0.5873788409142854,0.9050841556159058,0.5360942601779815,0.29290825477906507,6.6651560398609115,15412.598306662816,0.014,0.19520254431618472,0.37236518920736406,0.0,0.0056,0.0,0.2771204616675793,6.0,2.1674416281960227e-15,7.937408306381919e-16,-0.06513365414721292,-0.021494523710508563,1.0
noise_only,20270414,0.00016348954220401596,0.019445989246892354,-0.03262103640624061,0.13659304026160646,0.038379058855660966,0.36722836348825394,0.30323641078482666,0.13972585824473138,-0.01077026413772547,7.958039169644623,0.5493249698087278,0.9059271762426334,0.510437249215419,0.3137785559323598,6.703627135173791,5973.539617939116,0.0164,0.017023526908677873,0.39346801759154326,0.004,0.0136,0.0,0.21618846306770134,2.0,2.84476713700728e-15,3.7041238763115625e-15,0.4860865533338919,-0.024273826355085806,1.0
noise_only,20270415,0.0003096324831018322,0.018883851417082806,-0.06670765319439667,0.1598851292952377,0.04409251486541353,0.23049941311709213,0.19849490302827402,0.21714237321246174,0.012223549203398937,14.94413042399541,0.45867575224428325,0.8812513684106809,0.473768935331169,0.2836791167958574,6.651263834528594,6851.6050118583,0.014,0.12033944310032689,0.5056459485321018,0.9076,0.0068,0.0,0.1948792548651921,5.0,1.8965114246715198e-15,1.8520619381557813e-15,0.953935994686081,-0.025025087090827493,1.0
noise_only,20270416,2.6426985040194494e-05,0.019287153936204275,0.026825490659528453,0.14444114836831923,0.0531965747375886,0.2732920692662905,0.28299712577928793,0.1848958949342082,0.0036421237940160688,33.01146401280986,0.5361226489130025,0.9125735814515674,0.5200392568801315,0.2342856133560769,6.685903790540062,7246.371242427956,0.0172,0.1594284061450222,0.44380778589920267,0.0,0.0092,0.0,0.24350303705265852,3.0,2.0319765264337714e-15,2.9103830456733705e-15,1.4372377397087353,0.015166274906113863,1.0
noise_only,20270417,5.972765337710086e-05,0.01730994357046977,0.0026478171788300664,0.10987560924430599,0.033408928431936734,0.2394269007733327,0.17375526028829383,0.010406509703553996,0.06478093940473714,6.710078013887566,0.5151557266224291,0.8946464543070153,0.5195270666755085,0.2808402389306164,6.617801115945715,16777.329856068565,0.0168,0.22354537436280203,0.4789544635696924,0.0,0.0088,0.0,0.23108177517910744,6.0,1.3546510176225143e-15,2.1166422150351785e-15,0.35337111526046683,0.025421914646407563,1.0
noise_only,20270418,0.0006559870472026407,0.017168034192961864,-0.002165976459361567,0.09859674019470836,0.03243411543384557,0.2538850001391893,0.1602563518670477,0.07707102130708558,0.05994064772044772,4.164558450735666,0.5116260445978037,0.8820131821162746,0.4960960085536005,0.31667927096588916,6.645681157231793,10066.819075681016,0.016,0.3215576898204773,0.27617706687871724,0.0,0.006,0.0,0.21233814517839944,4.0,2.302906729958274e-15,1.1906112459572878e-15,0.44714701445728505,0.026047486267016466,1.0
noise_only,20270419,0.000558399425725716,0.018687083829017032,0.00575563130585295,0.15612979989529,0.04302672914702215,0.30605461384644933,0.219270495439316,0.15016184436438113,0.03911422983568106,10.444643713491345,0.5384738117373272,0.9157275349256385,0.5049666951359804,0.3140792766799034,6.684210208648796,6480.423514527771,0.0148,0.07362832910216693,0.3724334083564579,0.0,0.008,0.0,0.24889247461798858,3.0,3.251162442294034e-15,5.0270252607085486e-15,0.6073406091626414,0.044306557360405834,1.0
noise_only,20270420,0.00048370839829062255,0.016831308968411344,-0.04836173391620144,0.09697078991821685,0.024676344242483626,0.20644329441778064,0.13245110268047608,0.060227532553271755,0.013043377760071709,5.226893132795304,0.43477771186356157,0.8901822867204456,0.5153850289351964,0.23847000397774212,6.61931174294458,5716.812601116397,0.014,0.1615334513500624,0.3282170426690233,0.0,0.0048,0.0,0.22718735401194468,5.0,2.84476713700728e-15,1.4551915228366853e-15,0.45341111364667197,0.010774347225866525,1.0
noise_only,20270421,0.0005460246309572732,0.019061195359452957,-0.047078117813771726,0.14795367520022729,0.04887272570834372,0.33397132617463865,0.24063515228171609,0.20995223452664616,0.05169851992830101,17.87719878248458,0.533123821093761,0.9026719752233558,0.5013544063441959,0.2566216303664691,6.687830710519862,5175.470058942468,0.0152,0.06116368808563475,0.28488508467029683,0.0024,0.0112,0.0,0.19832883602766405,1.0,3.1156973405317828e-15,2.3812224919145757e-15,1.410592904990173,0.017592420732822526,1.0
noise_only,20270422,0.0004749684604534707,0.017387887241115507,0.008579179895174266,0.0967499964060184,0.03130454297736196,0.23474364272202236,0.16363500902497152,0.07234429143733608,0.051928960199524754,7.640935641206628,0.48333227285470515,0.8709229113560935,0.5273376861025532,0.2600967827972301,6.627535144714637,7223.51449511959,0.0156,0.1578649773293982,0.3932732785931812,0.0,0.0064,0.0,0.20159015058277374,2.0,2.84476713700728e-15,2.778092907233672e-15,0.7281514508012966,-0.03516531652439841,1.0
noise_only,20270423,0.00017236555546481754,0.0163118443094947,-0.0019568929809411248,0.1202732476581852,0.02971613067928238,0.1781729111680194,0.15731145934093482,0.03342207437588318,0.04464748007578378,6.040570342760624,0.4513398516656973,0.8880484694256959,0.5228037279341124,0.27293053589407396,6.529632685051274,13221.618592773388,0.0144,0.04872482830211596,0.4815324906038243,0.0356,0.004,0.0,0.2480896820807834,3.0,2.1674416281960227e-15,2.778092907233672e-15,0.6316629962410025,-0.03708965261749967,1.0
noise_only,20270424,0.0008898994319529159,0.021677396932790093,0.008236043184356594,0.14301327175455927,0.03151516871069212,0.27935222392570447,0.28374030283105617,0.07256667734789182,0.07977059047685157,9.195015336229476,0.5289980597513508,0.921838690118135,0.4964208079358052,0.3233639183722991,6.737883801392585,4002.1096045807303,0.0196,0.09483206491937324,0.3650582096995374,0.0,0.0136,0.0,0.1883314520784547,2.0,1.8965114246715198e-15,3.836414014751261e-15,0.44693222757443346,-0.019035933794869526,1.0
noise_only,20270425,0.0007500878219671808,0.016019565992291245,-0.0411322911415614,0.04632269860458015,0.020228629257747936,0.12435466422457367,0.0789213572956593,-0.01714671386611144,0.04583766546737608,1.7949359036700958,0.32901156539098625,0.8777593430800249,0.49007146546689456,0.2687744127737222,6.565456871565075,10604.15290143939,0.0124,0.1395204002828375,0.401574224799115,0.0,0.0032,0.0,0.21342174489210586,5.0,1.7610463229092685e-15,1.8520619381557813e-15,0.3078933982669911,0.02649904534456029,1.0
noise_only,20270426,0.0004384165426214153,0.02007045185495427,-0.164572818321392,0.164572818321392,0.04230717883309673,0.32746760152731763,0.25033840246138567,0.10374974473760006,0.0029415342073242927,11.763374086562216,0.5285788653886168,0.8968195036065024,0.47241749731279364,0.2959491607353141,6.704742733935152,6089.399930124228,0.0164,0.3733005040520653,0.28480610157849395,0.0,0.0076,0.0,0.18241043127366008,5.0,2.0319765264337714e-15,2.9103830456733705e-15,1.1428449983300786,-0.05537682547348005,1.0
noise_only,20270427,0.0002630300610824232,0.019348480521563745,-0.05147715759891882,0.17515102653725184,0.041782655326641625,0.3792617012019671,0.27492942539752363,0.15290615904247257,0.02226490080792633,13.887237514959974,0.5817924280675293,0.8998776100141561,0.5165561576733122,0.24942570031652944,6.638036993786217,3545.078057241718,0.0148,0.253779262131059,0.30293168522271363,1.0,0.0116,0.0,0.23666259725654792,8.0,4.199418154629794e-15,2.778092907233672e-15,0.7530919699286643,-0.07911958877199718,1.0
noise_only,20270428,0.0002842162836644935,0.017841700520964857,0.007345898579256904,0.20408861193134112,0.033418025539216266,0.2894699517357574,0.2470529910553344,0.10219296897584448,0.03904006113658675,12.325622571236567,0.5387734509978875,0.8979146256509305,0.5052194034792937,0.26907056274206814,6.655631408174685,10358.52347251634,0.0148,0.10884943561489115,0.36773041346101487,0.0,0.0076,0.0,0.22572677054647183,5.0,2.1674416281960227e-15,2.778092907233672e-15,0.7454792963954062,0.010321750510292684,1.0
noise_only,20270429,0.00032703331884019205,0.016626007771668207,-0.010142393668105348,0.1016021510276376,0.0288957237486235,0.2077190158787903,0.14701632130538816,0.07611462224457613,0.015700475490987083,4.14377140033949,0.4711749047680804,0.8900273976250977,0.5094978853167016,0.2675845686564785,6.612007835032847,8506.931533034858,0.0172,0.03255338279579109,0.3837263578167779,0.0,0.0052,0.0,0.24458541341148754,3.0,2.0319765264337714e-15,4.233284430070357e-15,0.606630253918175,-0.007445916952985373,1.0
noise_only,20270430,0.000437870307250763,0.018329310959903203,-0.03735486847937164,0.1816914675594506,0.05560637286467075,0.2790835910250106,0.207143681230685,0.05139667327650901,-0.005273274363083641,20.72397547015111,0.5607561185381921,0.9066900719977585,0.4878685275918551,0.24468388047343106,6.630805232230122,6484.108242616554,0.0124,0.08358585989998585,0.33376857066431787,0.0,0.0068,0.0,0.2395753896093713,3.0,2.573836933482777e-15,3.3072534609924663e-15,1.2477408925750089,-0.07960794108653979,1.0
noise_only,20270431,-8.327837771921268e-05,0.017207358836813184,-0.04443271937008751,0.09805490836588697,0.03301713085576539,0.24117182938747234,0.20841007711184262,0.15381516099858356,0.07333751146565344,7.759360444950223,0.49202337316018563,0.8995323040505964,0.5379916382260189,0.2642600907558614,6.582047702497937,10323.676561173424,0.0136,0.31271454789576053,0.4045184118316866,0.0,0.0056,0.0,0.2273532930079003,4.0,2.980232238769531e-15,4.365574568510055e-15,0.4578275733976303,-0.020874869708308322,1.0
noise_only,20270432,0.0007060650825862801,0.021385769187470708,0.023161198557715208,0.1622456571237874,0.04006102268378593,0.3219782204632434,0.2660423388427193,0.12043609250977136,0.06304601557845976,7.110841250208303,0.552686230628069,0.933824444954276,0.4862729115202703,0.32886613507354917,6.8126048095628295,3698.8340170763595,0.016,0.07871712493833095,0.2791601248803214,0.0,0.0148,0.0,0.22609941245499732,4.0,1.4901161193847656e-15,2.248932353474877e-15,0.2523017394199884,-0.03012724246707739,1.0
noise_only,20270433,7.114968393626349e-05,0.018283884534697138,-0.032618937648529425,0.13156663100012864,0.029433738731661295,0.371603111133998,0.29628840413448077,0.07922101245976411,0.13754021151928386,10.215075404685795,0.5471790703355647,0.8846228574913708,0.5140248012661242,0.2523121870078756,6.647913538008323,7645.701842131256,0.0168,0.2980835746125665,0.5124451082004422,0.0,0.008,0.0,0.19948740104972562,5.0,3.657557747580788e-15,2.3812224919145757e-15,0.39042566332527884,-0.03219273601714023,1.0
noise_only,20270434,7.092491699702848e-05,0.01527611409173882,-0.0228984033647959,0.10350048634843344,0.02397772301106111,0.1507288948006029,0.12593969149717554,0.026195895007067437,0.05405196110972292,6.602767230413971,0.4380194225431371,0.8780364271233854,0.525139071247909,0.2233984977801072,6.47460274421314,13122.880576461672,0.01,0.09004230522797423,0.47474131255201246,0.0,0.0028,0.0,0.24753197973841745,1.0,1.0837208140980114e-15,2.5135126303542743e-15,0.6391796416243627,-0.08817183597177244,1.0
noise_only,20270435,0.00027707800295679376,0.020109416785996898,-0.049977217908764374,0.18258507712222338,0.052382043636755096,0.3443788402568066,0.3043739495187739,0.10384558324882552,0.08213193901775365,12.440425723433478,0.5663937267315474,0.9134282798196993,0.49067600371354836,0.2763693958572186,6.72438492425278,4293.3232701585475,0.014,0.01752510791596086,0.5495650770173532,0.0088,0.0112,0.0,0.22302950777168973,5.0,1.4901161193847656e-15,3.439543599432165e-15,0.7555033463573612,-0.05456444853279906,1.0
noise_only,20270436,8.239664666074482e-05,0.018691329127442445,-0.03932329137969047,0.13409712564214574,0.04153507300605078,0.2973966683796213,0.2408965617228672,0.1094558096594195,-0.011376718521988882,19.41709671341833,0.5301783882479468,0.8957417547129113,0.516676769677713,0.25352833509115025,6.643485567114693,13798.291201605021,0.014,0.058660697032064696,0.5746881071368436,0.0016,0.0072,0.0,0.22829560605786314,5.0,2.302906729958274e-15,3.96870415319096e-15,0.9143310637578661,0.0008406868623508984,1.0
noise_only,20270437,0.0001509038535403949,0.017396851595680055,0.04401355660657619,0.13914056570658612,0.0466268200785464,0.27442711926801183,0.17236274734907597,0.10073489072409014,0.004598172453994419,32.86843563307956,0.5242314207090057,0.8910671797461516,0.49101339847060155,0.26448219734111633,6.602023675411605,9975.401869314024,0.0124,0.19766982948968426,0.3870587408053763,0.0,0.006,0.0,0.2456044077074837,5.0,5.68953427401456e-15,4.497864706949754e-15,1.8662572662625483,-0.0069682511773624225,1.0
noise_only,20270438,0.0002991847501245534,0.018095006413440574,-0.02815403502946255,0.11373057172785865,0.032366136466012975,0.18925149004116482,0.22772202018465026,0.13107991312233486,0.024890817374020154,10.527048186352692,0.5327634049632882,0.9061936872196659,0.5325297823437989,0.2619215642359102,6.6320754103880795,5320.2185495717795,0.0132,0.060752951080907995,0.3532478141852866,0.0652,0.0056,0.0,0.21478026471543266,9.0,4.605813459916548e-15,1.3229013843969864e-15,0.6234359566396578,-0.026399417782627124,1.0
noise_only,20270439,0.0003696566192696121,0.01616894142544984,0.018956826418181624,0.07857012511126087,0.02430851685024766,0.16536305001473312,0.09564169773382385,0.052298330504838904,0.017637037076694926,3.4276913618601617,0.441207528028197,0.8701861320754658,0.5382573134470391,0.26429175343084843,6.620874823462645,9646.88734596988,0.0112,0.2008916108254937,0.3694479050811216,0.0,0.0016,0.0,0.2247565960592186,4.0,4.470348358154297e-15,2.5135126303542743e-15,0.5995640372732183,-0.007995939576250347,1.0
noise_only,20270440,0.0004813979576416781,0.018617299856258426,-0.10763617076292133,0.11757020058243904,0.03553341914963391,0.2999143753862263,0.23791566131650954,0.1304564643729172,0.022167846037871794,7.682980957564981,0.553314046759223,0.9127056556409093,0.47828295207035826,0.3011575593103631,6.66995558435763,4499.12372655049,0.016,0.02380932944535376,0.34932654562283405,0.0192,0.0068,0.0,0.21309949333552125,4.0,2.4383718317205256e-15,2.3812224919145757e-15,0.6253999903734685,-0.04991745082044958,1.0
noise_only,20270441,0.00043070605786894053,0.01670719575367745,0.004565809817419934,0.09024017989076849,0.03324286524727115,0.27715801668475004,0.2078676964488492,0.12346131596851193,-0.002611449876690037,3.8862713850967037,0.4853232183532063,0.8799363646527355,0.5343915038434562,0.26016152225297984,6.651645576700237,10267.934458720523,0.0152,0.20276824704601176,0.2586210024490413,0.0,0.0072,0.0,0.22197242164261044,6.0,6.773255088112571e-15,3.5718337378718635e-15,0.146053464411013,0.005491341536265174,1.0
noise_only,20270442,0.0002782063491753764,0.01790529754305181,0.004773605089127032,0.10372914507208619,0.03512381454350076,0.3005689624693665,0.22187287687647061,0.06114326078795955,-0.010032658682884209,8.836664958313097,0.5429389298467957,0.879202130349687,0.4710276289098026,0.2941170733569569,6.6526037251270855,16607.006206584723,0.0152,0.2448700595720944,0.3742664519162181,0.0,0.0096,0.0,0.2578023025826224,8.0,2.84476713700728e-15,2.9103830456733705e-15,0.44870711106896416,-0.00984133604949757,1.0
noise_only,20270443,0.000370277036039424,0.0182832096948756,-0.08202059211058381,0.08667195147257689,0.04116513759134757,0.31179703878353976,0.18629645494660166,0.13398458010214587,0.035916019241855904,7.7152387991671105,0.5337510164297372,0.9009740245491634,0.4988483271638228,0.2968999060155048,6.664061262865649,8083.599842750481,0.0168,0.03614565741326695,0.41681519900411135,0.0004,0.008,0.0,0.22479947073875728,7.0,4.199418154629794e-15,3.836414014751261e-15,0.2051818575534192,0.0005901301083724698,1.0
noise_only,20270444,-2.671755959173794e-07,0.021337919582229043,-0.07546858523835892,0.24584466023326526,0.056353604413254176,0.41742927882852476,0.3824423052614536,0.1698784339083729,0.07127530005158147,26.209180961411626,0.6012093732559805,0.9221183193699535,0.552669602489016,0.23952071482005877,6.718197258530493,5645.314222543387,0.0172,0.16605008597180004,0.5879230917351598,0.0,0.0144,0.0,0.21355666900198655,2.0,2.573836933482777e-15,3.042673184113069e-15,0.724167915083716,0.04799627504662259,1.0
noise_only,20270445,0.0006589252718421708,0.018241637411922407,-0.09403946695632681,0.13374206522013316,0.03021798375102529,0.29051186238439763,0.19410102720011338,0.01154212181258207,0.02789305202433182,8.182955055852787,0.5359588126931373,0.9057708537380345,0.4812042650292143,0.24631791396509306,6.697623670672842,5816.185387183924,0.0184,0.10948839738477344,0.2896973811860599,0.0,0.0072,0.0,0.22248532963527512,5.0,2.1674416281960227e-15,1.8520619381557813e-15,0.7806512363906356,0.04881823205482895,1.0
noise_only,20270446,0.0003227449738120587,0.017079771202554977,-0.04186402926213242,0.06988208990949915,0.026162153943334737,0.249051039496745,0.1597510752027955,0.09229033447759323,0.038362229011157836,4.317347571631484,0.44585986697267466,0.878569140374464,0.5178302903238758,0.28730899559326084,6.64065131208145,4214.377711440584,0.0144,0.027467908039014093,0.4247485486533311,0.0068,0.006,0.0,0.19221294093943797,2.0,1.3546510176225143e-15,3.042673184113069e-15,0.4895514016344589,0.008402047647746018,1.0
noise_only,20270447,0.0007823499262091498,0.018466554165036196,0.0075386586763223525,0.1105464178359149,0.02691747076731853,0.19261256877583918,0.11093093501113056,0.015919649571736857,-0.017565734074345054,4.558226007427386,0.37677037494539517,0.8933912009637378,0.5110464237952265,0.30985385400927895,6.698945744763543,5123.893398814861,0.0128,0.1742019335449558,0.33468331590793254,0.0,0.008,0.0,0.2251114542995325,5.0,2.980232238769531e-15,4.365574568510055e-15,0.269745219924737,0.019701281378579585,1.0
noise_only,20270448,-2.753077310675067e-06,0.019394068632693624,-0.09782112733940015,0.12827194962151364,0.03672377017090594,0.3406307138607766,0.3143643948802229,0.17830701721718661,0.05858027714298024,11.030504717763703,0.5694012853629498,0.9103022001549816,0.49733412613081573,0.2553680820487816,6.685980121862466,5489.954728368693,0.0164,0.020848299339322984,0.44176228513572424,0.0008,0.0092,0.0,0.27196850923189597,2.0,2.573836933482777e-15,1.7197717997160825e-15,0.5357501935447933,0.025705364617147466,1.0
noise_only,20270449,0.0005006118542340175,0.018305198287439962,-0.0058424847316540275,0.18008836266196507,0.04364214183760402,0.2678251530516386,0.2789225989616247,0.09047852584856161,-0.009002635523033967,9.828050920438598,0.4992728391192736,0.8961527755104017,0.511393969676584,0.2676412794255547,6.647432216194666,3736.2219563660146,0.0156,0.014700297976348748,0.3586387307684772,0.0024,0.008,0.0,0.22676139812226936,3.0,1.4901161193847656e-15,3.836414014751261e-15,0.48443954212817264,-0.03850084349953807,1.0
noise_only,20270450,4.266568383793334e-05,0.017829998319176567,-0.07257902900382565,0.13177636120292868,0.037561299168639886,0.3484375614364576,0.30491050336300946,0.04573259483258723,-0.02410166642683775,17.045761721663034,0.5292249085696308,0.8968923519326651,0.5116996250442953,0.25040484482838665,6.630520459020815,12871.954391164632,0.0144,0.19073818065835985,0.39434291592753934,0.0,0.0072,0.0,0.24169259743262583,7.0,2.4383718317205256e-15,2.778092907233672e-15,0.9808583822140806,-0.04631054434574708,1.0
no_logit,20270401,-0.0002073969959896715,0.02290663267814286,-0.084460552068436,0.16523057820517792,0.04229914936813286,0.21638548870980595,0.2263670799765916,0.08100931637581307,-0.028329172800883557,2.7174573595602336,0.36443460426439267,0.8473196133105922,0.3755925050188731,0.5903248623013747,7.137612583936567,16280.48130538872,0.0116,0.018862720541614725,0.619948475539334,0.0004,0.0208,0.0,0.22451513870503392,0.0,2.573836933482777e-15,1.98435207659548e-15,0.08211807770850223,-0.025435846382266595,1.0
no_logit,20270402,0.0006451188378449565,0.019768135595038237,-0.030289461721581992,0.1226926135241949,0.02787600140272255,0.184419476578712,0.16591769640150228,0.039477988551083316,-0.00016080637068942503,1.6349947166967267,0.19505917305848963,0.9131118554162562,0.4399653900399315,0.46900239857188014,6.99496539809194,4344.380317233179,0.008,0.05163353399182483,0.4250273345567517,0.0,0.0088,0.0,0.20982160172267306,0.0,2.4383718317205256e-15,1.7197717997160825e-15,-0.11092699334056524,-0.006632086081699309,1.0
no_logit,20270403,0.0005368545261782351,0.020630569448683512,-0.04082061403362146,0.12450998754338755,0.026556949412587162,0.13239550344800322,0.13529318152165157,0.059777608824732736,-0.010333203986453548,0.7115892197089968,0.21043206758188862,0.9061607684944105,0.40925599705250143,0.5271540617787642,7.093553317736649,6564.522426107942,0.0076,0.03797284421164076,0.29872610564946656,0.0,0.0116,0.0,0.23068186342395713,0.0,1.2191859158602628e-15,2.778092907233672e-15,0.06915582171774387,-0.036221204309941205,1.0
no_logit,20270404,0.00038936509961519833,0.020422805844090255,-0.08056144241654883,0.11803610820241976,0.030559419298502023,0.11811866782457472,0.12400344993358393,0.031126220562744937,-0.014767257005068533,1.2240806799249393,0.18113189190451892,0.9040494745107022,0.40857299886288134,0.5245467502800245,7.091583824449899,6644.856545190916,0.0088,0.03829034455051044,0.3086027477877229,0.0,0.012,0.0,0.2006609493491145,0.0,3.3866275440562853e-15,3.7041238763115625e-15,0.060316182985561,0.02990608886555784,1.0
no_logit,20270405,0.0003375435490218955,0.02056118726803241,-0.07631691276497117,0.1263556546297241,0.031196969503397575,0.1640719823410158,0.15496468718309198,0.0444615085325045,-0.023322005995462334,1.6346512692760413,0.20231621482071774,0.8758224675228335,0.4082497960896658,0.5105888393684569,7.1117825739383,4935.1428478462885,0.0092,0.046692216187985115,0.36477646254014573,0.0,0.0132,0.0,0.192998608675101,0.0,2.84476713700728e-15,2.3812224919145757e-15,-0.04637504739364164,0.006483346044187588,1.0
no_logit,20270406,0.00027598654321206976,0.01981936671797512,-0.007993268393619126,0.13420698086939095,0.03859265873776675,0.13733354326812147,0.14064230656949223,0.02569198495306324,-0.030090800558739302,0.784606739690421,0.2835643591397837,0.7970249313457483,0.4318485037543324,0.5223231681696474,7.078752575703782,5001.817969393723,0.0076,0.04556172817205984,0.42155957089938234,0.0,0.0072,0.0,0.20519020050748682,0.0,2.302906729958274e-15,4.497864706949754e-15,-0.0005544380130603827,0.0025264587783239705,1.0
no_logit,20270407,0.0005268799725971832,0.020171854644380482,-0.06915245647000733,0.13291549395404925,0.036126899757784284,0.13537745758261385,0.16129792427487183,0.02890047910555537,-0.042882252120628836,1.2577451675033569,0.22171359128227103,0.8580484868844016,0.39355673214022824,0.5047323619486126,7.125805666320727,3703.2494829537645,0.0088,0.05484141765300337,0.29275927123240364,0.0,0.01,0.0,0.18135446914570852,0.0,3.657557747580788e-15,2.645802768793973e-15,0.04057603165414446,0.0007142930633797532,1.0
no_logit,20270408,5.0971885316485554e-06,0.02056186598169854,-0.037782850993893474,0.18163653336207192,0.028792500548777567,0.17802999692919788,0.18004085266513517,0.04683617902059067,-0.015376596658216684,1.8890163554518749,0.31130713244170927,0.7673200733536413,0.4289821358565794,0.509794856172768,7.032160201577161,6970.147848301256,0.0092,0.03363185284701145,0.4271691485412076,0.0,0.0104,0.0,0.2146352893718686,0.0,2.4383718317205256e-15,1.4551915228366853e-15,-0.013537095006795289,0.027081753621620706,1.0
no_logit,20270409,0.00023056019202417416,0.02173864104498621,-0.12238751284154305,0.12238751284154305,0.029895962108204728,0.1728744357144362,0.17883668041912906,0.049366489229192546,-0.05186870153132664,1.3363880766154796,0.2722507271568431,0.8410333993504238,0.35506789788906146,0.5796026449471946,7.153868318962351,11000.355087136588,0.0076,0.019696337710275538,0.3315766451772658,0.0,0.0144,0.0,0.20938868290748536,0.0,5.824999375776811e-15,1.5874816612763839e-15,-0.13635380509722786,-0.028864117175087283,1.0
no_logit,20270410,0.0005164379754342075,0.019606736762181567,-0.054199488242181786,0.10335040357826615,0.03212053922190834,0.13729384708193068,0.13679147959700208,-0.017361193466304912,0.013973255688065848,0.5735591899034107,0.18863448952223685,0.8638853830656644,0.4344165869075671,0.5044278975647067,7.039610594339084,5794.911296009831,0.0072,0.04072666209169313,0.4263636996542719,0.0,0.0084,0.0,0.20788188399211216,0.0,4.3348832563920454e-15,2.5135126303542743e-15,-0.07197082942581462,-0.005710766419259149,1.0
no_logit,20270411,0.00033259779965381,0.021284763854545297,-0.07667119384123373,0.17238541818680242,0.033917321237646854,0.20314076713500737,0.16240581540449214,0.044001214219958444,-0.061018081933371375,1.245086822737215,0.34148885982906463,0.8460971994679741,0.41708183207542365,0.5467681759849524,7.0788653872659255,11782.07360702979,0.01,0.01879542113669945,0.399799730442025,0.0,0.0132,0.0,0.23567622711709735,0.0,2.7093020352450286e-15,3.1749633225527677e-15,-0.010593737332138286,0.059009285287900774,1.0
no_logit,20270412,0.0001452341499960024,0.020731148673750196,-0.07454954714936236,0.12385052943048185,0.026034289229657052,0.1266207955868391,0.13913277216393372,0.04264189919617315,-0.022083469483939758,1.1669218940987678,0.28993249698207735,0.8300933251132866,0.40389709607857854,0.5572097472384563,7.1228313349370795,8431.249361111137,0.008,0.025241045175051414,0.5766224437240375,0.0,0.0128,0.0,0.2249951390091376,0.0,3.7930228493430395e-15,2.5135126303542743e-15,0.07209503723348912,-0.03778260986192634,1.0
no_logit,20270413,0.0002873993427284436,0.020744728468919064,-0.021392390588089477,0.1093726016105473,0.0375367400723672,0.11196326102020596,0.1261641669073725,0.0262605458327631,-0.023010379039378404,0.766360794130768,0.2666845942432307,0.8519245288946813,0.4294253807906168,0.57282316803833,7.073799652647516,12423.881066987638,0.0088,0.02135067527495228,0.3490961051697109,0.0,0.0104,0.0,0.2276207570499984,0.0,2.573836933482777e-15,2.1166422150351785e-15,0.02612444907320839,-0.019057904953826584,1.0
no_logit,20270414,0.00018640210761753729,0.01968242334434698,-0.04438517299225693,0.1213440589184942,0.03017498191283093,0.163640273630256,0.13405849204624792,-0.017553383742982015,-0.033924970231489056,0.9155819117182955,0.2635316455308265,0.8093136651467623,0.4104864834460874,0.5148875568856067,7.028014993639033,6002.3103199163315,0.0076,0.03867596065569212,0.39400649106816943,0.0,0.0084,0.0,0.18384758513611454,0.0,2.84476713700728e-15,3.7041238763115625e-15,0.06461864091557196,0.0007237840312852718,1.0
no_logit,20270415,0.0003177302026639232,0.02119253383532028,-0.09545296502033868,0.11218671193023064,0.03130196061737163,0.14829183103196947,0.08215066710136769,0.02870999306283292,-0.055514696642432984,1.241751799396341,0.2336101541853279,0.8724080494323883,0.40729559154231576,0.5424547883918259,7.0992940745213,7660.14644326539,0.0092,0.031236523445305562,0.46358976788703743,0.0,0.0136,0.0,0.2162652049912257,0.0,2.0319765264337714e-15,4.497864706949754e-15,-0.004874302610725351,0.0026818515477099003,1.0
no_logit,20270416,-1.0886931029841662e-05,0.020106840962890626,-0.07157918159713837,0.12248460204991261,0.03273208510689023,0.13303037354756095,0.12400767366956299,0.07555468571327316,-0.02075737452848737,1.112957201249123,0.25579413757275576,0.7554606347120694,0.4300071442192352,0.49771269423865006,7.0738011872348485,6257.92744981309,0.0076,0.03766904466160006,0.44218401434195787,0.0,0.0124,0.0,0.18601860240834567,0.0,1.7610463229092685e-15,3.1749633225527677e-15,-0.12468452040635952,0.039175188472549076,1.0
no_logit,20270417,8.941460195416653e-05,0.021464677211251237,-0.10374427843779503,0.13066014926623737,0.032877188863721346,0.15920990295147674,0.1585028888903968,0.03410959988277014,-0.053215504686686586,0.8205760183553372,0.25442149402480224,0.8072734582124823,0.3755809917297729,0.5902279202439641,7.131974255183043,13121.3948473755,0.0064,0.01781846996664749,0.47781114245204326,0.0,0.0128,0.0,0.19911380374273802,0.0,1.625581221147017e-15,1.8520619381557813e-15,-0.07236428124292511,0.038495569060565345,1.0
no_logit,20270418,0.0006588567987436552,0.020919965547950625,-0.06091152874399531,0.1626192618214514,0.038354921985872495,0.17523764130930256,0.19239958718309366,0.07948760464290122,-0.01193174648108583,1.6976618721105314,0.2573631750490617,0.9173855557637398,0.40373534107686526,0.5267585639717594,7.07747391669266,7263.1510124463275,0.0112,0.03619381294849966,0.2846195966405095,0.0,0.0144,0.0,0.20990861207361378,0.0,3.1156973405317828e-15,2.5135126303542743e-15,-0.004390964939042135,9.006474676580365e-05,1.0
no_logit,20270419,0.0005545218269296651,0.019971289169234477,-0.06655212525845225,0.15432705254910692,0.03132929109195256,0.12641394447140686,0.1287167847046887,0.054147914867735736,-0.024464450882149227,1.3614591147379365,0.1850348447880476,0.8969656605450875,0.42062091320813794,0.5159137360245213,7.031691027884516,6067.379527515714,0.0116,0.040084137558816096,0.2841538368821239,0.0,0.012,0.0,0.19626135267253741,0.0,2.0319765264337714e-15,4.89473512226885e-15,0.07833884403970304,-0.001726825075460042,1.0
no_logit,20270420,0.0004791103076387234,0.01968301605463888,-0.06032786054490628,0.11722462502136873,0.02673642691403249,0.11027372284951767,0.09281839151572974,0.03351724386905536,-0.03350791101072661,0.5798872391707146,0.16040822130362364,0.8715193838300426,0.4364979016903912,0.49644311556458914,6.994198712750182,4902.336816646779,0.0052,0.046327767293476124,0.3450422340210989,0.0,0.0084,0.0,0.1980189212882042,0.0,1.0837208140980114e-15,2.1166422150351785e-15,-0.00875149356173535,-0.011957562271588694,1.0
no_logit,20270421,0.0005375468753774023,0.020795640578783803,-0.057942558878598026,0.13555447024622597,0.027402259640432976,0.20425505353275475,0.20368717547225837,0.10239567487564342,-0.03274545768440459,0.8659650798416596,0.23178206026329795,0.896523207607217,0.42348674550605786,0.49149649049716976,7.130477217862117,4888.6384072181245,0.0048,0.04780552472278116,0.30058656374821413,0.0,0.0132,0.0,0.1990573544677794,0.0,3.3866275440562853e-15,2.248932353474877e-15,-0.1183338289432061,-0.005409388051591253,1.0
no_logit,20270422,0.0004633437016875185,0.020114441839716696,-0.053414601254349346,0.13920974598742605,0.03245585448955591,0.09228162666922836,0.12481308295101412,0.04053691311675386,-0.01118659814805152,0.4243649916236567,0.2120552799509855,0.8461327205502499,0.41749425927754963,0.5244325376962437,7.0664485315274455,6137.7947160870435,0.004,0.03780856913432111,0.32619819998184507,0.0,0.0072,0.0,0.19924723411452705,0.0,4.876743663441051e-15,6.614506921984933e-15,-0.06956113862397377,0.014842864365406154,1.0
no_logit,20270423,0.00018143536442840968,0.02166295957923938,-0.045484762467363445,0.14768291816192117,0.03712034258339854,0.17709607798534532,0.14957189605927176,-0.020059616667500314,-0.00850138101548329,1.7327337133899796,0.3408230711868927,0.8183231307743389,0.4060247393359918,0.5589952223879939,7.069348471821277,13634.149679811873,0.0128,0.017938894492935488,0.4673381865425966,0.0,0.0144,0.0,0.19572218616655213,0.0,1.4901161193847656e-15,1.5874816612763839e-15,-0.014402396160392567,0.0402260606018212,1.0
no_logit,20270424,0.0008470966054494841,0.01994104859127444,-0.07219772996453026,0.11475366656141231,0.027569701948731446,0.11418972361986611,0.1532291676130656,0.02602243548050431,-0.04899519962438358,1.1678300124944228,0.16851055925119476,0.9296256897794717,0.43643050845209264,0.4829812124123355,7.038679335342212,3660.665327575016,0.0108,0.056360721945157795,0.24469016071834904,0.0,0.0112,0.0,0.2034408912020631,0.0,2.0319765264337714e-15,2.9103830456733705e-15,-0.04642629432095303,-0.022700422388073817,1.0
no_logit,20270425,0.0007458341308699744,0.02097933897320819,-0.11532731079293461,0.11532731079293461,0.02968104613610381,0.1700928211584264,0.1420280625489303,0.02234161517668252,0.01522786507371945,1.2478770315760084,0.22214138289326843,0.9236265917113868,0.40414467572156093,0.5337644245509062,7.028686485562558,9087.597914826403,0.0108,0.034669622615413384,0.38321307572491814,0.0,0.0116,0.0,0.2187317265423223,0.0,2.7093020352450286e-15,3.1749633225527677e-15,-0.08389202450537303,0.06166647799858247,1.0
no_logit,20270426,0.0004450416388323642,0.020493588491537054,-0.10982358075550654,0.11136166638007863,0.030152805100544487,0.19842629455779273,0.21397038806144328,0.07027605181297912,-0.02566572207971454,1.114860584608298,0.23386591420757685,0.8896980578150898,0.3924952284564161,0.4870375922860831,7.101678963042151,4237.3749782478835,0.0108,0.05139322655674363,0.2993417635512846,0.0,0.0132,0.0,0.20233420448135253,0.0,2.1674416281960227e-15,3.042673184113069e-15,-0.02471024902577871,-0.003928253054137542,1.0
no_logit,20270427,0.00023526856041630745,0.02007673823901363,-0.0430838153713272,0.13188535812770785,0.028248971860809047,0.16324132368693844,0.15945816716423986,0.03496875868002608,-0.008449104362716458,1.0716044665068987,0.24921583825488897,0.7961870010657319,0.4215870969639128,0.4918212903623348,7.120601561163556,4576.9196295960155,0.008,0.04801945974106345,0.3016782363134489,0.0,0.0096,0.0,0.21338751027555114,0.0,2.980232238769531e-15,2.1166422150351785e-15,-0.03362251510299671,0.00784394968467524,1.0
no_logit,20270428,0.0003144334008300657,0.021726894540127127,-0.07374577116410005,0.19012614047384122,0.03683107055648617,0.19549983157525308,0.22183181164300175,0.04241881715292243,-0.025192370323671102,2.0691191836630063,0.3505482793794011,0.8348744342656174,0.40967972450802076,0.5382995523649557,7.151449967396092,9263.00494917216,0.0112,0.02295647905089537,0.3570117165715747,0.0,0.014,0.0,0.20506540898302128,0.0,3.1156973405317828e-15,1.98435207659548e-15,-0.0435153037254208,0.0158934680650013,1.0
no_logit,20270429,0.00031815122115904694,0.02088414819502566,-0.12504842512770842,0.12776453391081166,0.03474265018117008,0.1758814436799726,0.1497302169639571,0.039019517150928607,0.020199549114120415,1.597697112977957,0.28226603200769806,0.8722859542233535,0.3987100276261165,0.529534952812236,7.054621822592286,8205.040862987855,0.0108,0.02918835448562504,0.3343406556284383,0.0,0.014,0.0,0.19475242008434468,0.0,5.147673866965554e-15,1.7197717997160825e-15,-0.07828556537239612,-0.0211001391479427,1.0
no_logit,20270430,0.00043540094871643583,0.020095803158009982,-0.059258639869379744,0.11944463318629582,0.034406107185278895,0.14030338735054526,0.14803066063214593,0.04901475503636263,-0.06388517925200077,1.3935198395093717,0.20162990069119222,0.8510294328116349,0.43453640111172653,0.5154084359843575,7.078954648484653,5950.077894391219,0.0092,0.038399927622676244,0.3042392065456101,0.0,0.0124,0.0,0.20715340387647796,0.0,2.4383718317205256e-15,3.836414014751261e-15,0.04268763742000666,-0.014216808612427748,1.0
no_logit,20270431,-5.0838927631492226e-05,0.019652524965787527,-0.049873569465861106,0.15224090754557507,0.025499967181824217,0.0968564139622225,0.0848325181886115,-0.0066719552230484706,-0.03090430144010885,2.194390739585076,0.27560537681983033,0.7584726526070622,0.41078502925501525,0.5311506342618796,6.914447602414996,7678.910062689063,0.0092,0.02948424636619616,0.40237913388268653,0.0,0.0096,0.0,0.2040758400952274,0.0,3.3866275440562853e-15,1.7197717997160825e-15,-0.021957402814217562,-0.005833148594835147,1.0
no_logit,20270432,0.0007038189560709406,0.01914805059778459,-0.06328598821959008,0.16379638651121253,0.03352906713975575,0.12060338814768774,0.140999133361503,-0.0012500732011811355,-0.05161728644948331,0.9550661365212334,0.1750724971616261,0.9212113847995824,0.404529620426261,0.4812709847620638,7.013627675757625,3483.43900865812,0.0076,0.057392063522005946,0.2684137337455357,0.0,0.0088,0.0,0.18445743936855918,0.0,3.251162442294034e-15,2.3812224919145757e-15,-0.06858423331720769,-0.0029224218812707527,1.0
no_logit,20270433,0.00010005012656252746,0.019430084878403708,-0.017778019201917596,0.13049462635842116,0.030563436919575426,0.1599616095048341,0.14494536474550754,0.05204695004368309,-0.03147696633511267,0.7641153801092564,0.2514995643947042,0.7763821035898624,0.41802816304244134,0.505928154943257,6.983628808760296,5761.967794286486,0.0072,0.03980906714716093,0.47510589866102915,0.0,0.0084,0.0,0.19960297343167466,0.0,2.980232238769531e-15,3.1749633225527677e-15,-0.027004625666077822,0.0036633534101753983,1.0
no_logit,20270434,0.00010952111661351012,0.02072301632660927,-0.077616815914415,0.1288682976803769,0.03013505097736762,0.11924657633209888,0.11967547138934655,0.03463844707797373,0.00215760449749522,0.9691859316316798,0.26507092450656594,0.7919128567273475,0.396461211875483,0.5661305086708001,7.0053388822489,11790.903718442056,0.008,0.018285719246674877,0.46382550082090934,0.0,0.0148,0.0,0.2018892113017332,0.0,2.84476713700728e-15,2.778092907233672e-15,-0.027077779865443585,-0.029854264557103896,1.0
no_logit,20270435,0.00026598567368893493,0.02110375839422581,-0.07059978634555432,0.1099180641506434,0.028922235217654725,0.2124714616522803,0.1547022958466357,0.04700112756121123,-0.03142624428461784,2.1532573269949618,0.29098769835730837,0.874403816956521,0.42311299430893456,0.48506723164179544,7.085083206970851,4493.936468651771,0.0124,0.050376633649596506,0.5398406371145414,0.0,0.0164,0.0,0.19688443540844602,0.0,5.147673866965554e-15,1.4551915228366853e-15,-0.02776594262451996,-0.009422965438850291,1.0
no_logit,20270436,0.00010778345511511489,0.021094662276096934,-0.08739531576201433,0.13412890103232414,0.031084299186826,0.18464584213242488,0.19142263596706247,0.0466446444235423,-0.06578730936928025,1.2034337452004227,0.3039439516118359,0.8148609460240679,0.39590375426662733,0.5548522103732927,7.11488638422705,12678.724038860193,0.0096,0.017611403703755725,0.5083415515682959,0.0,0.0128,0.0,0.20229072795907954,0.0,1.625581221147017e-15,2.645802768793973e-15,-0.020962093718202766,0.02066046362927696,1.0
no_logit,20270437,0.00015837819142106114,0.01986129484165329,-0.06058764654137685,0.1243229097848032,0.02649983278501352,0.10234940967090571,0.12165372165304413,0.03807177016590598,-0.056804364344666555,0.5786408122661642,0.26778733137421773,0.7870143568600474,0.4057424834002571,0.5457932982739693,7.03246911738111,8164.13617080461,0.0052,0.026829767478455627,0.3955089572359214,0.0,0.0084,0.0,0.19475752926359235,0.0,2.84476713700728e-15,2.645802768793973e-15,-0.023526191528076185,-0.026044026480291693,1.0
no_logit,20270438,0.00030070144991988494,0.020101469398372786,-0.10561760096643269,0.10561760096643269,0.03151386845191003,0.1707028373094601,0.12724389571100994,-0.002710568669385606,-0.0090634863125351,1.0692063581186497,0.23087575380333267,0.8696298233267094,0.44055061096078074,0.4989920537376468,7.071132405136103,5695.16583884771,0.0088,0.04099062170097858,0.33477116478468616,0.0,0.01,0.0,0.2054821284387105,0.0,3.7930228493430395e-15,2.778092907233672e-15,-0.08844708925906522,-0.034445981792459814,1.0
no_logit,20270439,0.00037491326814650494,0.02067218348195139,-0.015548683629415834,0.15329489772925026,0.034218515095501806,0.18160022465532408,0.16822190658378958,0.031211803627285515,-0.002560853536790906,1.2108810487430306,0.26379243523340956,0.9036013519322978,0.42641566935320224,0.5148924863738119,7.120827866477057,7891.79532185181,0.01,0.03241353376245754,0.3684634883939918,0.0,0.0116,0.0,0.19615051908607017,0.0,2.7093020352450286e-15,3.042673184113069e-15,0.10676144143351655,-0.02227965119225315,1.0
no_logit,20270440,0.000472603055557904,0.01987592818197985,-0.04962740969939011,0.1452913233981107,0.028496477893600613,0.13765675816445208,0.1188625837157099,0.009665500963209612,-0.006462812266817996,0.7551783339200164,0.2106072171453258,0.8784856100616876,0.4076803364445281,0.5124460996555067,7.001179288117841,4718.674650783953,0.0064,0.0473598937546832,0.38126099452616424,0.0,0.006,0.0,0.21600049622101625,0.0,1.4901161193847656e-15,4.89473512226885e-15,0.014267326645976783,-0.0008014032248010718,1.0
no_logit,20270441,0.0004140047003603094,0.02051378574220144,-0.06195476838895002,0.12572697766086297,0.03616604668016926,0.1554884782945284,0.17158259043751267,0.03949330554035188,-0.07538357678173403,0.7604068380082922,0.2527595924655285,0.8711892715694243,0.4149284054719667,0.5091359347067889,7.069667251405917,8375.945868732393,0.0072,0.02790229838263602,0.24955071138169338,0.0,0.0124,0.0,0.20579936637169194,0.0,3.1156973405317828e-15,5.423895676027645e-15,0.013049492535452942,0.015698570533544034,1.0
no_logit,20270442,0.00031144640121552955,0.02099220737030491,-0.05922262359600913,0.11531863453944237,0.03301038444681006,0.11976710163046585,0.11493099904882553,0.049991418595894795,-0.02152297230824538,1.0568130028419587,0.2256290125843117,0.8731351111679991,0.39252617535752515,0.5798580755604659,7.059919015609035,12504.476148231834,0.0064,0.0211261775210871,0.3803076096367838,0.0,0.01,0.0,0.20997383662289493,0.0,4.199418154629794e-15,1.98435207659548e-15,-0.021265500865360512,-0.007373755023519871,1.0
no_logit,20270443,0.0003831477714607473,0.020507224578455663,-0.08490759247704625,0.09710191506589776,0.02790114276018992,0.1499548511416192,0.1674763182944845,0.04115516159544324,-0.03933173819312042,1.59227770375096,0.1923624249753426,0.8535254703698241,0.4209103431095085,0.5276351733346524,7.094613133637202,7816.298110776529,0.0076,0.030671482184113124,0.4037722138873586,0.0,0.01,0.0,0.20566566876960746,0.0,4.063953052867543e-15,6.2176365066658364e-15,-0.05895425611260223,0.025784960649546725,1.0
no_logit,20270444,3.849672993700999e-05,0.01991051521481486,-0.040268515459047666,0.14201138969095997,0.027457263596875697,0.16683978322989465,0.2032365876027169,0.02945645375327565,-0.03955410027259265,1.092736557075198,0.2807774868730442,0.8047588178705252,0.44542865767121453,0.49067269073412134,7.048490735770617,4893.347486140095,0.0092,0.046346165801231694,0.5442012208310831,0.0,0.01,0.0,0.18840712164995255,0.0,3.522092645818537e-15,2.3812224919145757e-15,0.027728065127756885,0.00893739121337275,1.0
no_logit,20270445,0.0006305789786153366,0.02040354147528262,-0.07553748668525728,0.1597187136451533,0.03552363263941584,0.17203113723634722,0.16987068558223165,0.0463792422465425,-0.048767475656986255,1.5482049948753858,0.21896287435309375,0.9111402834945586,0.4107584855776797,0.5003863283338591,7.095172536375673,5263.273634296436,0.0116,0.04517683341898998,0.3081441404066929,0.0,0.0124,0.0,0.21204412413392015,0.0,6.095929579301314e-15,1.7197717997160825e-15,-0.046448995598639,0.05991776340001073,1.0
no_logit,20270446,0.00032843313130492434,0.019919971560026426,-0.05449236178721782,0.1039194941465615,0.030257992627668262,0.15376324929951535,0.19099276635425838,0.06330235549585939,-0.02001779852329835,1.113135403249193,0.22756900960970236,0.8749298444782097,0.42079658550686083,0.48688379455037967,7.046117645800031,4408.555988018072,0.0076,0.0504688218673878,0.41427434835544286,0.0,0.0108,0.0,0.19506645249174137,0.0,2.1674416281960227e-15,1.98435207659548e-15,-0.025626196240925367,0.0030675080510949543,1.0
no_logit,20270447,0.0007681661960818012,0.020037520900059166,-0.021452076265545048,0.12296750123767486,0.0329682594573517,0.08520767457712464,0.12317001249672598,0.04582906559510984,-0.02982720112237948,1.3414930203693087,0.15473340437655494,0.9384758576462471,0.4219907676923187,0.49498482506323116,7.014275358350991,4320.329498207093,0.0092,0.05267906304108144,0.31587000649028507,0.0,0.0088,0.0,0.21311742931654076,0.0,3.1156973405317828e-15,3.5718337378718635e-15,0.12216048671804426,-0.03186536337504317,1.0
no_logit,20270448,6.494773063432291e-06,0.019689445281142814,-0.02886309927816616,0.12034785499184913,0.024642092576369522,0.09089065743924402,0.12271535469052844,0.020448504255831338,-0.005256256284621456,0.7553077728916398,0.24843342996235546,0.7571860529607458,0.4315613897661198,0.4961127326936361,7.005401222089011,5515.802948768706,0.008,0.04312460060305609,0.4411997977529166,0.0,0.0108,0.0,0.20459997141401676,0.0,2.302906729958274e-15,3.5718337378718635e-15,0.015092029816847225,-0.018140806082086645,1.0
no_logit,20270449,0.0005045383331812328,0.019634740400667035,-0.061912155038637826,0.15361599180058447,0.035168570791935846,0.11896486827403953,0.13716044419652873,0.029611745901516665,-0.01689093341586235,0.946722569408518,0.1662905952753193,0.865163785985854,0.433858928745109,0.48383784427905374,7.024389092209076,3786.4719164364246,0.0072,0.055690520832314315,0.3474218987601314,0.0,0.008,0.0,0.21363484760908436,0.0,1.8965114246715198e-15,1.3229013843969864e-15,0.003345542099921033,0.014272999803464902,1.0
no_logit,20270450,7.134254724961053e-05,0.02087435589299778,-0.07646381066193063,0.17259196426057563,0.03209313378232061,0.15742124262864762,0.18441135380140772,0.03811048334780227,-0.007441903568987542,1.1918674574846762,0.3427702626074442,0.7843190905781405,0.424343373602331,0.5518491314701102,7.1370109782788855,10499.723845118111,0.0112,0.01966271633528005,0.39324005359122927,0.0,0.0144,0.0,0.23794918367922113,0.0,2.980232238769531e-15,3.7041238763115625e-15,0.003019241117505578,-0.007709755058127076,1.0
no_activity_persistence,20270401,-0.000206736484289447,0.022885727231339765,-0.08249672930977213,0.16631830166111303,0.0427591611143502,0.21444228091989073,0.22110121464501958,0.0779547364652876,-0.027822084400048828,2.7456012779233436,0.3589596424810005,0.8453126036492205,0.3736327909862983,0.5922161961324881,7.124494008166428,16298.955854917222,0.0116,0.01884238695903422,0.6200245139293135,0.0004,0.0204,0.0,0.22496046154301186,0.0,5.68953427401456e-15,1.5874816612763839e-15,0.07370441849506273,-0.0258134403799549,1.0
no_activity_persistence,20270402,0.0006435462570898696,0.01988393751490568,-0.0324932706836693,0.11990951318555138,0.027922320635736575,0.18906372473302746,0.17082559072383688,0.04146201079249096,0.002829747941321777,1.6463973059357437,0.1974474058655483,0.9138381085203586,0.43521022523537206,0.4723337993005652,7.004741025127119,4344.096397309121,0.008,0.05156950201838033,0.4236036644411636,0.0,0.0096,0.0,0.2109977970425856,0.0,2.84476713700728e-15,3.3072534609924663e-15,-0.1085050636015801,-0.00655056481742504,1.0
no_activity_persistence,20270403,0.000536629239823073,0.0207105165210619,-0.040289005765893005,0.12282416409239792,0.027178130291490736,0.13540094745738443,0.13932095212692147,0.06005409947188848,-0.013762570724847056,0.7033061515278636,0.20652411565154263,0.905178470029685,0.40624919629358636,0.5284917075702753,7.102926282507016,6558.440393932404,0.0076,0.03809760021504621,0.29888820480890543,0.0,0.0116,0.0,0.2318719612159552,0.0,1.625581221147017e-15,2.3812224919145757e-15,0.07207140378841964,-0.03764744379486123,1.0
no_activity_persistence,20270404,0.00038924802953687064,0.02035550745021291,-0.0792466976108837,0.11891685154631326,0.03143194506100231,0.12281690402332011,0.12716785770813244,0.032737112689745315,-0.008979689559532466,1.2030827316623007,0.18909358060093012,0.9056403351276561,0.4151105777179574,0.5210268791430356,7.095475295197772,6640.169285059752,0.0084,0.03821041811296608,0.3124575194201802,0.0,0.0116,0.0,0.19904750912393254,0.0,2.0319765264337714e-15,3.3072534609924663e-15,0.07889358233575253,0.029023536660708137,1.0
no_activity_persistence,20270405,0.0003377038177718248,0.020572804182815273,-0.07637972707851691,0.12829023952677432,0.030876763280974683,0.16295648645277067,0.1498130597753287,0.04232462720096775,-0.03158794093592946,1.6197254752495764,0.19822968906418778,0.8756426811458358,0.40548668862085036,0.5126766391988034,7.107761971700423,4937.328102564851,0.01,0.0467462732075214,0.36469267032112784,0.0,0.0124,0.0,0.19466011855280363,0.0,3.522092645818537e-15,1.4551915228366853e-15,-0.056751739264271496,0.005050816108486747,1.0
no_activity_persistence,20270406,0.00027572952248478195,0.01969737296334289,-0.00793075652144164,0.13280513808657363,0.03784278289507585,0.1391131508720224,0.13499975786347643,0.019921689448606044,-0.02838982442642572,0.7910193217592751,0.27333843149474035,0.789448874130019,0.4302331067977932,0.5216669621095138,7.062112432384689,5006.439219518682,0.0072,0.04557466273620889,0.4207737070767845,0.0,0.008,0.0,0.205083100639325,0.0,3.3866275440562853e-15,1.4551915228366853e-15,0.0040861107658610426,-0.000603144685976553,1.0
no_activity_persistence,20270407,0.0005264502059564386,0.020171988933531716,-0.06778597375233421,0.1386293802688974,0.036228713683723004,0.13967088990438586,0.16386782247939932,0.037493235400225415,-0.04076571972878232,1.2193081593673547,0.22181674596388387,0.860657018186648,0.3965922536453334,0.5035458689259883,7.13486026358881,3698.5876268712623,0.01,0.054757924686403864,0.2925038921236328,0.0,0.01,0.0,0.18097342692907525,0.0,2.302906729958274e-15,3.042673184113069e-15,0.04260691382078085,-0.0026210004903019944,1.0
no_activity_persistence,20270408,6.2882332843837926e-06,0.020590779833039793,-0.037196249213228214,0.18274984204140876,0.028988079090185324,0.17704213374814626,0.18445586167766062,0.04879025681940153,-0.017709929489728028,1.9199874980055034,0.31228699658021186,0.7657657943888397,0.42690956173678724,0.510373384232894,7.022954843817544,6987.256166976109,0.01,0.03364289280390458,0.42628615503552014,0.0,0.0096,0.0,0.21640282640064523,0.0,3.3866275440562853e-15,1.7197717997160825e-15,-0.01752401277157179,0.02537547835492015,1.0
no_activity_persistence,20270409,0.0002300115469832278,0.021845179773583308,-0.12110167643065639,0.12110167643065639,0.03119413504618313,0.17126934432419938,0.18192497610773264,0.05517997021010198,-0.04922264971373634,1.4566747306855996,0.2686681440523923,0.8395245002819635,0.3518440573595567,0.5804191294380843,7.165791573989409,11004.75792767855,0.0072,0.01971709136014685,0.33370376060006435,0.0,0.0148,0.0,0.21217974253598926,0.0,2.0319765264337714e-15,2.5135126303542743e-15,-0.1450797683381792,-0.025403347424765098,1.0
no_activity_persistence,20270410,0.0005167604169698627,0.01964147020118373,-0.056259356235456255,0.10257101433044313,0.031931264109987825,0.13862233893661466,0.1359354909575531,-0.016865405794571273,0.012725744884380797,0.54338356894749,0.18677996295750693,0.8633386356189173,0.432047437564147,0.5062834592651831,7.045825332432738,5789.013626698508,0.008,0.040650714620072054,0.42286627681639355,0.0,0.0084,0.0,0.20855891057269993,0.0,2.4383718317205256e-15,1.5874816612763839e-15,-0.06370998027135685,-0.0038270798630669327,1.0
no_activity_persistence,20270411,0.00033224094559553414,0.021349077961176615,-0.0773396574062087,0.17264511068850127,0.03420616992348338,0.20520472240578924,0.15980421055428218,0.046125731574267644,-0.05973186819202511,1.2871371215386596,0.3389250661663849,0.8460914939664518,0.41581945888607813,0.5476262275776319,7.091899848611737,11766.627567549158,0.0096,0.018852039835887364,0.3986829138676178,0.0,0.0132,0.0,0.23637645045542843,0.0,2.84476713700728e-15,1.5874816612763839e-15,-0.003163728295272793,0.059350430140821135,1.0
no_activity_persistence,20270412,0.00014504453116100712,0.02079413120462653,-0.07576122231959419,0.12444471016390252,0.026228486516349882,0.12471097170586509,0.13473837983362563,0.042546624827833196,-0.022339736457729274,1.193654547397446,0.2849490887392745,0.8237194762655385,0.39642630270845164,0.5614364131244803,7.112933981010719,8440.372852502303,0.0084,0.02519659227771249,0.5757704993669143,0.0,0.014,0.0,0.22761642883368682,0.0,1.2191859158602628e-15,2.778092907233672e-15,0.07302508453356749,-0.042352874648854955,1.0
no_activity_persistence,20270413,0.0002873360220273856,0.020765802123881336,-0.02494234548487934,0.10779755791945318,0.03702151281494291,0.10903781702132961,0.12288693023372574,0.028315721789017017,-0.0269632047199572,0.7432615000494609,0.262136294436881,0.8499458233596159,0.42337506599744124,0.574493461692869,7.07132623872747,12432.993196688987,0.0076,0.021331717985272343,0.3488928478266967,0.0,0.01,0.0,0.22796221006859008,0.0,2.0319765264337714e-15,4.365574568510055e-15,0.021862406492071388,-0.015739568231518588,1.0
no_activity_persistence,20270414,0.0001859482347560526,0.019687880158875664,-0.043603156279840405,0.12095301127985111,0.030621536841950275,0.15747544277714182,0.1332724660961806,-0.019072290410143314,-0.03067341975960428,0.8592146063347879,0.2571159612620315,0.8052685461788274,0.4082035467882822,0.5173414713598472,7.0308228828648796,6000.977829219858,0.0064,0.038665805228642526,0.3942912976893418,0.0,0.0076,0.0,0.18549078514593287,0.0,1.8965114246715198e-15,2.3812224919145757e-15,0.06450425046336684,-0.0033436769570351754,1.0
no_activity_persistence,20270415,0.0003189343572657179,0.021224646551175706,-0.09535257914731328,0.10912143363526404,0.031864153463418914,0.153086186362376,0.0831012081614156,0.03325368509619717,-0.056713845805882054,1.371560202729043,0.23529137840545974,0.8727375059372543,0.40909624731392796,0.5410984251974064,7.103701566285641,7661.112754165295,0.008,0.031244911479701352,0.46155748453027434,0.0,0.0136,0.0,0.21677928136723645,0.0,4.605813459916548e-15,1.7197717997160825e-15,-0.004840522088445112,0.0006860591280441525,1.0
no_activity_persistence,20270416,-1.0967452717774862e-05,0.02016544711459578,-0.07525115626162715,0.12148867650734962,0.032530333077391616,0.12816353483397733,0.12549189223752333,0.07645636673634068,-0.02170379291383485,1.1105525806207641,0.2533825191679606,0.7528359420765898,0.4275180812865322,0.5004214507157689,7.076032863026024,6256.104864779515,0.0084,0.037673659348613615,0.44118586210540156,0.0,0.0136,0.0,0.18677330039946027,0.0,1.7610463229092685e-15,3.1749633225527677e-15,-0.12036696840183736,0.04142548045248971,1.0
no_activity_persistence,20270417,8.921397895792715e-05,0.02147332719986269,-0.10142232677375294,0.13265387421508557,0.032323671015850215,0.16361021031594725,0.15854673678158668,0.03385383276306697,-0.04966243739274977,0.8117457557287855,0.26110780637102154,0.8075454304910371,0.37910603050671343,0.5899580034573199,7.135854062568926,13112.024793067154,0.0076,0.017812621991648722,0.47753511663862047,0.0,0.0128,0.0,0.2004141987201835,0.0,3.1156973405317828e-15,2.1166422150351785e-15,-0.06857276550897029,0.035522639517326794,1.0
no_activity_persistence,20270418,0.0006589624522514658,0.020807404356625297,-0.05825471382454544,0.15759169598444098,0.0373506722330552,0.16885554103853634,0.18570997740566642,0.07736357056291145,-0.008610654082265363,1.6093480740525283,0.2523621839297896,0.9167860773777613,0.40480250282554775,0.526819381447537,7.075560608011698,7254.173400285557,0.0112,0.03617943886027856,0.28425634310711967,0.0,0.0124,0.0,0.2102128667277514,0.0,2.4383718317205256e-15,1.8520619381557813e-15,0.010664723569202835,-0.0021352306960553207,1.0
no_activity_persistence,20270419,0.0005554348969581295,0.01997878430542137,-0.06617430972515842,0.152627644744875,0.030978732158499687,0.13368307923060566,0.132482156481625,0.05738717905518885,-0.025161406991841703,1.3858315212630945,0.18847711675635812,0.8965875073250981,0.425623343361419,0.5131752040308157,7.036726089700147,6070.914118061569,0.0124,0.040183464812621854,0.2830423272335323,0.0,0.0104,0.0,0.19674355399721555,0.0,5.68953427401456e-15,2.3812224919145757e-15,0.0710991449374014,-0.0004432768392728946,1.0
no_activity_persistence,20270420,0.00047941527550330996,0.019661116995021998,-0.061628394250259164,0.11540479605338812,0.026815918448908516,0.10016462102122428,0.08526463818372439,0.02755704396674569,-0.030851818476237487,0.49403979662161346,0.14959972459862922,0.8707675919919959,0.42949341440585614,0.5016237742080577,6.986162279718965,4898.004517929412,0.0052,0.04636516959692234,0.3446920756758822,0.0,0.008,0.0,0.19924551060684004,0.0,1.0837208140980114e-15,3.439543599432165e-15,-0.00268175629914644,-0.00850490194833508,1.0
no_activity_persistence,20270421,0.0005360386513938149,0.020756357203170678,-0.062045699047476345,0.13020884820804343,0.02735499661352165,0.2040873377541,0.2037851781450063,0.10283485366887297,-0.028462892735956116,0.8569605515436591,0.22671152612807624,0.8962268900009559,0.42211674436384794,0.4926857735743697,7.130715334616764,4885.4901008719135,0.0056,0.04766234942025517,0.29796858055836906,0.0,0.0132,0.0,0.19924206994336546,0.0,1.625581221147017e-15,2.645802768793973e-15,-0.12870846427197594,-0.005113195797696118,1.0
no_activity_persistence,20270422,0.0004639664546758368,0.020209883068804512,-0.0560111767055399,0.1408195114589782,0.03304171482855714,0.0999143420117878,0.13563179216168117,0.041477150319849915,-0.010679460224451381,0.47754615092370933,0.22552345622198555,0.8492423822863242,0.4195478513797322,0.523657788083809,7.074461083555466,6138.912291156773,0.0048,0.037789133802587534,0.32746756115388975,0.0,0.0088,0.0,0.1992766814581861,0.0,3.3866275440562853e-15,6.746797060424632e-15,-0.07657604201621061,0.013696038455362455,1.0
no_activity_persistence,20270423,0.000181376751328947,0.021629469572428596,-0.0498345357888452,0.1401263393424852,0.036305232771444554,0.17330740506933637,0.1458763569774025,-0.025813006519826515,-0.003893879832688657,1.641883023406776,0.33097201675311494,0.8146259182471693,0.40166694622079474,0.5623917964949545,7.069591909551296,13617.068872107557,0.0116,0.01792935477338018,0.4667939509965986,0.0,0.014,0.0,0.19559566660646777,0.0,3.1156973405317828e-15,2.3812224919145757e-15,-0.026995662485046854,0.04097627100629377,1.0
no_activity_persistence,20270424,0.000848241936203571,0.019897948398538746,-0.07356975288036434,0.11530466809205057,0.0273104338362684,0.10880275720547643,0.14752618285161598,0.02403981335017428,-0.05019638474504776,1.1220031085138222,0.16604490414542794,0.92943400062993,0.43824465673992635,0.48241267926904485,7.037189709715649,3656.8147333592265,0.01,0.056248265968341135,0.2374854315018532,0.0,0.0104,0.0,0.20317800954095766,0.0,2.84476713700728e-15,3.3072534609924663e-15,-0.022983328866991965,-0.023661026300574848,1.0
no_activity_persistence,20270425,0.0007464865651640004,0.02091255372305043,-0.11273706477771901,0.11273706477771901,0.029376721935317096,0.16777799205401395,0.141981283121463,0.02217091839264198,0.017284605937872077,1.241412952517198,0.2214142319866456,0.9238021983578124,0.40325923842547345,0.5338284461533037,7.032054136958284,9083.341966239632,0.0104,0.03469088149344409,0.38201997929405607,0.0,0.0124,0.0,0.21898478562804558,0.0,5.147673866965554e-15,2.1166422150351785e-15,-0.08860537375562642,0.06205026955636387,1.0
no_activity_persistence,20270426,0.0004456308557499863,0.02052292888526258,-0.10787966574885845,0.1169192192375778,0.030591716132460544,0.19349824097598475,0.21313073130602428,0.07079726150760976,-0.02520869455282659,1.1005364274091383,0.23195890448437873,0.889420062373637,0.3903347770700628,0.48972926221824764,7.104740432429557,4235.328391275958,0.01,0.051288810505259276,0.29952854121046424,0.0,0.0128,0.0,0.20328369622511477,0.0,3.522092645818537e-15,2.645802768793973e-15,-0.02747530632807816,-0.0012304139194104795,1.0
no_activity_persistence,20270427,0.0002351482647694752,0.020062474998718768,-0.0423721714860286,0.1346942998248428,0.02803032037667603,0.15961827072741963,0.15847609319941505,0.03277299722453023,-0.008390298898004642,1.024862606199842,0.24250238063914314,0.7946604196642252,0.41999142206403206,0.49354397233951636,7.1160450408860525,4576.400304012734,0.008,0.048002075574296324,0.3009146919371761,0.0,0.01,0.0,0.21499953434518915,0.0,1.625581221147017e-15,2.645802768793973e-15,-0.03888482224459087,0.010102011951512379,1.0
no_activity_persistence,20270428,0.00031492490377029407,0.021753585618928158,-0.073620544421013,0.1915166870920595,0.03715064106228446,0.19305866252941647,0.21784295350252883,0.045613515870777305,-0.029220442545374554,2.0114583782727538,0.35099972007607777,0.8333851664042113,0.4104502317012455,0.5385813060666239,7.160606483084316,9255.844136299034,0.0116,0.023068082718766023,0.3556061621248744,0.0,0.012,0.0,0.20483316165142185,0.0,2.302906729958274e-15,2.1166422150351785e-15,-0.05552140616092545,0.014123224734468347,1.0
no_activity_persistence,20270429,0.00031649478187863417,0.020878834731630457,-0.12517592606537983,0.12906787130905822,0.03473562244508727,0.17666216907777088,0.14773809278446462,0.03811990063713883,0.019265738513000657,1.660868344271007,0.28521341842110326,0.8719945154722019,0.39965691423071387,0.52886492385052,7.054559322036448,8202.833054354707,0.0104,0.02921148309784652,0.3326939862397368,0.0,0.0132,0.0,0.19571907283770784,0.0,2.7093020352450286e-15,2.248932353474877e-15,-0.09344286418315516,-0.017206053862568668,1.0
no_activity_persistence,20270430,0.0004354084672128835,0.020209362955167856,-0.06006103711201737,0.1244880877105797,0.034989926233162,0.14283541980099085,0.1514690155113396,0.05167736882827598,-0.06357265584042159,1.4224526023765485,0.19427098253640335,0.8470168011872279,0.42774500374026675,0.5187175491909434,7.0914494904119145,5948.934515661317,0.0092,0.03837912145358095,0.30350239398018297,0.0,0.012,0.0,0.20993000052766742,0.0,1.8965114246715198e-15,3.836414014751261e-15,0.04537461233458978,-0.013243590179943289,1.0
no_activity_persistence,20270431,-5.128258732951494e-05,0.019720952437919367,-0.05013293841613851,0.15452930072606796,0.0262441613681955,0.10619255450882537,0.08948962285376194,-0.009821818045557224,-0.03112317283022286,2.4531190534157448,0.28188387678054927,0.760981182527798,0.41503244417945534,0.529638793279179,6.917126448037361,7678.756100920615,0.0084,0.029436430748125905,0.4045242856725124,0.0,0.01,0.0,0.20477930083378526,0.0,1.4901161193847656e-15,2.248932353474877e-15,-0.022093679533663715,-0.005353446189745065,1.0
no_activity_persistence,20270432,0.0007034060922740007,0.019156542741981517,-0.06425570161105502,0.16389856562425492,0.0336150253239387,0.12398507624346246,0.1432243694143564,-0.0017365098104029952,-0.051967870845364604,0.9631116872812386,0.17619987574691273,0.9206828981526491,0.40530935022141357,0.48074133337536834,7.012043690469342,3484.7065543496155,0.0068,0.05739725577659122,0.26714936321645144,0.0,0.0084,0.0,0.1845081388985328,0.0,2.7093020352450286e-15,2.3812224919145757e-15,-0.06022028255498202,-0.0004561318591882719,1.0
no_activity_persistence,20270433,0.00010151093945248668,0.019423796899659337,-0.016883054629209755,0.12536029897727008,0.030717699484839593,0.15348713545035003,0.14111406865820586,0.049029233604153656,-0.02941629832342232,0.8054743858158573,0.24320874749192567,0.7744063204478392,0.4167059536526988,0.507703330922069,6.981169373492689,5755.733635110973,0.0068,0.03981608899886062,0.47555773153859415,0.0,0.008,0.0,0.19976846615788646,0.0,2.573836933482777e-15,2.5135126303542743e-15,-0.0368790755721296,0.008909007188594463,1.0
no_activity_persistence,20270434,0.00010993835015443772,0.02074786816964555,-0.07529336358663484,0.13250640701910904,0.030402123566637646,0.11714587201586092,0.11702942024006452,0.03306285328036511,-0.0019639798253097297,0.9600367115865645,0.2623781161768993,0.7901328490062235,0.3936453723808594,0.5676338498449248,7.010223403630745,11785.49708069605,0.0092,0.01829912199241007,0.4639534086618746,0.0,0.0132,0.0,0.20189578858483404,0.0,2.1674416281960227e-15,2.1166422150351785e-15,-0.01989625532662485,-0.0318821790285522,1.0
no_activity_persistence,20270435,0.00026649950996052,0.021102489997762784,-0.07066869904816855,0.10928334058480645,0.028165997813189163,0.21496085109279967,0.1490790365999193,0.04632186249483751,-0.028232693700326467,2.142080642739784,0.28929667533340664,0.8730274675361627,0.4207886631164136,0.48674394648735125,7.078569441911322,4496.430595518195,0.0116,0.05029771251357845,0.5398033082178932,0.0,0.016,0.0,0.19774603988607287,0.0,2.0319765264337714e-15,2.3812224919145757e-15,-0.016063179158774938,-0.012382365901556561,1.0
no_activity_persistence,20270436,0.00010771745715231553,0.021111310061478285,-0.08409925152067607,0.13918667976446147,0.031638812663997255,0.1920237761846771,0.19669906613133487,0.048666079844178846,-0.06959007248895639,1.2069751635302444,0.3107906412132979,0.8195632248486617,0.39982350129675703,0.552353966236174,7.1174031190318185,12687.986059788676,0.0092,0.017622615062038053,0.5077793049736118,0.0,0.0132,0.0,0.20178247116629078,0.0,2.7093020352450286e-15,2.9103830456733705e-15,-0.02396730298276662,0.018784993428568656,1.0
no_activity_persistence,20270437,0.00015927090594301276,0.019913154480375492,-0.05994986966119723,0.12655453642158565,0.026685523023211772,0.0947265247502133,0.11383266816601836,0.035088179948389336,-0.05940397900502798,0.4913120809272731,0.2604024761605051,0.7864337214006945,0.40034947059746945,0.5498307167894113,7.036621596620236,8155.000419984664,0.0036,0.026968218804257368,0.3959612744413368,0.0,0.0084,0.0,0.19689676725072758,0.0,2.84476713700728e-15,5.291605537587946e-15,-0.029087141983852247,-0.024571761567431218,1.0
no_activity_persistence,20270438,0.00030162109571089246,0.020109108456620412,-0.10515910912801954,0.10515910912801954,0.032098535492918745,0.16382822492611118,0.12577218889458947,-0.003344997629714658,-0.013431729505169215,1.0474567686689031,0.2279455754451461,0.8699405912537833,0.4401070015424423,0.5004504440065869,7.073271725427702,5691.280162617956,0.0084,0.04104935961540119,0.3361027353111419,0.0,0.0096,0.0,0.2059825678988303,0.0,3.1156973405317828e-15,4.89473512226885e-15,-0.08063277567464734,-0.035168039205831975,1.0
no_activity_persistence,20270439,0.00037475096265094656,0.020649768164094175,-0.01551850271530178,0.15404497457754376,0.034845946138719046,0.17268567740201643,0.1615929694581799,0.02275443459185148,-0.004194315883108773,1.1159946582940812,0.25696430735863074,0.9021982932337594,0.4217114827796054,0.5184077987628363,7.119154155501311,7877.958436698506,0.0076,0.032412481940559186,0.3695579971491283,0.0,0.0116,0.0,0.19706648324867815,0.0,2.7093020352450286e-15,1.4551915228366853e-15,0.09722363777683085,-0.029025942805774644,1.0
no_activity_persistence,20270440,0.0004722119304614328,0.01984339100567938,-0.04950811305601451,0.14213476919746118,0.028116801378777246,0.13403747000860333,0.11686803328587154,0.007249719993465324,-0.007430410336603526,0.7247551145145743,0.20643625722685727,0.8796480299861257,0.40237358609224394,0.514768716865094,6.9882455814186075,4719.908929384468,0.0072,0.04736056079415389,0.38018891820683687,0.0,0.0064,0.0,0.21581016832241096,0.0,3.657557747580788e-15,2.3812224919145757e-15,0.016181659204142634,-0.0005588921715127846,1.0
no_activity_persistence,20270441,0.0004135958102570633,0.020501670357971628,-0.060775480841297795,0.12797482302976398,0.03571874763337574,0.15457373464878377,0.17066888185036858,0.032829533256342865,-0.07466497623366948,0.7356603097342433,0.2544971169555499,0.870309681229511,0.4149635498547676,0.5092875846983644,7.067796460110615,8382.038757429716,0.0076,0.027989671742098488,0.2519217938381977,0.0,0.0116,0.0,0.20642459058943752,0.0,3.522092645818537e-15,2.1166422150351785e-15,0.02907383567474294,0.010593699865358356,1.0
no_activity_persistence,20270442,0.00030896361382846147,0.02087152759256368,-0.05721185419498474,0.11570082234850156,0.03284319629936024,0.10861804906314927,0.10323818240968081,0.04615342647550515,-0.016780116361971742,0.9294429678043481,0.21825353132998876,0.8702636402929486,0.3894818649126924,0.5828383327491928,7.045187570893029,12508.419368110506,0.0064,0.021041721087038015,0.38231903505454934,0.0,0.01,0.0,0.211286840780472,0.0,5.283138968727805e-15,3.7041238763115625e-15,-0.01798101875187706,-0.006358110024998262,1.0
no_activity_persistence,20270443,0.0003829327853826385,0.020558730014404877,-0.08671363015943774,0.10133044729177937,0.02824981485061127,0.1474012253977091,0.1636558163833422,0.04074492465562616,-0.03228381527319261,1.550125442736987,0.1928408219216328,0.8549922635083398,0.41777786435566727,0.5308108351050215,7.093345319178325,7818.432643305071,0.0056,0.030840584576112794,0.40270969761336217,0.0,0.0108,0.0,0.2070610754180835,0.0,1.625581221147017e-15,3.96870415319096e-15,-0.06658913792905018,0.029383872299237276,1.0
no_activity_persistence,20270444,3.8600246034622644e-05,0.019891152119868614,-0.03780163206224412,0.14234622255309345,0.02779726127272027,0.1627395626866726,0.1969234454769934,0.02853825042597019,-0.038364908828898536,1.0532713161023102,0.2784815619968984,0.8048409024989185,0.4436770417539262,0.49258159425443593,7.043120883777476,4892.151650807027,0.0092,0.04632028340003483,0.5442716080502064,0.0,0.0104,0.0,0.1887566561005063,0.0,2.1674416281960227e-15,2.248932353474877e-15,0.029373837880244832,0.008023351775317114,1.0
no_activity_persistence,20270445,0.0006309996721623342,0.02029668819371772,-0.07305516293987685,0.1574816375919954,0.03507742404580698,0.16766471499316665,0.16771110217298635,0.04092083671736067,-0.052361144856369515,1.4853662552818259,0.21506188464621231,0.9100999944342416,0.4113869232691884,0.5003709251683892,7.0807332170637824,5261.464503205822,0.0108,0.04510646686749549,0.3084095057906868,0.0,0.0128,0.0,0.212162554286075,0.0,2.302906729958274e-15,1.3229013843969864e-15,-0.05136057073920533,0.06344984911861042,1.0
no_activity_persistence,20270446,0.00032836740354599456,0.01989505655380303,-0.0582228871175731,0.09962782339607301,0.029881738830376852,0.15394239230302584,0.18912466837855035,0.06338313088960781,-0.019509684389905444,1.048426969149384,0.22543851386023353,0.87437557646613,0.4169602557295853,0.48934531721751456,7.039167164224642,4409.872351627572,0.008,0.050465305831529625,0.41485565657594226,0.0,0.01,0.0,0.19569610557464068,0.0,4.470348358154297e-15,1.7197717997160825e-15,-0.030537214739176578,0.0011774788915548747,1.0
no_activity_persistence,20270447,0.0007676759402429141,0.0201300048395473,-0.026762142388590458,0.13307382167961926,0.03242177578087936,0.08450443308750236,0.12266641190895439,0.04273216645486548,-0.03705951986337973,1.1429267870879496,0.15816296943684402,0.9401877950310682,0.4154952509214875,0.49992731859322165,7.0324323904972275,4300.3117259184255,0.0084,0.05280549957876005,0.31623218758624994,0.0,0.0088,0.0,0.213379826763745,0.0,2.7093020352450286e-15,2.1166422150351785e-15,0.09839306828421203,-0.03408298742214248,1.0
no_activity_persistence,20270448,4.548726169033302e-06,0.01970407949408398,-0.03319249660946115,0.11964184554787438,0.025306813521083067,0.09179528701922855,0.12021551619650046,0.01801157919716011,-0.0071593349262564845,0.7733296526135556,0.24982133860267042,0.7594224535884446,0.4290682018586839,0.49725479381082593,7.008190663370258,5513.711725446286,0.0068,0.042986335434497834,0.4393261286177026,0.0,0.01,0.0,0.20541801640844115,0.0,1.7610463229092685e-15,1.1906112459572878e-15,0.025991075924651205,-0.020263795672659273,1.0
no_activity_persistence,20270449,0.0005043675341092847,0.019718433304775754,-0.06336449296557681,0.1571196622335467,0.035227049399352846,0.11370664695569564,0.14021269860555832,0.031325920782486354,-0.017152593883034046,1.0767350887123426,0.16456477419941842,0.8656832513508409,0.4316998609388875,0.48375591843426446,7.021488119167882,3792.419120474777,0.0068,0.05562788134824514,0.34746652433312875,0.0,0.0092,0.0,0.21515072438539407,0.0,4.876743663441051e-15,3.836414014751261e-15,0.007520046378524774,0.013913071931055045,1.0
no_activity_persistence,20270450,7.135493015267044e-05,0.020920672265672353,-0.07827846907136142,0.1720973897351251,0.03201395065744113,0.16892456095189962,0.1950318064837523,0.04370673849162954,-0.012737928292745542,1.260746153582307,0.35111460336172196,0.7861256564565157,0.42987562193258655,0.5485113285638851,7.1399491200177305,10505.718198772913,0.0128,0.019627851615343944,0.3929506269268659,0.0,0.0144,0.0,0.23699250419835072,0.0,3.3866275440562853e-15,5.1593153991482476e-15,0.011051882106322672,-0.00910909082650541,1.0
independent_signals,20270401,-0.00019684440189448118,0.012893860327967731,-0.08153475257724217,0.08153475257724217,0.022555945321608706,0.0505694290585668,-0.004371335387774844,0.03278903885688052,-0.005801758416948191,0.14818566796326937,0.07565102041015755,0.8652341750158755,0.5199658912872103,0.27307678987603234,6.634285760763785,15923.98445286846,0.0048,0.010465791226496449,0.6110664613089702,0.0,0.0,0.0,0.020267609458683777,0.0,1.3546510176225143e-15,5.556185814467344e-15,0.03988622874084127,-0.0034984708359790872,1.0
independent_signals,20270402,0.0006488831724505079,0.01298897152419018,-0.05692911592205063,0.07338740369211795,0.025461957151522115,0.01092362076696459,0.018332914548345725,0.044369480004266035,-0.009068369380813464,0.06722122026060173,0.004574480799622218,0.9573840090430367,0.5662889743517591,0.22468605878394154,6.636417026455007,4285.748239419547,0.0032,0.049829734288308725,0.39958624568793255,0.0,0.0,0.0,0.05032785249928451,0.0,1.2191859158602628e-15,1.4551915228366853e-15,0.037687579694044904,-0.008624355007164677,1.0
independent_signals,20270403,0.0005440315296611928,0.012879058133273372,-0.1020926292521689,0.1020926292521689,0.01999634934013596,0.03497170575764098,0.002351384364730093,-0.016139158067751288,-0.014900487875137508,0.19120639604917722,0.0067091467808908555,0.9446781398025671,0.5952122144285307,0.2549722666369631,6.646348709988694,6525.241828009982,0.0028,0.03469318907040116,0.2966131970895125,0.0,0.0004,0.0,0.04137004051930737,0.0,2.4383718317205256e-15,2.645802768793973e-15,-0.031455505338543126,0.00537707184893041,1.0
independent_signals,20270404,0.00039507420217368576,0.012872124939044707,-0.09999344911347173,0.09999344911347173,0.017906670403700566,0.022173140494831635,-0.003987739605979079,-0.04491278100309151,0.004703528354371526,0.033344491196642956,0.02257930150238043,0.9478577440573335,0.518306032794251,0.26046194496759,6.643371631716004,6603.528382148578,0.0028,0.03465750708096702,0.30445042576760295,0.0,0.0,0.0,0.036533526907607694,0.0,1.7610463229092685e-15,5.0270252607085486e-15,-0.010632984002726597,0.04480399909167769,1.0
independent_signals,20270405,0.0003401121404846126,0.012688091190933337,-0.04915281466552916,0.04915281466552916,0.014874064488515193,0.025816191533545103,0.014881233495146745,0.025662870544816342,0.013891726718710334,0.100878262394692,-0.024083506527842937,0.9168809379819367,0.5839219340589064,0.18262574745331595,6.62503437819441,4884.0514536836,0.0036,0.04510017129933009,0.3493400261443437,0.0,0.0,0.0,0.039424811028974105,0.0,4.470348358154297e-15,2.9103830456733705e-15,0.06470727596601585,0.00018781524681457144,1.0
independent_signals,20270406,0.0002836402260584034,0.012538351829159746,-0.049782723960033616,0.06046547660508919,0.019313751279610752,0.05662566635071968,0.0044542890253950335,0.002267450758007802,-0.047814816981332185,-0.025796811811822362,0.044619404069417,0.8578128883599586,0.5672160875234142,0.2255680875527287,6.630974428140535,4958.303849839486,0.002,0.04393467882753103,0.40688076634477577,0.0,0.0,0.0,0.04263172581900743,0.0,2.0319765264337714e-15,3.96870415319096e-15,-0.007631672382860165,0.006976727360268752,1.0
independent_signals,20270407,0.0005208183931603497,0.012447844673855782,-0.08497738962423186,0.08497738962423186,0.017357897090463408,0.00610229208891814,0.0018853426177446373,-0.023651103087057382,-0.0019842102677542746,-0.14785721144480046,0.0065596064700100525,0.9217734127665733,0.5954014992821047,0.24582841486896562,6.634171610318976,3657.0261985156894,0.0008,0.05348805128467748,0.2641045736441934,0.0,0.0,0.0,0.05698379438384915,0.0,2.0319765264337714e-15,3.3072534609924663e-15,-0.016225328215405847,0.00547785705760246,1.0
independent_signals,20270408,1.1109050966931022e-05,0.012748419106495167,-0.04710628123230679,0.04710628123230679,0.01501996248269764,0.044173239209688527,0.02454593762968053,0.010715311100501468,-0.01651642180045775,0.06837216938640944,0.03339789783096758,0.7769508940270932,0.594918903731697,0.26784216064806826,6.6221344809163405,6846.797689396764,0.0036,0.03224062304154855,0.4226007090705898,0.0,0.0004,0.0,0.03624858705205436,0.0,1.4901161193847656e-15,4.630154845389453e-15,0.0111422368672678,0.01723823337974307,1.0
independent_signals,20270409,0.00023392474907333886,0.012870329000322393,-0.06954908426785002,0.06954908426785002,0.018435046113784336,0.055898920738075744,-0.014779291295333327,0.055084763126458776,-0.013904875461632667,0.0858204603217958,0.031414497285313044,0.8794027373723584,0.5933947831121107,0.27333276124026296,6.63721337554575,10926.787296277344,0.002,0.014265048289637252,0.32963986122293465,0.0,0.0,0.0,0.041458469221280714,0.0,2.4383718317205256e-15,1.1906112459572878e-15,-0.003912194076333676,0.030186189823789063,1.0
independent_signals,20270410,0.000517622127934958,0.01267521954272166,-0.08102310939253977,0.08102310939253977,0.021973037791389538,-0.0015222526020609427,0.02178986033545228,-0.00480759752470382,0.006364425170728701,-0.15648038957852162,-0.008513417828140983,0.9148708245604221,0.5511342262615899,0.23235939094266247,6.62635690868003,5736.214459114975,0.0032,0.03849658572691308,0.3955931874701013,0.0,0.0,0.0,0.040568450908188725,0.0,3.3866275440562853e-15,1.7197717997160825e-15,0.03141884017125048,0.00533577941292981,1.0
independent_signals,20270411,0.00032903517569341434,0.01277455846163106,-0.07303648034641788,0.07303648034641788,0.01765081757715212,0.01661790783791068,0.004305540643351425,0.000853167340651023,8.019743496939039e-05,0.006830188793387926,0.07464011144960912,0.8698773062739422,0.5465348188835834,0.24202007655158933,6.656014426268813,11473.41619786472,0.0028,0.011183447232106411,0.3671591066408677,0.0,0.0,0.0,0.02640699662051249,0.0,3.1156973405317828e-15,3.042673184113069e-15,0.032457401398013404,0.000614691401587629,1.0
independent_signals,20270412,0.0001447400891230803,0.012990979187449894,-0.07482007035825325,0.07482007035825325,0.02097087775803974,0.006529431853139493,-0.01739688608546733,0.018487744263973142,-0.006835983481601708,0.04940023150564654,0.004989161792809758,0.8549099832402465,0.5183780497038886,0.25155732516688445,6.6355229991588836,8398.437405134457,0.0032,0.023534750775161973,0.5654089060632692,0.0,0.0,0.0,0.02124602998052727,0.0,2.302906729958274e-15,2.778092907233672e-15,-0.06181883842609746,-0.014135850254187548,1.0
independent_signals,20270413,0.0002836112613306522,0.012846843973621996,-0.058487037922106105,0.058487037922106105,0.01882721750921525,0.017522260600156124,0.0179348829466391,0.031249381541127132,0.03589177935061128,-0.010866962652884116,0.0781912034381438,0.9022367535351625,0.5723283453604839,0.25377321472220765,6.640696240741629,12290.86519701402,0.0036,0.013274271586478825,0.3519759123113021,0.0,0.0,0.0,0.022393593855094318,0.0,5.147673866965554e-15,1.7197717997160825e-15,0.045505083301785536,-0.019699507625163856,1.0
independent_signals,20270414,0.00021328217901538373,0.012649167197504243,-0.04228755272301179,0.05053611445980303,0.01700883009303083,0.051354016729874795,-0.03469035132284815,-0.0025203002195638468,-0.031165610810702495,0.052435121544057495,0.04036657813086277,0.8650291791014959,0.5669057676960176,0.22949916264564618,6.642596860532475,5943.167480132603,0.0024,0.03716876788069089,0.38987007786748495,0.0,0.0,0.0,0.03256321662687944,0.0,3.657557747580788e-15,3.96870415319096e-15,-0.0029334677122868327,0.007180077292680202,1.0
independent_signals,20270415,0.0003347614352033244,0.013131768532212089,-0.09933995062950216,0.09933995062950216,0.021006361465143022,0.02047737620429295,-0.019409406064476283,-0.012561515953898586,0.04133186331819072,0.011665502595949118,0.012994940599284755,0.9102426505173835,0.5402326988114176,0.2497002161828435,6.636430588675301,7577.104611111784,0.0036,0.028298665574145166,0.41736761904821706,0.0,0.0,0.0,0.036228263633991675,0.0,2.1674416281960227e-15,1.5874816612763839e-15,-0.013506482846840811,-0.0009202668785369301,1.0
independent_signals,20270416,-1.0787705031832217e-05,0.012623253273309636,-0.0925272211867548,0.0925272211867548,0.021994247803337957,0.040115675961480614,-0.01685557212107951,-0.02770325409664552,0.015623502178505172,-0.035331165510304796,0.037441354596302774,0.7939382459608414,0.5372885096167794,0.25334048261228775,6.599612751157587,6201.569753078022,0.0024,0.03626466281704159,0.42912891095086825,0.0,0.0,0.0,0.027683354915675196,0.0,1.625581221147017e-15,1.7197717997160825e-15,-0.02494489172594389,-0.0009849612402186027,1.0
independent_signals,20270417,9.497126461150885e-05,0.012853168352785516,-0.10438481660005482,0.10438481660005482,0.019387870613306515,0.02180355774279931,0.020627323488134227,-0.011405437196679078,0.01418075741996359,0.0326100057331038,0.05807225775394518,0.8547126640804106,0.5045575712128104,0.3087909394854262,6.668657746461041,12974.720884171307,0.0028,0.009515765935213458,0.4825094590849901,0.0,0.0,0.0,0.023514243095808185,0.0,2.7093020352450286e-15,1.5874816612763839e-15,0.025085996147008734,-0.016388833067464675,1.0
independent_signals,20270418,0.0006704416547123714,0.012470669082891144,-0.07000912944675915,0.07000912944675915,0.021717743844618404,0.010809291973543684,-0.007427797036384584,0.021878024180554314,0.0074061691094220745,-0.10103589496390741,0.02867451802621217,0.9533232124616635,0.5957890236055623,0.2712857225212976,6.636451959220567,7121.747659638601,0.0012,0.031648427634537624,0.2812744460215212,0.0,0.0,0.0,0.04710086200982566,0.0,2.4383718317205256e-15,4.233284430070357e-15,0.015148488192110586,0.04502113301816452,1.0
independent_signals,20270419,0.000566579170087039,0.012828820003103663,-0.07775237025392792,0.07775237025392792,0.020718995844684885,0.03609061530380887,-0.005962881992074038,0.04068125148925282,0.025173024106381624,0.06153893638200714,0.0330205925380132,0.946802234351641,0.5922450421695087,0.18062053504525488,6.635193406749697,5965.0576433465485,0.0032,0.0378107642893503,0.2609014509178301,0.0,0.0,0.0,0.047275616366026396,0.0,3.251162442294034e-15,1.98435207659548e-15,0.07331652249263282,-0.01326631160093259,1.0
independent_signals,20270420,0.00047403636905151884,0.012702047845581075,-0.09679441596629905,0.09679441596629905,0.019117822606753397,0.0463130260914127,0.003486394751013579,-0.01894137057503093,-0.006858799683771035,0.04399800114331809,0.014030475466555512,0.9275716583759263,0.5543453474192579,0.21091514431598038,6.612859815095025,4850.244182362643,0.0048,0.04503980612559972,0.3316244207377739,0.0,0.0,0.0,0.04555559619121752,0.0,2.1674416281960227e-15,2.1166422150351785e-15,-0.042158796037093584,0.01082559108494704,1.0
independent_signals,20270421,0.0005408301328604025,0.012908896048439393,-0.05413884544123291,0.05747388694151648,0.017477077082244396,0.0730932362788679,0.0240242495430951,0.028004671565105332,-0.012226137164016033,0.09008952712642948,-0.0008038573558003873,0.9363339300781707,0.574560755390774,0.21607194142944147,6.626744199206981,4862.4423318046165,0.0032,0.04493911367237951,0.2736878199844718,0.0,0.0004,0.0,0.04412550727209519,0.0,4.199418154629794e-15,1.8520619381557813e-15,-0.07242279102568616,0.014441217734553405,1.0
independent_signals,20270422,0.00047157552112872986,0.012829156308947029,-0.07042165483361644,0.07042165483361644,0.013979484994524987,0.04210091901548832,-0.014021463592724687,0.008160289115952738,0.0013323969115816051,-0.248688169968466,0.04344048190254821,0.9033186716430001,0.5108693942549518,0.24596453971839152,6.635321681472693,6125.484381113837,0.002,0.036329875271777806,0.294227495998863,0.0,0.0,0.0,0.046324504364224195,0.0,4.876743663441051e-15,1.98435207659548e-15,-0.06651147488563092,0.03648017311614003,1.0
independent_signals,20270423,0.00018922738668803376,0.01281298250077002,-0.10684574553981781,0.10684574553981781,0.022105137033707846,0.04790784478175061,0.005349169976733205,-0.04666764163358188,0.0066977168093628235,-0.11908499561437491,0.023730144940762327,0.8222466992540391,0.5122967939424727,0.3098320554134622,6.634332402712808,13296.754324236634,0.002,0.008324417545160275,0.4686122390023175,0.0,0.0,0.0,0.024494468583295737,0.0,1.7610463229092685e-15,3.042673184113069e-15,-0.044231831069694166,-0.0024690404325134825,1.0
independent_signals,20270424,0.000839158874127103,0.01264096277249887,-0.09148076095633151,0.09148076095633151,0.018463224624920796,0.04143296227770227,0.008086515327532951,0.0060217931196487485,-0.002051923603316327,0.009205276494974601,-0.023273969381557635,0.9613643389123976,0.5581109214300285,0.23653105163380939,6.6390797547920215,3614.091947800459,0.0036,0.054503519246326744,0.20113024738469165,0.0,0.0,0.0,0.06785905811866577,0.0,5.0122087652033025e-15,4.630154845389453e-15,-0.04503868007101723,0.01528602676928139,1.0
independent_signals,20270425,0.000751853696978279,0.013183433270259521,-0.10199963842941576,0.10199963842941576,0.021144108600382402,0.02293326960310049,-0.015347536380102658,-0.01284512124425364,0.013204085207691282,0.13543775022301352,0.04519062163750056,0.9582093901585607,0.5347947242748043,0.2355642729765939,6.654215432016491,8882.716621035275,0.0036,0.026897511590222904,0.34932328360123066,0.0,0.0004,0.0,0.046970510245101904,0.0,2.302906729958274e-15,2.1166422150351785e-15,-0.0909037150058038,0.018819354143810047,1.0
independent_signals,20270426,0.00043275054087801016,0.012881003452904877,-0.09736598727659408,0.09736598727659408,0.018267841438587583,0.012157609950629977,0.009821720098876495,0.0032068277089913138,-0.009811458868807259,0.05366016862084333,-0.016450947582167044,0.9329483624984926,0.534306282424798,0.21694892593562365,6.636123070982059,4171.49186661766,0.0032,0.04940978665632305,0.2788160075133188,0.0,0.0008,0.0,0.04097547860203066,0.0,1.3546510176225143e-15,2.5135126303542743e-15,-0.07641030799726181,0.01690150487198006,1.0
independent_signals,20270427,0.00023240167513101752,0.012675708553240586,-0.09834154539282314,0.09834154539282314,0.02094154038251585,0.031090573101239184,-0.013301771149766238,0.007453202968980718,-0.026142171670549014,0.12573931891804335,0.019445644456594427,0.8595533948448384,0.5616694252387485,0.23456583261846364,6.623303369378625,4553.664620117488,0.0044,0.04671468279271224,0.29359040020876825,0.0,0.0004,0.0,0.044713622626408656,0.0,1.7610463229092685e-15,1.98435207659548e-15,-0.057680883768629176,-0.06746120103438168,1.0
independent_signals,20270428,0.00030892046550797084,0.012607207159885203,-0.10366491028009497,0.10366491028009497,0.02015348672919654,0.03430190216585138,0.009958304189155763,0.0012103771144585226,0.00794663184950255,0.058770184073996035,0.04626227385847698,0.8369044286405529,0.597968455318452,0.22459937515968767,6.608932466034481,9153.234077470928,0.0016,0.018795473314760714,0.35345242695177737,0.0,0.0,0.0,0.028650851162332236,0.0,2.7093020352450286e-15,1.8520619381557813e-15,-0.023687119570854617,0.0008879275648695455,1.0
independent_signals,20270429,0.0003298814927078048,0.01260967161034806,-0.09394619988415726,0.09394619988415726,0.0209048759997122,0.05078696999859954,0.0006956404585766036,0.02464455868211527,0.020089215931350986,0.10308615264523091,0.018436841128505476,0.9148885022793907,0.5515839099998998,0.24871041723314566,6.632874520364927,8056.35031720308,0.0032,0.025605664842711703,0.32103004640655763,0.0,0.0,0.0,0.030950706639677472,0.0,2.573836933482777e-15,3.1749633225527677e-15,-0.0704240682640972,0.007695565636103624,1.0
independent_signals,20270430,0.0004377796182217082,0.012621533446892808,-0.07690358675346702,0.07690358675346702,0.023502153815417596,0.07039180617884744,-0.005037971577973053,0.01290843026860204,-0.0008093558316755822,0.07826541084826744,0.0421914177611422,0.8993424154602457,0.5836045542643009,0.2135337152284403,6.623181793013904,5911.153969922974,0.0028,0.03740261604285796,0.3129966003431316,0.0,0.0,0.0,0.042225264501353,0.0,4.063953052867543e-15,2.3812224919145757e-15,-0.044890342596596564,0.014619498794541799,1.0
independent_signals,20270431,-8.054314196795786e-05,0.012713322843722678,-0.06720905779474612,0.06720905779474612,0.01805600907112611,-0.002675430963603325,-0.008758207887439994,-0.006386970140007337,0.014924535187580079,-0.023438465292615174,-0.007323576741276775,0.7764293450440557,0.5494869266086047,0.2466914644100102,6.627637515293046,7500.035766765183,0.002,0.02890153034655725,0.40492451830827303,0.0,0.0,0.0,0.025800977575637596,0.0,2.980232238769531e-15,1.3229013843969864e-15,-0.011567602691127275,0.01967452729484576,1.0
independent_signals,20270432,0.0007066512915932626,0.012496596367679256,-0.06467929333932722,0.06467929333932722,0.021273510115598176,0.030418702861402545,0.03479538673767076,-0.037131413396775295,0.0208260330740082,-0.05316788529569072,0.033019793204142514,0.9561993246295907,0.5485696828011734,0.19444959608348028,6.621411061538368,3458.1378147811515,0.0024,0.05529251170355921,0.2566734991659605,0.0,0.0,0.0,0.05957504347511744,0.0,3.522092645818537e-15,2.1166422150351785e-15,-0.08570961155698367,-0.004648094850494626,1.0
independent_signals,20270433,0.00010266575233868593,0.012415317200448356,-0.022407797050397048,0.04939982751750608,0.015789236969518464,0.02667874342738636,-0.024968838648954488,0.0161329123339598,-0.04367913095961161,0.03571359286292042,0.016305130328176824,0.8341307329040866,0.5693163983616024,0.19043065902306572,6.602166400192119,5692.31544976537,0.0028,0.03912609885506187,0.48023053051963194,0.0,0.0004,0.0,0.025715725839597914,0.0,2.1674416281960227e-15,1.98435207659548e-15,-0.09636651899560365,-0.015594091518285513,1.0
independent_signals,20270434,0.00012778319619174782,0.012806425213919967,-0.12966975521889207,0.12966975521889207,0.023754857179180307,0.022636744877391854,0.00018754556468665617,0.011310044834256102,-0.0068391055792903,0.0576184223629701,0.019525662381177467,0.8248041670532674,0.5135406751196224,0.29023793974604306,6.605583830613373,11587.735106895814,0.0044,0.011123878342775822,0.4312878826251928,0.0,0.0,0.0,0.020215388762242048,0.0,4.605813459916548e-15,5.953056229786439e-15,0.00391626009069497,-0.019202211770260005,1.0
independent_signals,20270435,0.0002651667185102021,0.012874547321625816,-0.03659168096455567,0.03659168096455567,0.015953707402185453,-0.0029841804208732775,-0.008763644861514791,-0.017620259276394698,-0.010642461917492428,-0.08184151187627187,-0.022669294799770194,0.9111384581837615,0.5510057700559545,0.2216563003678273,6.639435659210066,4384.013478010738,0.0012,0.04850478373350836,0.5376888677636715,0.0,0.0,0.0,0.0382783085454943,0.0,1.2191859158602628e-15,4.233284430070357e-15,-0.0326200594095864,-0.008716518543361397,1.0
independent_signals,20270436,0.00010133517891283468,0.01282088765436554,-0.11428851796322145,0.11428851796322145,0.018836061653045334,0.03902088367101357,0.007710992168407043,0.029912009075629915,-0.005368901940213598,0.03769900738786891,0.03171899132572014,0.8178044893360077,0.5358507854388072,0.27597178218946883,6.618413236372914,12557.004008897311,0.0032,0.008274557476738003,0.4997280270548138,0.0,0.0,0.0,0.02093838726689712,0.0,1.3546510176225143e-15,3.042673184113069e-15,0.05767118225751743,-0.007546417142901841,1.0
independent_signals,20270437,0.00016791555647713353,0.0127689175216576,-0.0509880270694176,0.0509880270694176,0.018797258501657515,0.03139328480154817,0.010500946519318622,-0.014088573026491037,-0.008420237492834716,0.10314777211619752,0.058244804892770514,0.8274559831481894,0.6123921668930825,0.22074852955925214,6.611501047209349,8118.86327269547,0.004,0.02462068570143303,0.3685039810020889,0.0,0.0,0.0,0.02371721134567384,0.0,2.4383718317205256e-15,2.9103830456733705e-15,0.014638128506548503,0.0038920149387076408,1.0
independent_signals,20270438,0.0003135284580023235,0.012573743622566176,-0.11317046558286196,0.11317046558286196,0.01958900153696385,-0.010986564209025,-0.030543744310775767,0.031673851940292125,-0.01310363163534964,-0.016073695757854,-0.010462997908110084,0.9096554761154767,0.5129848540127365,0.22098072385769812,6.631758216635631,5618.5162256059375,0.0028,0.03941098638856365,0.29899710726040085,0.0,0.0,0.0,0.0368489856166383,0.0,2.980232238769531e-15,3.7041238763115625e-15,0.07530069679631989,-0.010316856134698313,1.0
independent_signals,20270439,0.0003626894513645244,0.012823741209697414,-0.059956375683530946,0.059956375683530946,0.01662392222105799,0.06651164567537239,-0.009145791103940525,0.006748180571213642,0.018549984410991278,0.17767237705681893,0.04937457633481682,0.939328606836933,0.5686422437962817,0.2251188927376032,6.623123783202978,7788.3311167204365,0.0048,0.02795376375127697,0.3626934201448878,0.0,0.0004,0.0,0.03359379204270341,0.0,2.7093020352450286e-15,1.3229013843969864e-15,-0.03775227089495011,0.0039051195294512505,1.0
independent_signals,20270440,0.00048266544137132216,0.012726973102029842,-0.05250059289501784,0.05958519279608921,0.020160547689736203,0.026234454361828894,0.03589766796472067,-0.015148248539542115,-0.002961029372753995,-0.10006099980875094,0.027933029357124578,0.9306630260460663,0.5272978458054126,0.2230288895845965,6.629926206743871,4628.986266407819,0.0036,0.04614886615662452,0.324938467666509,0.0,0.0,0.0,0.04356585509805111,0.0,3.1156973405317828e-15,1.4551915228366853e-15,-0.11016067919924821,-0.021635167145208443,1.0
independent_signals,20270441,0.00042138737246459927,0.013020609050172926,-0.06571928209004949,0.06571928209004949,0.025888771922994096,0.02900524189487784,0.009981030993413327,-0.0255293372009954,-0.030305856613589425,0.08659739903948704,0.006965792913653089,0.9133235245111812,0.5938318473805725,0.26978129075146,6.640524394989651,8289.13623281254,0.0028,0.023814273118926296,0.22901325991686994,0.0,0.0,0.0,0.04338686553753712,0.0,2.980232238769531e-15,5.0270252607085486e-15,-0.03989823954638374,0.03041960924672742,1.0
independent_signals,20270442,0.00031279027401007295,0.012978310647580716,-0.0828228802879248,0.0828228802879248,0.013856581527344994,0.01835668241559686,-0.02692293568320089,-0.008157113175332128,0.03338291715991012,-0.03877338460865598,0.02004919755171585,0.914826506820367,0.5365768578666246,0.2751259769546418,6.653614249846239,12372.41532453693,0.002,0.014877956219307816,0.37232246474457986,0.0,0.0,0.0,0.024598658329849865,0.0,5.824999375776811e-15,2.645802768793973e-15,0.01937169675046863,0.021511643458515355,1.0
independent_signals,20270443,0.0003925446137739318,0.012672112745602168,-0.09769002895485883,0.09769002895485883,0.021370783811801658,0.020529988000408624,0.00455304830223268,-0.012361274953446992,0.009503458268749342,-0.06672616465694015,0.023949016584554676,0.8977608947695193,0.5733576532728281,0.197318883126752,6.6479613804619895,7701.9546389275965,0.0024,0.02737572968854041,0.3772336435965543,0.0,0.0,0.0,0.033746276024317234,0.0,2.1674416281960227e-15,1.5874816612763839e-15,-0.0029901290445476718,0.027775115713506122,1.0
independent_signals,20270444,3.049808745017195e-05,0.012693132137520316,-0.049432862814166985,0.054672540677114204,0.021806985169294846,0.05835864968694125,0.016359927128335023,0.008234067885706575,0.01561818264565629,0.07100976100902479,0.023204446565324378,0.8510064180907747,0.5642826814066595,0.25633371003288746,6.619145484224285,4806.8920634365895,0.0032,0.04549572882848617,0.5402122583606492,0.0,0.0,0.0,0.03198407923786051,0.0,5.824999375776811e-15,1.3229013843969864e-15,0.017222264843885265,0.017161861730345833,1.0
independent_signals,20270445,0.0006126081344052582,0.012823211559210852,-0.08440942022801394,0.08440942022801394,0.02101731136008318,0.017415196502942452,-0.0351847315208835,0.018580158872578734,0.028302771808830757,-0.05876311972139847,0.019569189019929396,0.9581322017194667,0.6218938385516408,0.2207806905895006,6.65818926681068,5148.341398091552,0.002,0.04267909929549574,0.30298073303336226,0.0,0.0,0.0,0.05081129802280282,0.0,4.605813459916548e-15,5.1593153991482476e-15,-0.046089022263807,0.033319893747354286,1.0
independent_signals,20270446,0.0003172893158197514,0.012405544560703015,-0.03678704478221863,0.04612127056718052,0.020773551121713252,0.01647558242668766,-0.0169773850083781,0.014509826843430426,-0.0002783006767261285,-0.0295576391921073,0.018704539773780025,0.9239830473912278,0.5768119161100538,0.21115183945170413,6.606621803291739,4345.993927210495,0.0028,0.049080677163289836,0.42246946218031545,0.0,0.0,0.0,0.04480316657521155,0.0,1.4901161193847656e-15,3.96870415319096e-15,-0.058302879530737345,0.02018391836127376,1.0
independent_signals,20270447,0.0007707222595216831,0.012796558456116068,-0.056291923042273206,0.056291923042273206,0.020790082376593313,0.04001577969378137,-0.02226051864773819,-0.0014486559546237415,0.0232894590688286,-0.050413353226597124,0.020147224003743507,0.9706685116689815,0.5604395729683807,0.18208592391084583,6.625375701602308,4243.919872683768,0.0036,0.0506022874412291,0.3059004761054578,0.0,0.0,0.0,0.05872108705422385,0.0,4.3348832563920454e-15,3.439543599432165e-15,-0.002121769137427256,-0.006430834545888568,1.0
independent_signals,20270448,3.540436480900482e-05,0.01291602046742733,-0.07224318364079933,0.07224318364079933,0.020253589139518052,0.009408135799454211,0.026505875162624638,0.017069754836973088,-0.014698551255090416,-0.09756710187552509,0.0008719617519608048,0.7779433547748844,0.5730376989687369,0.22128529877383704,6.6507809249530325,5433.630453208966,0.002,0.041201450546549036,0.4253168518792939,0.0,0.0,0.0,0.037799160171839485,0.0,2.0319765264337714e-15,1.98435207659548e-15,0.06760788083867729,0.03417898240277837,1.0
independent_signals,20270449,0.0004942210992409759,0.012684057064082153,-0.06866421697072815,0.06866421697072815,0.02245473861989222,-0.0006860706289670789,0.04189280589074273,0.04276960467079181,0.004017759584089897,-0.09326573979424513,0.01962849954471245,0.9275603837242744,0.5744237423154678,0.18416487569993825,6.6270182689912405,3735.4101272535786,0.0028,0.05292319697063904,0.34505787145832545,0.0,0.0,0.0,0.05221784629423998,0.0,6.2313946810635656e-15,3.042673184113069e-15,0.09905152915065556,-0.007049127697052948,1.0
independent_signals,20270450,7.316803146092603e-05,0.01238676161407841,-0.06327452131988114,0.06327452131988114,0.01922086353910254,0.007046785964927236,0.0006415280854858026,-0.008417443486771262,0.011811183209020257,-0.041785904531611795,0.0029240894956563406,0.767040364428999,0.6127684372613129,0.2298140651495268,6.609810104210631,10398.890139269646,0.0028,0.013686456011134563,0.3894855790408409,0.0,0.0,0.0,0.03817242948173338,0.0,5.68953427401456e-15,1.8520619381557813e-15,-0.07918595340885282,0.02416038655672886,1.0
fixed_participation,20270401,-0.00020539311382815483,0.023661424236999518,-0.11998360146789612,0.15648360999235222,0.04305341025635001,0.17143604240392885,0.18722340395280584,0.07787518122053605,0.0021184668667078676,1.6733471633057713,0.34316373163832653,0.8455920455236278,0.2590537966194322,0.6397879990943327,7.146065195060178,16252.324095543232,0.0104,0.01866053340838019,0.619968251130281,0.0,0.0232,0.0,0.24233350397377817,0.0,3.251162442294034e-15,4.233284430070357e-15,0.07373722148101972,-0.017956413729281476,1.0
fixed_participation,20270402,0.0006466475696014431,0.021052672316518306,-0.0713610937623588,0.11625286350874148,0.02894267585622376,0.15359770069510648,0.13683152702442122,0.029197213897885967,0.015115932949085299,1.0720052800351088,0.16351617964745963,0.9160979244667866,0.33345073303680794,0.5339280136719694,7.044868218646868,4325.94738132421,0.008,0.05183563621725526,0.4164972063276283,0.0,0.012,0.0,0.24034701037101214,0.0,2.84476713700728e-15,5.291605537587946e-15,-0.11247504945955838,-0.003924868126224531,1.0
fixed_participation,20270403,0.0005359969530616052,0.02141239609566072,-0.08028633766022578,0.12560322302661325,0.027603162347623,0.07872944679954404,0.07966786387881149,0.04774764945182454,0.014443338924339735,0.367684627846093,0.20317930840549545,0.9156283776306673,0.2997008064906214,0.5824495438799379,7.081156588065302,6533.2434585088295,0.0044,0.03788066286749803,0.3000793241838319,0.0,0.012,0.0,0.24906166247863992,0.0,1.2191859158602628e-15,3.439543599432165e-15,0.07028724031401361,-0.026617590834351446,1.0
fixed_participation,20270404,0.00039183221372179704,0.02147544160036717,-0.12419325038231446,0.12419325038231446,0.02976376450239716,0.08151013359327564,0.0677133549206337,0.01352484943050281,-0.0034293481463840885,0.7074385685012583,0.16611669979992572,0.9081344964142357,0.30875095244637735,0.5768666469944048,7.116039868503972,6621.941795116903,0.0064,0.03848531940089905,0.3078544384469125,0.0,0.012,0.0,0.22660753878723017,0.0,1.4901161193847656e-15,4.100994291630658e-15,0.06405314003721614,0.0391814965163267,1.0
fixed_participation,20270405,0.0003397654796962403,0.021709015976428856,-0.10585440132228015,0.12528006782746007,0.031247776956847283,0.11019775270216292,0.10399692275610395,0.01810422738234399,-0.04467100353878026,0.9624409554124096,0.15733378861349662,0.8712920011204658,0.29815133785403414,0.5726263399211566,7.160151283107854,4914.369389381833,0.0072,0.047071384767394635,0.36421703247542414,0.0,0.0108,0.0,0.2255875012129991,0.0,2.1674416281960227e-15,3.042673184113069e-15,-0.017676564349255432,0.01895204238590404,1.0
fixed_participation,20270406,0.0002768363918729932,0.02083808329767684,-0.05601196433264292,0.1292788722179795,0.03905981966024212,0.08479393798635684,0.09702992962581247,0.019187116172850724,-0.011841371870892944,0.5487931827968144,0.24719705636476563,0.7600250812885978,0.3237035814696856,0.575916906284332,7.084322624882128,5002.821327065879,0.0072,0.04530721996399797,0.42023024657765806,0.0,0.01,0.0,0.23155889253762618,0.0,2.4383718317205256e-15,4.365574568510055e-15,0.004532700015970494,0.008183567362196302,1.0
fixed_participation,20270407,0.0005305517001243633,0.021324640873370708,-0.1026872202420437,0.1344700210735532,0.03783818368856331,0.09624086324959867,0.13094832769298947,0.028406562402857,-0.03295476615213181,0.7778933049037033,0.19122278756357491,0.8567461573021526,0.2962423008412492,0.5584339826184914,7.1715743469573,3683.8440677509375,0.0072,0.05492492048309014,0.2989444048938773,0.0,0.0112,0.0,0.2068335907205514,0.0,3.3866275440562853e-15,8.73114913702011e-15,0.03712752791725828,-0.001228900559647488,1.0
fixed_participation,20270408,7.168600024646921e-06,0.021398066599750215,-0.08112530838336088,0.16637391870974796,0.02971526438731694,0.1175248437204412,0.14770756523701603,0.050107798975497074,-0.0033390668290255647,1.314167268510742,0.2730595764004203,0.7450283032006815,0.3168348283756566,0.5638444610369941,7.036704073510875,6974.383743319681,0.0068,0.03341474291223919,0.42887777104329583,0.0,0.0116,0.0,0.2430969580863065,0.0,1.8965114246715198e-15,2.9103830456733705e-15,-0.049132862104219376,0.018938745545051094,1.0
fixed_participation,20270409,0.0002302285385003035,0.02290740389257522,-0.1523785621660442,0.1523785621660442,0.030963579352487187,0.12309831947214767,0.1386556256570209,0.04728200996302928,-0.02207119007985992,0.7742991338555263,0.24864832325421424,0.8435697737466948,0.24919537253689325,0.6289931117979798,7.171454755360394,10980.418234973333,0.0072,0.020050911078941733,0.3346718976113009,0.0,0.0196,0.0,0.24084565647149492,0.0,2.573836933482777e-15,2.645802768793973e-15,-0.12340585419843478,-0.017769734307310006,1.0
fixed_participation,20270410,0.0005188491058679066,0.020647552183291944,-0.09755717954800644,0.09755717954800644,0.031862291641659025,0.08804763648344102,0.09114561317003739,-0.014186854042711212,0.01467591676274415,0.2745230458075332,0.1607571638871992,0.8669229490593856,0.32753145969302006,0.5600457442466474,7.07117902626454,5766.465519834567,0.0044,0.04067043257260295,0.4165503580225176,0.0,0.0088,0.0,0.2358417176022629,0.0,2.4383718317205256e-15,3.96870415319096e-15,-0.04788569108362831,0.007179508033702267,1.0
fixed_participation,20270411,0.0003272793519827765,0.021584871511714007,-0.10225940866300659,0.1566125968242831,0.032652780953051255,0.14908263544774536,0.14840346964542242,0.045589395286086354,-0.026634126480704925,0.6732781983511815,0.3196811293917584,0.8598396034636717,0.3229437208993481,0.5859376615143359,7.045668859691571,11749.873154899025,0.0072,0.01888045473744974,0.39869444699434586,0.0,0.0132,0.0,0.25094757776828613,0.0,1.4901161193847656e-15,3.5718337378718635e-15,0.03585457895701862,0.05408449345230163,1.0
fixed_participation,20270412,0.00014481979772754236,0.021301245895711526,-0.10974365490722433,0.10974365490722433,0.026370173043845518,0.08262936241707447,0.10208911918905714,0.02036043077611002,0.0009531503258974269,0.9020896297112633,0.2550333462392935,0.7962692841236131,0.30268672255864776,0.603784186411837,7.071991594677934,8466.20458408098,0.0052,0.025252919333588707,0.5739799129281453,0.0,0.0116,0.0,0.24624862637495815,0.0,5.5540691722523084e-15,1.1906112459572878e-15,0.10287720336462872,-0.035312241532760365,1.0
fixed_participation,20270413,0.0002883569378760392,0.021361994563697133,-0.07441461852989714,0.09885628239232665,0.03619553967607901,0.08212110474675993,0.09391469415347771,0.02759246108244535,0.007416058420612974,0.49201551784173647,0.2636837871004528,0.8664061057953363,0.3250138734338814,0.6152689780581495,7.031086883591231,12436.368930229179,0.0056,0.021404529835582838,0.357517295349407,0.0,0.012,0.0,0.24171981962607814,0.0,2.4383718317205256e-15,2.3812224919145757e-15,0.03487791453988506,-0.02612569708823699,1.0
fixed_participation,20270414,0.00018750856809440143,0.02099533947820712,-0.08680183086441873,0.11652774942689781,0.03274090579061821,0.11775326939922878,0.09356513049903878,-0.01692183379183494,-0.022756878292301577,0.48392537082979636,0.21447502007611527,0.7797751194662025,0.31583953958051597,0.5724955001905293,7.103467200938507,5965.23471201378,0.006,0.03881036257023285,0.39670059696109305,0.0,0.01,0.0,0.21839481483147938,0.0,2.1674416281960227e-15,4.100994291630658e-15,0.05004737491782881,0.0024613342047400066,1.0
fixed_participation,20270415,0.00031667829621688954,0.022301803656564822,-0.127278764664892,0.127278764664892,0.033649184178933,0.12480608414309304,0.06134529785200973,0.039792982468556996,-0.04385673919913578,0.9710855228319124,0.23640433146254905,0.876295666298197,0.3125801854157174,0.5913379555608937,7.124461855280078,7644.623158151678,0.0068,0.03137646776103623,0.46304248126206626,0.0,0.0152,0.0,0.24240802749186074,0.0,4.470348358154297e-15,6.614506921984933e-15,-0.014821305974557032,0.004302386147182154,1.0
fixed_participation,20270416,-8.480664841906815e-06,0.021312846086711815,-0.11400031653917025,0.11850173220747744,0.03394891335797181,0.09016537067132513,0.08980101134328752,0.062331721209391754,-0.001119657014119167,0.6684104277768115,0.21995393313350403,0.695810124100247,0.31822651798092944,0.5639702358403791,7.109801870573964,6227.928264346905,0.0068,0.037491938965347596,0.44462853092899635,0.0,0.014,0.0,0.2183428711430926,0.0,2.7093020352450286e-15,1.7197717997160825e-15,-0.11801424285681578,0.041562415123717174,1.0
fixed_participation,20270417,8.917358331976252e-05,0.02261218188701904,-0.1470481927202982,0.1470481927202982,0.03364413603747503,0.10154053549610144,0.10454414119931041,0.013596934591240045,-0.050750784601066065,0.5326681333269296,0.22859732376149108,0.7930559291803978,0.2732598788051856,0.6402299946973109,7.141019248248618,13110.238623490965,0.006,0.01815190390222018,0.4709082211941814,0.0,0.0148,0.0,0.23127329346889658,0.0,2.7093020352450286e-15,1.4551915228366853e-15,-0.06510996618503381,0.03072459263273048,1.0
fixed_participation,20270418,0.0006586333103177925,0.021877527714793156,-0.09586229928819576,0.1534485534395623,0.03762568750485308,0.12712874733604096,0.15298400210051058,0.05309665840834552,-0.006770323042029458,1.0540671042636882,0.2189870189733061,0.9152516261008858,0.29408394878727745,0.5850412683999828,7.085283004115213,7258.574667733368,0.0088,0.0366459291499998,0.27931839041134754,0.0,0.0148,0.0,0.24059221767912375,0.0,2.0319765264337714e-15,5.291605537587946e-15,-0.029705173839055975,0.00519589838816985,1.0
fixed_participation,20270419,0.0005548958606286512,0.021127908376650347,-0.10813549330564577,0.13759885623135007,0.031546901693288866,0.08075976242221514,0.09320369816318239,0.04923261808237454,0.001508164639747337,0.8081340421755581,0.15971755879421404,0.8959594442596838,0.30776379936842646,0.5767081668459135,7.087908450794085,6037.015401914251,0.0084,0.040389381483276074,0.2818951574178571,0.0,0.012,0.0,0.2261747845393245,0.0,2.1674416281960227e-15,4.630154845389453e-15,0.03566210267646335,0.00016707967705849314,1.0
fixed_participation,20270420,0.0004795424613724542,0.020899713381373256,-0.09570482470838393,0.11521824138608035,0.02777855592794996,0.06689644358137242,0.0646431875013068,0.03444855999224912,-0.026936805569287667,0.3377953229595061,0.13999180221984925,0.8783365414620942,0.33424956023644886,0.558179013697713,7.031650676319306,4885.297375202537,0.0048,0.04659585684594625,0.34151898574926887,0.0,0.0108,0.0,0.22784853514040093,0.0,1.8965114246715198e-15,2.1166422150351785e-15,-0.01790316553875932,0.0015895900488632501,1.0
fixed_participation,20270421,0.0005378311642790177,0.021757788343120102,-0.0943723154161741,0.13434319762065672,0.028871978706774038,0.13672558452288397,0.13341653451053584,0.09296111307941471,-0.008681162952888148,0.4676355759895481,0.1684113374186057,0.8924292711456252,0.31411945213650755,0.556347728141605,7.144072860978403,4866.238109537497,0.0044,0.047631422206392104,0.2974003494463433,0.0,0.0148,0.0,0.2288507396810182,0.0,1.625581221147017e-15,2.778092907233672e-15,-0.0873498868481219,0.003980063414920392,1.0
fixed_participation,20270422,0.0004643497720401999,0.021462737138351586,-0.09512020953538888,0.14174212604510458,0.033835829078790056,0.06405490637566673,0.10823292440038,0.02830109892922696,-0.0018310806625614839,0.22416338532727442,0.21129606099732617,0.845061682225741,0.32743480383234713,0.5793588743707477,7.101807072791203,6126.326231103477,0.0036,0.037991421755491424,0.3240551535830306,0.0,0.0092,0.0,0.23044702326532018,0.0,3.522092645818537e-15,2.645802768793973e-15,-0.0655185189599255,0.013781451568070799,1.0
fixed_participation,20270423,0.00017953568675504208,0.02251601404237939,-0.09410733013094288,0.12996826355592264,0.03634037449435608,0.12198454437053792,0.07946512063540467,-0.0418245188415783,0.014561032779758398,1.102427026301732,0.2935659431460257,0.8039787060247651,0.2915111535376849,0.6212479979974349,7.0682454390922596,13564.702855537218,0.0072,0.018103482089482485,0.4678773816575039,0.0,0.0164,0.0,0.2187489928023285,0.0,2.4383718317205256e-15,2.5135126303542743e-15,0.012899328776045639,0.027767457284402865,1.0
fixed_participation,20270424,0.0008497662890474019,0.02117634829185018,-0.11057871046760087,0.11145332222052945,0.028249779575268846,0.07132688428581022,0.11307685524783384,0.016961355735718744,-0.030648463104735634,0.8548961826740049,0.15213054635373705,0.9328534406322577,0.3329040298709372,0.5405789620604092,7.081548754641147,3648.527953868587,0.008,0.05656818660022657,0.24264950953974118,0.0,0.0128,0.0,0.22850234304274863,0.0,1.2191859158602628e-15,3.836414014751261e-15,-0.04945183020198958,-0.014290427160447719,1.0
fixed_participation,20270425,0.0007466679525456421,0.021953419449309557,-0.1383688085317971,0.1383688085317971,0.03093722029036127,0.11310105086331637,0.09961932238232686,0.019029184507718688,0.04098843005743163,0.7554485208721395,0.21353668724166147,0.9286236377316514,0.29180647561218637,0.5890034924625231,7.078055650201878,9024.634210474422,0.0076,0.03470492449949253,0.38706968192428526,0.0,0.0144,0.0,0.2457770690394001,0.0,5.5540691722523084e-15,2.5135126303542743e-15,-0.06933253157010838,0.05110654645817504,1.0
fixed_participation,20270426,0.00044531638582810055,0.021520906022887188,-0.13914057612737848,0.13914057612737848,0.02975624280980423,0.12595229083303228,0.15215752952772102,0.039012080785833375,-0.006434457675610775,0.5564203882667789,0.17510617943193724,0.8876071406462049,0.2803034755159412,0.5584671952544376,7.130306219667966,4210.806342445648,0.0068,0.051483640482845906,0.29291562963048223,0.0,0.0148,0.0,0.23317349370930973,0.0,1.8965114246715198e-15,3.439543599432165e-15,-0.042757545741220405,0.00029721967867616435,1.0
fixed_participation,20270427,0.00023714538807995497,0.020972734055174358,-0.08384377493879681,0.12892365494493052,0.029249752140444278,0.10227280383928665,0.10977634757223524,0.01483540091073682,0.0006494694439077102,0.504723029257764,0.2120988896808462,0.7797293728903784,0.32075542441991195,0.5523490645520204,7.11407803389301,4570.842860485578,0.0048,0.0478560642323916,0.30131169629255794,0.0,0.012,0.0,0.24142982780406697,0.0,1.2191859158602628e-15,2.248932353474877e-15,-0.035284984716506054,0.008533724507364606,1.0
fixed_participation,20270428,0.00031229189838298765,0.02269362456239832,-0.11142743579899306,0.18168702269327985,0.0368100674843131,0.14634300015652216,0.1637590707647253,0.022001341188640017,-0.020709587851024624,1.3025180810742834,0.313864573151611,0.8207269619707915,0.29955199993238923,0.5977091898478564,7.169614162359647,9243.81641045159,0.01,0.022933607907547445,0.3577384281216217,0.0,0.0156,0.0,0.230503940300262,0.0,2.573836933482777e-15,1.5874816612763839e-15,-0.037270419754020304,0.01684557530427232,1.0
fixed_participation,20270429,0.0003087068100708258,0.021852072353032808,-0.15195223330949717,0.15195223330949717,0.03221478025424615,0.12966813670087632,0.09864256887211684,0.01838486066858398,0.045685934572938,1.045377344201011,0.24650277497207929,0.871311513248941,0.29909598991384057,0.5851482361940781,7.059805006105657,8185.174317072082,0.0096,0.029458206961572114,0.3373568737466287,0.0,0.0144,0.0,0.22433136746536664,0.0,2.7093020352450286e-15,2.3812224919145757e-15,-0.0642804805724547,-0.018571479035259103,1.0
fixed_participation,20270430,0.00043442065814797354,0.021101929588456594,-0.08850777512879777,0.11845489415324628,0.036378682973793056,0.1009722027693266,0.12033430796735595,0.045058662434585964,-0.048076169645011865,1.0752973474823921,0.17127034772365085,0.8465818179618574,0.32795731205385875,0.5720142633674448,7.089219902855597,5949.82507927613,0.0068,0.03879399961598465,0.30752878069579037,0.0,0.0128,0.0,0.2367044234965725,0.0,1.8965114246715198e-15,2.645802768793973e-15,0.027409913096762436,-0.00550576292232325,1.0
fixed_participation,20270431,-5.813330669867831e-05,0.02086974674630551,-0.09275287575004419,0.13361626883028765,0.027651630466379147,0.07949697807496643,0.070682640063287,-0.010758400220674058,-0.008047904879082267,1.5429600252049624,0.2707781960252256,0.7373076822925709,0.3077902277668233,0.5844926561150994,6.9548796765689715,7668.875319432308,0.0084,0.02980091343798897,0.40845229153000606,0.0,0.01,0.0,0.23248723757650014,0.0,1.0837208140980114e-15,3.96870415319096e-15,-0.011004433000533992,0.008066066165835568,1.0
fixed_participation,20270432,0.0007012165882549553,0.020400668234566124,-0.09877781381852682,0.1601700996209919,0.03467068413502297,0.09039944853098549,0.11587592749068784,0.00029530161450197316,-0.053635448330839525,0.5867727050017022,0.1530400374252699,0.9220454611993129,0.30316497735590836,0.5431384022237353,7.0789513102610755,3470.223086656371,0.006,0.05770802398818837,0.26770799397620226,0.0,0.0128,0.0,0.21316649378221952,0.0,2.4383718317205256e-15,2.778092907233672e-15,-0.0790329595234342,0.0015525181058450427,1.0
fixed_participation,20270433,9.854034237897907e-05,0.020357039289466333,-0.07488082197556013,0.10840122130073578,0.032010731695767854,0.0910822768735799,0.09204008449323012,0.04452811338200922,-0.005058352423050902,0.3368356377027615,0.20024388836995421,0.7251261639311432,0.31953803002124426,0.5676716839858996,6.989358300788631,5742.070401084738,0.0036,0.039706944864847125,0.475975577050362,0.0,0.0084,0.0,0.22274450672115953,0.0,3.928487951105291e-15,1.5874816612763839e-15,-0.008565061217594188,0.010150627020204835,1.0
fixed_participation,20270434,0.00011363990520615878,0.021674789163915086,-0.11555814677069005,0.12143587246520532,0.03354533469852807,0.08324264893380934,0.07962491792787417,0.02826422331316316,0.022970876665771855,0.8462955557136977,0.2520345125612617,0.7876204281970668,0.2932349169866346,0.6152193012064415,6.993171305767977,11799.918490243412,0.0088,0.018374702591053067,0.4622567586890519,0.0,0.0148,0.0,0.22335381654475617,0.0,2.980232238769531e-15,1.98435207659548e-15,0.0160656581675678,-0.034887657369064656,1.0
fixed_participation,20270435,0.0002690310086759489,0.022087487281735475,-0.11311096811082162,0.11311096811082162,0.027885562519625744,0.15780995960534722,0.10230509242069129,0.01811441811458696,-0.02664233763111622,1.4653778325819315,0.2506415448949571,0.8657849736757205,0.3151056133088605,0.5468361342061013,7.1269715099942825,4469.067082694895,0.0096,0.050450629601314016,0.5398170118200489,0.0,0.0152,0.0,0.22819642995252187,0.0,3.3866275440562853e-15,2.1166422150351785e-15,0.004755941421745291,0.00032837377958319056,1.0
fixed_participation,20270436,0.0001090573126633121,0.022011790868594144,-0.11565359765296769,0.13438844803321978,0.031000289340172016,0.12405320554209176,0.15127137336215513,0.033154872859502034,-0.05145855542014338,0.7551212634833107,0.2722537294805322,0.8025464098972744,0.28435256904555073,0.6070194883057055,7.105982937569454,12674.374622778785,0.008,0.017718334517287222,0.5076430173103705,0.0,0.0164,0.0,0.2284937523622661,0.0,4.063953052867543e-15,2.3812224919145757e-15,-4.7606868625871356e-05,0.0175486906592726,1.0
fixed_participation,20270437,0.00015739997025901396,0.021098017195419278,-0.10331720648572543,0.12557800003523337,0.02782665554097679,0.057875637676004635,0.08195144485821497,0.03175881158393564,-0.04922077277025269,0.37876435258045227,0.2490871558098834,0.7687503377368644,0.2936421466780508,0.602841437522551,7.066068742386747,8141.918852487593,0.004,0.026952835130383473,0.40112276590926477,0.0,0.0096,0.0,0.22488982902058607,0.0,1.8965114246715198e-15,1.98435207659548e-15,-0.025378186260507852,-0.013959368922127098,1.0
fixed_participation,20270438,0.0003013377664413131,0.021235595109735578,-0.1391752818072591,0.1391752818072591,0.033483301209756906,0.11815634981874447,0.0990248064871331,-0.014091075420024206,-0.010461698857872724,0.786698712137984,0.21488112035009196,0.8713311348521846,0.33387468078282423,0.557494407670453,7.101001657906469,5679.93950076026,0.006,0.040967438865081286,0.33383739015870884,0.0,0.012,0.0,0.23277361486281323,0.0,3.1156973405317828e-15,2.248932353474877e-15,-0.016284358245204373,-0.024711178907860926,1.0
fixed_participation,20270439,0.00037588499935930673,0.021644247886567637,-0.04628728480828059,0.1503351059055405,0.03448727391441208,0.11377540745314901,0.11308296699765011,0.015188916373253418,0.008968748347110358,0.598509810226131,0.2109780646727844,0.9014868656913201,0.3164141937516714,0.5797410168045366,7.131089724345008,7834.209971810178,0.0044,0.03275530057107186,0.3751084029145896,0.0,0.0108,0.0,0.22946344446550349,0.0,5.960464477539062e-15,2.3812224919145757e-15,0.07882233262039706,-0.01687983372584481,1.0
fixed_participation,20270440,0.00048022585227669727,0.021008698328064127,-0.0936658341822659,0.13271197382797636,0.03078442771093808,0.08650094458844866,0.08500296826228897,-0.0014873729729636754,0.00533271295757677,0.36041361112023607,0.18288390363247617,0.880206420062549,0.30538228487100516,0.5729430657240715,7.029767384238576,4703.160167214723,0.006,0.047771464426450104,0.3769518160958637,0.0,0.0076,0.0,0.2442558726989077,0.0,1.8965114246715198e-15,2.645802768793973e-15,0.018024696606485025,0.00609900364327725,1.0
fixed_participation,20270441,0.0004169034545353046,0.021616120197263063,-0.10144198264737027,0.12339153084638955,0.03439488295924684,0.10789442632406983,0.12390981724129287,0.017439172209523866,-0.057607968401012864,0.3292526014646122,0.2336265505951009,0.8655045716615926,0.30424856861143396,0.5727624501548763,7.087318923593658,8357.379265003932,0.0048,0.028041313920587032,0.24646273896005466,0.0,0.0156,0.0,0.2388325298314793,0.0,2.4383718317205256e-15,2.248932353474877e-15,0.018172927633166948,0.008398908173605224,1.0
fixed_participation,20270442,0.00030334864279121804,0.022013164570564497,-0.09975133394882701,0.11343066994886115,0.03405631911149323,0.07941632607549381,0.07301633025740996,0.048937319845932414,0.005048516065907141,0.6326383271588871,0.2206448220607532,0.8850667391638766,0.29093813701717997,0.6227411817119752,7.06796099901505,12529.479799934388,0.006,0.02124089561305491,0.3786060821060373,0.0,0.0116,0.0,0.23588650944523382,0.0,3.251162442294034e-15,5.1593153991482476e-15,0.02814210283233275,-0.0068224053258256956,1.0
fixed_participation,20270443,0.00038448737839092144,0.02155600685399861,-0.132031850499624,0.132031850499624,0.02992609606071587,0.11034055456535671,0.11577876129564522,0.037256757638742206,-0.025930953568937567,0.9406081102926893,0.17962199217310917,0.8557120122337285,0.3161312174321489,0.5859447265538037,7.105648732054217,7800.548019293971,0.0048,0.030685523473313187,0.4003354671335406,0.0,0.012,0.0,0.2331171216439616,0.0,2.573836933482777e-15,4.89473512226885e-15,-0.07065762993311805,0.020685704057071277,1.0
fixed_participation,20270444,3.8145802009779214e-05,0.021006567004580146,-0.07911148569672329,0.13491113472715555,0.027919218669032138,0.11216839594808135,0.1496585373584382,0.015527223363991908,-0.011985643318390029,0.5401080621869494,0.22207990840197522,0.7641049416478148,0.3391860308168437,0.5572437295735833,7.094105097127393,4855.36870890783,0.0056,0.04650987115399885,0.5472333236736409,0.0,0.012,0.0,0.2241387298690527,0.0,3.522092645818537e-15,5.688475952907042e-15,0.0003330620168511189,0.0075612886106439575,1.0
fixed_participation,20270445,0.0006289922436018585,0.02134339043245888,-0.10825080532440254,0.14542348652845902,0.03331999481107306,0.11765495663528383,0.11884047678679277,0.016376217712900962,-0.039394097297516,0.7184353740653298,0.16795852166698627,0.9115280412743869,0.3002891328753515,0.568457266833344,7.118694108567998,5236.9394527068935,0.0064,0.045565509509062754,0.3125275675412019,0.0,0.0148,0.0,0.24053836474796486,0.0,2.980232238769531e-15,1.8520619381557813e-15,-0.06259291757981478,0.0616009054044918,1.0
fixed_participation,20270446,0.0003285744882947277,0.021109757172889862,-0.09210984489788958,0.09634568346468615,0.029410561958514887,0.12178634262677182,0.1633502271960101,0.047086790635266274,-0.011483172029999553,0.7979394170533078,0.19740946630410575,0.8688679175385844,0.3184706691216849,0.5456811047976822,7.090157267451464,4399.606835432447,0.0072,0.05066312224023169,0.4153208408201281,0.0,0.0124,0.0,0.22557079950602987,0.0,4.063953052867543e-15,3.7041238763115625e-15,-0.06358325636391203,0.0036815037846060594,1.0
fixed_participation,20270447,0.0007655707956347871,0.021275506639553514,-0.06362349865282824,0.12231361673990264,0.030766493948590247,0.034420729860175615,0.08011997020871069,0.026181048347181553,-0.030171789047929026,0.6468083301954319,0.13038234685630581,0.9414581465904106,0.3117930523463926,0.560934152570431,7.075239716180587,4288.904836706595,0.0064,0.05337565864329939,0.3245257043352656,0.0,0.0112,0.0,0.24398411849036683,0.0,4.470348358154297e-15,4.497864706949754e-15,0.05806880282700037,-0.03384640789292074,1.0
fixed_participation,20270448,8.650909945726326e-06,0.02096442251821912,-0.08203927017666905,0.12035133417513592,0.02633635785298406,0.05742616837135491,0.09135408705833924,0.020977780895538915,0.004545307189481527,0.5005888506041054,0.21653009660905248,0.7118538645896259,0.3314327764220076,0.556498107472114,7.050690529534575,5495.3891998024155,0.006,0.04302416104269348,0.4392015066956335,0.0,0.0104,0.0,0.23760685813826043,0.0,5.5540691722523084e-15,3.439543599432165e-15,0.05231219243996935,-0.014655846025135276,1.0
fixed_participation,20270449,0.0005081844642268677,0.02081721355285119,-0.09792072280298013,0.1559102789883011,0.03577675570209986,0.07144000028824221,0.11350644389579709,0.03352471387376783,0.001953445586111599,0.9085496918998017,0.15460811113483947,0.8690656000103956,0.331367918630786,0.5387599619317613,7.0111184667121424,3796.050958796172,0.0064,0.055412186495544344,0.35276307155225506,0.0,0.01,0.0,0.23980481148697375,0.0,4.470348358154297e-15,1.4551915228366853e-15,-0.006138287351426175,0.019468124678126978,1.0
fixed_participation,20270450,7.234218189598493e-05,0.02161799680712026,-0.10438020006192875,0.16794025399737605,0.03480426077737579,0.1175032436546384,0.15084991119981678,0.03896113058461067,0.007968656496497225,0.8018112858048028,0.3233046028534175,0.7721465353066169,0.3334263113337267,0.5972724684343652,7.1502235341202764,10476.975425067865,0.0076,0.01980525308373979,0.3943318280171907,0.0,0.0136,0.0,0.258227200886755,0.0,3.657557747580788e-15,3.1749633225527677e-15,-0.005085190653216648,-0.0038677468156127137,1.0
fixed_liquidity,20270401,-0.000205329931787643,0.019762910647528244,-0.04130904463682714,0.13678912823004696,0.03260069978916781,0.0950785623370786,0.06417934582119698,0.011923848687024645,0.01707922749915121,0.4945004108158768,0.2578089146884586,0.8054311092789105,0.37537368005039845,0.6198941401776474,5.739779769594486,18894.353931547554,0.0064,0.017909131625819134,0.6197111357381025,0.0,0.0096,0.0,0.19445212659574773,0.0,1.8965114246715198e-15,3.439543599432165e-15,-0.034520483216757325,-0.005640092120023987,1.0
fixed_liquidity,20270402,0.0006458765727057149,0.017291571426385908,-0.022307126271351386,0.08715011620201367,0.025646712304244625,0.11296515551819791,0.056239796938252484,-0.011725738512886818,0.021672870177902998,0.4200122456706654,0.11175820770525235,0.9063449738021551,0.43693703982328486,0.4580484887830979,5.65430161400218,5095.4862078446295,0.006,0.05144534967789489,0.4221133295954399,0.0,0.0036,0.0,0.18225354537057914,0.0,2.1674416281960227e-15,1.98435207659548e-15,-0.028066228480840057,0.0032071474423500126,1.0
fixed_liquidity,20270403,0.0005377500335308706,0.01811923135692793,-0.03428108965124133,0.10905154837602801,0.02439301102009722,0.04563581564355626,0.017648462365135537,0.019108139048495194,0.021738669165970493,0.20196309091465459,0.12499114386137007,0.8926453584669847,0.4125246621447869,0.519075662640328,5.687972220434753,7764.877699105289,0.0044,0.03713486019097962,0.299530199561458,0.0,0.0024,0.0,0.20023521152149115,0.0,1.8965114246715198e-15,1.98435207659548e-15,-0.006238873353948868,-0.023778103427161065,1.0
fixed_liquidity,20270404,0.00038976665577324923,0.01770959884456926,-0.08139335192570453,0.08647802228038454,0.025071091146694997,0.06498791685394441,0.018904126801582332,-0.010105796217071477,0.013692424557780317,0.196958983104786,0.11039682463907123,0.8915071776138599,0.4105353736806314,0.519285192540692,5.6719928944193425,7845.777176858761,0.0028,0.03737196290219732,0.2968412380853811,0.0,0.0012,0.0,0.16939655945184295,0.0,2.4383718317205256e-15,3.1749633225527677e-15,0.0388010163141126,0.03190685213742892,1.0
fixed_liquidity,20270405,0.00033726671933267054,0.017453601789152413,-0.03139971158968498,0.10680234556934351,0.026827260448649515,0.07953060500633484,0.037507463768014934,-0.03127212003255415,-0.0051400090610964145,0.14502709107952994,0.08285058836575963,0.8505521002777277,0.40430476663061404,0.5093809968409155,5.661969217449435,5813.693105702536,0.0032,0.046529607191196205,0.364077348887051,0.0,0.0012,0.0,0.16672537713434288,0.0,3.1156973405317828e-15,1.8520619381557813e-15,0.008209540814281838,0.03315675097966716,1.0
fixed_liquidity,20270406,0.00027668254830535906,0.017249052478237683,-0.010464386937800113,0.09569943526476073,0.03276359350282614,0.05722713804356514,0.05347817941105163,0.004216799612431542,0.004072860094771543,0.25537181120292196,0.182540417940038,0.756855754667164,0.4338054886882672,0.5144553968028867,5.6538918034178725,5908.954756096127,0.0048,0.04497398725863853,0.41427121078666806,0.0,0.0016,0.0,0.1691741570240708,0.0,4.3348832563920454e-15,3.836414014751261e-15,0.041332140735738,0.00977340233058617,1.0
fixed_liquidity,20270407,0.0005247517829769169,0.017129060031738218,-0.05579822269695104,0.10767993628365119,0.03135207414270847,0.04308579283507641,0.04560931032013663,-0.010587163877097232,0.001536692477493489,0.11850593415790955,0.13040429469064846,0.8449152131702459,0.3944375017334639,0.4949582366408014,5.649534362482857,4360.3705323176055,0.0024,0.054210360578871276,0.2952192116912712,0.0,0.0016,0.0,0.15494939143341901,0.0,2.4383718317205256e-15,1.4551915228366853e-15,-0.012363603102828153,-0.009004128559281345,1.0
fixed_liquidity,20270408,-1.429369678862713e-06,0.017681220450359764,-0.013511408937046344,0.12762447134549706,0.021452765474912094,0.07683546216741627,0.06361025467293999,0.012079331149519415,-0.0003233176895968717,0.0362763489617115,0.1736404220995742,0.6847901261506728,0.4277818917912186,0.5121151728248795,5.6727255206092755,8153.471865160592,0.0028,0.033080288372057336,0.427638574270228,0.0,0.0036,0.0,0.18666160278127486,0.0,2.84476713700728e-15,1.8520619381557813e-15,-0.026010660867042394,0.012938854950823177,1.0
fixed_liquidity,20270409,0.00023326063515945422,0.018821552597014922,-0.06881020378303061,0.09337664223034665,0.023127311035679405,0.08362374910872993,0.03785613087626489,0.022273771025402518,-0.009114404729667446,0.024366314514866705,0.1696963256437862,0.8056942534148046,0.36184835178425206,0.5809598140694029,5.715809040278594,13009.410190376258,0.0032,0.01840036098286632,0.3293539012011827,0.0,0.0048,0.0,0.18197971909033828,0.0,3.657557747580788e-15,5.291605537587946e-15,-0.05866287562661919,-0.02531868174099091,1.0
fixed_liquidity,20270410,0.0005185026220123373,0.017232731079602367,-0.038393726405370775,0.09394831748711283,0.027355659027565822,0.0658162217901513,0.02607545097716887,-0.03400080171170398,0.012858231181198653,0.07888296401166972,0.1097333328517801,0.848087653285834,0.43368277977735137,0.49067208813116336,5.654749860153773,6816.85586419851,0.002,0.04022145932001126,0.40606712868021866,0.0,0.0016,0.0,0.17159856775954885,0.0,2.1674416281960227e-15,1.5874816612763839e-15,-0.05375136865188255,0.005441971951003382,1.0
fixed_liquidity,20270411,0.00033006503581432903,0.01849610984278271,-0.023911613117327455,0.13742957790118082,0.027150763497389964,0.07243816545692915,0.04069958207155791,3.9862220923889614e-05,-0.030282978107653583,-0.0009657972008483284,0.1944718081295444,0.7876058650863635,0.41082147034022115,0.5631420649448944,5.702041717040133,13746.622888012193,0.0032,0.01799627261157237,0.3904654402287837,0.0,0.0028,0.0,0.2119229885919356,0.0,3.7930228493430395e-15,3.7041238763115625e-15,0.025055382188279098,0.014476203115461482,1.0
fixed_liquidity,20270412,0.0001458432036159401,0.018175225458174307,-0.04174156607933208,0.10042558738802126,0.024288486527591264,0.03777541443821855,0.05601616717243114,0.001968916576610278,0.014258207857808278,0.15088631882461767,0.1753863443944823,0.7886230335946125,0.4054226611846935,0.5619309635107358,5.6909607423404065,9983.505682231878,0.0036,0.024436999864613652,0.5731529182451056,0.0,0.0032,0.0,0.18769909059874124,0.0,2.0319765264337714e-15,3.3072534609924663e-15,0.03741783173100391,-0.027863275982973043,1.0
fixed_liquidity,20270413,0.0002840120066125223,0.018423643492945674,0.010742493151325057,0.09792085476575622,0.03097283407451778,0.06597879153406538,0.05375957148997944,-0.004549142206744994,0.004175434504808408,0.21395811207576054,0.19842075012532667,0.828487700844885,0.4375322674870591,0.574207723006091,5.698329218135662,14651.899792995004,0.0036,0.019966789976259437,0.3533266935509476,0.0,0.004,0.0,0.19700826956006035,0.0,4.199418154629794e-15,3.439543599432165e-15,0.016541709226355693,-0.02972172027672179,1.0
fixed_liquidity,20270414,0.00018824266868948917,0.017329322000965378,-0.035243001092341464,0.10321839963673682,0.025602338400967727,0.07848737826406911,0.03233809308621973,-0.030097864462315372,-0.01782739920289015,0.2079260866169914,0.15217609339602897,0.7740275154448307,0.4168708361486151,0.503202637711769,5.658241388511611,7086.711609068477,0.0048,0.03836232624676258,0.3940500162381938,0.0,0.0024,0.0,0.15077667676070727,0.0,3.522092645818537e-15,1.8520619381557813e-15,0.058883864586814764,-0.012900789061367228,1.0
fixed_liquidity,20270415,0.00031925477135387405,0.01845897491680306,-0.06365022517079642,0.09950865128569944,0.027559736762550364,0.08694995627813792,-0.005992782909532328,0.0010666451068763643,-0.030631412757552087,0.3023193926077483,0.15275424854806643,0.8545196255783403,0.41615600246070306,0.5340456221602613,5.698767982176087,9014.27174223657,0.0048,0.03053059640463738,0.44757048944372824,0.0,0.0056,0.0,0.18450757309383925,0.0,2.1674416281960227e-15,2.248932353474877e-15,-0.06045582002885606,-0.0016416456345330823,1.0
fixed_liquidity,20270416,-1.2096602177868477e-05,0.01748051285592906,-0.05477656119739607,0.11164554404383976,0.02710261969728763,0.05104303237655662,0.02900382587480531,0.037019257997259344,0.007750382278624406,0.294784569487891,0.1396345124420762,0.6878533372414788,0.4308830274194044,0.49196000380792504,5.661948767993383,7360.614744996099,0.0044,0.03754387955781991,0.44145033875773854,0.0,0.004,0.0,0.15246069442247467,0.0,4.063953052867543e-15,3.3072534609924663e-15,-0.13210022132999796,0.03324656299189983,1.0
fixed_liquidity,20270417,9.018868111865145e-05,0.01879379928372969,-0.07789227563924736,0.11485175645084514,0.026308220187991987,0.09160275362940934,0.06054877067483823,-0.00142432675788785,-0.02953170595346,0.1992330374029776,0.18835431679607556,0.7765912279521101,0.38238280493690424,0.5901319615494904,5.710271852166787,15522.55789678808,0.0032,0.016156239339702796,0.4701062773030854,0.0,0.0056,0.0,0.16717453018636386,0.0,3.1156973405317828e-15,1.4551915228366853e-15,-0.0776741696982477,0.020437298918182887,1.0
fixed_liquidity,20270418,0.0006585724684771435,0.017843131036376858,-0.04098113905726348,0.12422054113691935,0.02930717793002104,0.08482825487309492,0.08067372377050851,0.029730340306985334,0.02292664440596574,0.24636368752266025,0.1835834331827941,0.9063663228937329,0.40555048965052154,0.5357786587123767,5.675697757856258,8555.133253219945,0.0048,0.03519778492287934,0.28380109487922855,0.0,0.004,0.0,0.18455292552650882,0.0,1.7610463229092685e-15,1.5874816612763839e-15,-0.05083913402748237,0.006646521126675182,1.0
fixed_liquidity,20270419,0.000556327284379682,0.017397610635477907,-0.03721438338521895,0.1164472144823446,0.02705169990610141,0.04178540481232194,0.02271930253743866,0.026941797918459628,0.014047415104928922,0.28382439762684664,0.1192330711053724,0.8861435818826167,0.42169726020840437,0.5084284553395195,5.659932378927442,7105.833061270248,0.006,0.03956066883974074,0.28011875070093384,0.0,0.0032,0.0,0.17256284749209994,0.0,3.251162442294034e-15,5.1593153991482476e-15,0.03095391862246299,-0.0035319654352084914,1.0
fixed_liquidity,20270420,0.00047782407396559955,0.017410014278725964,-0.04055346624709346,0.10792994651192232,0.023221275048831903,0.06849074306530784,0.014288943066545538,0.020066428685463027,-0.02724384045791123,0.16294612354667093,0.10274948157343722,0.8621264762538055,0.4375412622965706,0.48257052992073257,5.661337709353938,5746.62067090107,0.0032,0.0462809736896323,0.3444066032080976,0.0,0.0024,0.0,0.16846176843769234,0.0,1.625581221147017e-15,2.778092907233672e-15,-0.025103912957326044,-0.0023940097556008747,1.0
fixed_liquidity,20270421,0.0005394349812420774,0.017823309162250507,-0.04265448361186582,0.11051146988497648,0.02315190433231835,0.10885729830238781,0.06229273624303481,0.05273258306868667,-0.006604382351868332,0.060822088351578873,0.11553323908804129,0.8802274697428891,0.4222549005558358,0.47942084185652556,5.676078252552442,5781.148485589075,0.0028,0.04758633967137754,0.2890277130154111,0.0,0.0036,0.0,0.16830302682106746,0.0,2.0319765264337714e-15,2.3812224919145757e-15,-0.05017428933955265,-0.007533393323682758,1.0
fixed_liquidity,20270422,0.000462622137561155,0.017878879522673145,-0.03748134223379534,0.1193612354999269,0.027670224929110487,0.051345912746262636,0.050586912925106794,0.021583513992702735,0.006056328547625148,0.08677372909772041,0.15010973582502818,0.8305162216070449,0.42625025442054626,0.5065765372576027,5.680555178340933,7296.973137158027,0.0028,0.0373885306615279,0.31745165216742777,0.0,0.0032,0.0,0.1686159470969384,0.0,4.470348358154297e-15,2.5135126303542743e-15,-0.08127393460673159,0.019002575815989502,1.0
fixed_liquidity,20270423,0.0001809828681204017,0.018917429800174988,-0.025234061437981594,0.11921150329706254,0.03162835297675484,0.08320630865852473,0.03144436058826907,-0.06418282932327202,0.016276532569490198,0.44675074505117385,0.23056504896388064,0.7637696077438308,0.4025973801816134,0.5777671257295173,5.7135107017890165,15830.944941932881,0.0044,0.016855412875678783,0.4673213644058698,0.0,0.004,0.0,0.16960446263161688,0.0,3.3866275440562853e-15,4.630154845389453e-15,0.018704999566739752,0.0152849786552395,1.0
fixed_liquidity,20270424,0.0008476661888564677,0.01735866450400389,-0.060335367241854,0.08944011789497118,0.022702226013803645,0.027646808474939787,0.05442373681265211,-0.01774814344256851,-0.009148735953006859,0.2777322137469951,0.1051966965543823,0.9235241832828162,0.4402110193304462,0.4702601748138724,5.6591197080394595,4317.747145378943,0.0056,0.0562268605391489,0.22161297711726313,0.0,0.004,0.0,0.1777139984117151,0.0,2.980232238769531e-15,3.836414014751261e-15,-0.04928818580353656,-0.017487745087368074,1.0
fixed_liquidity,20270425,0.0007462281460507629,0.018326346840815747,-0.055988153391565466,0.09036687110869268,0.025974835834714632,0.060109529325975755,0.01652978903259734,-0.01607351654190415,0.029044743511390827,0.3356848055668844,0.1513594312789197,0.919755077350542,0.40577296917400724,0.5309126349705781,5.693453489740762,10610.209317111341,0.0044,0.03325516348586483,0.3872870154666699,0.0,0.0036,0.0,0.19499780920655718,0.0,3.251162442294034e-15,2.1166422150351785e-15,-0.05184913770500184,0.045663090067680746,1.0
fixed_liquidity,20270426,0.00044167782285577,0.017416219739019172,-0.0828785176041236,0.10110694701530544,0.02878093208165138,0.022484749255053966,0.022145306325314133,0.004148205508251827,0.020680340445439465,-0.015933805891164887,0.06771170748289325,0.8667369495863494,0.38394700730203457,0.4903463684542546,5.665539670608553,4978.7228747739,0.0032,0.050532467113676816,0.29157130539159537,0.0,0.0032,0.0,0.17078237518836992,0.0,1.3546510176225143e-15,2.778092907233672e-15,-0.03247912270085951,-0.007322112982196286,1.0
fixed_liquidity,20270427,0.00023534908443649023,0.017339472025286292,-0.05242303773623059,0.10410991654338626,0.02392387017121429,0.07565750295041722,0.03980987196814153,-0.009948533237313328,0.027150822137092613,-0.01835744067338796,0.14178959657687715,0.7521968915753021,0.4208839722861221,0.48199433949735226,5.661275318103978,5425.211076493259,0.0036,0.04730396689419187,0.29525819368685835,0.0,0.002,0.0,0.17771007315447296,0.0,2.84476713700728e-15,3.7041238763115625e-15,-0.05096728820665445,-0.007837361075103303,1.0
fixed_liquidity,20270428,0.0003145293256875565,0.01837526415288922,-0.05310251203501147,0.14223652610432333,0.028021211380812105,0.10074893726634795,0.06967443495742894,-0.027169590663882054,-0.003701095345103852,0.3389477960086196,0.21481290391400273,0.7770686018385564,0.4069306351738049,0.5525911850592244,5.692978974166072,10872.008591193362,0.0068,0.02171016657817161,0.35525168627207093,0.0,0.0052,0.0,0.1739491253693215,0.0,3.657557747580788e-15,2.248932353474877e-15,0.006376747546093572,0.01468597264890055,1.0
fixed_liquidity,20270429,0.0003199722366919616,0.018000073133644785,-0.09350590270402381,0.1052386097308088,0.024444455643742348,0.08491426264380629,0.03713060587000459,-0.0038124424788630764,0.050575742650451554,0.3782448778447405,0.15702188066342457,0.8468215538043221,0.4008006892153717,0.5292447930263573,5.680479965101072,9616.96729429007,0.0052,0.02829822789999683,0.3333513611801968,0.0,0.0056,0.0,0.1672484890027226,0.0,4.470348358154297e-15,3.439543599432165e-15,-0.0881003226088289,-0.013443818917311296,1.0
fixed_liquidity,20270430,0.00043544142488104604,0.017263934282679895,-0.02342851119766518,0.09948068433918673,0.03059066650858156,0.047035227650019655,0.018578061238854884,-0.006562383577339699,-0.018167103146677792,0.22269716132863904,0.11423507866258534,0.8213170696556841,0.43511901418264887,0.5041362279226203,5.656368891523483,7034.586742872638,0.0036,0.03815883171828145,0.3054030116558848,0.0,0.0024,0.0,0.17964748828513644,0.0,2.1674416281960227e-15,2.778092907233672e-15,-0.012150516080563676,-0.0124072448011067,1.0
fixed_liquidity,20270431,-5.938514587028223e-05,0.01750372558673993,-0.03331459778131291,0.11926891396209549,0.023086577540510682,0.025970865106965592,0.005369886683926971,-0.01951751337552584,-0.0058868783194253324,0.4409134546441389,0.16619817358346514,0.704527330234592,0.4138482755646187,0.5307580238053412,5.66431405164774,8916.451107899662,0.006,0.0289635523113821,0.402731129742919,0.0,0.0036,0.0,0.1700571100059216,0.0,2.980232238769531e-15,4.89473512226885e-15,0.05847476969944123,-0.0018549409244938866,1.0
fixed_liquidity,20270432,0.0007030641601005148,0.016688038865122917,-0.03508883373300838,0.13680629513293466,0.02846671831705027,0.055016032241446806,0.05697376797531255,-0.020745831465144186,-0.02586016047019104,0.021464152944970394,0.11217471555274224,0.9130493936835187,0.4035176387642587,0.4651341765019478,5.636051155393899,4116.5731171977295,0.0032,0.056753269927490836,0.25621463246046483,0.0,0.002,0.0,0.16420653932762064,0.0,1.8965114246715198e-15,2.248932353474877e-15,-0.13233817305365247,-0.0010226914204116916,1.0
fixed_liquidity,20270433,9.803990207445387e-05,0.017154186037213942,-0.0015354761356842004,0.11890837531320099,0.028194057517754036,0.07919662796049967,0.06605950584203626,0.03650798161551921,-0.019093231375045993,0.14704887792459687,0.14966600087967494,0.7354089970805202,0.42659541282164987,0.4942567306506841,5.65235285450683,6776.064770306692,0.0048,0.04002132290506608,0.47282198135231934,0.0,0.0032,0.0,0.16581451924895507,0.0,1.8965114246715198e-15,7.275957614183426e-15,-0.001276252596838023,0.004098902950558728,1.0
fixed_liquidity,20270434,0.00012178211432376464,0.018501072323869446,-0.05894445608318072,0.11741378118401725,0.028071888327088308,0.045182227387298754,0.043461673581609586,0.011866159631137333,0.0251638651451305,0.43109812843716844,0.1730694421604887,0.7589240166270506,0.4001817294604411,0.569954385625972,5.700477626662921,13751.59985163132,0.0056,0.017079454561195133,0.4477341634524442,0.0,0.0064,0.0,0.17036910917210046,0.0,5.418604070490057e-15,2.645802768793973e-15,-0.08210977350173197,-0.03888319144713562,1.0
fixed_liquidity,20270435,0.0002656046355215807,0.017846859762234987,-0.03597726863833887,0.08919205058133337,0.020799063143641293,0.09037066238544315,-0.006100166981630295,-0.030021949305633736,0.009313863986625285,0.47371521610045075,0.14407595153367506,0.8476141516340995,0.4259365133833756,0.4814797742513651,5.673507535574581,5238.361002487121,0.0056,0.0499701909064608,0.537638667078965,0.0,0.0048,0.0,0.16722540957180043,0.0,3.522092645818537e-15,3.836414014751261e-15,0.05029770888036427,-0.013036068848737746,1.0
fixed_liquidity,20270436,0.00010637895910115702,0.018320833756118014,-0.05345820485340308,0.11294144811076974,0.025996129767102878,0.08672355292278268,0.058925022277550906,0.0033874455241858993,-0.023593737512979135,0.24656873632843723,0.19205097024922366,0.7619874583693215,0.39759504369418947,0.561664249699929,5.692410988187025,14892.150578561905,0.0028,0.016113691861450452,0.49690898838420317,0.0,0.0024,0.0,0.1723794958613798,0.0,1.4901161193847656e-15,3.5718337378718635e-15,-0.004808007848879089,0.012506646814872522,1.0
fixed_liquidity,20270437,0.0001571333286204407,0.017556213478687483,-0.03457540201629953,0.10431212648281224,0.022659900858205434,0.058140181573292565,0.04139155993519966,0.000666240923075072,-0.06298442843752075,0.08126893191348916,0.1877165545610424,0.7439901424714829,0.4079287417502479,0.5360667869179744,5.668471013034184,9627.095111939483,0.0024,0.02576494361286845,0.398694166853512,0.0,0.0024,0.0,0.16591369061111316,0.0,2.302906729958274e-15,3.3072534609924663e-15,-0.01516608229838962,-0.02722808920656978,1.0
fixed_liquidity,20270438,0.0003000367003008158,0.017505840293706637,-0.07941729172107204,0.08238897346822087,0.029630893488502397,0.06916635307300015,0.032562062800585496,-0.02344112755844617,-0.006602008868738049,0.20761130246806436,0.14533459710736024,0.8552448724168777,0.44063994774955834,0.4895647686013828,5.662915331144904,6702.856687175955,0.0048,0.04054697637936208,0.3159125713590728,0.0,0.0016,0.0,0.17579700646315666,0.0,3.7930228493430395e-15,2.3812224919145757e-15,0.07590219692835157,-0.024409521720346956,1.0
fixed_liquidity,20270439,0.0003748243884787886,0.01773562761552684,0.010949048721434377,0.11702094624648546,0.029558956989919234,0.06788082786744751,0.05965408646653021,-0.01172821681674615,0.028058379037171576,0.16137602640622983,0.14589876117799966,0.8890579489840065,0.4250083825174552,0.5196130654725816,5.671257215007507,9273.96099032772,0.0032,0.0316308275666553,0.3705417711026989,0.0,0.0028,0.0,0.16646592370736846,0.0,3.251162442294034e-15,3.5718337378718635e-15,0.031858536130323134,-0.01555964214970429,1.0
fixed_liquidity,20270440,0.00048066410927696416,0.017465008052827947,-0.025151724513570648,0.11562613605127711,0.024852443266724172,0.04879885507112235,0.01730106947861315,-0.027731529563640965,0.017155415108068096,-0.019719836539748403,0.12759295232712092,0.8614652452112431,0.40895252512054375,0.5056170137678858,5.666162279485266,5533.78622535144,0.0016,0.04736967985295423,0.3592539754668198,0.0,0.0004,0.0,0.1877494293669546,0.0,2.4383718317205256e-15,2.9103830456733705e-15,0.018501316256596522,-0.0125327661660496,1.0
fixed_liquidity,20270441,0.0004145489231693279,0.01783882529733141,-0.03933425163488019,0.10000505494396972,0.031021015092283544,0.06143681517163744,0.047055733779496615,-0.009348939914771839,-0.03359541895424019,0.11274519499164448,0.17413649018077418,0.8494039110999562,0.41982218523597337,0.505037580654014,5.674929278176648,9876.191728230804,0.0024,0.02663936926861905,0.22854496830056104,0.0,0.0032,0.0,0.17093621156583816,0.0,3.657557747580788e-15,2.9103830456733705e-15,-0.026297629280675677,-0.002883001674488342,1.0
fixed_liquidity,20270442,0.0003108336747022019,0.018624705341579735,-0.04097480389147662,0.08674275523634262,0.026203329807450687,0.05243265044259417,-0.0009748823678665113,-0.00520177391996945,-0.0020086750452286526,0.1028044779007562,0.16376229172400997,0.8570098530201533,0.39576345079732383,0.5829399058207224,5.708103012238369,14767.663144216169,0.0036,0.019842968366370634,0.380088770203603,0.0,0.0036,0.0,0.1808064552704305,0.0,1.8965114246715198e-15,1.98435207659548e-15,-0.01566254212518196,0.02965573097551774,1.0
fixed_liquidity,20270443,0.00038906055216294497,0.017737307486617292,-0.061214326072274734,0.0736725131910925,0.024529808927306527,0.053171381262711655,0.054053923514370744,0.020828099369543867,-0.02271230932239321,0.048335933312232626,0.11392801036012687,0.8338211425900556,0.4306574278023614,0.5200680170041432,5.676084783391274,9185.7666043001,0.0032,0.029610224831827587,0.39590755057084004,0.0,0.0044,0.0,0.1700447733954198,0.0,3.251162442294034e-15,2.9103830456733705e-15,-0.044732322588520654,0.028420870186389908,1.0
fixed_liquidity,20270444,3.748294418189815e-05,0.017134500949357322,-0.028472179794031834,0.10591137181927368,0.02665711982734244,0.06296514519967739,0.07546625501077463,-0.009652648049299689,-0.0031751889211123485,0.024513901372097635,0.14127024323342668,0.7535438733666553,0.44693302937335283,0.49124962048776294,5.650969235503705,5715.656823964151,0.0024,0.045890126867472576,0.5424619728169928,0.0,0.0016,0.0,0.15825783249919434,0.0,2.0319765264337714e-15,3.5718337378718635e-15,0.03448596324523211,0.01419569660757879,1.0
fixed_liquidity,20270445,0.0006310058607075579,0.017474475471616232,-0.05454728506069504,0.12078412445394712,0.024916582326309986,0.07839107399744301,0.03030970735841773,-0.008555811741432934,-0.012335048005792076,0.030155627265636475,0.10289635968359352,0.9021317314056674,0.4102702387120588,0.499425591407532,5.6647744360375665,6176.276258784558,0.002,0.044676942657590014,0.3086299024696919,0.0,0.0024,0.0,0.18360867605619968,0.0,1.0837208140980114e-15,2.645802768793973e-15,-0.058914145195614866,0.0754832594836381,1.0
fixed_liquidity,20270446,0.0003267953100867093,0.017131492068616274,-0.03435595151403288,0.07322773805585236,0.02198852992965571,0.07278848245357263,0.0682508802374459,0.010176167582609223,0.0033931951315751678,0.1442176797705268,0.12617401214848076,0.8559626391346585,0.41883218131542066,0.4767415766403678,5.649711762961218,5163.424222404836,0.0048,0.04967548411050996,0.4143665911225477,0.0,0.0036,0.0,0.16661623096835787,0.0,1.2191859158602628e-15,1.4551915228366853e-15,-0.049236443793742854,0.0018003128799542138,1.0
fixed_liquidity,20270447,0.0007687289668699946,0.017427327070460397,-0.009822157098343713,0.1015294081054642,0.028604926439076618,0.006276300584913644,0.01768458240970649,-0.00552910277468385,-0.016272370928455942,0.13769425654071954,0.07388711231635892,0.9331190753341416,0.4180220750244564,0.4866601498856965,5.664669959016429,5035.742826071542,0.0036,0.05246173914582437,0.31583884648668403,0.0,0.0016,0.0,0.18329382149645324,0.0,2.0319765264337714e-15,2.1166422150351785e-15,0.037495709332277506,-0.03166532758872725,1.0
fixed_liquidity,20270448,1.5902565691430935e-05,0.01750332409385417,-0.026639811243343296,0.1020746344470166,0.02229807228483629,0.0337637714793819,0.04348667914363773,0.01611308425789015,0.010947026013743394,0.1273922397501459,0.13942065373236748,0.7039057757885203,0.43646963096850755,0.4825095059059183,5.665357931227144,6495.196192361648,0.0044,0.0424272492892654,0.4371427150829126,0.0,0.0032,0.0,0.1744244274716642,0.0,3.7930228493430395e-15,2.5135126303542743e-15,0.03476783782798687,-0.008470572608313864,1.0
fixed_liquidity,20270449,0.0005045832279208352,0.017286723050118198,-0.0550006258122696,0.13452766992725992,0.030990952907227302,0.0676429152961138,0.051969953127583325,0.010466645005225556,0.004186358420223319,0.24288748825764284,0.09797837200135309,0.8530443733233176,0.43864662396516185,0.4622253523680009,5.656171465075233,4466.643593398738,0.0056,0.05515181553736593,0.3489433820175507,0.0,0.0036,0.0,0.1802918198437029,0.0,3.251162442294034e-15,2.9103830456733705e-15,0.027725935022765578,0.01693216862628989,1.0
fixed_liquidity,20270450,7.042729462854104e-05,0.01798046468799928,-0.04257670109719176,0.13360671523106477,0.029344884097804818,0.052201612139102106,0.03651492368667927,-0.02887225643759597,0.026064300521685294,0.2215099287838158,0.19683540802908633,0.7107891996321399,0.42722050060773886,0.5616429333578438,5.680722863060508,12360.546469980043,0.0044,0.018293481328207163,0.38916505864946394,0.0,0.0048,0.0,0.2108891558653545,0.0,4.3348832563920454e-15,1.8520619381557813e-15,-0.04627912370982364,0.014496915222605152,1.0
liquidity_stress,20270401,-0.00020597793428913,0.0346047800813701,-0.19595026496873919,0.19595026496873919,0.05405735109858625,0.3570287003757709,0.34617986137418033,0.19664313443257656,-0.028607978704270065,4.823618785977029,0.5321484012134233,0.8909380073795566,0.35540842821714047,0.5587277999963584,19.65936464656816,6433.333189267078,0.016,0.022186513460282827,0.6212509431751752,0.0056,0.0584,0.0,0.3117003875864657,0.0,1.7610463229092685e-15,2.3812224919145757e-15,0.08219107962539332,-0.04011359352399773,1.0
liquidity_stress,20270402,0.0006628658902276129,0.03175135790882711,-0.14509651996341766,0.17767298779949828,0.048585919747285565,0.36336976041812186,0.28696407234632737,0.1285799487645804,0.03395706260669917,4.602493845150553,0.39617326366251004,0.9448821089084434,0.44417774649478003,0.4891153577895916,19.526406999303543,1715.1735829222694,0.0184,0.056037265963726886,0.415570701668625,0.0,0.046,0.0,0.31247016824319296,0.0,2.573836933482777e-15,3.3072534609924663e-15,-0.3037064561838824,0.04158999237619657,1.0
liquidity_stress,20270403,0.0005342672407456472,0.03405636967742744,-0.1497842259788535,0.18320695345596538,0.03956564889058556,0.3141511270662391,0.2685656464106028,0.21140542724121242,0.11430140485217016,3.6478855852692043,0.4818780403641144,0.9455961559257587,0.3777532611946776,0.5361853814156916,20.6289875921398,2547.138478062287,0.0176,0.04421232255258542,0.3648852573821778,0.0016,0.0544,0.0,0.31324370274434,0.0,3.928487951105291e-15,3.439543599432165e-15,0.09195054043026016,0.021630794086604704,1.0
liquidity_stress,20270404,0.00039353066331996336,0.03256532758219616,-0.22901763467666766,0.22901763467666766,0.04221061744047212,0.29290739643523706,0.24932686971786205,0.1368149266724068,-0.007613744017694988,3.6034513487992097,0.43347613424528425,0.9442204528985647,0.37165809265991323,0.530939239230195,19.87682868926289,2580.759110421462,0.0196,0.04445307932254857,0.31863726322078867,0.0012,0.0528,0.0,0.29737939664775315,0.0,2.4383718317205256e-15,1.1906112459572878e-15,0.07358794047381238,0.03787982731989276,1.0
liquidity_stress,20270405,0.000336082589935177,0.033760361540583574,-0.19269647334562362,0.19269647334562362,0.046782661051372,0.3318929958284495,0.300337803539078,0.14457811410415958,-0.012200162775999519,2.81833112183254,0.44659412988809116,0.9354317075732181,0.3975337912004161,0.5301528023790865,20.094750547731145,1935.8238117607452,0.0152,0.05118399692028421,0.36510125102426705,0.0,0.0636,0.0,0.30063752500102225,0.0,1.8965114246715198e-15,3.439543599432165e-15,0.012878581134104877,0.01346883262549342,1.0
liquidity_stress,20270406,0.00027037299400729965,0.03323792964110006,-0.13840184482380416,0.18401167825868733,0.048009060594565306,0.3295180647482106,0.30162168449011983,0.17800369025656068,0.008705442763590183,4.512954436509719,0.4960547066538737,0.9107577494742446,0.401215570396551,0.5306581410495516,19.796055029298504,1982.6609324369804,0.0184,0.05058394085970281,0.4632516613443025,0.0,0.0524,0.0,0.311656540338616,0.0,1.2191859158602628e-15,2.9103830456733705e-15,-0.09480837244842547,0.046733918566826176,1.0
liquidity_stress,20270407,0.0005357512372887388,0.03500140238913637,-0.17227986954857366,0.1770696967951635,0.03977097159865599,0.3012358353734195,0.26657088326022993,0.13634820562602817,-0.004704332769873372,3.030507337285945,0.46789185069443057,0.9298826580147286,0.42015183366690845,0.5117553978927746,20.187063105925667,1437.2920178310037,0.02,0.05914155061887002,0.3451259522253083,0.0,0.062,0.0,0.304290178594669,0.0,2.7093020352450286e-15,1.0583211075175892e-15,-0.07088048811029304,0.008426113256857257,1.0
liquidity_stress,20270408,5.62384451967688e-06,0.032264466826867295,-0.16426924597976458,0.17585650906049294,0.03153751195798802,0.3019020217211699,0.2958551308045364,0.12232392604724311,0.012891570467510407,2.81612495424252,0.4987731883109461,0.8902540650004914,0.4157748175735201,0.5259581517574172,20.06624220056875,2642.726857691709,0.018,0.03958529961184024,0.432397641160409,0.0,0.052,0.0,0.31591554977353464,0.0,2.0319765264337714e-15,4.630154845389453e-15,-0.12679811088805246,0.06690070183380761,1.0
liquidity_stress,20270409,0.00021813015492717723,0.036795991574101745,-0.23275751616512402,0.23275751616512402,0.039911645971412314,0.33357095145806653,0.35944882300382736,0.18368135693057552,0.00942717671798806,4.282391069758771,0.501721072200113,0.9260691882834023,0.3597836323165767,0.537433221002784,19.720580261170088,4504.839661917619,0.0192,0.027351141456449887,0.35078534327432187,0.002,0.0612,0.0,0.3041874886768272,0.0,1.7610463229092685e-15,1.5874816612763839e-15,-0.354943670218155,0.006806780112456478,1.0
liquidity_stress,20270410,0.0005093689408504577,0.032213758187386324,-0.16122759150307417,0.16122759150307417,0.05094640844811701,0.3334914691083871,0.3058375356816833,0.12333978861371632,0.018412002034985803,4.0231255374158525,0.44333391615855683,0.9388763214156304,0.41284655932039377,0.506990547634679,19.754287047493367,2317.925989911272,0.0192,0.044879269296329745,0.45658941194971014,0.0004,0.0488,0.0,0.3124348765455893,0.0,2.7093020352450286e-15,1.5874816612763839e-15,-0.20778195104925481,0.045800109727311154,1.0
liquidity_stress,20270411,0.00031810448772510503,0.03319843491449889,-0.16175783227987062,0.18462991659051628,0.04305889574819012,0.3585577104009117,0.34090814977586215,0.16147959882062876,0.008906103636719672,4.277773388700104,0.5212534781068087,0.9295157395459841,0.39566263897241394,0.5296130070924979,19.732141796328502,4624.577164297988,0.0168,0.025415945883277915,0.40445574167337306,0.0024,0.0544,0.0,0.32846844122142005,0.0,3.928487951105291e-15,3.1749633225527677e-15,-0.10739172869590129,0.09069117592707636,1.0
liquidity_stress,20270412,0.0001344412875715097,0.031688566606916435,-0.1831747998504934,0.1831747998504934,0.036466108747782194,0.2830420802840124,0.2621557490466744,0.0984869057611305,-0.0022089387406155282,2.541422187696469,0.4526500223143787,0.9079357400676215,0.38775227030726167,0.5592640900423731,20.246659074252396,3160.490058382209,0.0124,0.03218144008493228,0.5822023255840069,0.0,0.0536,0.0,0.3197005114629148,0.0,2.980232238769531e-15,3.3072534609924663e-15,0.0026538797181718393,0.018075709646609865,1.0
liquidity_stress,20270413,0.0003051600262275532,0.034144314097004455,-0.2143759050945071,0.2143759050945071,0.043376009930560754,0.3509671664034128,0.28679951638253276,0.17894387521710306,0.02479700170626059,4.086229546817498,0.49576499843131805,0.9191351759142722,0.40236446988784447,0.5399570228435595,19.950467258213344,4907.443674370109,0.0204,0.02701789889766608,0.4122066640711999,0.0028,0.0528,0.0,0.3045955737532513,0.0,2.4383718317205256e-15,1.7197717997160825e-15,-0.04112495685423551,-0.017415492696890487,1.0
liquidity_stress,20270414,0.00019740006968511708,0.03476049251489556,-0.1478263362792363,0.17238585086866798,0.04785697473663295,0.38061180360989944,0.3127813953995869,0.19779218965515954,-0.010421701770585943,2.820564497755143,0.5294506258268961,0.9271442636828943,0.42235424572100716,0.5225755753746619,20.11723304391851,2369.0975450757737,0.016,0.043745011567969914,0.40569195033038674,0.0004,0.0644,0.0,0.3004972687287566,0.0,5.0122087652033025e-15,3.5718337378718635e-15,-0.03530213185289535,0.04457463300645114,1.0
liquidity_stress,20270415,0.0003026840614376354,0.034840153884676775,-0.19257325354624857,0.19257325354624857,0.04198553748425669,0.2997937439974126,0.26009093620077706,0.19831408819263496,0.015096602397704169,2.5045621443104906,0.44289214796199655,0.9265189277782746,0.3741585960429689,0.5520593571035324,21.06380620138024,2798.185005249469,0.0124,0.03832936832655268,0.4788012811222826,0.0004,0.064,0.0,0.3102358119478672,0.0,2.7093020352450286e-15,2.778092907233672e-15,-0.12532805101568417,0.0554062584927432,1.0
liquidity_stress,20270416,1.601986339356962e-05,0.03387605682447593,-0.15826829354054758,0.18752238290098894,0.03786606742135067,0.2744690224660022,0.284535706622723,0.17907895714635638,0.008934459387914947,3.087818411711612,0.4769122836552693,0.8973139351158903,0.37516171679026117,0.5340885663283241,20.485829188243624,2398.584300036038,0.0156,0.044163902720020784,0.44180001456295914,0.0,0.0636,0.0,0.30010198030096014,0.0,1.3546510176225143e-15,1.5874816612763839e-15,-0.17289068918627426,0.037983434851416684,1.0
liquidity_stress,20270417,9.573495104192879e-05,0.03402487330485364,-0.22380912534277914,0.22380912534277914,0.04890253618951494,0.3278646212654431,0.3056775985086875,0.13119151068546617,0.005261182613587292,4.091535498950961,0.5001172791802496,0.900895460928665,0.38957397266479143,0.5467485578392972,20.302477941083716,5037.563579665558,0.0176,0.02383550239822091,0.48869323927817443,0.0036,0.0604,0.0,0.3187112670090131,0.0,2.980232238769531e-15,3.5718337378718635e-15,-0.14144502018223312,0.025184430329912393,1.0
liquidity_stress,20270418,0.000659911597259509,0.03334000137726905,-0.19442423091166838,0.19442423091166838,0.04205706838185877,0.3260348329987626,0.3168968787176942,0.15562707561444955,0.03405730932894455,5.505014208628868,0.4498932215000777,0.943536982258086,0.40512973681735115,0.5188208617763284,19.7660648310955,2916.8569993214132,0.0172,0.04234529612044395,0.27818384627385406,0.0008,0.0536,0.0,0.31291498580591615,0.0,1.625581221147017e-15,1.5874816612763839e-15,-0.18393379822625566,0.008325368929921506,1.0
liquidity_stress,20270419,0.0005590254002146349,0.034041903088040955,-0.194911427400178,0.194911427400178,0.043618738756601286,0.3002259050822954,0.2626813052434946,0.15009392135817237,0.030202336136439994,2.3882761675026813,0.4518001150507851,0.9398375945723111,0.37372841478717417,0.5529614965097446,20.71056731891711,2257.4764934262857,0.016,0.04641838503198162,0.3350251738498232,0.0004,0.0588,0.0,0.3142174370417754,0.0,2.0319765264337714e-15,3.836414014751261e-15,-0.08237725638047613,0.01822350197108517,1.0
liquidity_stress,20270420,0.00048040366595491585,0.03353847029357535,-0.16016526726225824,0.17599534725364213,0.040033414721419414,0.31459365299277886,0.2723279139378438,0.14881378344897808,-0.0005352697115061659,3.759659041793231,0.4446463578166123,0.9381724444062539,0.4372342992144578,0.5100613554915749,20.03278186309518,1873.8734508533441,0.0168,0.050182743405982035,0.3482665803428273,0.0008,0.0584,0.0,0.3043687577036769,0.0,2.1674416281960227e-15,3.1749633225527677e-15,-0.1585167934813641,0.003496294089233123,1.0
liquidity_stress,20270421,0.0005361068312190333,0.03459394783420406,-0.14807401437201703,0.17193779971204035,0.03419074699389339,0.3349345119206024,0.3135953204181345,0.20822193783812604,0.024480262092236995,3.098763179167908,0.4720885289575276,0.9455413558026678,0.42531323241562136,0.5069951820692282,20.301757790738918,1884.8896248717665,0.0208,0.0524061808247064,0.304145655647895,0.0004,0.0604,0.0,0.30598188940485604,0.0,3.3866275440562853e-15,3.439543599432165e-15,0.04512192922812801,0.01996389526725945,1.0
liquidity_stress,20270422,0.00046253038838669445,0.0337198829033578,-0.16577344340877406,0.2032968734943941,0.04188323283700444,0.30110826070658864,0.2909795544424713,0.1722947199897907,0.014876546282538762,4.203347726520624,0.4702205121432024,0.9287891700006297,0.4042971379914774,0.5204197915497839,20.110228247329626,2410.743426006482,0.0128,0.04396839962877205,0.4186695802078473,0.0,0.0596,0.0,0.3099587310672953,0.0,2.302906729958274e-15,2.5135126303542743e-15,-0.24911014284783584,0.006990856212875799,1.0
liquidity_stress,20270423,0.00017832267950183045,0.034051401450690154,-0.17069773702231109,0.17604441602979645,0.0459697944409992,0.29717468000770153,0.25729977446139557,0.08064309755750602,0.010514941149392235,3.0255299895002947,0.5021458537385965,0.9008772916223804,0.37554723621048436,0.555165101227285,20.258300453422986,5130.025907659374,0.016,0.023844460082785856,0.4717080206805824,0.0024,0.0604,0.0,0.28774419069974644,0.0,2.573836933482777e-15,3.042673184113069e-15,-0.06818691576385302,0.0251005270633087,1.0
liquidity_stress,20270424,0.0008451279587492018,0.035793227737274246,-0.1836422289943097,0.1836422289943097,0.03500440626908803,0.30248090633477226,0.2869687590538008,0.12068006321706053,0.013742790163236806,2.867937573374917,0.40147471878967245,0.9524582093611156,0.40557041056344745,0.5253634974989362,20.36284966692965,1439.8543932250836,0.0164,0.06279979888451247,0.2919702954511989,0.0004,0.0644,0.0,0.3225374755630548,0.0,2.1674416281960227e-15,3.3072534609924663e-15,-0.04543593861170255,0.01770749232617836,1.0
liquidity_stress,20270425,0.0007404811145114554,0.034708700062827266,-0.2099158964725088,0.2099158964725088,0.041301010899878525,0.3115033808604814,0.2652847445766511,0.14152790877335525,0.0228046670645202,3.424045604855473,0.4500006406150727,0.9483945531796023,0.37680512402251976,0.5477358108592834,20.730774861255334,3443.1222940672374,0.0148,0.04046486391722026,0.4225268821901199,0.0024,0.0616,0.0,0.30942238929708576,0.0,2.4383718317205256e-15,1.8520619381557813e-15,-0.06443754284631972,0.03419282021668951,1.0
liquidity_stress,20270426,0.0004587193974247171,0.03426204188944905,-0.20636915333106928,0.20636915333106928,0.04379387076578062,0.3313070390567829,0.30666060562783515,0.1035860439599104,-0.004034194693900109,3.0872864370916524,0.46371644538334184,0.9488871127734361,0.36142722561045,0.5296765471346971,20.4122855292474,1642.301579098254,0.0168,0.05526927122721732,0.3073923518314392,0.0,0.0548,0.0,0.30668895822617537,0.0,2.1674416281960227e-15,4.100994291630658e-15,-0.10119263643635054,0.016579995760314343,1.0
liquidity_stress,20270427,0.00024939320352899015,0.03293702118541326,-0.16977663457863357,0.16977663457863357,0.03768631849164282,0.30958761669448537,0.29643430605312265,0.19097887817056522,0.005178421748819707,3.4887570410363606,0.496173643406592,0.9200352716557505,0.4277645328808937,0.5104420766285466,19.85710374929043,1811.1985750881106,0.0148,0.05305731313526964,0.3514033903281105,0.0,0.0592,0.0,0.32360520521847214,0.0,1.4901161193847656e-15,4.365574568510055e-15,0.018385975459560746,0.045136513855315884,1.0
liquidity_stress,20270428,0.0003037254026172231,0.035095628362060954,-0.17346809571159266,0.21560821718995252,0.039563171342778744,0.3625160529290579,0.33182574341721727,0.20396554776804368,0.10921025340722981,4.62840555546044,0.5345706845594951,0.9246089530593649,0.38016424786764036,0.5410228539769908,19.92728527939342,3673.3234352438285,0.0204,0.03020573856327135,0.4072268298491548,0.002,0.0592,0.0,0.3111294592466516,0.0,2.1674416281960227e-15,2.3812224919145757e-15,0.017160936861071816,0.03079765642317469,1.0
liquidity_stress,20270429,0.00025955148399338943,0.03535794574230592,-0.24184567130600618,0.24184567130600618,0.05055081131732676,0.3400609752180733,0.2974674549589105,0.1774653938128601,0.020467794716150203,3.1908119671037625,0.49856798794865886,0.9352681483260237,0.3873287889944233,0.5395471357035759,20.188253218104492,3243.76478707184,0.016,0.036196783700465404,0.4325447621200068,0.0024,0.0668,0.0,0.29427494971347445,0.0,2.0319765264337714e-15,1.3229013843969864e-15,-0.11092750175981468,-0.02814174816394134,1.0
liquidity_stress,20270430,0.00043034042131455337,0.03368275815000023,-0.17990995213587863,0.17990995213587863,0.04587102051022642,0.3080504127915379,0.30138312131268274,0.14253798857789116,0.029873999604527766,2.526383913745379,0.46191056534936403,0.9306528361185199,0.41077911396783406,0.537456226832751,20.616521213904484,2186.9496832617174,0.0172,0.04443887933617797,0.31838579100807773,0.0004,0.0584,0.0,0.3060640116554225,0.0,2.84476713700728e-15,1.4551915228366853e-15,0.04892774386337917,0.016595311618817738,1.0
liquidity_stress,20270431,-4.9042009403475715e-05,0.032624611945387884,-0.19944208176799003,0.19944208176799003,0.03232021430817251,0.3057562359049569,0.2618865277486313,0.12127384031089754,0.05822253330637863,3.576485557589913,0.5153316424956785,0.906742976485943,0.38809128821623556,0.5424166476227539,20.342451432874018,2834.805688657421,0.0176,0.03696820198882286,0.4481583467843716,0.0008,0.0572,0.0,0.30752927898285076,0.0,1.4901161193847656e-15,3.1749633225527677e-15,0.010281650270495078,0.05946203067054684,1.0
liquidity_stress,20270432,0.0006998838725015997,0.034708460353696756,-0.17403750519858802,0.20046328560949617,0.035816111227255795,0.29015486619535663,0.29079186181588185,0.1581309302042262,-0.004806559134961612,2.3828185117166667,0.3823098990461169,0.9453984537339516,0.3694578898868739,0.5423196074484842,20.60200482239337,1330.2337176253013,0.0172,0.06267370082748375,0.28833752982704075,0.0,0.066,0.0,0.3012436032419967,0.0,2.573836933482777e-15,4.233284430070357e-15,-0.1460749752170027,0.028175528798260602,1.0
liquidity_stress,20270433,9.840076817476415e-05,0.031769259309391853,-0.15545756827298315,0.15545756827298315,0.0398670694819731,0.30063191687989194,0.27205767642147977,0.12426547337049232,0.04083180391382276,2.9405132359515873,0.48378658309523975,0.8743896456992538,0.40906180705337897,0.5247192952881985,20.33615813556121,2141.4085765250834,0.0188,0.043810038926878216,0.4845472720600499,0.0,0.05,0.0,0.3101475811596557,0.0,2.1674416281960227e-15,2.1166422150351785e-15,-0.06176053276317946,0.04511541925261396,1.0
liquidity_stress,20270434,0.00010367136252601803,0.03337697016458147,-0.18646513860017158,0.20491089974200669,0.04097336185089226,0.3368304583127153,0.2795923423888755,0.21446391292439557,0.07324600929651034,4.361267979042006,0.5310077425866262,0.8995618395584546,0.3939874714793761,0.5426452768363852,19.50744407009887,4691.405891528832,0.0192,0.02419554671136001,0.47418396792368833,0.002,0.0572,0.0,0.29819472878627673,0.0,2.302906729958274e-15,3.7041238763115625e-15,0.2613362403762275,-0.029734643833670558,1.0
liquidity_stress,20270435,0.00026312199240438545,0.035117127496387186,-0.17063045050092307,0.17063045050092307,0.03983474068742061,0.33695701310404635,0.2906936618168015,0.153932711239335,-0.023193479212627533,3.788062371266374,0.4974964482278813,0.9372784391858567,0.4079566332696145,0.519642655875979,19.90319088845785,1760.0411124624916,0.0176,0.055362347362137736,0.5458498861005971,0.0004,0.0608,0.0,0.3085193395560002,0.0,1.7610463229092685e-15,2.5135126303542743e-15,-0.06876465238001034,0.02511148593272191,1.0
liquidity_stress,20270436,0.0001133630214267093,0.03328937881986347,-0.1684138861197486,0.20653122059692355,0.04036572133108681,0.34085128800266484,0.27884175425395424,0.1705035196342858,-0.016277373598726913,3.2178912543424687,0.5039306213275488,0.9047892825754512,0.3626930728197285,0.5437882701959883,20.235085569224015,4801.430589156249,0.0168,0.02283154380913344,0.5570466756408804,0.0008,0.0568,0.0,0.30140426776844165,0.0,2.573836933482777e-15,2.5135126303542743e-15,0.08526842307787046,0.01791900625040382,1.0
liquidity_stress,20270437,0.00015948910574519886,0.03449825525382034,-0.20742039581222493,0.20742039581222493,0.04195782968941868,0.33610429188166446,0.3185268606580547,0.1471380532569464,0.007875413856542628,3.199106036878015,0.5065299065775993,0.9184829319306437,0.4082235420446663,0.5331783754452795,20.019750898344995,3190.113605565745,0.0144,0.034587130296530794,0.42857470273895326,0.0012,0.0644,0.0,0.31014326481193266,0.0,1.8965114246715198e-15,5.820766091346741e-15,-0.09387312269799648,0.02122936802234652,1.0
liquidity_stress,20270438,0.0002818765654654673,0.03402941959621424,-0.21893835160960953,0.21893835160960953,0.04723208584951143,0.3340307590819656,0.30530548514778805,0.1317716348206995,-0.0004368087902969453,4.1831109515700255,0.4891542845546599,0.9426634594154627,0.40427941526407646,0.5191786576446876,19.970110449627335,2268.471510765718,0.022,0.046529055912726325,0.3735804799852861,0.0004,0.054,0.0,0.31050589350968605,0.0,3.928487951105291e-15,2.248932353474877e-15,-0.12757381052384734,0.009323178272942116,1.0
liquidity_stress,20270439,0.00037814133894672287,0.03350886148588167,-0.17441820150251397,0.17441820150251397,0.04291098305458095,0.3923483451325016,0.3075501361631137,0.1855226640935896,0.023503876829425188,4.324633670389159,0.48256078784533324,0.9504255653752635,0.4283734428702155,0.5110168791806255,19.15962511812132,3179.3044022016934,0.0204,0.03849628757321406,0.3696167612250927,0.0016,0.0532,0.0,0.3019669700661536,0.0,3.1156973405317828e-15,2.9103830456733705e-15,0.09650687611987276,0.058309210092035754,1.0
liquidity_stress,20270440,0.0004816312828294091,0.03321006114223231,-0.16787332453604314,0.16787332453604314,0.03895330741970036,0.3359206170820604,0.3157143715478284,0.10871607868031996,0.03137071327264215,3.6519329481858165,0.4654398036615981,0.9418082549314294,0.38461961512916487,0.5325757479351458,20.106744562370928,1820.8870224927664,0.0148,0.05056106322135652,0.37924974678550094,0.0,0.0536,0.0,0.3159711395142959,0.0,2.302906729958274e-15,5.0270252607085486e-15,0.0030522182621562366,0.02551825183377407,1.0
liquidity_stress,20270441,0.0004177088708578303,0.03447304767377927,-0.19180002294560256,0.19180002294560256,0.043729368365598355,0.3080581067613007,0.28336771562844004,0.1626467480566459,-0.0030545402659910583,3.9637270550986523,0.485435888071448,0.933806534478267,0.3860166615668766,0.5229855955649216,19.832012808896064,3347.0675343338803,0.02,0.03449671934397152,0.2888916217978027,0.0008,0.0556,0.0,0.2970035488504543,0.0,3.657557747580788e-15,5.556185814467344e-15,-0.26684338903151805,0.05593904960553768,1.0
liquidity_stress,20270442,0.00029194071573248334,0.03444845568752132,-0.2190032707104754,0.2190032707104754,0.036697026984555424,0.3110563012788448,0.25849454969373686,0.14118405995133165,0.013713093392392722,3.4934648065078875,0.47455191257115364,0.931586719825851,0.3662180048752543,0.5537351465760227,20.196427736759325,4892.430791782979,0.0196,0.027589729998885183,0.3875150513017891,0.0056,0.0616,0.0,0.3018441196275281,0.0,1.7610463229092685e-15,3.5718337378718635e-15,0.016708085488294087,-0.022923242137507675,1.0
liquidity_stress,20270443,0.000360486797526886,0.03454990448729995,-0.22971963323431643,0.22971963323431643,0.03851642471110087,0.37432715374606107,0.32264306444965823,0.2293273030663596,0.06283513999705603,4.004098582333721,0.46389033092512727,0.9323699537280667,0.3805645598256896,0.5383154800267554,20.35615680602413,3025.9966778347807,0.014,0.03716915150126729,0.4293183798571675,0.0,0.0592,0.0,0.3066579737918014,0.0,4.063953052867543e-15,3.5718337378718635e-15,-0.19292439349394286,0.027926694235998986,1.0
liquidity_stress,20270444,3.8951956310967264e-05,0.03476322377915399,-0.18210909588459592,0.18210909588459592,0.04272845967656388,0.32652788808001143,0.3167980621273404,0.1934590595915923,0.050303752132241655,3.3154646079673196,0.5196058242028214,0.8914551633626451,0.3932148208756286,0.5310490657365854,19.982275906306462,1895.7174296593726,0.0172,0.050672764373352205,0.5756756645434649,0.0,0.0652,0.0,0.3037411584658096,0.0,4.7412785616788e-15,2.9103830456733705e-15,0.07132620305385018,0.05443617766410815,1.0
liquidity_stress,20270445,0.0006335304520731686,0.03470372284855035,-0.17683097364121483,0.17683097364121483,0.04587470915582204,0.2959707292103538,0.3060115386353117,0.14432810416645003,0.05200282660305137,3.143414182584145,0.44545632860565293,0.9464410195516092,0.40293061710311767,0.5324737203691972,20.591681250169948,2015.4147820988878,0.0188,0.052031391660448796,0.3562924037568417,0.0004,0.0584,0.0,0.3164383232919017,0.0,2.302906729958274e-15,4.762444983829151e-15,-0.09031988942848115,0.05398876571416808,1.0
liquidity_stress,20270446,0.00033603861528518417,0.033844043491554426,-0.13698762272668208,0.18126478070211682,0.045676986766899304,0.3378171042176474,0.3426858584585396,0.1279633148392927,-0.02490865816414138,4.644795972344844,0.4886677850763575,0.9355021548152086,0.41513213899291007,0.5139925127000825,19.918011454505482,1771.8343944749556,0.0188,0.05450540742783555,0.4341512812409253,0.0004,0.0548,0.0,0.310239295321602,0.0,1.3546510176225143e-15,1.98435207659548e-15,-0.07573110122991991,0.0030001314438157073,1.0
liquidity_stress,20270447,0.000751664763524461,0.033947036239322805,-0.12458271949734673,0.15765829556699648,0.03865504214849524,0.3012872968192991,0.2705481791368144,0.13152590549782583,-0.017367276934223717,3.234005403544458,0.3930096283326197,0.9545867677310637,0.42541055236255376,0.5109176688007071,20.230306760676008,1645.827625366141,0.0164,0.05680199732207186,0.3767205801868918,0.0004,0.0596,0.0,0.3193828138581154,0.0,4.063953052867543e-15,2.248932353474877e-15,0.08927900182680927,-0.020971671542984804,1.0
liquidity_stress,20270448,6.752353114363885e-06,0.03474739149034323,-0.15120545606136748,0.15369039545642962,0.036693183338942954,0.3260985275358755,0.31006420287613107,0.15034428526280996,0.07052285581132788,2.7298433864825915,0.4924099675249334,0.8872704688992459,0.4104102217227878,0.5266393180137968,20.69285060836134,2073.900773011616,0.016,0.048176537649338276,0.507225593432542,0.0004,0.0632,0.0,0.328251726148451,0.0,3.7930228493430395e-15,1.5874816612763839e-15,-0.04167522387224346,0.03832876674520955,1.0
liquidity_stress,20270449,0.0005074033392525909,0.03273048544772191,-0.11972488863579425,0.18934656661241336,0.04299413408772203,0.2825284809062662,0.2776162181298544,0.14143766043710862,0.04634162735204492,4.973613624619614,0.4453916629039377,0.9343383875943236,0.4036253011609691,0.509981174774899,20.046734040685116,1490.8468886741568,0.0156,0.05944079219596998,0.3589038768715954,0.0,0.0496,0.0,0.30949710942515485,0.0,1.7610463229092685e-15,1.7197717997160825e-15,-0.19523461103414327,0.04814286850750406,1.0
liquidity_stress,20270450,7.360146779117826e-05,0.03302558295184268,-0.20317256779077242,0.20317256779077242,0.04112045223390109,0.32678000725204304,0.28971571001261476,0.16459365957397906,0.04065639538696621,3.738419251137362,0.5156734591293828,0.8936883311431418,0.4273742829182096,0.5304430186921825,20.209718638927722,4004.084879325495,0.0156,0.026370756532513587,0.439798382798662,0.0024,0.0548,0.0,0.33796713970354464,0.0,2.573836933482777e-15,1.5874816612763839e-15,-0.08915558943713263,-0.0037607586909115484,1.0
concentrated_wealth,20270401,-0.00020615712911960493,0.022884602001772,-0.09433044107555622,0.15608247580909004,0.04214440990327684,0.21326685714183363,0.224590058065035,0.08397775907521879,-0.01758171796052541,2.365226325654765,0.36761931829384425,0.8453868399241157,0.3726839705931658,0.5903134903185699,7.134907889664774,16282.971780070091,0.0116,0.01880189812463822,0.6208701107868375,0.0004,0.0224,0.0,0.5899648144789487,0.0,4.063953052867543e-15,3.042673184113069e-15,0.1403983615230806,-0.03235490285577977,1.0
concentrated_wealth,20270402,0.0006437533539280726,0.020006701764334188,-0.038557078472051164,0.1190663144584191,0.02727461811694652,0.18034693298666327,0.16274380377720807,0.038620367230536086,0.0015344596604718516,1.7788332549078856,0.19545972914806098,0.9102846997455151,0.4351101903900769,0.47241330738853976,7.007738072351486,4344.6248569177405,0.0088,0.05145722948158684,0.42183588798163085,0.0,0.0104,0.0,0.565624557790831,0.0,1.0837208140980114e-15,6.2176365066658364e-15,-0.1724401898809811,-0.0017619756605165562,1.0
concentrated_wealth,20270403,0.0005354550673121509,0.020668465971311983,-0.04953996922040994,0.12101185556179353,0.025708336182184193,0.14455555074037862,0.138438792629469,0.06801452323193756,-0.016540395440580873,0.7674866798616864,0.21963710691142527,0.8976168319619764,0.40380717474412686,0.5269831248587448,7.094090987125465,6577.668187604701,0.0068,0.038450786084820485,0.2979650420024622,0.0,0.0104,0.0,0.5944622826716721,0.0,2.980232238769531e-15,3.1749633225527677e-15,0.07540485754779774,-0.03301368817402039,1.0
concentrated_wealth,20270404,0.00038768303911697934,0.01999789699511531,-0.09057376856858179,0.11497296596175387,0.030522314801524147,0.13728627495847417,0.12490921497716569,0.023272406421358544,-0.011097600086013392,1.2687334632979184,0.1967701635799082,0.9033949153577248,0.4079590195029505,0.5175737710959487,7.0643409450612085,6636.134086530222,0.0076,0.03769152012129812,0.3101046278921501,0.0,0.0112,0.0,0.5453534046753554,0.0,2.573836933482777e-15,2.3812224919145757e-15,0.1063441750903723,0.019396532650920898,1.0
concentrated_wealth,20270405,0.0003381018253911531,0.02093298240647024,-0.0847869512025701,0.12574920279605073,0.031577239140175635,0.17333042870541435,0.16000666051243084,0.04378966839754195,-0.0243467620431434,1.5885014065277065,0.21258201684749645,0.8725284147543605,0.397595724713942,0.5167970177425026,7.141923600697413,4933.084392379871,0.0096,0.04681158891611631,0.363589992972308,0.0,0.0136,0.0,0.5528131156251868,0.0,2.1674416281960227e-15,3.96870415319096e-15,-0.05083336409330107,-0.0027391227306924576,1.0
concentrated_wealth,20270406,0.000277609387270579,0.020299610041383243,-0.006521915748567601,0.14064346014032597,0.04204381630201025,0.15308122793654322,0.15253177253140046,0.0343323880332659,-0.030618545743585884,0.8805147132656086,0.302894842695877,0.7891262495509334,0.4299047444326459,0.521761075489019,7.116917943060662,5007.48541602753,0.0084,0.04664914601807277,0.4190774156221516,0.0,0.0076,0.0,0.5641189653305589,0.0,5.418604070490057e-15,2.778092907233672e-15,-0.013529591834005152,0.003556171675739085,1.0
concentrated_wealth,20270407,0.0005272733647864573,0.020557099690299438,-0.06950855689129265,0.14563531773761645,0.036389081710010596,0.15418579175610023,0.16423048321598285,0.04041180291506719,-0.043659908738184275,1.3445939772412494,0.22664128649108292,0.8579233583773941,0.38464835799143055,0.5100975659495378,7.149300425443073,3705.6311980012506,0.0092,0.05513068998835412,0.29214563873044996,0.0,0.0128,0.0,0.5264552616492026,0.0,4.063953052867543e-15,3.96870415319096e-15,0.04288447370791682,-0.003983720254855285,1.0
concentrated_wealth,20270408,3.999563794544159e-06,0.021096679345675762,-0.04060972034772249,0.17696874852031075,0.028155646488832405,0.17594107115997312,0.18952184179726062,0.048765221984425816,-0.020679372342081084,2.164953077675376,0.3124927094507302,0.7586730329825216,0.4213912234687997,0.5160614401456386,7.044490514009551,6985.405953051165,0.0088,0.03409072523069825,0.4304638114122432,0.0,0.0128,0.0,0.5940730506393854,0.0,2.302906729958274e-15,2.9103830456733705e-15,-0.047482419472977246,0.01733084026716551,1.0
concentrated_wealth,20270409,0.00022999242308757885,0.020455846600804007,-0.13040739104894483,0.13040739104894483,0.028349182428981802,0.14431323274823094,0.15138340862235286,0.03816491778472087,-0.034904770996369426,0.7344334890411184,0.24139308598844333,0.8244368769011405,0.3363001962160753,0.57564473501081,7.101600007631267,10948.742571923802,0.0068,0.017928910299430327,0.32301211092573556,0.0,0.0092,0.0,0.5876732934132975,0.0,3.3866275440562853e-15,2.1166422150351785e-15,-0.0860884369168588,-0.02269647113210588,1.0
concentrated_wealth,20270410,0.0005188963439385546,0.019083772464467116,-0.060555275975446285,0.10002096778967173,0.03207498828330652,0.1556618710589956,0.15907907308996888,-0.009589243500994809,0.015600345938779164,0.7186980418696165,0.1918906477197703,0.8571110174488701,0.43657225409269657,0.4900546223723855,7.008692271466587,5807.306006546518,0.0072,0.040579490611046605,0.4296668961242789,0.0,0.008,0.0,0.5446909986956625,0.0,5.147673866965554e-15,1.8520619381557813e-15,-0.09351316921106427,0.00626423482765156,1.0
concentrated_wealth,20270411,0.00033427611948456216,0.0207187499508754,-0.08117977396747572,0.1557283670035701,0.03145410225281931,0.17491800224750362,0.14742418148042452,0.05448060140877351,-0.05707272668292199,0.8759888920135737,0.31926400339517036,0.8370088334309015,0.3966841755400987,0.5508703874199206,7.057089846874513,11732.255448651413,0.008,0.017853434723703546,0.3937306174082428,0.0,0.0112,0.0,0.5960768477716463,0.0,8.940696716308593e-15,5.953056229786439e-15,-0.03753539297555839,0.05856512478493151,1.0
concentrated_wealth,20270412,0.00014522972545410938,0.020666090162242527,-0.07591404169529146,0.11604678194827793,0.026934678650088955,0.1244612361594515,0.1410968923846006,0.033363087030513765,-0.024977543370890858,1.0679072009186914,0.28628802997169506,0.8230095806776221,0.4006745625464629,0.5577095956676351,7.122122534246421,8439.69283555501,0.008,0.025545072527753915,0.5753767551909568,0.0,0.014,0.0,0.5809845633315949,0.0,2.0319765264337714e-15,3.042673184113069e-15,0.03251128379589384,-0.03492819955708629,1.0
concentrated_wealth,20270413,0.00028652386275632613,0.021143802432915047,-0.03347531987646732,0.10839759519272404,0.036661190873939035,0.12594170224445086,0.15106071746666197,0.02684982881765904,-0.029923513232603883,0.9367213561251067,0.2854683524197036,0.8594059620554568,0.42481849090482326,0.5751944160777843,7.083035420322991,12457.872686254928,0.0092,0.021763768075289402,0.3481316965860429,0.0,0.0116,0.0,0.5775983922393242,0.0,2.0319765264337714e-15,4.100994291630658e-15,0.028983179800932794,-0.013246849445617603,1.0
concentrated_wealth,20270414,0.00018472085238573045,0.021070299028275202,-0.048503236422432816,0.13648201169092752,0.03097262397967488,0.18068080655610183,0.16332750888159822,0.007552779952459223,-0.038456844935297975,1.269872896153954,0.3002152882885754,0.814159483282408,0.4089204391404027,0.5281864242531265,7.118198225046008,6010.669895485896,0.0072,0.03950715210728407,0.3989899129002227,0.0,0.0112,0.0,0.559690959376191,0.0,1.625581221147017e-15,1.98435207659548e-15,0.03915632207524451,-0.012007788200486168,1.0
concentrated_wealth,20270415,0.00031885045304248186,0.020957282105383588,-0.0975483428790783,0.10762203903677124,0.03131781136504511,0.14815539095680139,0.0815173988159348,0.019151805236979968,-0.06144847873362429,1.2261605206313675,0.23460407176110482,0.8657723091332791,0.4023640696763216,0.5392679591027773,7.08591778928658,7655.0819415412125,0.01,0.03090456751390198,0.46615940506243225,0.0,0.0116,0.0,0.5775792625152893,0.0,1.625581221147017e-15,1.98435207659548e-15,-0.01503895901942771,-0.0018747632000358566,1.0
concentrated_wealth,20270416,-9.955230016964123e-06,0.020540090226667026,-0.08861508694628988,0.11631165585029508,0.033727174754168796,0.15170702831571978,0.14087023964642134,0.08003941612110858,-0.02664776820576419,1.293484012355795,0.2735897499071944,0.7569216254906665,0.41985066312274927,0.5030821511494473,7.090068501902422,6264.595261281575,0.0096,0.037222796813722155,0.4444139668772663,0.0,0.0132,0.0,0.5437024253538449,0.0,2.1674416281960227e-15,1.4551915228366853e-15,-0.12178188276444125,0.04203263824299199,1.0
concentrated_wealth,20270417,8.926452214309961e-05,0.021850312730653756,-0.11950101599379635,0.12922634553819787,0.03162319681360044,0.1510098915892365,0.15389243394200872,0.03347768655804991,-0.057268280098253396,0.8255796763630525,0.25131415489123443,0.8011339915445798,0.36723006285142956,0.6011995611781813,7.147717469726528,13117.703785038933,0.006,0.017949596215779004,0.46949277556751134,0.0,0.0136,0.0,0.5628747517511303,0.0,1.625581221147017e-15,2.3812224919145757e-15,-0.06505973526741536,0.03936565572299834,1.0
concentrated_wealth,20270418,0.0006599559676394656,0.02037551602846489,-0.06645573878704333,0.16030177603829454,0.038232694852587394,0.1700158190524814,0.19094161535917228,0.07979674135692995,-0.008710801363067637,1.383180220324392,0.257421118250866,0.9115589496795107,0.39520229799674006,0.5227863862566503,7.056682039454126,7239.521090809354,0.0104,0.035522343791833964,0.28538493241557183,0.0,0.0112,0.0,0.5663321663961531,0.0,1.7610463229092685e-15,2.1166422150351785e-15,-0.006518967366354297,0.0001498378369086128,1.0
concentrated_wealth,20270419,0.0005525179870726919,0.02062108245439418,-0.07714451629635757,0.15776136239140243,0.034427724390019905,0.1207743581224826,0.12903517713723597,0.058393101927245276,-0.0263249437926493,1.4034161522885844,0.1945703491339094,0.894681599524239,0.4008422346428508,0.5320818636823693,7.072110968068622,6066.514930045873,0.01,0.040438659065341734,0.28227331903616704,0.0,0.012,0.0,0.5532227389683255,0.0,1.625581221147017e-15,2.248932353474877e-15,0.05901345592514547,0.006915379089093237,1.0
concentrated_wealth,20270420,0.00047895586366173147,0.019646760840739273,-0.062124790454643856,0.12374343173841168,0.026588353570284468,0.12403468271000483,0.11077584079095992,0.0243542949012174,-0.03788108031681471,0.75874633724507,0.16870596107908345,0.8558650511888924,0.4381805327360678,0.4897744943562569,6.996372284353381,4912.7975048294975,0.0072,0.0465620580804622,0.34822708064479213,0.0,0.0076,0.0,0.5651319755395083,0.0,2.302906729958274e-15,2.645802768793973e-15,-0.04215618687688789,-0.008626157305210427,1.0
concentrated_wealth,20270421,0.0005379677812699135,0.02089796305999386,-0.05858010275625049,0.13431849145710933,0.028937560995214866,0.21153541967415807,0.21697684478464205,0.1180316112768762,-0.03774879980015794,1.1052236096510635,0.24606038379737694,0.8914176648797287,0.4277697329565856,0.48258556064335534,7.147265281586885,4902.560005573821,0.008,0.048142827198322934,0.3047879155442754,0.0,0.0152,0.0,0.5613914392931643,0.0,1.7610463229092685e-15,2.778092907233672e-15,-0.11361582050678586,4.416256738747008e-06,1.0
concentrated_wealth,20270422,0.0004594740370218808,0.02076696801021229,-0.06563080284596898,0.1325087942425525,0.03282021296043562,0.0895859458300988,0.13468874253876717,0.04499100455612378,-0.0037621694956606606,0.45247448815684255,0.22555614329430484,0.8508742883944165,0.40594644865986157,0.5385852134825853,7.104387964247073,6130.443555119147,0.0044,0.0378829287550085,0.3270632814830894,0.0,0.0096,0.0,0.5636786280958772,0.0,3.7930228493430395e-15,1.5874816612763839e-15,-0.04674782213633407,0.006234722461289265,1.0
concentrated_wealth,20270423,0.0001804635367121364,0.022444863615854342,-0.044204275558117415,0.16126639414604652,0.037644070712814136,0.17962880948475418,0.15562870010052962,-0.015454117830108891,0.001279105901256408,1.8940304296535801,0.34924553561304594,0.8255414723561465,0.4065084189313747,0.56528646342702,7.102885875588699,13648.199275106253,0.0128,0.018613735213757785,0.465055466271423,0.0,0.014,0.0,0.5599814288401632,0.0,1.4901161193847656e-15,2.1166422150351785e-15,0.05223314845645829,0.042301406447373985,1.0
concentrated_wealth,20270424,0.0008485238233459036,0.020229757056064862,-0.06542173284376501,0.1165787238389914,0.028490994889802817,0.1387506344034694,0.14475340055805344,0.03413526251872219,-0.04899136991479342,1.506973886665814,0.16884921915785717,0.925294172186027,0.4374444725209164,0.48275037111997093,7.031674941975852,3677.3811695758222,0.0108,0.0565626215147035,0.24584146155188558,0.0,0.0124,0.0,0.5499566485831482,0.0,2.0319765264337714e-15,1.4551915228366853e-15,-0.07041140078368952,-0.022698339217154383,1.0
concentrated_wealth,20270425,0.0007421912303183895,0.021995417129015638,-0.1258279479333708,0.1258279479333708,0.02971255888673933,0.17121000283428417,0.1582456502346889,0.023485094476577862,0.02345808373988936,1.2992904370945801,0.2201086440237447,0.919867144553263,0.3717128225351137,0.5548307756743195,7.079991324162756,9089.251896005093,0.0076,0.035032055248917206,0.37931599676903427,0.0,0.0144,0.0,0.599052512507311,0.0,4.605813459916548e-15,3.5718337378718635e-15,-0.059515525690481595,0.05920145323803666,1.0
concentrated_wealth,20270426,0.00044786084767874145,0.021485606875325962,-0.11401442508388228,0.12132666530880677,0.031091428525571712,0.18768558033065924,0.21462141523862877,0.04938495964560923,-0.026143033600222503,1.240632411740636,0.23017555357675837,0.8871695967869884,0.37073184297180867,0.5104948763792384,7.129455259091321,4245.554694729493,0.0104,0.05191662155857108,0.30091598440034606,0.0,0.016,0.0,0.5479551752874245,0.0,3.522092645818537e-15,1.8520619381557813e-15,-0.03322584655403902,-0.009748527304156332,1.0
concentrated_wealth,20270427,0.00023559046006535667,0.01974449138053478,-0.055582076467557265,0.12298033400581866,0.027676239664624725,0.1605589369696055,0.1612202022395447,0.03145271077475408,-0.018188908007470406,0.7849980678983388,0.24625091933049426,0.7842332616186636,0.4153052558504672,0.4930432651989869,7.092329145518173,4584.2803136034545,0.006,0.04740294142910913,0.2964323697915293,0.0,0.0088,0.0,0.5921879365753575,0.0,3.7930228493430395e-15,3.5718337378718635e-15,-0.019566822018786546,0.001262664958495675,1.0
concentrated_wealth,20270428,0.00031521827789509585,0.021228055252530527,-0.07332598360062079,0.19339896615144542,0.035633041262222095,0.1885367061259477,0.21774101123975464,0.0299260746449832,-0.026292985372069134,2.002655377419959,0.3535650247700362,0.8327438496082472,0.4072889944386817,0.529615893244726,7.119019302798961,9271.758650598096,0.0132,0.022268123869321397,0.3571510063116424,0.0,0.0116,0.0,0.5553963270695004,0.0,2.4383718317205256e-15,3.5718337378718635e-15,-0.005709853732011294,0.01413451562471877,1.0
concentrated_wealth,20270429,0.0003123198617767674,0.021464060138586327,-0.12679178720974135,0.12679178720974135,0.036472747790222936,0.1614621411907837,0.14400216376343036,0.035939446907897944,0.020267053708316392,1.5972161035181678,0.2912762379502491,0.8700245505758619,0.38824187970050783,0.5392820019682268,7.077856259065576,8200.58060510785,0.0108,0.02927709835662548,0.3388918403101382,0.0,0.0136,0.0,0.5752035094808938,0.0,1.7610463229092685e-15,3.1749633225527677e-15,-0.019251366901585167,-0.026680219251338812,1.0
concentrated_wealth,20270430,0.00043651253233233404,0.020377557134025996,-0.0603989743416162,0.11045268990337301,0.03421467626067002,0.16039372969029186,0.17162726210257717,0.059582875306854015,-0.0557284214103328,1.5606407907392814,0.2143093045171301,0.8424544015468184,0.43952049041776375,0.5108994288432634,7.09957721518456,5963.301502445273,0.0092,0.03921239047594427,0.3056124095639289,0.0,0.012,0.0,0.5533047932783237,0.0,2.7093020352450286e-15,2.778092907233672e-15,0.04913886173165239,-0.01117271939530423,1.0
concentrated_wealth,20270431,-5.193363388807732e-05,0.02011123942997799,-0.052881052728363485,0.1469273981909548,0.02573288573762352,0.09004431869468645,0.09340512256574605,0.0006551017254106839,-0.02999247567107517,1.8211597207648857,0.2811735845309504,0.7618939217888684,0.4116948908305003,0.5386507744915339,6.946442972963909,7676.972411440572,0.0092,0.029643979942572538,0.4027197907042367,0.0,0.0124,0.0,0.5719013088208154,0.0,2.1674416281960227e-15,3.5718337378718635e-15,-0.012393146704848186,-0.0029176902952244236,1.0
concentrated_wealth,20270432,0.0007041669192531156,0.01877775436728188,-0.052122286399328796,0.17382519694574952,0.03204938763965939,0.12146350981439877,0.13870724520691607,-0.009160045229267694,-0.04497128057517818,1.2038984212753387,0.17828479880657871,0.9128159588117366,0.4150979506659745,0.46966804275392293,6.973396385878649,3487.223157697241,0.0076,0.05759314360145865,0.26775798328743494,0.0,0.0084,0.0,0.5300591198976268,0.0,3.1156973405317828e-15,2.1166422150351785e-15,-0.08423883001373338,-0.0011767733873835238,1.0
concentrated_wealth,20270433,9.850407110375237e-05,0.01959498219866762,-0.028141659240706027,0.13029482904423764,0.028263077078238143,0.15687898957122864,0.1428373325228741,0.05658897917214497,-0.038995038280927506,0.7055398704854992,0.24369354394220147,0.7691359164853427,0.40918148814133887,0.5116755239145424,6.993959616877358,5757.44490832419,0.0076,0.039302544481508356,0.47581532154392336,0.0,0.01,0.0,0.5805631371673581,0.0,3.251162442294034e-15,3.042673184113069e-15,-0.03546688555307612,0.005609311307365974,1.0
concentrated_wealth,20270434,0.00010886648835186037,0.021340947877369017,-0.08562749284789857,0.1387130195629325,0.03308392473016351,0.13509643703287263,0.1203974782618103,0.04116180199979568,0.019062561522971953,1.1926706683391917,0.27823543781881954,0.7983108062601848,0.38256993511869775,0.5737217672348085,7.004180078034723,11828.604011827776,0.012,0.01842309172536316,0.46414205742742365,0.0,0.0148,0.0,0.571455206760763,0.0,3.1156973405317828e-15,2.9103830456733705e-15,-0.033106191004252564,-0.02861827317958667,1.0
concentrated_wealth,20270435,0.0002662340098124133,0.021691098822436604,-0.06579401547903847,0.1132117085915426,0.03054191002565828,0.2128939859004098,0.16056214300691377,0.053663639113226816,-0.03068788825510911,2.1305657099921245,0.2982853788294115,0.8725394900244976,0.42545913919328854,0.4919532417903307,7.115195123791702,4493.0747046775405,0.0136,0.050865292472425605,0.5390514330164264,0.0,0.0164,0.0,0.5622660678232572,0.0,2.302906729958274e-15,1.98435207659548e-15,-0.006050381079844507,-0.005785829399354438,1.0
concentrated_wealth,20270436,0.00010934345703994808,0.021398196629147097,-0.07981266110382154,0.13635838394158767,0.03126665418113578,0.18353921536158563,0.19564251809824412,0.053285910731605,-0.06392900962860887,1.2755988085391738,0.31478353150327265,0.8171498915681454,0.39738877105038445,0.5589546289038807,7.126146805409676,12691.244223321091,0.0104,0.017976226661731296,0.5123486953687933,0.0,0.0124,0.0,0.5592114867358358,0.0,2.302906729958274e-15,1.4551915228366853e-15,-0.012823725314939333,0.021944184678566476,1.0
concentrated_wealth,20270437,0.00015972860476009352,0.020235316815859283,-0.057576185533020054,0.1275342908310355,0.029831025273756178,0.0948127748173762,0.11169801707822452,0.03748047526066336,-0.041886353018754735,0.5233881893701757,0.26508760750158333,0.7783186878130384,0.39565096366051383,0.5581451739276388,7.028557032649133,8174.570316023663,0.0068,0.027225187169337046,0.3974128310038486,0.0,0.0084,0.0,0.5677905312012661,0.0,5.68953427401456e-15,1.98435207659548e-15,-0.0713137151829073,-0.022580329491054887,1.0
concentrated_wealth,20270438,0.00030066446893176036,0.020619931916560245,-0.10160487317060203,0.10160487317060203,0.032056101433929805,0.16574973225843034,0.12130393078643306,0.0021953579975400616,-0.018497490134270992,1.197854376477105,0.23506890065464553,0.8666718585336897,0.43718769357391507,0.5075421603418898,7.083344648380239,5709.151553553462,0.0092,0.04193333267682928,0.3411401732992183,0.0,0.0124,0.0,0.5675832450201266,0.0,2.4383718317205256e-15,2.1166422150351785e-15,-0.08065089472492536,-0.04458113242812675,1.0
concentrated_wealth,20270439,0.00037564205041953436,0.019706221300101162,-0.022762840629399945,0.14118592269248637,0.03496969998315813,0.16769836350444406,0.16216328306422745,0.03335158854038327,-0.0007263996322844395,1.1667426723529308,0.23541232732661815,0.8981659451619844,0.41937679128304617,0.504724688747427,7.060003410294433,7884.446393902889,0.0088,0.03150488743906324,0.36637504426896617,0.0,0.01,0.0,0.5728309309678765,0.0,2.980232238769531e-15,1.3229013843969864e-15,0.10905475563639802,-0.02838634371458102,1.0
concentrated_wealth,20270440,0.00046960567913929905,0.019974128582168234,-0.05465599765698135,0.13980234273522013,0.028194803485873204,0.14819593898009853,0.1255408720013883,0.0037260503342988974,-0.01588142493356782,0.7713618916568534,0.2200207093840647,0.8751298218454243,0.41008929079095474,0.5111990371161591,7.005532653551016,4729.388286962052,0.0076,0.04738166079402356,0.3792444412825069,0.0,0.0072,0.0,0.5545606844719888,0.0,1.8965114246715198e-15,2.3812224919145757e-15,0.0113377484880579,-0.0033144379711999234,1.0
concentrated_wealth,20270441,0.0004148957964653647,0.021137414533163697,-0.06904025317644284,0.13007398302406092,0.03663764269327961,0.1546437883305332,0.18978725444119232,0.039557155639892747,-0.08128872795536884,1.1654824615427497,0.257809098219819,0.8663396033414553,0.4119661449405075,0.5115833091464939,7.1043970197106265,8398.893356030721,0.0092,0.028668536841789053,0.24741522335885113,0.0,0.0124,0.0,0.5495321990421767,0.0,1.8965114246715198e-15,1.4551915228366853e-15,0.06979814321171704,0.02142709407565731,1.0
concentrated_wealth,20270442,0.00030520154580195393,0.020763607724147107,-0.06378397042444386,0.11347276132282323,0.03180769718794452,0.1117714646491105,0.11801545549796233,0.04905305173399505,-0.02333710160181919,1.0767754751188638,0.23759192402492904,0.860877055956888,0.38223551837922015,0.5759164541944747,7.050774832598775,12547.437583540906,0.008,0.020945744204283103,0.3771307067398626,0.0,0.0112,0.0,0.5896079480536072,0.0,2.0319765264337714e-15,2.9103830456733705e-15,-0.04795162983920898,-0.01922035250728374,1.0
concentrated_wealth,20270443,0.00038479495773705637,0.020742103867767835,-0.08934351871581613,0.09635362238876234,0.02794830587622888,0.13953540835772726,0.16087379783686007,0.04139955250420636,-0.03080330506675764,1.241210586966445,0.1930408285715753,0.8482397938307871,0.40996178573878905,0.534845861782398,7.102358661448438,7820.114657718064,0.008,0.03058197940490403,0.4050947004890686,0.0,0.012,0.0,0.5865087943794713,0.0,3.1156973405317828e-15,1.98435207659548e-15,-0.05852254391170262,0.016938896311642134,1.0
concentrated_wealth,20270444,3.82428791470403e-05,0.019645626572075532,-0.0367594825804806,0.13714709698665234,0.027737417581809302,0.1556208546636967,0.18718995726566792,0.028569117056667447,-0.02929016987769617,1.0176958290397877,0.2741213587642954,0.7956378281389632,0.44853392550468935,0.48700626176308864,7.042453332962552,4880.712662344612,0.0092,0.046982670486040226,0.5454298937209685,0.0,0.0072,0.0,0.5628093834503487,0.0,3.1156973405317828e-15,3.042673184113069e-15,0.04751403662427705,0.008087811390536733,1.0
concentrated_wealth,20270445,0.0006309534677247342,0.020339464691463277,-0.0718270429199533,0.164534615524956,0.036133677784171106,0.16130143205050446,0.16764151774606004,0.05298397882086292,-0.05644900702375625,1.6663200422920283,0.21771925215418778,0.907634159467809,0.40932706795608226,0.49914658361305647,7.0922540120746795,5263.807482070667,0.0124,0.04550317548364158,0.3068378311411575,0.0,0.012,0.0,0.5637318015237851,0.0,1.625581221147017e-15,4.630154845389453e-15,-0.04510768407229457,0.062440972616651824,1.0
concentrated_wealth,20270446,0.00032742521150685137,0.019282981656800674,-0.05885600918376562,0.09884128177127391,0.028309183014871137,0.15204957711001346,0.1805340873170475,0.04889365020336433,-0.010928538244774596,1.1153473804675178,0.2166584578174031,0.8668377733756126,0.4123419622289592,0.4824809941973919,6.99283679323709,4408.674160667366,0.0072,0.0497315548476452,0.41748793895744796,0.0,0.008,0.0,0.543014588021886,0.0,3.3866275440562853e-15,1.8520619381557813e-15,-0.012012146552280688,0.0013188162200137364,1.0
concentrated_wealth,20270447,0.0007650006710997203,0.020786939716423102,-0.031007152467548708,0.11999318370800165,0.031569015409419254,0.09782978796834105,0.14877539019459027,0.04624503668958703,-0.022575068096377684,1.269259536352834,0.15849196835367751,0.9359024799444611,0.3994234784942766,0.5072014550656669,7.0677777112567615,4322.663157241926,0.0088,0.05284244131563955,0.31830849222418045,0.0,0.012,0.0,0.5618806811905412,0.0,1.7610463229092685e-15,3.1749633225527677e-15,0.08786552487762751,-0.024605315155628575,1.0
concentrated_wealth,20270448,7.880940638133893e-06,0.019821242470537816,-0.033863026947497224,0.11679926231657066,0.025301689573312434,0.08919968273732372,0.10556116612520328,0.01849448628700856,-0.00648904173949606,0.6362878731520198,0.24234900253774777,0.7455015667010974,0.4226801585503621,0.503163010571742,7.002448995010827,5513.224190713961,0.008,0.04314953934351864,0.4400643870607994,0.0,0.0092,0.0,0.5665957680385414,0.0,3.7930228493430395e-15,3.7041238763115625e-15,0.04837026433313271,-0.022439882204669005,1.0
concentrated_wealth,20270449,0.0005045195198536831,0.019194185446743943,-0.06624284485501858,0.15497122602831023,0.03262187894665064,0.1363465657628762,0.1292539102669801,0.016007569168558302,-0.0158790831796236,1.1438019051734054,0.17940179511420207,0.8552968850317456,0.4358015529816777,0.4718232126738994,6.992916362580578,3789.6609637556144,0.0076,0.05561297882890069,0.34986659775471307,0.0,0.0076,0.0,0.5694006271345116,0.0,1.4901161193847656e-15,1.5874816612763839e-15,0.02413342266658052,0.03170028428720395,1.0
concentrated_wealth,20270450,7.127646430436628e-05,0.02118467188716922,-0.07364171823361496,0.17855915162228095,0.03164306453585145,0.1667100894707317,0.18451510374646013,0.03314761096764748,-0.007119819004261737,1.2502811865036998,0.35051653278946593,0.7871387908213727,0.42737482851565456,0.5527830756107922,7.158851652977015,10505.8277045069,0.0096,0.01994016161025153,0.39094417931600667,0.0,0.0152,0.0,0.5822233204041636,0.0,2.302906729958274e-15,1.7197717997160825e-15,-0.010535377978818428,0.0006745436300316389,1.0
garch_t_control,20270401,0.0003331449360564033,0.01968044674986656,-0.09360933515889767,0.18135118560440042,0.03978186285791121,0.2948951296692801,0.3010525644462958,0.09272179338301889,-0.07835275256808696,3.8166233331659836,0.4617844427997873,0.8791629674325485,0.43278880671111764,0.531576170413411,7.06938878303332,8419.42789878125,0.0164,0.02634905171799471,0.32833694531922186,0.0,0.0136,0.0,0.18072670589063322,0.0,2.84476713700728e-15,7.80511816794222e-15,0.0038400926886024535,-0.028720706757331304,1.0
garch_t_control,20270402,0.0006465211608154562,0.01943768045467639,-0.011931667567451567,0.1312535039406014,0.029373541486406935,0.2155402316311468,0.21207612202951834,0.11379714141967212,0.007489307348153982,2.7790373516238036,0.2785150871161948,0.9135469791933098,0.46593250744417813,0.4572018633037881,7.002256930762517,5059.560532884985,0.0136,0.04587798453974235,0.245520287646247,0.0,0.0132,0.0,0.2135123747712615,0.0,3.657557747580788e-15,1.5874816612763839e-15,-0.02020831024208917,0.031777561669937886,1.0
garch_t_control,20270403,0.00033074184369028393,0.018820313309303078,-0.07495128387095686,0.16865454041744904,0.04135033821441965,0.29182235780379984,0.35432441831232087,0.15156433023754926,-0.08403979414918898,4.953134959067755,0.47585322572259414,0.8978863546383963,0.4508034453470472,0.49320525832962736,7.0580714284644115,4958.632821673539,0.0208,0.04563589796987928,0.3566514127396624,0.0,0.0132,0.0,0.1730362826163927,0.0,4.063953052867543e-15,2.1166422150351785e-15,0.07411867244993245,-0.018604346550830663,1.0
garch_t_control,20270404,0.0002048410124260968,0.0193118130094776,-0.08223211309486465,0.12569015185564353,0.03269540137828353,0.3108001351895232,0.25428281782445483,0.1328537375301496,-0.05442670441762162,3.0209247027621196,0.4378572065601173,0.8708913881606486,0.44832425090223543,0.5122096355605653,6.996426910405893,8670.990628290567,0.0188,0.023679882834197963,0.3319867649418121,0.0,0.018,0.0,0.18321409891750906,0.0,2.980232238769531e-15,3.042673184113069e-15,-0.0877829109142157,-0.02468331852163043,1.0
garch_t_control,20270405,0.00023487137514992647,0.019266859547515197,-0.055494368532118366,0.17253592298593085,0.042306206661606574,0.3673966165891054,0.3550815033004998,0.21315951770906333,-0.05307040740632475,3.337349764504008,0.48499375617771684,0.897040187364423,0.4618450938000225,0.5136363006915692,7.167635267448077,5907.137916633213,0.0196,0.03904567571941342,0.26395079134961497,0.0,0.0148,0.0,0.18062651991373113,0.0,1.8965114246715198e-15,3.042673184113069e-15,-0.029479928989227563,-0.009581585276786805,1.0
garch_t_control,20270406,0.0001644705307801619,0.020097324246556043,-0.012519641423984857,0.1491556530153868,0.04773119667240562,0.2790622372821877,0.3303788840854281,0.1452929556001789,-0.06227857342136954,4.201178111618268,0.4530305586222749,0.8796124206322189,0.47916171590792533,0.4794058208869186,7.123472029788596,6757.439233264279,0.0192,0.033934988401918866,0.37497829123909354,0.0,0.0204,0.0,0.2009213054143999,0.0,1.8965114246715198e-15,3.96870415319096e-15,-0.1983386290256269,-0.00821916593156951,1.0
garch_t_control,20270407,0.0006020629526756316,0.0200232935112962,-0.07873099085618993,0.13885231295330597,0.03896110580331525,0.31385497071546553,0.3024514804176344,0.12663422348301376,-0.03806610170705842,2.6880089884924905,0.32903211987316405,0.924877232733737,0.44351708447383326,0.4736079345598655,7.255453108702271,4493.624214331447,0.0148,0.04815041861494225,0.2716726031927926,0.0,0.0172,0.0,0.18770442399228338,0.0,3.3866275440562853e-15,1.4551915228366853e-15,0.05306134205734156,0.00020124544188908285,1.0
garch_t_control,20270408,0.00028768803794896626,0.020492515816976805,-0.0872915296448089,0.10557586373980891,0.031213880739220497,0.3028051766024356,0.27515759205578316,0.13253186956162674,-0.00622004694829127,5.209442900443603,0.4214955976693829,0.8667612906568543,0.46888929434897786,0.4662033093856861,6.980870657605295,6406.258441415438,0.0176,0.03621091715599515,0.38633892531948044,0.0,0.0172,0.0,0.20439068656240922,0.0,1.8965114246715198e-15,1.7197717997160825e-15,-0.1121936440695138,0.0373950202290549,1.0
garch_t_control,20270409,0.0002905236484674596,0.020352362989406052,-0.1033763592375853,0.11629691712068875,0.03429611094337483,0.28045618696308205,0.3216157176954048,0.13495117823472202,-0.03535283339716496,3.89042575950418,0.40900243973195743,0.8926815033246962,0.4103927258868933,0.511370813950705,7.083981435780031,8383.202940293111,0.0192,0.02697131381808941,0.5283297899562227,0.0,0.0176,0.0,0.16838299367858256,0.0,2.980232238769531e-15,1.8520619381557813e-15,0.08852742418949902,-0.028246813290258115,1.0
garch_t_control,20270410,0.0003633305719478592,0.0201123560462053,-0.09811039005736358,0.09811039005736358,0.03343906059322962,0.33553508599335785,0.33432981180062826,0.08451495426585942,-0.013496360766077964,3.814310867131857,0.38533324292083343,0.8971337334530305,0.48621394352320235,0.42546853759407594,7.123436558911719,4069.5407079446645,0.02,0.05201106248077865,0.42655782631634653,0.0,0.0168,0.0,0.18958095995662316,0.0,3.251162442294034e-15,3.5718337378718635e-15,-0.2194429072394136,-0.0715623676337286,1.0
garch_t_control,20270411,0.0005031636831891241,0.02204573592944635,-0.07257027131129921,0.13692466882979942,0.030633748980616715,0.3073556738441258,0.32023060559791466,0.22572082417342734,0.10279530621020798,7.668330060086783,0.31246480157771517,0.9157201505573073,0.46373379289572325,0.4560631666329284,7.200935056110644,7627.94558851376,0.0188,0.033461082566666765,0.30390580583038507,0.0,0.018,0.0,0.20934974061828915,0.0,2.4383718317205256e-15,3.836414014751261e-15,0.14824630552493964,0.07034635919875237,1.0
garch_t_control,20270412,0.00024648419161165405,0.018611212604360574,-0.02589039354123654,0.17134779235912795,0.03623738440689592,0.2716840573589805,0.28409910665587057,0.11666587333206635,-0.03304025407544856,3.505090940533152,0.48272388344650674,0.872777138877759,0.4584635717524959,0.49963350451663807,6.958475285054438,5228.05365264695,0.0188,0.04341395248711998,0.24853408933012167,0.0,0.014,0.0,0.20396522307926945,0.0,2.7093020352450286e-15,1.8520619381557813e-15,0.05986635970856414,-0.002362852197287605,1.0
garch_t_control,20270413,0.00037294959650961663,0.020068163068898782,-0.043333513985620936,0.1427565188487402,0.03517805130851387,0.34798925774776235,0.30618225712524244,0.1377569102153954,-0.07868760301662851,3.904682097926983,0.44072349702530983,0.9024961164371984,0.47142063080101315,0.5386919432499405,7.127958160020189,12746.621604790518,0.0172,0.021097526531351753,0.3315069124496852,0.0,0.0148,0.0,0.21165198664300489,0.0,1.4901161193847656e-15,3.439543599432165e-15,-0.22709015517796124,0.020775062423084113,1.0
garch_t_control,20270414,0.00012681217240189397,0.023133914385268427,-0.006785933878273707,0.13578172588918502,0.036904849148848756,0.3286823392084645,0.30935328238315163,0.18449403286142005,0.01724420712939504,6.655468336243565,0.4571347594237561,0.8901157111646707,0.46934647777087235,0.5400367163209706,7.199556294767084,18694.233790013022,0.0196,0.022885612650468335,0.5815384552279121,0.0028,0.0236,0.0,0.20153914938173112,0.0,2.980232238769531e-15,5.1593153991482476e-15,-0.3348828915595016,-0.044399647156384295,1.0
garch_t_control,20270415,0.00047383658782206126,0.019790193682400967,-0.05453120874946523,0.12814465698029606,0.034788299205372145,0.28211040282459904,0.30787513051099163,0.1772054821526992,-0.040249156999058525,4.377680673211219,0.37272389199243816,0.9185335190241657,0.4555048554261147,0.47036745723577883,7.1374397958547755,4728.01949584493,0.0204,0.04716444968263081,0.3227514892762441,0.0,0.0184,0.0,0.18670119694917786,0.0,1.8965114246715198e-15,2.9103830456733705e-15,-0.1267347585286552,0.016637951441524336,1.0
garch_t_control,20270416,0.0003509511636248881,0.019042776208861353,-0.1066003157672516,0.13280831745799235,0.04398245656604313,0.2900433798269348,0.3361950405296861,0.12463889230162793,-0.05722044389141334,2.745581470189439,0.385990778571335,0.9140372383948794,0.4680803265739126,0.49834284408009305,7.1070440745115775,7413.756468708281,0.0156,0.031688094439745386,0.39838490701932194,0.0,0.0152,0.0,0.1805713635573396,0.0,8.127906105735085e-16,2.248932353474877e-15,-0.13189078398880547,-0.004944584242346875,1.0
garch_t_control,20270417,0.00017263145147921328,0.019892054274456207,-0.11016575524917402,0.1710879607763671,0.038587759050565947,0.31467917030785364,0.31535629662929354,0.10665730504478542,-0.09040689859875896,3.0950226499306632,0.4688771141376259,0.8931512430496489,0.42143590779853896,0.5665825271447739,7.218404530023578,11636.65893907261,0.014,0.01771559426605568,0.22272387546255268,0.0,0.0144,0.0,0.19498969031322977,0.0,2.7093020352450286e-15,1.5874816612763839e-15,0.025554975560826632,0.020086002776808002,1.0
garch_t_control,20270418,0.00012690743838975288,0.021417725417649375,-0.11866173750574398,0.13746356259633402,0.03269381509620045,0.3304468187020282,0.28997760626020425,0.14552451135243602,0.03385196666908854,4.851995331184932,0.4268524118247054,0.8691990510250669,0.4253137346526756,0.5208162625877396,7.1862180526356685,9885.308723982429,0.0196,0.021311985724238522,0.38866012891164714,0.0,0.0204,0.0,0.18968663412074127,0.0,5.418604070490057e-15,6.614506921984933e-15,0.030413448774771312,0.0156486575266707,1.0
garch_t_control,20270419,0.00020115030585200842,0.01894697280473329,-0.07791920092653985,0.11674694886294952,0.03257633905082755,0.3273355971527545,0.30942494085324634,0.1374603429687938,-0.037980916495021146,3.204053940315764,0.4444743330224854,0.858441939143158,0.461018302294229,0.47760978763223816,7.0268308370281165,6689.317130467095,0.0124,0.03412086760322942,0.5049975694757491,0.0,0.0112,0.0,0.19002775888949608,0.0,2.0319765264337714e-15,4.497864706949754e-15,-0.005719391702228404,-0.008339594198886443,1.0
garch_t_control,20270420,0.00029043587126118095,0.018476710782493765,-0.07469666594205895,0.12901877366704828,0.03466826624687229,0.31511655302471664,0.33185105353405886,0.16211375547810775,-0.04785222645652196,3.5611167991784827,0.46292538527168087,0.8962031684788208,0.46489781446266387,0.5141546075866533,6.997735721252708,6390.274812630289,0.016,0.03646262762099836,0.31876130612229636,0.0,0.0132,0.0,0.1809882662197646,0.0,1.2191859158602628e-15,2.778092907233672e-15,-0.21660075085010444,0.013280736389948103,1.0
garch_t_control,20270421,0.0004789338959349841,0.019500832673701188,-0.055119970374428714,0.20549920212800568,0.03226327431654306,0.2734604946993439,0.2632450658997383,0.14860625757429696,-0.042772802486288154,3.1105464276597328,0.3623540896684405,0.9104567593175736,0.4449187063203312,0.5104090098818408,7.132982999521446,5271.854445119659,0.0128,0.04431912083987923,0.22103298483494638,0.0,0.0124,0.0,0.18979246142963913,0.0,1.8965114246715198e-15,2.778092907233672e-15,0.02363622732513328,0.001154928915471794,1.0
garch_t_control,20270422,0.00026550834427289764,0.019702266520015915,-0.08584623956655336,0.18962996676683094,0.04281516649774521,0.33254192939829386,0.32179732533398053,0.1379365318617175,-0.08429358133165328,5.36584820112504,0.47535105795229177,0.889664541835231,0.48898756904277657,0.5033403696799599,7.0831758452760045,7723.215488302451,0.0168,0.028470548072685738,0.2988227262771669,0.0,0.0148,0.0,0.18553483983148022,0.0,4.199418154629794e-15,2.645802768793973e-15,-0.09404103747306786,-0.04906770571979304,1.0
garch_t_control,20270423,0.0005123074086243882,0.017322718200410304,-0.04982601668910655,0.19259072967561847,0.03675771666192148,0.25256508244145054,0.27947250544038077,0.09087004732170115,-0.05404341412035727,3.432827200801519,0.31685553298006464,0.9024348489771586,0.45348696491495905,0.5244859228628717,6.907463602408719,4930.683060604987,0.0156,0.047244964632497555,0.22300111551914725,0.0,0.0092,0.0,0.18378249434192973,0.0,2.84476713700728e-15,5.820766091346741e-15,-0.09741676877528391,0.02624082011387993,1.0
garch_t_control,20270424,0.00019574337776725984,0.018470767122046147,-0.049486546048288,0.14747025161855792,0.03624835366980603,0.371202460642109,0.3865640966897547,0.16033683428037698,-0.053667760386959376,6.252638847346187,0.5146040073890575,0.899235200146794,0.4933886907061717,0.4756187340283073,6.990570502329506,5231.901271177681,0.0212,0.043648877574646826,0.20416947864832324,0.0,0.0164,0.0,0.17874493724537954,0.0,3.3866275440562853e-15,3.439543599432165e-15,-0.2930768031535429,-0.0279850452424444,1.0
garch_t_control,20270425,0.00042410149542903815,0.01950541669479417,-0.07841709102683511,0.1654310730963005,0.03425968564485525,0.3228099568937687,0.3734585081781007,0.16111530707105334,-0.06665082622006314,4.2087103769801,0.4137570577050192,0.8949121310404282,0.4555719859974232,0.4944688124524234,7.158125753734491,6080.656069638259,0.0164,0.03922026293829637,0.28250659609200046,0.0,0.0156,0.0,0.18903387659390325,0.0,4.199418154629794e-15,2.1166422150351785e-15,0.2599645661819579,-0.020912902442491176,1.0
garch_t_control,20270426,0.0005519117925251976,0.018411962979303323,-0.07778538725348166,0.18186334239155447,0.03888337688501077,0.3367990268560126,0.3509118413149519,0.12691637646248904,-0.09422222581095292,3.65590731512387,0.41667783003489955,0.9279493492570163,0.46896058295110665,0.4752841361994216,7.017088194138237,4825.592072652352,0.0192,0.047110196633157304,0.2758268101401261,0.0,0.0136,0.0,0.1848322445052355,0.0,2.1674416281960227e-15,3.836414014751261e-15,-0.05936426512227781,-0.0035318711770149047,1.0
garch_t_control,20270427,0.00042894949537759076,0.019794367441213906,-0.07107740594679117,0.14865959703174494,0.02841051924979125,0.2544566806450168,0.32728982838845083,0.1437946122086702,-0.02523922049801802,3.69629345867408,0.33574198214537326,0.9063490313354384,0.4522753384804786,0.4918614626260792,7.086941434452367,5466.52057577742,0.0148,0.04284028846463614,0.37433769878502354,0.0,0.0176,0.0,0.19578176981140039,0.0,3.522092645818537e-15,2.645802768793973e-15,-0.03472598585423908,-0.018470638828080196,1.0
garch_t_control,20270428,0.0003848550148090013,0.019440729869207578,-0.1417292995891172,0.1417292995891172,0.038600192494361876,0.33421664921314415,0.32044945680624826,0.19595421359099802,-0.015978840241057356,3.7986150715424953,0.43446303438515566,0.9097753109242008,0.4760530521367948,0.46773937509880487,7.072183908424217,5309.245756280265,0.0216,0.042589562085856424,0.3975426091969213,0.0,0.0156,0.0,0.19249197782234528,0.0,5.824999375776811e-15,4.762444983829151e-15,0.08776474092170992,0.0326202042298609,1.0
garch_t_control,20270429,0.00024427650009771186,0.02215455374038136,-0.12636394275803123,0.14250092643678722,0.04534774101151027,0.4071987772307268,0.35836598923595375,0.2625468737672616,0.10593115423069682,5.49783829477189,0.41436201774902515,0.8801455519685865,0.4486634442608753,0.44134219748696923,7.141780157890711,6697.980131075517,0.0192,0.03540549712976732,0.41743825163025905,0.0,0.0196,0.0,0.17555167970948493,0.0,2.4383718317205256e-15,1.5874816612763839e-15,-0.23051016546804276,-0.04093513656492643,1.0
garch_t_control,20270430,0.0006525921335264805,0.017894621867901604,-0.05151514601970136,0.1850970507901923,0.03740584326432813,0.3032248257051598,0.3520013944513206,0.16223819864208733,-0.041646385655086694,2.830749415868759,0.35649009311445257,0.91908901791746,0.47637627537740973,0.4815729252038814,7.018244631390439,5099.163884613463,0.0172,0.044278937201868,0.2540471946411591,0.0,0.0124,0.0,0.18879505356303228,0.0,2.302906729958274e-15,1.4551915228366853e-15,-0.14419785931221749,0.047841840163526564,1.0
garch_t_control,20270431,-1.1252556371882249e-05,0.02010725347211303,-0.08605795391335519,0.1559932411484962,0.03539701273951153,0.3231419986442245,0.35371761246517563,0.14517348994745238,-0.04684265210993632,5.397897369271568,0.5245512287939824,0.8960775566532858,0.4699525708018422,0.5276948304858479,7.126261997406262,13546.549503987422,0.02,0.017391930041014032,0.4674492038760276,0.0008,0.0212,0.0,0.19009951632518596,0.0,2.1674416281960227e-15,1.0583211075175892e-15,-0.25761849444329477,0.015097412885667887,1.0
garch_t_control,20270432,0.00016074822076291896,0.01874781111587226,-0.06339939643139844,0.15972519221989628,0.03129220952611789,0.32134512150450645,0.3594084206559663,0.15342722270364842,-0.04823521195541258,3.3762858008851833,0.4648336263362689,0.8798494378810813,0.4302153557517826,0.49543167969317053,7.089568271490294,6639.6240349063255,0.018,0.03410877929793341,0.38338297703505486,0.0,0.0148,0.0,0.17226542085146956,0.0,3.1156973405317828e-15,6.085346368226138e-15,-0.054174291265620365,-0.0252984610439344,1.0
garch_t_control,20270433,0.00011588861099096661,0.025826489460704535,-0.044979155483796794,0.09316918989952394,0.04191299228802868,0.41401952025130767,0.39163769485710587,0.2623097261688705,0.16173488511474707,12.66516670312559,0.30844308609228,0.8725661909890745,0.47632833155638915,0.38258115289689626,7.2704647504390945,6176.714917298406,0.02,0.03884307482857209,0.7116672069303642,0.0,0.026,0.0,0.17988252782647884,0.0,4.063953052867543e-15,1.98435207659548e-15,-0.14643156842310381,0.04451979029117759,1.0
garch_t_control,20270434,0.0004224744777138909,0.018092450360976273,-0.0822613804683051,0.11784935317045594,0.038302066219822406,0.32386935262052285,0.2962065344032441,0.14613187469747857,-0.056397838320502304,3.230575818239651,0.4216931497909493,0.8924994576181641,0.45526068787724344,0.5028132140236907,6.974900404759064,6314.56215939851,0.0144,0.03587476929544038,0.2920147701763286,0.0,0.0112,0.0,0.18464585365312325,0.0,5.824999375776811e-15,2.9103830456733705e-15,-0.05977854268121449,-0.053768447272897375,1.0
garch_t_control,20270435,0.0005667797435878086,0.01875480435276443,-0.07032387199469531,0.118616183575924,0.03691369649557326,0.36214137230482346,0.3596874539801356,0.1557037773943828,-0.06958554358602077,6.794701474332074,0.3936191173184739,0.9289573225266756,0.4997162087020296,0.42942570963508564,6.78763582093575,6833.216728445268,0.018,0.03885307930858569,0.4380385853305563,0.0,0.0104,0.0,0.17353881115802938,0.0,3.3866275440562853e-15,2.3812224919145757e-15,-0.18386665152570958,0.008951521772430911,1.0
garch_t_control,20270436,0.0005022671288004982,0.02092352231064614,-0.06585787649546652,0.12616013055685077,0.0293215911320606,0.2917597553106075,0.2819656290239167,0.1496634620019165,0.005204710554546268,7.180071231816173,0.36718700042013847,0.9350310314681934,0.44816189181296967,0.4556507546757956,7.13078785546983,5812.575654234095,0.0172,0.041462847011068844,0.41103605331089066,0.0,0.0172,0.0,0.18361754443660017,0.0,3.522092645818537e-15,2.248932353474877e-15,-0.13205218385264353,0.03716087314413883,1.0
garch_t_control,20270437,0.0004312593577116846,0.017774994598411094,-0.06938163974202484,0.15234126021290467,0.04134409759058839,0.30337386426737073,0.30359831944973514,0.14076415877023457,-0.08858316234735925,3.860182133118715,0.42209168092692345,0.9167134875119008,0.4695480862196416,0.5074157329870407,7.010323459806656,5596.015462522506,0.016,0.042144909322741876,0.2695979094219101,0.0,0.01,0.0,0.1706273559983229,0.0,2.302906729958274e-15,2.1166422150351785e-15,0.09636436476570541,0.014279845581729086,1.0
garch_t_control,20270438,0.0004678308961492185,0.01958819676200273,-0.10620052015608002,0.1561722139641412,0.039801790472219205,0.32876787391871704,0.3241167968340886,0.17522734583436167,-0.02108505283940747,3.869241927695736,0.3803550364876365,0.9299164386421744,0.4918070388463868,0.4916623160464287,7.1491560553052285,7470.669146332932,0.0224,0.033330664386503665,0.19329767092674044,0.0,0.0164,0.0,0.19006164455029007,0.0,2.7093020352450286e-15,2.3812224919145757e-15,0.08886288389109868,-0.012415839984189247,1.0
garch_t_control,20270439,0.00032752779798588205,0.018153298517146768,-0.04405795414109667,0.15141741432198877,0.03926581248138291,0.3403040962841424,0.3257438500079085,0.13758795760915124,-0.058631996353643745,5.909904221074761,0.4598725717960175,0.8966311935097608,0.48867354660763246,0.4593967720893843,6.994188066977695,3667.553942849381,0.0164,0.05543495784398267,0.25944499437903157,0.0,0.01,0.0,0.18330986232494495,0.0,2.4383718317205256e-15,2.3812224919145757e-15,0.004292564992595834,0.021009036523868253,1.0
garch_t_control,20270440,0.0005103858478338144,0.018657771871590505,-0.10908669908227624,0.1524359642826891,0.041261910365056845,0.31365683735758476,0.3274297408929051,0.13404841087416178,-0.07991527526926101,3.8640317474767745,0.3970171996755036,0.9106796734048885,0.4563457470600047,0.49673657791572,7.065860954622435,5751.659034181955,0.0168,0.040318823633146074,0.34188369944523855,0.0,0.0108,0.0,0.18392162075477225,0.0,2.980232238769531e-15,1.5874816612763839e-15,0.053593377150228626,0.030616154299630143,1.0
garch_t_control,20270441,0.0007561918900138753,0.020483682620310133,-0.07269168649027757,0.14139000138571775,0.03911971651393,0.3069666535214956,0.3239622671688393,0.17061803852587526,0.017972134267763416,7.086050697577413,0.32472878448206605,0.9337425094813113,0.4801311798469196,0.41988013035536653,7.128134911393468,3292.163173404558,0.0148,0.05899132615924962,0.32147894651170095,0.0,0.0144,0.0,0.17863459649722246,0.0,3.1156973405317828e-15,3.5718337378718635e-15,-0.1335804079125073,0.08056997415725833,1.0
garch_t_control,20270442,0.0006968508301399826,0.01835267044156698,-0.06936619913249789,0.14117553355419268,0.03541927926267809,0.2449219168999096,0.2502172774231851,0.12632156137732506,-0.021955897656003812,3.499089821584632,0.3417388617276446,0.9270047500186285,0.4482039904446863,0.4924583104789002,7.019951785800021,3516.438331377539,0.016,0.05602767729215534,0.18289283354433072,0.0,0.012,0.0,0.1718883599693799,0.0,3.657557747580788e-15,4.100994291630658e-15,0.14699055835895788,-0.034319951204214987,1.0
garch_t_control,20270443,0.0006226704658431675,0.018637658944736585,-0.051471799553474466,0.1976473364722672,0.03792785209145332,0.3491715211396966,0.3634385184907744,0.1660201892996352,-0.05454057735845971,3.852959374824894,0.32451842323076796,0.9325169091832839,0.4956303518109223,0.4603045302590071,7.222958033834305,3075.950559171927,0.0164,0.059535327783468095,0.21749492885507427,0.0,0.0112,0.0,0.17968744821965577,0.0,3.251162442294034e-15,1.98435207659548e-15,0.03797247647098347,-0.02178708486327018,1.0
garch_t_control,20270444,0.0003851322243980647,0.018273536869632772,-0.07611777777778024,0.1539385104491834,0.03244013663208313,0.27717808711533964,0.23362991769382413,0.0705030646053086,-0.05624623631662666,3.049719759993721,0.4145531612164695,0.8937808243884099,0.4826234702350037,0.49324787375551726,7.0735139691845506,5264.598037707393,0.0164,0.042951430056832045,0.2526770865314225,0.0,0.0132,0.0,0.19303163498335074,0.0,2.302906729958274e-15,3.042673184113069e-15,-0.08721691218988095,0.042712716295418285,1.0
garch_t_control,20270445,0.000388748571483891,0.019859947567924866,-0.06328281444058319,0.1182988379628266,0.02858984782866792,0.23911023165925424,0.26874948429692963,0.13079391144999533,0.01840939595252949,4.349987231133065,0.38581501760411463,0.8743686888128531,0.4277721514994493,0.5100276063067629,7.086639273579391,8295.716955658383,0.0124,0.026831799520159638,0.408369021422034,0.0,0.012,0.0,0.19818513591035614,0.0,1.8965114246715198e-15,3.836414014751261e-15,-0.06885869808430949,-0.023269942432617083,1.0
garch_t_control,20270446,0.0002923554369057232,0.01819882679173558,-0.08412372896670481,0.1600458423597033,0.03447450957221086,0.28842025690509326,0.31085486828311765,0.10787661418532413,-0.04906772136512381,3.4963755676825796,0.4274110564345904,0.8993384064879437,0.46497754720684137,0.4933144726653449,6.949922888979995,7191.967379247513,0.0188,0.032911541443043035,0.30839503867001417,0.0,0.012,0.0,0.17384467779698753,0.0,1.3546510176225143e-15,1.5874816612763839e-15,-4.8713346423883767e-05,-0.005535961045444778,1.0
garch_t_control,20270447,0.0001859666403708477,0.01987272329062921,-0.04705032534839471,0.12717166526590257,0.03925038006718733,0.333039713474114,0.2829732714017823,0.17945281204614455,-0.00470883838835753,6.833486701593795,0.48095218967205067,0.8946818079402966,0.47399363155496554,0.47604256677961493,7.031895601207967,7938.411271529238,0.0196,0.029176936879816047,0.43211985276979525,0.0,0.018,0.0,0.18925153335433542,0.0,2.4383718317205256e-15,6.085346368226138e-15,-0.025122996362263627,-0.003130892956171738,1.0
garch_t_control,20270448,-3.9047720562813736e-05,0.020760031040010726,-0.05800938742312911,0.20408708262730826,0.04275802657528406,0.34458899697745665,0.2880275942549982,0.07716633096175089,-0.037626627088103146,3.1418398109462222,0.511113410653383,0.8884776427941502,0.4643072650948839,0.5340203358449638,7.050051034135755,13550.601214577788,0.016,0.018094245482321632,0.5909664192728523,0.0,0.016,0.0,0.19100477015141215,0.0,1.8965114246715198e-15,2.3812224919145757e-15,0.10877629756329729,-0.013960429528915604,1.0
garch_t_control,20270449,0.00025657855419643525,0.018912906407976816,-0.04181590164423297,0.14929989972796934,0.03783710706712872,0.291696586160569,0.29048315262907204,0.15252218268949358,-0.03531892518058353,4.969080286689793,0.4406164626898394,0.8762907628243565,0.4636750652741961,0.48250720356109555,7.010873059063929,6435.055883168713,0.016,0.03646953506761654,0.39943435540508143,0.0,0.0132,0.0,0.18224328110802146,0.0,2.0319765264337714e-15,2.3812224919145757e-15,-0.2896683504152982,-0.003438563905053775,1.0
garch_t_control,20270450,0.0001935523239343972,0.027771979471571884,-0.0721300574044398,0.1112372846667735,0.034247862117215214,0.34935480152993303,0.3795973111996175,0.2907412965370884,0.14565028311447797,7.65494168855297,0.3647533816785083,0.8994252603989924,0.47417862285308626,0.3760961692391601,7.343010434612914,8565.600596846807,0.0196,0.028322739113252452,0.7092686607477219,0.0,0.0356,0.0,0.16531919379759397,0.0,3.3866275440562853e-15,3.5718337378718635e-15,0.10389444253047628,-0.04193334658338378,1.0
logit_learning,20270401,-0.00020338266748653807,0.02915170263134262,-0.029321185326427232,0.19255284436305606,0.04193294279759889,0.23999063041588967,0.26672618594791586,0.08706933411201802,-0.042127640090676516,3.6263345923048806,0.4149473396376309,0.8536642797369697,0.42824751948666967,0.6126894172965394,7.486886234002414,16227.044841815137,0.0148,0.03426173895812819,0.6075300684893509,0.0084,0.0404,6300.0,0.23189733054577633,0.0,2.302906729958274e-15,5.953056229786439e-15,0.03899416327405627,-0.03836953654128562,1.0
logit_learning,20270402,0.0006484057088843826,0.02429961623744353,0.07908231040422652,0.2099092020837539,0.04400413169409766,0.2182835886060758,0.21359843082172097,0.06566750275507251,-0.05349437888542456,2.890773129053807,0.23950756840275342,0.9139122593561996,0.5135738850741373,0.48240909388801373,7.237636091971417,4496.932543673074,0.0144,0.07596565490521155,0.4313295947347128,0.0,0.024,6300.0,0.2053980888484852,0.0,3.251162442294034e-15,2.1166422150351785e-15,-0.14700688344691826,0.007605249084942238,1.0
logit_learning,20270403,0.0005327361006888332,0.02350276145246721,0.07853652824054666,0.1661351803277848,0.04049987952516963,0.16258666774550734,0.18863002518563263,0.06310926817059766,-0.021024020425237926,0.9269838825496861,0.27913200420824585,0.912181296437723,0.47906995607362746,0.5375712913547472,7.218477330928136,6780.132772191218,0.008,0.06772591657218502,0.3130106163851407,0.0,0.02,6300.0,0.22257566589986766,0.0,4.063953052867543e-15,4.100994291630658e-15,0.05050409397798417,-0.04117685192160504,1.0
logit_learning,20270404,0.00038459497821846395,0.0239747726140723,0.015552633682427918,0.17808855711401755,0.037435887535854744,0.1350222804071538,0.1748607590149412,0.0668659391137282,-0.03344923673889823,1.8495878557648862,0.22756728370529902,0.903945298527599,0.47150598529245175,0.5366933461368534,7.264078789768823,6878.368657992186,0.0116,0.06649181956040974,0.3227044902378874,0.0,0.0204,6300.0,0.18501332239617962,0.0,5.147673866965554e-15,2.9103830456733705e-15,0.03215204288602169,0.02242202905738095,1.0
logit_learning,20270405,0.0003355912304872298,0.025668471242819416,0.027511182015278152,0.19838295408340162,0.03451266786019576,0.2039346885934359,0.24534234820838574,0.07069935938782701,-0.04729511982096956,2.4730049444061732,0.2989950969811367,0.8822136613774683,0.49117295320496973,0.5150573164661981,7.396157026462564,5084.733735158056,0.014,0.07451483644897121,0.3920993298421356,0.0,0.028,6300.0,0.20262864018454785,0.0,3.7930228493430395e-15,4.100994291630658e-15,-0.04826039772785706,-0.03011460085906168,1.0
logit_learning,20270406,0.0002718746664142387,0.024688384558567165,0.10530982603755731,0.20041715192347387,0.05904634778159751,0.2040973564144867,0.23592697571441246,0.062166097880808804,-0.041271973554339814,2.061226976949462,0.3574843808021244,0.8198792770264202,0.4988156906149138,0.5285025106814106,7.366176045619295,5207.558773975019,0.0112,0.08037219270799269,0.42961658384720014,0.0,0.0248,6300.0,0.20983514144352933,0.0,2.573836933482777e-15,2.778092907233672e-15,-0.04674414481947168,0.002799592756596037,1.0
logit_learning,20270407,0.0005419764673242,0.026217271048280234,0.04593696515458623,0.19699170073599465,0.04612517356333916,0.21348034875137836,0.26745617472143585,0.0932616646320178,-0.07044757706857757,2.705701680580357,0.3144457210894571,0.872170673439315,0.4667952190595557,0.5142772422383328,7.489141368119975,3839.9195039464735,0.0136,0.08453107310298959,0.3099747772340452,0.0,0.0316,6300.0,0.18025632003899217,0.0,4.470348358154297e-15,1.3229013843969864e-15,0.03176417411259065,-0.0013565450741789807,1.0
logit_learning,20270408,-1.0035629994888495e-05,0.02503590546027289,0.0736748355646648,0.25205903390487566,0.04084895613900362,0.23408525226608065,0.23557738720265992,0.09871552956779639,-0.03790335420759072,2.9541496497544077,0.38938675261376365,0.7974429671038891,0.49270855768672356,0.5249855192934073,7.242194273847167,7330.9857528087705,0.01,0.07342570331509983,0.44363923822652185,0.0,0.026,6300.0,0.21696564238004568,0.0,2.1674416281960227e-15,1.98435207659548e-15,-0.025776482789083514,-0.006371256935893098,1.0
logit_learning,20270409,0.00020830543637128328,0.025976211363062635,-0.04027265600156063,0.17197803312777374,0.03543701801585912,0.19194427520373386,0.20386652861396373,0.06807297138904836,-0.08502502812588032,1.5049767532793386,0.342081528553582,0.8457236174848759,0.41594747809308963,0.6007787248487991,7.370109848883992,11171.697629058173,0.0108,0.043384459996373824,0.3610605107439936,0.0,0.028,6300.0,0.1954196945042843,0.0,2.0319765264337714e-15,2.3812224919145757e-15,-0.08937402745545636,-0.0172750179118433,1.0
logit_learning,20270410,0.000517145908289314,0.022768376230782903,0.07345775037762291,0.16452333439974728,0.040386228231128314,0.15251440841414227,0.1467802050379725,0.03139051276683564,-0.007361115183241151,0.7784786088450186,0.21701230154838497,0.858047019406059,0.5046587423118263,0.5277345846920752,7.210302122035957,5997.892592929096,0.008,0.07362063984233787,0.4305254635342918,0.0,0.018,6300.0,0.18804739336691756,0.0,2.7093020352450286e-15,1.7197717997160825e-15,-0.03336049359029815,-0.03790122587674613,1.0
logit_learning,20270411,0.000312635075678018,0.025018119347058245,-0.007531169458367652,0.19353268530239431,0.038600960736408334,0.22053932095671758,0.236220112371762,0.06432563650138436,-0.043369968684176904,1.9735785636946286,0.4109463887175553,0.8679050838488571,0.46661639929538495,0.5699812676813061,7.245798747720256,11998.698392710196,0.0108,0.04006290899395475,0.42337815812659885,0.0004,0.0252,6300.0,0.22368779426028373,0.0,2.0319765264337714e-15,1.98435207659548e-15,-0.020488066855038737,0.02252642579422841,1.0
logit_learning,20270412,0.00012142682411738334,0.02418502647677941,0.03226396334831135,0.16072024878870936,0.034213123865019866,0.1541807162945283,0.2039919224760552,0.04542067989833853,-0.031053915749730217,2.208886757116275,0.3514277875315072,0.8469291464237211,0.47023776216834584,0.5625023091874016,7.269029677125813,8734.911767138428,0.0104,0.05732446745622035,0.589210074772113,0.0,0.0228,6300.0,0.22318433610948163,0.0,5.147673866965554e-15,1.5874816612763839e-15,0.19995154612209168,-0.035957625607888365,1.0
logit_learning,20270413,0.0002637413603815563,0.026429127934662445,0.0499278146507719,0.1504533137269847,0.047770739574324546,0.2075907431981823,0.2141012039067802,0.08605634400680016,-0.04731916532936768,2.4282915086070993,0.3949599171134298,0.8819845813159878,0.4942028919736712,0.586947877058819,7.349822796884643,12530.54463791316,0.0104,0.04075451784448764,0.4016409608953436,0.004,0.0332,6300.0,0.2263982469555328,0.0,1.4901161193847656e-15,2.9103830456733705e-15,-0.01188889511686856,0.0071451761006742325,1.0
logit_learning,20270414,0.0001718462849382721,0.02384778722154907,0.0775684489975747,0.19985476194330082,0.044502627464075725,0.23334927895195162,0.2078233604970856,0.0412349905263516,-0.06816997050901757,1.7345057797174732,0.3580418355327106,0.8386369912041891,0.49292211144591386,0.5245594829269525,7.204821269299815,6293.365632524836,0.0108,0.07399174144213641,0.4148353001598719,0.0,0.0192,6300.0,0.17647929838770438,0.0,1.7610463229092685e-15,2.1166422150351785e-15,0.0989301477817948,-0.000752372183324897,1.0
logit_learning,20270415,0.0003052798825031456,0.024734466329100476,0.006199435491557164,0.19552645480071829,0.035237252462802175,0.12352872207487715,0.12736100134020484,0.04221741465415156,-0.0833725386047349,1.6495105523507592,0.2589625969435619,0.8732350855673072,0.4611231110523047,0.558159771089617,7.309144763919258,7892.494324112713,0.0084,0.06128968520924277,0.47783679114619015,0.0,0.0256,6300.0,0.19252028329040716,0.0,5.283138968727805e-15,1.5874816612763839e-15,0.03502154350718681,0.014078494661075493,1.0
logit_learning,20270416,-1.3812846500577791e-05,0.024456652461788183,0.05735735406872677,0.19460520944059104,0.039032911959568664,0.17379414007514926,0.19331021983227595,0.08735148652146929,-0.04348699789172528,2.1171104219020487,0.3336419835691864,0.7848595184859337,0.49529840102660294,0.5131736064819509,7.301981513841624,6556.201565950992,0.012,0.07664722033035197,0.4531153177957885,0.0,0.0284,6300.0,0.19446165845164498,0.0,5.0122087652033025e-15,6.614506921984933e-15,-0.03324066410219765,0.03677859681027756,1.0
logit_learning,20270417,7.568062127622e-05,0.024873737991136208,-0.04807394215734305,0.15060973366477856,0.03530415441390881,0.17884625399757048,0.19547438705933812,0.05892386014443466,-0.06882882955964162,1.439966346123919,0.30574877903750314,0.8133585991466199,0.43084089584744517,0.5998854832550061,7.335361634500405,13259.69501186375,0.012,0.02849358057861199,0.47394403717991396,0.0,0.0268,6300.0,0.15432516029391063,0.0,2.0319765264337714e-15,2.9103830456733705e-15,-0.061386830459799986,0.03895141907178427,1.0
logit_learning,20270418,0.0006528398814347366,0.02487361684191123,0.04598892041436441,0.22353750229209374,0.047478819721112855,0.2021876665555381,0.2263568819094365,0.07318197213760116,-0.02909612264889615,3.0403597679876837,0.2717150715209715,0.9113908043376906,0.46493159188192157,0.5322368597395342,7.348151462175457,7448.714107599803,0.0136,0.05903241546349494,0.29496814456923215,0.0,0.026,6300.0,0.18680027635242014,0.0,2.84476713700728e-15,2.9103830456733705e-15,0.019130855570022982,-0.0343812098008787,1.0
logit_learning,20270419,0.0005483440082303467,0.025085873133516665,0.028878287625762663,0.22400849544709267,0.043759563895043874,0.1789830062496455,0.19220561308880488,0.09162591293309755,-0.05654081904924969,1.9438567369482174,0.25921078820534704,0.9016871983989128,0.48430258567355694,0.5358063494569588,7.350477212457806,6255.859676464439,0.0132,0.07051916843985212,0.3060673517565329,0.0,0.0276,6300.0,0.18978866182937737,0.0,1.7610463229092685e-15,4.233284430070357e-15,0.10266799228420173,-0.025781897300200373,1.0
logit_learning,20270420,0.0004843642307130871,0.023304389454590516,0.052440901379880445,0.18914449567249192,0.0409343554325598,0.16127800405739848,0.15786105997228367,0.052679670588425716,-0.033881617418114,1.5803503472013967,0.24268090641963336,0.8837015980585623,0.5025219550580939,0.5061293594443564,7.138198455615843,5129.341013173169,0.0104,0.07928320838123439,0.34866546851218394,0.0,0.0204,6300.0,0.18673720166680208,0.0,1.4901161193847656e-15,3.836414014751261e-15,0.0073202872425988915,-0.032232740781420924,1.0
logit_learning,20270421,0.0005382142814992739,0.025466837645185522,0.04948543215267119,0.22460327612040457,0.037692094553050656,0.26625189693814355,0.29831130770555897,0.1437026337251084,-0.03568037919082121,2.0607078511572743,0.3327116935832597,0.9122917427705686,0.4914967458155867,0.49793941075786524,7.413451187929647,5031.208421863039,0.0096,0.076260446144867,0.31774041387471685,0.0,0.028,6300.0,0.17519127621553676,0.0,4.063953052867543e-15,1.5874816612763839e-15,0.05355019783607303,-0.029059396190065725,1.0
logit_learning,20270422,0.00046828326857547713,0.024155762762044553,0.05537314864864734,0.19130065647171138,0.04169996927770546,0.14690530656876558,0.19044866562236637,0.06886602625869762,-0.04102643738563876,1.1163449323427006,0.27269343886417935,0.8520691972169085,0.48470732504652814,0.5345120393860999,7.309726705962554,6383.551821494922,0.008,0.07263730328597183,0.34177234255972755,0.0,0.0264,6300.0,0.1877311271512654,0.0,4.3348832563920454e-15,2.9103830456733705e-15,-0.03327675211343206,0.028664536739064623,1.0
logit_learning,20270423,0.0001681562102129064,0.026778162026574535,0.01158300503293082,0.19289032755551766,0.042250423045609484,0.22194925791092082,0.22395132991637565,0.03970970926164129,-0.046396282806845136,2.8840977071825797,0.4217756859912602,0.8402026759726294,0.4615118138884157,0.5724077211307477,7.369556842978176,13688.116318755585,0.0144,0.027929330400685466,0.4642326974871497,0.002,0.0304,6300.0,0.19929286422858072,0.0,4.199418154629794e-15,9.260309690778906e-16,0.11527170018616027,0.027319141963075298,1.0
logit_learning,20270424,0.000857783763057634,0.024857467063289437,0.051972295872553746,0.17141770284368693,0.03584668139256374,0.1845439993573213,0.21479035813375735,0.05031472594260528,-0.07149065231956973,2.348718677769467,0.23847398243662454,0.9351239821089663,0.49982955494736014,0.5000675754698254,7.265055315882412,3773.692710471812,0.0128,0.08071986804446135,0.2865161585519691,0.0,0.0228,6300.0,0.19214492720790077,0.0,5.147673866965554e-15,3.836414014751261e-15,-0.0701633890205239,-0.02032971384810024,1.0
logit_learning,20270425,0.0007427053038924261,0.025648734974242998,-0.048381100765375225,0.15989012497500907,0.03219668640315393,0.2218973982409007,0.22295686174072413,0.06815070474735425,0.010961215114021549,1.9775288777732474,0.2750515242999374,0.9285445013000847,0.44838362484030175,0.5549168161486365,7.294979054110222,9194.962859766429,0.0112,0.049444049639829755,0.39800148338737995,0.0,0.0284,6300.0,0.225393788165146,0.0,2.84476713700728e-15,2.9103830456733705e-15,0.049427551321985785,0.05119130065020029,1.0
logit_learning,20270426,0.0004442246416622755,0.025432960055776336,-0.016244295209241325,0.1736387894990881,0.03166132832137816,0.24579649889715763,0.268798898629398,0.10301981942700461,-0.03908392164940622,2.0895079789864814,0.33074471498505315,0.8999809039230837,0.4549806395971456,0.504201807933984,7.3768234584467764,4353.603333859395,0.0128,0.07789709490126188,0.3351914715660994,0.0,0.0284,6300.0,0.2075445188412306,0.0,2.4383718317205256e-15,2.645802768793973e-15,-0.05434045093908542,-0.0019099616714089867,1.0
logit_learning,20270427,0.0002377577889624515,0.023629357806389917,0.07408729032877541,0.17508180701133094,0.042104746803505164,0.19809575061533444,0.19104607664928472,0.05890827950045051,-0.013795297277616667,1.5767836105966824,0.31297703803951343,0.8253380519809027,0.49273027312433293,0.5100912988668667,7.2835202888601245,4741.098699458405,0.0108,0.08027552507946821,0.3256376623316378,0.0,0.0208,6300.0,0.21848886335007744,0.0,3.7930228493430395e-15,1.4551915228366853e-15,-0.07935943813253106,0.009581722524488804,1.0
logit_learning,20270428,0.0003035689025963396,0.02430435954338355,0.0008875803331484616,0.22000000358440075,0.03891762444116374,0.21645937630802392,0.2408154373753489,0.06639504560196419,0.017093488474352353,1.899143660974735,0.3826821246530537,0.8428449598542344,0.45539778860032526,0.5523731843104588,7.285040838421388,9587.2651804557,0.0128,0.05600817631853497,0.3682178816604159,0.0,0.0216,6300.0,0.18531160247710576,0.0,3.3866275440562853e-15,3.042673184113069e-15,0.06568769555003105,-0.0005231461436319471,1.0
logit_learning,20270429,0.00030710678259060026,0.025336789847436796,-0.016266867926948893,0.18470879089790448,0.040291060019110585,0.19132485394594306,0.21275652024822467,0.07708970400283885,-0.036352937646024604,2.6161833239100867,0.3345023248155747,0.8811234481108066,0.46436130367709955,0.545585565488526,7.361366021142869,8422.653867819137,0.0136,0.05719232066411157,0.36878814829359374,0.0,0.0296,6300.0,0.20739662473244236,0.0,5.147673866965554e-15,2.3812224919145757e-15,0.04617248863179255,-0.04722276554944873,1.0
logit_learning,20270430,0.0004325614703400987,0.023919238907936295,0.0727341359818237,0.15507498430788613,0.04519893667439233,0.18221813723096889,0.1799069246901553,0.05774039260651354,-0.03545946323457099,2.5636325078621276,0.3096459071487523,0.8738360848081027,0.500451289680469,0.5228895592615381,7.179235006117528,6260.4340269698205,0.01,0.07242094398406596,0.32263110861512234,0.0,0.0204,6300.0,0.2085103864812352,0.0,2.302906729958274e-15,2.645802768793973e-15,0.011593480787100676,-0.014578989304749724,1.0
logit_learning,20270431,-5.889338399068791e-05,0.02384566481964158,0.04560939848882487,0.19052914905928153,0.03447538072772034,0.1884385826060905,0.17320637254837523,0.04202906994608385,-0.035129071906985485,3.8320419993725983,0.37877668452423635,0.8007398920584379,0.4798636857465802,0.5353409156359922,7.139888163773711,8034.117987231893,0.0124,0.0657737938589641,0.4236185706346175,0.0,0.0224,6300.0,0.2040036258174689,0.0,2.302906729958274e-15,3.5718337378718635e-15,-0.14990149797788527,-0.01436123393019882,1.0
logit_learning,20270432,0.0007007750115088651,0.02405035212652812,0.019987934011684905,0.22787164999504395,0.04167871061470534,0.17295757073107326,0.2035707902100395,0.05125948734851346,-0.09096111079696165,1.686676454021785,0.2416316758958277,0.9265959749515342,0.4707329268312008,0.5056925462355013,7.306657283193394,3572.482795875298,0.0108,0.08255424688435449,0.28798509540773554,0.0,0.0256,6300.0,0.16688183073478946,0.0,1.2191859158602628e-15,2.778092907233672e-15,0.0058544593629078325,-0.024549057273068976,1.0
logit_learning,20270433,8.946334431999787e-05,0.023629364706447557,0.06832758070118462,0.1846559664262354,0.04213684877018937,0.2433159215714666,0.23784308445424593,0.07610506006458424,-0.038683608544885645,2.1595051165515393,0.35107883467429507,0.7865982211697378,0.49038961684389254,0.5077668135332055,7.1727742389839095,6025.484578360285,0.012,0.07300925317297248,0.4890726751090242,0.0,0.0208,6300.0,0.20677425061066557,0.0,2.7093020352450286e-15,1.7197717997160825e-15,-0.03657370081021675,-0.025209923161649033,1.0
logit_learning,20270434,0.00010557558835090682,0.0241502617282202,0.006153281774778525,0.16721230798462203,0.031930909419338814,0.14888462483312695,0.14630416709599167,0.04958220626218558,0.002241354722523017,1.3864125201992152,0.3196798605143387,0.8064935383750128,0.45502967651089116,0.5861372976908462,7.174392243422889,12022.050589537357,0.0096,0.033517601150396724,0.4700267137689572,0.0,0.022,6300.0,0.19051865381527233,0.0,2.4383718317205256e-15,4.497864706949754e-15,0.018115686736403642,-0.03660173256123303,1.0
logit_learning,20270435,0.00026476085732190775,0.025263540395390895,0.04127470328344244,0.1515160428528192,0.03936438870331834,0.2308953774111401,0.2101262739452082,0.0830165871621899,-0.0636359632436687,2.6529403236132962,0.35921261777567354,0.8915891540861444,0.4912376459867541,0.4987334818179133,7.297918782443652,4620.115618138769,0.0152,0.07760308599076184,0.5580886825003792,0.0,0.0256,6300.0,0.206494964296686,0.0,2.1674416281960227e-15,1.7197717997160825e-15,-0.032411509342797414,-0.013540579791072982,1.0
logit_learning,20270436,0.00010522332187721304,0.026260070872806032,-0.026377546501919792,0.17111349199744366,0.03474652891691117,0.22490554905910712,0.23985243947700088,0.08993831077388413,-0.06360888375768282,2.0056571383325057,0.39924236651754236,0.8492549898180204,0.4468399317483956,0.5782508885801854,7.422734803031579,12835.524467044375,0.0112,0.031197651160565432,0.5379530005150123,0.0,0.0324,6300.0,0.19088876693919254,0.0,2.7093020352450286e-15,4.630154845389453e-15,-0.05458124518112683,0.015629535645721077,1.0
logit_learning,20270437,0.00013863146825347954,0.023215817347195144,0.034497534411900885,0.1804564096953043,0.03802044996629806,0.13078144943108114,0.13814190371187057,0.05582211877092764,-0.0659731130822061,0.9261681276123896,0.3210061375136606,0.8043652198426529,0.46471517814346,0.5694676268910267,7.25593999321463,8440.650819422508,0.0072,0.06160641042041841,0.40424466636376777,0.0,0.0172,6300.0,0.18870311443669152,0.0,3.928487951105291e-15,3.042673184113069e-15,-0.07927600402129495,-0.04832576056149156,1.0
logit_learning,20270438,0.0002950574500217517,0.023692085933104814,0.037091125760201286,0.17113534477448228,0.042512362400619154,0.18956362452667125,0.15683625095244355,0.044648367047847866,-0.04768562039746052,1.7698753307120318,0.2873110657945665,0.8727922105276923,0.5134536936892545,0.5114627625075362,7.220383245010444,5934.47719205373,0.014,0.07337675351877027,0.36249214659570383,0.0,0.024,6300.0,0.18770543775516657,0.0,2.84476713700728e-15,1.98435207659548e-15,-0.09420796179144902,-0.0165341068436345,1.0
logit_learning,20270439,0.0003770111899427807,0.02445808735086812,0.0719525380663557,0.2053455781678287,0.04251083332718859,0.2255218180290925,0.24000130029148697,0.07548182778081151,-0.014466275166481656,2.3451820138209474,0.3519272170165954,0.9119522439635015,0.48661424754870675,0.5181311911563626,7.32345566141715,8098.072106852266,0.0164,0.05623723850663172,0.38195091413571625,0.0,0.0228,6300.0,0.1994317481104828,0.0,2.573836933482777e-15,2.5135126303542743e-15,0.17791994981112347,-0.03684759765697299,1.0
logit_learning,20270440,0.0004749934114963381,0.023783849043959113,0.07721913360638497,0.21981757221686507,0.038420492074897124,0.22669448467985406,0.2077863096883771,0.06257721745843414,-0.038955879993735745,1.53689477706578,0.2873266587649254,0.8927861572832174,0.48626296050238543,0.5179096062825008,7.169900663458209,4873.009595347662,0.0116,0.074249254003135,0.4061849932671304,0.0,0.0192,6300.0,0.20931611599747524,0.0,2.7093020352450286e-15,1.4551915228366853e-15,0.07127524731875533,0.01582243003941719,1.0
logit_learning,20270441,0.00040726622330283216,0.023192172615131835,0.03597900999278118,0.19244026141734205,0.04500898044177804,0.18721314504232714,0.24560856306024992,0.06880765529886745,-0.06525416164917809,1.2650402860091319,0.3151098219216526,0.8822907256814486,0.46693435388391935,0.5171226747323093,7.249065643136173,8657.597273913794,0.0108,0.05816946300167286,0.26391223665083596,0.0,0.0224,6300.0,0.17730100597347365,0.0,1.625581221147017e-15,2.248932353474877e-15,0.02436779110617266,-0.022475875161032555,1.0
logit_learning,20270442,0.00028667404314959485,0.02623662205577325,0.016331547742961614,0.16617053929231002,0.03541338266366039,0.20293941368978344,0.18907096475648677,0.09956041213662159,-0.04180318820273959,1.5003546300141748,0.35690691378984835,0.8923555476291003,0.455008644245261,0.6007047280181721,7.339851982098578,12556.478237012327,0.01,0.04817486793645321,0.39925166886361174,0.0104,0.0304,6300.0,0.21083689827095853,0.0,1.625581221147017e-15,3.836414014751261e-15,0.04374047754923659,-0.014973582377631574,1.0
logit_learning,20270443,0.0003814169574647071,0.023516335001849503,0.03620276518054462,0.14917778311332353,0.039982325233968316,0.16765923125246268,0.17609869023646754,0.07434814065902451,-0.02968514106537053,1.323330811879896,0.2284512231012733,0.8677367603318807,0.4854966411023921,0.5401270465313284,7.25802013647613,8083.999001395959,0.0092,0.06175732130436368,0.41318314044156923,0.0,0.02,6300.0,0.1864535002327341,0.0,1.8965114246715198e-15,2.3812224919145757e-15,-0.008257991212824561,0.03231040951796632,1.0
logit_learning,20270444,3.6859909302663494e-05,0.024395192093490253,0.06661542013994035,0.2309888161621362,0.04010495107927835,0.26226367584271176,0.2905971775151853,0.06616143832068952,-0.0776821156793251,2.286104041580029,0.3668554308618459,0.7915722227361627,0.5144991356002722,0.4960974751383469,7.241471849507066,5093.424119816596,0.012,0.07576763273258377,0.567908781619178,0.0,0.0244,6300.0,0.19784390634820248,0.0,1.2191859158602628e-15,1.98435207659548e-15,0.03826980545353355,0.028034323263159227,1.0
logit_learning,20270445,0.0006410116401063316,0.02432488396591969,0.03894511386814057,0.24626248532687392,0.040393716105675645,0.21135554519584843,0.22641624149700212,0.08134325768905244,-0.06401477958496304,2.3398895078137816,0.2897345208438742,0.9221294456972227,0.4795194095655484,0.5103142686196165,7.287794684135434,5417.118539796096,0.0108,0.07408631338623255,0.3195587436017645,0.0,0.0212,6300.0,0.20670671340386582,0.0,2.1674416281960227e-15,1.1906112459572878e-15,0.00014744890229328574,0.022492666818876003,1.0
logit_learning,20270446,0.0003341743035841759,0.02398032296845737,0.058146527456824935,0.16528305454332493,0.044354529657172216,0.2240469934537121,0.26575784916350187,0.09435097956946098,-0.046006965601474686,1.4562924838843614,0.3016855863598084,0.8853743465589191,0.49730907901350213,0.49735345151757815,7.283035805202133,4565.058601422081,0.0108,0.07966093224721414,0.4282504471413491,0.0,0.0228,6300.0,0.20089538509916927,0.0,1.625581221147017e-15,2.5135126303542743e-15,-0.028150130682382504,-0.0030587537667355652,1.0
logit_learning,20270447,0.0007727717025454926,0.024697530346462278,0.07312011077246076,0.19660089055618082,0.04947006713824425,0.1697670121547836,0.20769194385864997,0.09691879075028527,-0.04093609686247208,2.396429373337039,0.2133664358995925,0.9373437558126505,0.4801669255545962,0.5123536326532853,7.282586384940829,4457.478321345608,0.0132,0.07588798331584572,0.3333656899323387,0.0,0.0228,6300.0,0.21379041112322783,0.0,2.980232238769531e-15,2.1166422150351785e-15,0.15234565792953275,-0.025998746850410537,1.0
logit_learning,20270448,9.659693253645684e-07,0.02455328487175828,0.07907524640123711,0.21233997411623184,0.03772842022159374,0.14792618034878965,0.2005211652725467,0.035990195468301685,-0.014110579011648463,2.0282949073333203,0.3364017484442328,0.7796593816403424,0.4857245516782013,0.5233797909773926,7.261714181317534,5734.312194526618,0.0108,0.07704174652451727,0.46043693478437564,0.0,0.0192,6300.0,0.20119974172322497,0.0,2.0319765264337714e-15,2.1166422150351785e-15,0.0038604408652254166,-0.041505328740305346,1.0
logit_learning,20270449,0.0005101957659499177,0.023549714987036178,0.06229158700597263,0.23494571643673656,0.04063300542595441,0.17717375941555738,0.2075044845184938,0.07957922321934638,-0.05181577331854952,2.3009264140898784,0.24690568132138277,0.8713725735604607,0.4988434309230921,0.49258716085984156,7.237237936491605,3927.02669086174,0.0096,0.08266588718163512,0.36924956842673506,0.0,0.0192,6300.0,0.19734776174222324,0.0,4.063953052867543e-15,2.248932353474877e-15,-0.07603385145757022,-0.014410815957736656,1.0
logit_learning,20270450,5.847140964693978e-05,0.02389041903112362,0.0071343360214230316,0.21486295632680777,0.03817139345284652,0.17540784858171746,0.22343335237783438,0.06671661551855647,-0.01270476942118389,1.664367646445779,0.37749941987357544,0.8057033042600451,0.47420358114108163,0.5716250140912005,7.277342733866262,10924.407873938817,0.012,0.05051626436153725,0.3991842200699435,0.0,0.0252,6300.0,0.1977021847942202,0.0,2.0319765264337714e-15,2.248932353474877e-15,-0.05997136601146399,-0.028723506842894098,1.0
