scenario,seed,mean_return,daily_volatility,return_acf_1,maximum_absolute_return_acf_1_20,mean_absolute_return_acf_1_20,absolute_return_acf_1,absolute_return_acf_5,absolute_return_acf_20,absolute_return_acf_50,excess_kurtosis,volume_absolute_return_correlation,volume_acf_1,order_flow_imbalance_acf_1,order_flow_imbalance_return_correlation,mean_spread_bps,mean_depth,three_sigma_tail_fraction,mean_absolute_log_price_gap,maximum_drawdown,bubble_day_fraction,crash_day_fraction,strategy_turnover,final_wealth_gini,price_cap_hits,maximum_cash_relative_error,maximum_share_relative_error,return_skewness,leverage_correlation,learning_fitness_alignment
full,20261211,-0.0001068952256405872,0.024989765796037733,-0.049609331794102124,0.1511194989085929,0.03600630629164347,0.25017876621639523,0.2325740751158083,0.11345840158669376,-0.03740520474610022,7.473993500860203,0.4493336069583147,0.8486257699238816,0.42814928984241374,0.5595309027786831,7.275682387660995,13819.05122968428,0.0168,0.020387755668762362,0.5844018251506673,0.0048,0.024,0.0,0.28417252747307575,0.0,3.3866275440562853e-15,5.0270252607085486e-15,0.42211347266678056,-0.010660241814213722,1.0
full,20261212,0.0003485411256551483,0.01765573677018631,-0.03748169834602026,0.10374348295950268,0.024074445881341493,0.1530074008193689,0.21109111136625286,0.023705684812283793,-0.006333421246964964,1.7845508845664408,0.3546809483221559,0.8556883366524654,0.4232456952589928,0.5147159859981113,6.823407862439641,13699.691112104676,0.0068,0.016020911167565873,0.45255705718779804,0.0012,0.0024,0.0,0.16356742181195227,0.0,4.063953052867543e-15,2.1166422150351785e-15,0.1544466806301097,0.012487326218906249,1.0
full,20261213,-5.8599099867739566e-05,0.01655779498758241,-0.019882590756379492,0.09146253497083749,0.023159863019190777,0.11807978146248699,0.12180028096056764,0.008091022272787138,0.02858563672409759,0.8341608025582796,0.31521513675602947,0.8188671510694588,0.41393857746862156,0.5329013804878708,6.8535924333473925,13573.149254010448,0.0064,0.015949082743167736,0.4690082492951472,0.0,0.0024,0.0,0.12464438760358543,0.0,4.605813459916548e-15,2.778092907233672e-15,0.05317064743774915,-0.03138104456216737,1.0
full,20261214,0.0004747863662139,0.011972492944798836,0.006593406206447186,0.05629527450740883,0.02330064099876155,0.005838063481224829,0.03657982390143175,-0.018512763090647033,0.01690059065502394,0.03447273590555655,0.07944524124357258,0.9282246664300016,0.6555943715812322,0.13805569182325295,6.596805853367924,13455.715764947428,0.0028,0.10018147870601153,0.2623825313060755,0.0,0.0,0.0,0.0513177894016843,0.0,2.980232238769531e-15,1.7197717997160825e-15,0.01740399500804215,0.00597560350925122,1.0
full,20261215,0.0002550096111212575,0.012118037810495249,0.006234326904883753,0.025696122269507436,0.011140258451961762,0.009462111869795113,0.04005297029583529,0.029787458155744847,-0.025669073307633065,0.025733502315858026,0.0791586973469929,0.8431943365990239,0.4664792295006637,0.2191718592128442,6.6245592683554015,13418.56391868822,0.0024,0.08001896092358507,0.383244491071667,0.0,0.0,0.0,0.050838347732126365,0.0,2.7093020352450286e-15,2.645802768793973e-15,0.014633575873545851,-0.0020452832372403465,1.0
full,20261216,0.0004903117622860819,0.011398139833587914,0.014161704715852215,0.055069644414313015,0.020575793103103028,-0.0055614198757102115,-0.0070240431897443225,0.006601634304436673,0.008184975198136485,-0.09487736186994455,0.041172425311489125,0.9283687107255153,0.7446881495411185,0.034156783944992074,6.549727002795053,13469.000895025236,0.002,0.09650175990767884,0.46784965470044126,0.0,0.0,0.0,0.03399921594348565,0.0,1.625581221147017e-15,3.836414014751261e-15,-0.06302948869311721,0.015838371909958775,1.0
full,20261217,0.0005928934093223905,0.012158353237595503,-0.022412935736452637,0.04538992764044498,0.01612944234949549,0.023994313050520612,0.022158243863028743,0.0004079727931407036,-0.006400609799636296,0.07869600299003654,0.1220807000737307,0.9501333993665751,0.7193162563093219,0.11862025678615777,6.555733776415922,13547.911560968261,0.002,0.08608939386265142,0.32307539535897334,0.0,0.0,0.0,0.05589993901229473,0.0,2.4383718317205256e-15,3.96870415319096e-15,-0.05170200402054522,0.018811446953897477,1.0
full,20261218,0.0008490922128891345,0.013461639068890273,-0.03019082644641427,0.07274119340736941,0.026154138731356025,0.09729955191550026,0.09670035611779679,0.026937084326996076,0.1064114088284901,0.9169320052156449,0.2651653693410242,0.9544900109252646,0.6459795470627919,0.22176286386619826,6.604420704957009,13611.882616274625,0.0068,0.07066069136959038,0.28039932921988964,0.0,0.002,0.0,0.07903282045923365,0.0,3.1156973405317828e-15,5.423895676027645e-15,-0.139594601271013,-0.013122753170702824,1.0
full,20261219,0.00017422579969774752,0.018505147116438466,-0.0849109361077922,0.0849109361077922,0.03569540687486226,0.1783594741588527,0.15785755606723342,0.028224780248309617,-0.026524995334533414,2.0876045706773283,0.3413348479449849,0.8064646300005399,0.4231046455919974,0.5337534707997493,6.835895081925184,13841.821016137392,0.0096,0.016251982334071255,0.4615701281637753,0.0004,0.0064,0.0,0.18811238337062464,0.0,2.573836933482777e-15,2.1166422150351785e-15,0.02840783477693667,-0.013207523531862877,1.0
full,20261220,6.403663337988732e-05,0.018654307394582043,-0.027361841980236327,0.1383096645069377,0.028040048563442548,0.22811205911074225,0.16143966351169153,0.04404279165176796,0.010521553618099951,2.6281744637608284,0.3966053300598162,0.8239206868440349,0.45577157736098917,0.5231923235032543,6.875977870036705,13809.324667982775,0.01,0.024106381692713647,0.475870998622268,0.0012,0.01,0.0,0.15742328913219628,0.0,1.8965114246715198e-15,1.3229013843969864e-15,-0.056515461461047786,-0.00981942801436042,1.0
full,20261221,0.00014594571233243485,0.01470294713339783,-0.00039459251603503483,0.08805247665674133,0.0236187515418158,0.13647462408110392,0.1476326313343221,0.011392373041308116,-0.006957469422089215,1.13884553885467,0.28793868221324603,0.8301687096390455,0.4599244632999989,0.4120031225812023,6.7032523704160445,13664.801910150833,0.0088,0.05656012154328132,0.5368779149890643,0.0,0.004,0.0,0.15902110971170869,0.0,2.302906729958274e-15,2.3812224919145757e-15,-0.05178894137316591,-0.004482294962028654,1.0
full,20261222,0.00032332112965580324,0.011424834707906723,-0.0037366479894213687,0.0475915661955584,0.015969009661258395,-0.007768605018057441,0.0033401586942876597,-0.023778189194552296,0.017665167995758606,-0.04382243441551781,-0.02350058323622173,0.8629315555040159,0.6594194794855933,0.05610460816033756,6.57064484278278,13446.956281542105,0.0024,0.10892952950526721,0.3308432847060029,0.0,0.0,0.0,0.030292577550391497,0.0,1.4901161193847656e-15,2.1166422150351785e-15,0.06723124685110349,0.008076392814873684,1.0
full,20261223,0.000506016138195897,0.013280865915921914,-0.014847594005088107,0.06418009152390387,0.021008119322218875,0.09971678212779904,0.0568256590301167,0.005477286081779592,0.014143838429899183,0.6158032970425587,0.24370070404555572,0.93761850232513,0.42187352555345353,0.29543032573944666,6.5575650282472076,13668.86378362883,0.0048,0.026567154145830205,0.41378081413811973,0.0,0.0008,0.0,0.08270527557302598,0.0,3.3866275440562853e-15,1.98435207659548e-15,0.1002717344749517,0.05157428584264978,1.0
full,20261224,0.00023980682747733618,0.022249610404135586,-0.04174016215094363,0.15676648208914742,0.027354253301964736,0.2673424226274539,0.2347916184149374,0.14577746449906823,0.002424510087461564,4.521429644775229,0.4527006827126832,0.8732500094984269,0.41758137220113206,0.5456800349119436,7.089668856024327,13781.773601675146,0.0168,0.03740436387484081,0.3615839403976303,0.0104,0.0148,0.0,0.1807690639992945,0.0,1.625581221147017e-15,2.5135126303542743e-15,0.08607330334279908,-0.022244593612976395,1.0
full,20261225,0.0007028136725089631,0.011831012666883073,-0.005924769611898266,0.04362040680848934,0.014925576345872698,0.02686124368978335,-0.009719246570051882,0.021887684025168788,0.032671521240207724,0.06870507895321909,0.1125729986543374,0.9508171410618663,0.7297296050111237,0.1074400123718472,6.549958444529648,13492.062757558673,0.0044,0.17759432524382607,0.29664444937063716,0.0,0.0,0.0,0.04311448806333518,0.0,3.1156973405317828e-15,1.3229013843969864e-15,0.02034403763629072,0.004726817007426342,1.0
full,20261226,0.000254732307244603,0.01530327420007427,-0.030698234583053676,0.07891977701611931,0.022898909544215494,0.1284456932490407,0.10781259416451873,0.026204555766211304,-0.0036371243546836434,0.5389478017641491,0.2816968010675811,0.8485040415238277,0.4464125904008993,0.4653990036140641,6.76228209256921,13623.777030912348,0.0044,0.015587718734964673,0.4297547474873372,0.0,0.002,0.0,0.11587732587996458,0.0,4.063953052867543e-15,1.8520619381557813e-15,-0.018252098992243115,0.0025410208203998003,1.0
full,20261227,0.0005664046267990909,0.013350805682327091,-0.03414119158312316,0.04965597830146445,0.0185760660819259,0.06621415010075625,0.032073159752292496,0.08993904237085905,0.01955730575340284,0.29278667400605984,0.2252852086284008,0.9378069619988235,0.546721754220451,0.24682550417024396,6.603924638402618,13608.760485881763,0.0032,0.051062961665612625,0.3103569812644219,0.0,0.0012,0.0,0.06510149408048527,0.0,3.251162442294034e-15,2.9103830456733705e-15,-0.004684693360653597,0.0038324141337485944,1.0
full,20261228,0.00033777653185908534,0.01448224647519703,-0.015564055641377613,0.08560252361106292,0.03028294790254426,0.12999734219157713,0.11398560316467601,0.07119807689882676,0.044531092980436185,0.8167738085881169,0.31627969783987,0.9320824308377433,0.4370573805293356,0.3509957561514701,6.670008724293614,13630.584127080485,0.0076,0.02063609036665017,0.28829634241509916,0.0,0.0008,0.0,0.07828459022059442,0.0,2.1674416281960227e-15,5.820766091346741e-15,0.1116553924181238,-0.01302407053903307,1.0
full,20261229,0.0002488454348914889,0.01261720472365889,-0.04840432417268727,0.04840432417268727,0.018653950485693353,0.05204083273093168,0.04255003776133278,0.007979877408470842,-0.0068429914126198485,0.04086229671094932,0.17300002511956922,0.9179579381611043,0.47930728405995926,0.2234613973446842,6.615567152712723,13486.764948752118,0.0032,0.04969372811018759,0.38216496482817175,0.0,0.0,0.0,0.060964665420286,0.0,2.7093020352450286e-15,2.3812224919145757e-15,-0.04415857478693103,0.009205410999974737,1.0
full,20261230,0.00045662007244308037,0.015545833201735046,0.0013899251625634763,0.07769764743924934,0.023194169380776782,0.11561360512949863,0.10376218007444589,0.04131237512594843,0.01587363965346282,0.9208469187439929,0.2685817210479032,0.8874402994955889,0.4453802940669611,0.42949721641366,6.6811437269795135,13738.490798327153,0.0072,0.03199295514406233,0.30261183142435266,0.0016,0.0032,0.0,0.12259635058685081,0.0,2.0319765264337714e-15,2.248932353474877e-15,-0.05739837331409135,0.0037781517893672963,1.0
full,20261231,2.0436712243326836e-05,0.013008646071201054,-0.01696867925556368,0.05049116077106105,0.02289609513754578,0.045758512339758355,0.06203357286211334,0.017827385999169408,-0.013943888378771226,0.09647754772669526,0.13555522800190578,0.8351319156542877,0.4312146180843976,0.30908931983513516,6.651364670371882,13504.14106049073,0.0044,0.05020283159593388,0.41203263296681114,0.0,0.0,0.0,0.07934008154643757,0.0,5.283138968727805e-15,2.645802768793973e-15,-0.005656402059072073,0.04863001565298936,1.0
full,20261232,0.0005300363287042927,0.019160710549007073,-0.035898112688690816,0.10377376043938247,0.031082972413879556,0.3147690633767476,0.32696380386150264,0.13311203336706473,0.04078861488351436,6.6919400950736545,0.48416608757061264,0.9176479531013558,0.4535113648528978,0.46114225680262777,6.763483387931447,13985.985977577255,0.014,0.0262845533083399,0.38700025888772116,0.0024,0.0088,0.0,0.16391811319381633,0.0,1.7610463229092685e-15,3.3072534609924663e-15,0.15707017318864291,0.025440414239115073,1.0
full,20261233,0.00012335415372309342,0.013564371122363283,-0.029502036373882927,0.08727567548230832,0.019697074648210182,0.07944557728243991,0.04567363694084583,-0.008502604085591465,0.007331219753186982,0.13039308065574495,0.14825403486779418,0.8279471511750379,0.42400488662942626,0.36871440874664096,6.671668294872566,13523.0190721645,0.0036,0.06679729473827477,0.3047052606499604,0.0,0.0,0.0,0.09269912528478685,0.0,1.3546510176225143e-15,1.5874816612763839e-15,-0.028660714889845236,0.060368714990018474,1.0
full,20261234,0.00029424509311853377,0.015189316335682879,-0.042637947678934335,0.08343948770188298,0.02303496853080001,0.12630215361022284,0.10461204498602522,0.04048059009308181,0.02926639838403331,0.8022270074617146,0.2764535644619816,0.8388947262901272,0.40984671503487835,0.4753343012046038,6.717626307596037,13615.2667773516,0.0068,0.01638499531996709,0.36066405945659297,0.0,0.002,0.0,0.10488634388260776,0.0,1.7610463229092685e-15,2.778092907233672e-15,0.013860754436077087,0.014323740171805,1.0
full,20261235,0.0006293547505845062,0.017301960617875523,-0.0325226053249935,0.10177868383895095,0.03374161755566287,0.2813490562173228,0.23566032546786025,0.12803912455338493,0.031965506269492516,5.17834124640572,0.44365932929559043,0.9441838516854336,0.5184243753295708,0.3474549344533875,6.757831908139776,13733.950126526057,0.014,0.05151547954611592,0.460232212754192,0.0,0.0072,0.0,0.10475790164628807,0.0,2.7093020352450286e-15,2.3812224919145757e-15,-0.2763138211100797,0.007858511169062866,1.0
full,20261236,0.0007776289112993993,0.011586896674422184,-0.015199356734234856,0.046575194453881474,0.017407928694729506,0.01628087446153603,-0.004215400221587094,-0.004209513630812227,-0.006082275886766126,-0.04941466047204468,0.042489079584025986,0.9469236072388192,0.772977098935883,0.04137276247245776,6.593094391138862,13409.41096601783,0.0032,0.14341620841304564,0.17507479716141816,0.0,0.0,0.0,0.025937733413192054,0.0,3.657557747580788e-15,2.5135126303542743e-15,-0.029210949957089116,-0.021456270959251927,1.0
full,20261237,0.00020861036086339803,0.012674004766575585,3.38056982885919e-05,0.05359789436980801,0.017508392441257768,0.04724411361360827,0.02704821547067671,0.03338241425538921,0.021284494389944106,0.1923806729589974,0.14839637557835994,0.8629412993830293,0.43798259174478044,0.31772452689793856,6.604097099750045,13558.274369070876,0.0044,0.0274099998130733,0.47998760807912544,0.0,0.0,0.0,0.07428231397178142,0.0,2.1674416281960227e-15,3.3072534609924663e-15,-0.042313527329213764,0.007149432059135941,1.0
full,20261238,0.0003327242685998037,0.012003373676474593,-0.046488358795981434,0.046488358795981434,0.02340684074971817,0.015302571015842932,0.04282004879718711,0.024035684178055322,-0.01182804331740157,0.0007942538571725777,0.13307144509398702,0.923004834327235,0.48531431787818885,0.16801670628048662,6.554999612359519,13544.875008995872,0.004,0.0878922825689,0.3526488489814026,0.0,0.0,0.0,0.06614816877588514,0.0,3.1156973405317828e-15,1.7197717997160825e-15,0.07945371227028244,0.02274883724661851,1.0
full,20261239,0.0005136202261286851,0.014073715284730443,-0.024571505472028105,0.04787492500429597,0.020233302304846424,0.10411023944459169,0.08099577098184797,0.033586992083351794,0.04282711947224127,0.6324901044380953,0.23407002869614937,0.9021070152124406,0.5077084453310313,0.3433493954102973,6.651239372199148,13644.970894828863,0.0076,0.0247737099329103,0.32125625748847364,0.0,0.0012,0.0,0.08327247579060626,0.0,2.0319765264337714e-15,1.5874816612763839e-15,-0.07365989289125101,0.024509878986760342,1.0
full,20261240,0.00016465326211393823,0.01180828607563213,-0.0392706163752315,0.04147275879512255,0.021487644435490005,0.03769891860967679,0.0424785317791709,0.00139130365708626,0.020748420668010775,0.01185604665005524,0.10998274339148706,0.8484413953286095,0.43455136191440596,0.21523202789111692,6.572526591789449,13499.383306490583,0.0032,0.03932815530315637,0.3608864138281779,0.0,0.0,0.0,0.0605088486713663,0.0,2.7093020352450286e-15,2.248932353474877e-15,0.0543183475299453,0.014196610200650796,1.0
full,20261241,0.00039580554871021577,0.016539854416658194,-0.018375901857301848,0.09375419525296828,0.03659370664834395,0.12670405206702673,0.12455500673792479,0.03399603636310782,-0.008333731333372545,0.68567434974161,0.2936594723586061,0.8935241849202552,0.39850587223877465,0.49977963136288295,6.819345489617099,13635.899422589619,0.0064,0.041471011299397065,0.31005347983822107,0.002,0.0024,0.0,0.10057920836853929,0.0,3.657557747580788e-15,3.7041238763115625e-15,0.09768701641861859,-0.001798405596827482,1.0
full,20261242,0.0004737055653911547,0.014143448175587003,-0.019327880436431303,0.090049298211992,0.030441253792790324,0.1077327409236837,0.10497382681106385,0.09494445606249602,0.0595355283049619,1.253211182800758,0.3133873947369354,0.9454051994931946,0.4327972377285184,0.3313799189152487,6.626676189640653,13657.173778317709,0.0072,0.03460604872289107,0.30527820152909835,0.0,0.0012,0.0,0.08376571416804213,0.0,1.7610463229092685e-15,1.4551915228366853e-15,0.06911213596293586,-0.006225717585811031,1.0
full,20261243,0.0005391219669488773,0.014309856215507387,0.0037890511917791753,0.10539554269079547,0.03196141618732262,0.09018862979798094,0.11429659957217832,0.0446412368877825,0.048989846308394376,1.5003694276049906,0.25041312709669244,0.8961671661457091,0.4366945097124901,0.4015261195426674,6.556515004755579,13876.923721293897,0.0064,0.020650882706361624,0.27669031605429506,0.0,0.0016,0.0,0.11320951004862878,0.0,3.3866275440562853e-15,2.1166422150351785e-15,0.16049730231570908,-0.028165268426068178,1.0
full,20261244,0.00045950508664823993,0.01314304546595776,-0.005354635696377486,0.05385887361269022,0.01602206686464651,0.06683288326511032,0.0183533530610676,0.019554974900228377,0.016534517536250803,0.38774484971764744,0.1789170967601918,0.9102884211495479,0.4533291412846975,0.270404065387349,6.627186165216061,13517.517415211934,0.0052,0.09120692844554538,0.36064216813595773,0.0,0.0004,0.0,0.0902597476724103,0.0,1.625581221147017e-15,2.248932353474877e-15,-0.03616741782198209,0.018350612563462956,1.0
full,20261245,0.000632730925574549,0.01341871184640078,-0.027891233975802045,0.06768405024140897,0.02615275927904987,0.16226902481381114,0.13090662514593518,0.08688755035633121,0.028435034229190893,0.8889156852834974,0.3112760315330076,0.9522288082326242,0.6375317540706651,0.23512808856356102,6.618583142200654,13602.605301903961,0.006,0.07158286460142872,0.36406851668258444,0.0,0.0012,0.0,0.08168218625373092,0.0,2.302906729958274e-15,1.5874816612763839e-15,-0.1176022995735315,0.062214823142158066,1.0
full,20261246,0.0006016075383858801,0.012814878645534046,-0.004976331149693652,0.057222773879636174,0.015768367226967474,0.03496903263404942,0.06132570603168772,0.027620374109039808,0.02303957880955671,0.30014368497009203,0.21770241407910002,0.9489874984231702,0.527237523284622,0.22575587854717868,6.540296991123423,13640.902708151609,0.004,0.036608256384453884,0.33689942999446276,0.0,0.0,0.0,0.06776191131560871,0.0,2.4383718317205256e-15,3.836414014751261e-15,-0.02159983486905521,0.0036237080421894644,1.0
full,20261247,-1.2341050981993718e-05,0.013219495690070917,-0.06690640261087864,0.06690640261087864,0.01605971939185374,0.09327154087064322,0.05908470101307154,0.02267769115250726,0.0210414841179455,0.4146564252837428,0.20527642771517884,0.8778304283710032,0.42519578587287304,0.36931618098007474,6.691707464106753,13478.344042736,0.0052,0.014853794567895722,0.5541172442514357,0.0,0.0,0.0,0.07083708298999225,0.0,2.980232238769531e-15,3.96870415319096e-15,0.037712963461807886,-0.029374285413919028,1.0
full,20261248,0.0003780945992455056,0.012746745276469114,-0.025524252261879116,0.0650785459231638,0.023578406996703365,0.08802165209877472,0.07859128226660718,0.01561797512173621,-0.0009731929958734298,0.49013020858040024,0.2224881170478739,0.916770751822987,0.5282950042099089,0.23820224389556563,6.5809565079176275,13640.507410492646,0.0052,0.09087509221088215,0.4202252248010745,0.0,0.0004,0.0,0.06940668215493884,0.0,2.4383718317205256e-15,5.1593153991482476e-15,-0.006865447238668952,-0.0021808027321418753,1.0
full,20261249,0.0003570157639751201,0.012168983824056094,-0.044771869793082474,0.04506386530960454,0.019212625914538508,0.022150580841596636,0.03736829800159638,-0.010920632746017976,0.013315884034975424,-0.024035358460537726,0.10337491532743698,0.8755417014784624,0.4346234232743895,0.2298787220633707,6.545624714396879,13583.2708895319,0.0028,0.0796761726661947,0.28353890467205256,0.0,0.0,0.0,0.07475117998179592,0.0,2.7093020352450286e-15,2.248932353474877e-15,-0.04988294255024675,-0.03258225391633803,1.0
full,20261250,0.0006222564462673244,0.011789472575569558,0.01605949015034568,0.04002965007084948,0.018069387528815324,0.002379049339753999,0.014811181772345083,-0.03068410551160193,0.0003909542083487194,0.006753858171049121,0.014670203821967927,0.9418675874748064,0.6952448712531579,0.1104919040182935,6.535990591815066,13541.214169728839,0.0036,0.1243505189450708,0.24719008216522953,0.0,0.0,0.0,0.05215782758502052,0.0,2.7093020352450286e-15,1.3229013843969864e-15,0.025534232282842233,-0.009136559025387205,1.0
full,20261251,0.0003746964206192164,0.02653898213432454,0.09134934248031858,0.20482171972848764,0.0616232742161106,0.4592707621462207,0.34696473614015655,0.18251537050928188,0.038041210407854596,17.463862229866333,0.5837673930900701,0.9338151882101013,0.5086994048331903,0.44721756337533836,7.004154884906441,14025.43948643485,0.0152,0.09537622990384073,0.6398989868457263,0.4812,0.0248,0.0,0.2048618548666492,1.0,2.0319765264337714e-15,3.5718337378718635e-15,0.3237594274099293,-0.04272988971677911,1.0
full,20261252,0.00021458966720336753,0.014843894252379922,0.007701353664748562,0.0706998687378559,0.0198376435282158,0.05835506774999605,0.07182320788094072,0.034500551533227446,-0.017148254863174926,0.9590186353077255,0.23761190693282633,0.8276294928323905,0.444246626597566,0.4128964281355297,6.722354841628225,13588.182767107653,0.0048,0.04460672087171874,0.3694141140195015,0.0,0.0012,0.0,0.1281431913216564,0.0,2.4383718317205256e-15,5.423895676027645e-15,0.14801640464840238,-0.032442683641956016,1.0
full,20261253,0.000152626925727753,0.014715130619136539,-0.04070702531652082,0.04070702531652082,0.021539478438137173,0.08380137574351616,0.11969383253708571,0.03054171048379977,-0.011429895908513,1.438529078231051,0.26972157682052145,0.887962042681973,0.4273744617486744,0.4151563943167661,6.733106081454258,13543.408442015665,0.0044,0.020769191121858398,0.4003686623561594,0.0,0.0016,0.0,0.08928004654527966,0.0,1.4901161193847656e-15,2.1166422150351785e-15,-0.02983090227384509,0.002027929012868789,1.0
full,20261254,0.00020297730572176498,0.016699280471590253,-0.0355664608323901,0.0947458697085385,0.022892125166764,0.14077277314174905,0.16154707007218924,0.05807251750654101,-0.001290312800797544,1.4213505540305267,0.3051941266042026,0.7991704525605007,0.42030921777862257,0.4951758820720322,6.81133596581612,13674.232066135732,0.008,0.012869928851263552,0.4486462982764179,0.0,0.0032,0.0,0.14712712085042323,0.0,2.573836933482777e-15,1.8520619381557813e-15,0.056840597795048076,-0.017448181365599773,1.0
full,20261255,0.0003991112936565493,0.012864879272295494,0.010935033264735487,0.06852425862938355,0.0182225104515997,0.11265315886634471,0.09536745734190694,0.040926239081716956,-0.02544908429614733,0.6603456515276078,0.2670971946322227,0.9439633333693169,0.48276860638870495,0.23725886925680062,6.622272258136432,13547.783550092548,0.0072,0.06020415827241418,0.26572628467151527,0.0,0.0008,0.0,0.07149323459184265,0.0,2.7093020352450286e-15,4.233284430070357e-15,-0.01780300065999164,0.0507826455126899,1.0
full,20261256,0.0009042734594281878,0.011467089652515172,0.013281748285026622,0.04512375448608522,0.018411586763883873,-0.00689391815768468,-0.00542637490475295,0.015817944520995064,0.026165209993987287,-0.008708774869332192,0.07280885338123937,0.9525733628012732,0.725858931515535,0.08719515701271935,6.511888040704683,13551.296258592636,0.0028,0.16789006732745307,0.23367790834939384,0.0,0.0,0.0,0.042395773855355534,0.0,1.625581221147017e-15,1.7197717997160825e-15,0.004828779826221671,-0.02957083684599034,1.0
full,20261257,0.0004430324434551622,0.012922372345493267,-0.03977533804682831,0.05589417067033539,0.018978182982618476,0.06455377431084118,0.04253975864741815,0.04465616056093296,0.03191359122471172,0.10860185168161207,0.20813879894903975,0.9382332950357825,0.46141642021597085,0.2815940397764982,6.608516807828153,13529.541415419495,0.0024,0.03561593426367738,0.21164664956498302,0.0,0.0004,0.0,0.06456006901024658,0.0,2.7093020352450286e-15,2.645802768793973e-15,-0.020038131516816115,-0.026504663206061183,1.0
full,20261258,0.00046026981106506745,0.014003329398747023,0.0074678176207586214,0.07202348747424914,0.018014355313592953,0.05104142096619013,0.1333498416196136,0.034082907417493626,0.03291096344496003,0.7266723706569187,0.2578320233856413,0.8968936350586756,0.49073686828901,0.3577384848028258,6.62657360342578,13717.583775766141,0.0068,0.039213577660547685,0.3501461780487384,0.0,0.0012,0.0,0.11088275816194271,0.0,8.127906105735085e-16,2.248932353474877e-15,0.022116527045346477,0.013431271529421803,1.0
full,20261259,0.00033627250462341037,0.011305362816741773,-0.032811783223055266,0.033964088946474826,0.015368139985892157,-0.0016851284152592043,-0.028742634847110055,-0.01632087629362336,-0.027704432446705965,0.011651350645818237,0.0008067729905501162,0.8901433930383499,0.7904912404304135,0.013393770652799187,6.574991086005221,13408.666623360521,0.0036,0.23157696479475562,0.3746814364694203,0.0,0.0,0.0,0.040530808288678166,0.0,4.605813459916548e-15,2.1166422150351785e-15,0.017551562514687487,-0.012427376016587527,1.0
full,20261260,0.00014041645156845562,0.019464951795374115,-0.024398041165660272,0.13609843701053712,0.030931455366915928,0.19680317161995073,0.1836284535364281,0.053599129742918895,-0.028411173271024884,2.821080548958018,0.3933746686768966,0.8368108838241296,0.4165347048257574,0.5305334922466217,6.958753736189034,13743.607994433414,0.0124,0.015472340611619608,0.4900066224501003,0.0004,0.0092,0.0,0.172322830585677,0.0,1.625581221147017e-15,2.3812224919145757e-15,-0.16172573780092722,-0.03747932974828111,1.0
no_direct_news,20261211,-1.0024205150384091e-05,0.016575533901888494,-0.05986287705121243,0.14895890267157624,0.04122928408274533,0.574646940680647,0.5134965682007564,0.3335896701112391,-0.09021673841035277,12.854338962764153,0.7457623188141086,0.9661854635628853,0.8530591774523303,0.32625418571019604,6.751635505426178,14283.16028968598,0.0348,0.24796396911839466,0.2928033125783126,0.8556,0.0168,0.0,0.13111785409169574,0.0,3.3866275440562853e-15,2.9103830456733705e-15,0.29560212250044837,-0.01575918638644236,1.0
no_direct_news,20261212,3.0284926608393903e-05,0.01615486298828878,-0.061497546325810386,0.14712509771770912,0.057300385798038055,0.600994548744346,0.6008929249253459,0.31989203940688876,-0.07642006121852714,14.975857521744963,0.7403228932389094,0.967275833495385,0.8698050259965454,0.3123624959880776,6.537620054968148,14515.684818606049,0.0352,0.2842408127814424,0.27594981710165467,0.0628,0.0152,0.0,0.10935715446632144,0.0,2.4383718317205256e-15,3.439543599432165e-15,0.17069558485444516,-0.033662913016445806,1.0
no_direct_news,20261213,-4.814478751805886e-05,0.01835197251671234,-0.03468211553040018,0.20420824640078433,0.054882425923309795,0.5901310401097337,0.603295014792837,0.3285809477944024,-0.059451115647905395,22.890929450301233,0.7303272709447021,0.9720215471732934,0.8902857310638229,0.2844567385900371,6.576429902295125,14576.010553683162,0.03,0.39614677777051804,0.25081705272460075,0.0,0.0208,0.0,0.11883733291477294,0.0,4.3348832563920454e-15,3.439543599432165e-15,0.6193722251171281,-0.02713719493039337,1.0
no_direct_news,20261214,2.6013988854194993e-05,0.01592417829072448,0.042261540267757254,0.1721456384538492,0.05514284094567053,0.5852046138135603,0.5513394401444319,0.3434466892745989,-0.06849265772353653,18.050928084440976,0.7464528660404453,0.9708592368542969,0.8913046521722259,0.29099354861811494,6.458086271213266,14585.668974300641,0.032,1.399583579905517,0.23016221949832572,0.0,0.0164,0.0,0.11354410856247488,0.0,2.980232238769531e-15,2.778092907233672e-15,-0.3233734165604395,0.029651161003765854,1.0
no_direct_news,20261215,2.098571871715542e-05,0.015934063955795948,0.039386132211549685,0.2267597450970618,0.04848323880848258,0.5130590226444053,0.5376899654707837,0.2751555201515278,-0.07869881090253486,20.287241530123627,0.7269511114065355,0.9648090699046198,0.874266802731344,0.30288675715082763,6.567879384332322,14438.29731882125,0.0308,1.1186822983048674,0.261104906450111,0.0,0.0116,0.0,0.11730864627809612,0.0,2.0319765264337714e-15,3.1749633225527677e-15,0.48687405467628714,0.008005032361183405,1.0
no_direct_news,20261216,2.4833041617726437e-05,0.014441669701128743,-0.011568842035389052,0.17679915088292159,0.0446430398344332,0.5659771207780866,0.5818027847322379,0.3225070213323524,-0.0847694450152375,18.990592919126673,0.761894200877587,0.968837255971826,0.8820519392346884,0.2966944572580567,6.460245223836607,14530.917118936712,0.0324,1.4775504161557438,0.2313199791390398,0.0,0.0112,0.0,0.10107672072729534,0.0,1.7610463229092685e-15,2.3812224919145757e-15,0.6376393152166636,0.027308503518389402,1.0
no_direct_news,20261217,2.1344928968317233e-05,0.016599901481434386,0.05115433407161825,0.2179365924850449,0.04977938723233754,0.5842450851553651,0.5822126635658498,0.3570127883117454,-0.0004081192725843993,9.828774648431578,0.7570706114788368,0.9668604406276978,0.8595496800817463,0.33593093268281266,6.814965994911009,14213.805790252583,0.0312,1.427571530476828,0.254232433927033,0.0,0.016,0.0,0.1285179644913086,0.0,1.2191859158602628e-15,2.9103830456733705e-15,0.06796426519006352,-0.0394068301646595,1.0
no_direct_news,20261218,1.3915311924517227e-06,0.01667188674608856,0.042432586625246446,0.27397305909697384,0.07055747309246792,0.560437008721956,0.550742381775964,0.33569299657800244,-0.08699391738369312,15.735118800554822,0.7495015384588807,0.9719914683643065,0.8919486524249468,0.2865430438163988,6.635729241251905,14452.508604331228,0.0344,1.0801716985872851,0.2670325616746392,0.0,0.0176,0.0,0.12182376354292734,0.0,1.8965114246715198e-15,2.5135126303542743e-15,0.23617490987653797,-0.0006696398559419844,1.0
no_direct_news,20261219,6.20071013619583e-05,0.018585659142239266,-0.013957732296802944,0.25094475482151235,0.039188745407600895,0.5468087382243257,0.560404306196924,0.35281283495341453,-0.01741633533739382,16.999971482729034,0.7426455460608825,0.9747368075472014,0.8712295512071744,0.3098434218621844,6.645199772957517,14494.415672170735,0.0324,0.22692898335881623,0.23370563440672376,0.056,0.0192,0.0,0.11193843228634703,0.0,2.84476713700728e-15,3.042673184113069e-15,0.708048126717261,-0.037128477127652756,1.0
no_direct_news,20261220,-6.172009719471205e-06,0.015973687880115706,0.014872898959435664,0.1497673314829001,0.04214823887472218,0.5096696911267659,0.4760017231976988,0.3037530263983971,-0.05998790339195622,20.83190534071786,0.6876380051936458,0.9661230346578726,0.851618745303756,0.3422188410836871,6.694744937285011,14284.312535561892,0.026,0.13448699158733038,0.26971311909704576,0.0064,0.012,0.0,0.13680942394251128,0.0,2.302906729958274e-15,1.98435207659548e-15,-0.18573277668210225,0.06735949703745162,1.0
no_direct_news,20261221,6.113509678265317e-06,0.01842804506921754,0.003284470082410074,0.21030533679116006,0.03923087699367815,0.5594837455461936,0.5679029626730885,0.32550833083089453,-0.072225974907958,17.59171315437017,0.7445720847049114,0.9644392183367483,0.8667749674798823,0.32507525950962096,6.767969138926087,14288.941421320793,0.028,0.6491220643449268,0.2296451963184466,0.0,0.016,0.0,0.13499349298796148,0.0,4.063953052867543e-15,1.7197717997160825e-15,0.3392340213267478,-0.001629836424538871,1.0
no_direct_news,20261222,3.200796935107171e-05,0.016087321750052813,0.03077213319113727,0.22062041911823568,0.0550118174083668,0.6046105907977262,0.5805280510572615,0.3632469336615477,-0.08594943786683115,13.988557075216672,0.7573705591481533,0.9723101985730164,0.8698317396823515,0.30402657104023334,6.648640623706737,14364.777204874033,0.0324,1.5690913509568631,0.21276160082358297,0.0,0.0116,0.0,0.11110758055058367,0.0,2.302906729958274e-15,3.5718337378718635e-15,0.7653731199369126,0.02555928930904604,1.0
no_direct_news,20261223,3.379181813722347e-05,0.015385904374904875,-0.05341446935652737,0.21319899370270184,0.049064566699155564,0.5835822490816663,0.5571587666023394,0.32088101462689655,-0.007819138612838462,14.637195564947465,0.7252636952141855,0.9683050274146716,0.8557378952639632,0.31875032343302445,6.5953131347377925,14390.812838199585,0.034,0.7695867394397489,0.21628214217830843,0.0024,0.0152,0.0,0.10602241689115721,0.0,3.7930228493430395e-15,1.98435207659548e-15,0.13452248081865126,-0.01219074482513918,1.0
no_direct_news,20261224,-2.1272894606880756e-06,0.01949219455912973,-0.10323958527162205,0.13817808446943985,0.05170572421199885,0.5878429849413475,0.5137077630760193,0.30029583044993136,-0.04304614373786278,11.931584402765884,0.7319336723769225,0.9654088465261708,0.8257756330048756,0.3535088097886679,6.870989837848173,14212.462381943142,0.0308,0.20628878609497728,0.24696474403728408,0.1312,0.0208,0.0,0.12168174574862611,0.0,3.522092645818537e-15,2.248932353474877e-15,0.18931500376261445,-0.026029004231717535,1.0
no_direct_news,20261225,-6.428884106299932e-05,0.01593210809407125,-0.005706031084251706,0.17896260303718903,0.05332315578840942,0.6101092198287312,0.58259964082376,0.32180625697025445,-0.05047241463574892,16.43331769502809,0.762068984397555,0.9666105799355603,0.8564385067351756,0.3200075892177924,6.59927216611684,14357.672953962398,0.0296,1.7556330179685664,0.3673242193685453,0.0,0.0132,0.0,0.11692973332079437,0.0,2.84476713700728e-15,4.365574568510055e-15,-0.07140188051159857,-0.06426677153855842,1.0
no_direct_news,20261226,5.878996325665753e-06,0.014857309636775165,0.03667913214537212,0.18076836100893706,0.041848749987616625,0.5414441613787193,0.5488416409660503,0.3510320376162574,-0.05249130801532516,13.08419511824091,0.7373828020005494,0.9729859466806781,0.8641922604232373,0.3183859989217816,6.654719328326404,14289.377888853254,0.032,0.37060514391566257,0.25209725242792014,0.0068,0.0116,0.0,0.10830275867381767,0.0,1.8965114246715198e-15,1.4551915228366853e-15,0.14556566933526574,-0.025696190718871605,1.0
no_direct_news,20261227,-1.2416781655241494e-05,0.01636102050673783,0.05866995734108477,0.23635167632849394,0.05506999537343856,0.5749745489062692,0.5741858432884999,0.3355895638062107,-0.04951047492678285,14.89519185512803,0.7580191591207255,0.9711276109710894,0.8831888785455353,0.29412878002262177,6.597476407438681,14425.615276626468,0.0328,0.9447137796096151,0.24416790996713433,0.0,0.0136,0.0,0.10610357368283596,0.0,2.0319765264337714e-15,6.614506921984933e-15,0.5407326320962036,-0.025392536862052336,1.0
no_direct_news,20261228,1.7501043317680142e-05,0.014374699536115665,-0.020172211614262067,0.18714066272367558,0.046142504464104964,0.520888612472195,0.5179890383023854,0.31088284666838895,-0.0470150248992718,17.02068179541558,0.7358781349448746,0.9676707424562929,0.866595087706687,0.31176399009090366,6.421201131664928,14546.757772510158,0.03,0.6886699982327762,0.24287840611590816,0.0,0.0088,0.0,0.10819982909535542,0.0,4.470348358154297e-15,3.3072534609924663e-15,0.39002930720697554,-0.00945158391211394,1.0
no_direct_news,20261229,3.4132816883495566e-06,0.01630672060710892,-0.04558037071139818,0.1674195706749866,0.05523951592073415,0.5821296729051881,0.5848413909133167,0.31419293717949875,-0.05152426296650282,17.856277308164863,0.7465830485562267,0.97098141923358,0.8874970918218168,0.29856153036794053,6.57253287951804,14481.955761913958,0.032,1.0481791743790723,0.2652852797876619,0.0,0.014,0.0,0.11126366085465289,0.0,1.4901161193847656e-15,1.98435207659548e-15,0.7082047602537033,0.005858118646662626,1.0
no_direct_news,20261230,6.655610375801615e-05,0.015670871128082468,-0.0014977299785281304,0.1558717079405171,0.04868027515012095,0.5403612031766138,0.5997895329242131,0.32136678353117976,-0.09225253816779251,17.40284264665355,0.7534525871619698,0.9691742222572026,0.8823429947015331,0.29250953766777377,6.525795826737988,14484.752205313727,0.0276,0.38270024524327007,0.24335361076785966,0.0,0.0128,0.0,0.09345644023391286,0.0,3.3866275440562853e-15,3.96870415319096e-15,0.4249678109544232,-0.009063596518252504,1.0
no_direct_news,20261231,-9.79684354889585e-06,0.015214575244724927,-0.02819921037577868,0.20709278943194895,0.04982918311273814,0.6182082166675158,0.5690188669898941,0.33943684720103934,-0.06144682875803377,13.834076437671193,0.7545465285375762,0.9719616912507696,0.8853289027290964,0.2950642847687475,6.615743160000589,14383.375445559634,0.0336,0.8407155743407763,0.21666913735105853,0.0,0.0124,0.0,0.11328577056456779,0.0,2.84476713700728e-15,2.645802768793973e-15,0.614003699457277,-0.005173480463131676,1.0
no_direct_news,20261232,0.0001029375959010423,0.01581010040960499,-0.12028283265752926,0.1478846818044942,0.05671923292745793,0.5901106138489778,0.5634465349439058,0.3413015102148171,-0.035152290570007495,16.113018099159248,0.7326837143454953,0.9702896846543131,0.8543273859239011,0.31878616134650734,6.530089753044884,14458.668100900779,0.0304,0.35323701261551194,0.2137909232241062,0.2256,0.0112,0.0,0.09869631007465474,0.0,3.1156973405317828e-15,2.248932353474877e-15,0.7009773131621138,-0.0580395670325598,1.0
no_direct_news,20261233,5.917434271234683e-05,0.015545306163900189,-0.047625499698473,0.13155125279307614,0.04059633010894758,0.576433893660664,0.5645157660805233,0.31041070465148124,-0.05002739819748421,13.915362179487456,0.745468580706324,0.9673180189741538,0.86185574449882,0.31903989256700593,6.545827550217311,14417.048006435169,0.0304,0.8113957357550661,0.22208745199215774,0.0,0.0116,0.0,0.11748572382556599,0.0,4.605813459916548e-15,1.5874816612763839e-15,0.6386842434030281,-0.030607192593805056,1.0
no_direct_news,20261234,-1.608177138837661e-05,0.017389922011322036,0.02099064269069596,0.15305834082776593,0.04806242160964281,0.5858640873811058,0.5652182147079272,0.32088700369376505,-0.08962008439761682,16.197012695671507,0.7378896563001245,0.9641292213716927,0.8704281475506439,0.3160353165327744,6.705478236456991,14348.03608609339,0.032,0.536059960038455,0.28225382055475035,0.0,0.0164,0.0,0.11451048064451985,0.0,3.657557747580788e-15,1.5874816612763839e-15,1.0634464280632843,-0.06044522384959245,1.0
no_direct_news,20261235,-2.2819820935882617e-05,0.01773130648266247,0.057723002497960856,0.15222974760621466,0.048987762644603874,0.5787184758078006,0.5664303702681731,0.33668296800627606,-0.08443705835898672,10.761620576199158,0.7489540689443693,0.9597690308054685,0.8455439962574367,0.34955479588527405,6.736282219563241,14357.800599925547,0.038,0.6935401070036673,0.2865056310773789,0.0596,0.0204,0.0,0.13057592215612357,0.0,2.7093020352450286e-15,2.1166422150351785e-15,0.3047422915163807,-0.02562075153493047,1.0
no_direct_news,20261236,1.2263605142368662e-05,0.014081746542667507,0.08396412763945982,0.2229391236916375,0.06843931946501766,0.5849857115367271,0.5375447510784582,0.31911357581616645,-0.047340762562573344,16.143509533311033,0.7366220908464264,0.9679059576739031,0.8599667932597963,0.3141678777151265,6.441885217112921,14485.90672481103,0.0308,2.0129218749863047,0.18609860982750515,0.0,0.0116,0.0,0.10033380639889278,0.0,1.625581221147017e-15,2.1166422150351785e-15,-0.13591199549884708,-0.0038827771040782118,1.0
no_direct_news,20261237,1.645515956914636e-05,0.016286341871611133,-0.03812992864452073,0.22359499099424257,0.041794631622464884,0.5211884410876161,0.535701371642106,0.34669451812536867,-0.030694915804838633,15.93247730553755,0.7353872176761186,0.9689261911566972,0.865924326349763,0.3190887263343129,6.636331780597193,14370.41319053255,0.0296,0.875304723816184,0.2188362752777535,0.0,0.0148,0.0,0.12541574594278448,0.0,2.573836933482777e-15,7.143667475743727e-15,0.5913606363975081,-0.010076292897298597,1.0
no_direct_news,20261238,-1.3385758557941685e-05,0.016243868160028496,0.038644394719988755,0.18004096825161542,0.061524331820799416,0.5945329516505368,0.5807986963304386,0.3589335635533654,-0.057955308403213175,16.98972232385165,0.7652732628117497,0.9713406492209569,0.8875181810852276,0.2808805789102533,6.533418830171718,14537.632041257757,0.0324,1.2026651584381005,0.23976600207145793,0.0,0.0164,0.0,0.11423166721851485,0.0,2.4383718317205256e-15,1.7197717997160825e-15,0.4204338266150835,0.005801953143070409,1.0
no_direct_news,20261239,3.4782515859622976e-05,0.016589297612590776,0.013892066453940338,0.17058843314110372,0.05452757381964588,0.5979328731159135,0.5470115188207323,0.3493731564481167,-0.07439217417955274,13.86294064568964,0.7463056917130154,0.9682600249897001,0.8675421292258825,0.32623430840910117,6.72107837440724,14280.637104806652,0.03,0.7048800354858513,0.23592797617276995,0.0,0.0144,0.0,0.1240526282896135,0.0,2.302906729958274e-15,2.778092907233672e-15,0.4869162304840257,-0.005773932665534441,1.0
no_direct_news,20261240,3.3279936017749634e-05,0.016065499952156923,0.010265465815784702,0.17121643160836827,0.04545468376058142,0.5050629481845615,0.5705479949917913,0.31064324741360755,-0.0571353429195026,21.897615966315307,0.7297973544708685,0.9736653220329828,0.8907415304848266,0.2860053928165188,6.572246066692088,14493.926785531115,0.0296,0.9702714295490732,0.21799720393136823,0.0,0.0136,0.0,0.10904054478551695,0.0,4.063953052867543e-15,1.98435207659548e-15,1.2474644977352731,0.04360918500152554,1.0
no_direct_news,20261241,3.118192708285577e-05,0.015095997085414925,-0.06495851600905458,0.1432218115510133,0.042894391660495766,0.5806577496936896,0.5906508169654502,0.396512479404087,-0.018211074428455914,11.299269659424676,0.7378643673932951,0.9688692433797375,0.8556652691613923,0.3365132074968117,6.6332925607290605,14309.26920484778,0.03,0.33544072614920983,0.17995043308634096,0.0,0.0112,0.0,0.1183236964290777,0.0,2.4383718317205256e-15,1.7197717997160825e-15,0.11080249203833227,0.06171348827295169,1.0
no_direct_news,20261242,1.3508320071274226e-05,0.0151230287689417,-0.06563937558623416,0.15128486752366097,0.0423096310715557,0.5919268301793406,0.5599389064479648,0.24247245533974376,-0.07265552218244435,19.817975998353678,0.7542022544447738,0.9672602730856348,0.8802480171267459,0.28917891184552635,6.305377340262079,14704.577461015942,0.0308,0.8148786235158942,0.2432758591826416,0.0,0.0132,0.0,0.09837312000756904,0.0,2.980232238769531e-15,3.439543599432165e-15,0.5718918142586176,0.028654329976694523,1.0
no_direct_news,20261243,7.724642150587648e-05,0.017678130210209617,0.0003081475364652307,0.1532190500870842,0.05271060710309029,0.5114214587882097,0.5344753892857482,0.33857014343369046,-0.06045026180418972,16.576951408041282,0.7347691192569092,0.9697109371850273,0.8636711314391936,0.3141143314709163,6.693301704049709,14350.261841059782,0.0316,0.6020845314781631,0.24274019413471504,0.0088,0.016,0.0,0.1425329246871505,0.0,2.573836933482777e-15,3.5718337378718635e-15,0.21425310207929596,0.035939819089528785,1.0
no_direct_news,20261244,2.0417605478285593e-05,0.015090502347474386,0.052911281187328324,0.19794345869118504,0.054776691447885585,0.5247242968094934,0.5869080274780597,0.33855347570074834,-0.06341673816856847,16.57437476443969,0.7557237614394335,0.972576475626978,0.8670880196289599,0.2827427742700712,6.4289765443358045,14593.434104957443,0.0328,0.9383606124158076,0.2348149338822142,0.0,0.0136,0.0,0.10236284019178443,0.0,1.8965114246715198e-15,2.645802768793973e-15,-0.11904021548520541,-0.017476254711668138,1.0
no_direct_news,20261245,-4.9312986228630254e-05,0.01748759646924363,0.0001472357932710873,0.18782509212894902,0.054029032882307315,0.5560508897286256,0.543919636057038,0.34328741181537725,-0.07289870993678806,17.61229131315809,0.738844755428016,0.9699260002522914,0.8809262425668554,0.297484269491279,6.6385442297257695,14441.674427940672,0.03,1.1577944608113533,0.2732353695082147,0.0,0.0176,0.0,0.12510351141510934,0.0,1.2191859158602628e-15,2.3812224919145757e-15,-0.15078985790158153,0.020837843818003784,1.0
no_direct_news,20261246,2.1801645700708505e-05,0.01710692221439415,-0.010446340276056664,0.20930802875885718,0.04989835874072057,0.5471323551731003,0.5521548614439384,0.3529314738200218,-0.04646948040506723,16.262736023245747,0.7343011683603414,0.9673890751122584,0.8848980296592631,0.30403262156813193,6.738577420573394,14320.354235589546,0.0316,1.0194169718412713,0.27855627471023126,0.0016,0.02,0.0,0.12254424308251144,0.0,3.251162442294034e-15,2.9103830456733705e-15,-0.17946389400654872,0.03509863589736758,1.0
no_direct_news,20261247,7.1715921600823405e-06,0.015297759037233943,0.04366638701814218,0.2530311961156613,0.05989034735411186,0.5262817411041104,0.5436701311289722,0.31358913154547907,-0.035144053899424786,24.13192910015931,0.7419089294409197,0.9690714124194255,0.8843557273375017,0.28635354025180065,6.372078764044369,14669.280764133608,0.0288,0.7429796913157425,0.23132111850185766,0.0,0.014,0.0,0.11837371035018585,0.0,2.1674416281960227e-15,2.9103830456733705e-15,0.7348454985855676,0.014218447603148172,1.0
no_direct_news,20261248,2.0833166270162096e-05,0.015820677262666116,-0.03612408241579352,0.18623150555194568,0.040935410616441945,0.5741769544654431,0.5532872119083191,0.3456706132794606,-0.06928907667604212,15.12015051604618,0.7605411259479621,0.9733942217697754,0.8668234269249971,0.3042356460975628,6.531837998616799,14498.50940334338,0.0332,1.0223283983889233,0.22866551492754772,0.0,0.016,0.0,0.10839843392901183,0.0,3.251162442294034e-15,1.3229013843969864e-15,0.28460476328916845,-0.03765842883963155,1.0
no_direct_news,20261249,1.1264818351938998e-05,0.017622586657007194,-0.06051757252916647,0.2007950082639796,0.05917082783180037,0.6214280086211854,0.5804038014141351,0.3272699438862796,-0.0841564047952723,13.255672713114919,0.7474706730429567,0.9666708018437532,0.8713511072072109,0.31525987072202344,6.652323271994197,14393.445422737213,0.032,1.1418374352258034,0.2632919221319532,0.0,0.0192,0.0,0.12585426067583372,0.0,4.063953052867543e-15,5.0270252607085486e-15,-0.006259399178968664,-0.03525428297095088,1.0
no_direct_news,20261250,-2.2660077972060933e-05,0.018699780551806267,0.048996316818468756,0.20425986449171005,0.0638832153878402,0.529230830866116,0.5349560192267825,0.3269249558408707,-0.07928637523536461,16.52714592204945,0.722795927518701,0.9644763839197636,0.8691733718311123,0.3294791301976826,6.738180747419184,14342.65233974812,0.032,1.6187320942056522,0.30364935534777115,0.0,0.0184,0.0,0.13839423354238622,0.0,4.470348358154297e-15,2.3812224919145757e-15,0.6693638283353753,-0.03515002271576161,1.0
no_direct_news,20261251,5.1080587749441976e-05,0.01635121930802628,0.08133558896799867,0.27332469167973306,0.058526755221195347,0.541235715711916,0.5567215397970798,0.32487214102853923,-0.05914897491064162,17.44851780731713,0.7266860179936924,0.971055149522635,0.8857574728990607,0.3077021372482023,6.598751345362904,14436.378876077348,0.0268,0.42630621798220325,0.30597114050430263,0.586,0.0136,0.0,0.12257710147782186,0.0,1.8965114246715198e-15,3.96870415319096e-15,0.30490783399021254,-0.0014149722434346967,1.0
no_direct_news,20261252,-1.6941633887038775e-05,0.016363559170130763,0.041774173137080386,0.21408988560668335,0.05698873854951737,0.5539448654441399,0.5640206099931773,0.33892048916827655,-0.05147297025301611,15.125158650991594,0.7382014005450774,0.9736426949309676,0.8765797988352564,0.29638033684830983,6.677269418848861,14375.4046696163,0.0368,0.5891195217722694,0.25280688442476895,0.0,0.0176,0.0,0.10328734321516508,0.0,5.147673866965554e-15,2.248932353474877e-15,0.6772471080998602,0.030877857887725454,1.0
no_direct_news,20261253,3.3811757358515846e-05,0.015343763190751505,0.027538496499875872,0.25223621089299225,0.049121955702784235,0.590851785026814,0.5944714483176309,0.3008654154347965,-0.08374685916491413,16.4964795971724,0.7593850337484017,0.9704881712827769,0.8752583748862197,0.2909539610019483,6.486550549475105,14518.003404525405,0.03,0.5633140942249109,0.24259559417089815,0.0,0.01,0.0,0.09434901851369659,0.0,1.625581221147017e-15,2.3812224919145757e-15,0.07910057984791097,0.010816932957734164,1.0
no_direct_news,20261254,5.993308719550044e-05,0.01510614221544477,0.037730110634812915,0.18232074704952408,0.04560293697018669,0.5761655000143733,0.5670263914665651,0.2880397328843633,-0.09938920734248739,16.6016342364469,0.7558700314715099,0.9672768513065061,0.8832118071380477,0.29531452628444615,6.434112057750853,14564.201438757626,0.032,0.32511496507754545,0.23165926650528068,0.0,0.0116,0.0,0.11248533667156457,0.0,2.573836933482777e-15,4.762444983829151e-15,0.5952770531194096,-0.03919755306319538,1.0
no_direct_news,20261255,2.7773334665404546e-06,0.016264027188915287,0.03831901833969858,0.17370655204524454,0.05360065032048267,0.5285478595506404,0.5243711584631445,0.27192307367743956,-0.09121758825651481,17.662883580360287,0.7201320467945389,0.9657104439606925,0.8679401836689893,0.3080106027881031,6.6335467644503625,14373.344858433038,0.0312,0.9779600917648326,0.2529011663157533,0.0,0.0136,0.0,0.11023785827991084,0.0,5.960464477539062e-15,3.96870415319096e-15,0.8653132384932131,0.010291816960928436,1.0
no_direct_news,20261256,2.9442143409621123e-05,0.0162593083561916,0.047398222142794454,0.2374236413238322,0.08832450034722919,0.5951032063204693,0.617734236946713,0.3398511233217757,-0.04753735055106481,14.53207373011142,0.7554214365400664,0.9715114276812442,0.8772598128355262,0.3041031636117407,6.563378186296619,14469.583099652838,0.032,1.8930651797672298,0.20404206125147062,0.0,0.0156,0.0,0.10556766133547213,0.0,5.0122087652033025e-15,2.778092907233672e-15,0.27382089630134276,-0.01868461917030035,1.0
no_direct_news,20261257,3.6543099136695644e-05,0.015343306524350052,-0.0703975444236024,0.16085851911618523,0.04201350101081649,0.5207040204054472,0.5709727223815642,0.32979837212215296,-0.06055074989626619,18.642351351392122,0.7468655867339258,0.9701010328167933,0.8869843981654871,0.2869705050261948,6.523824571812221,14489.077542633533,0.03,0.8350391549180501,0.2298974467150623,0.0,0.0132,0.0,0.11324845561797336,0.0,2.7093020352450286e-15,4.233284430070357e-15,0.15053393632238965,0.003648506472023123,1.0
no_direct_news,20261258,3.6168562986965827e-05,0.013835707529150379,0.03458976254808202,0.21479817507289048,0.055821499126026276,0.5704032963168357,0.5587787068548211,0.3674341406189306,-0.012994164679072573,20.66506949273321,0.7346728327929724,0.9726866453657858,0.8867628990788219,0.28512113225878366,6.466649746259441,14488.614699725547,0.0336,0.5771371453425375,0.20084480219545675,0.0,0.0096,0.0,0.09632257473385586,0.0,3.3866275440562853e-15,2.1166422150351785e-15,-0.14463033459168395,-0.009665999885841369,1.0
no_direct_news,20261259,5.828890459082672e-05,0.014676690124064593,-0.017990365587695737,0.1774979997875378,0.05027754191252419,0.5811905881822793,0.5112873819382842,0.28834329057198643,-0.07771614689119849,15.590852354019617,0.735853197038073,0.9709128722768051,0.8814318499451456,0.3027242129716228,6.46529588408648,14496.615492417073,0.0336,2.1005906801342853,0.20182590581881366,0.0,0.0116,0.0,0.1143863885071228,0.0,2.84476713700728e-15,3.1749633225527677e-15,0.5460592418373086,-0.009605173702536036,1.0
no_direct_news,20261260,4.290247535270204e-05,0.016306160867930658,-0.061464445974851074,0.18077519888471616,0.04981779610731304,0.5621899755686275,0.5230704957590163,0.3332836807607143,-0.0790518317612556,14.436326107372437,0.7350747551572072,0.969342677519701,0.8511669612051799,0.3230300182118255,6.629862672655323,14416.09326655305,0.034,0.15307143094051115,0.21223262782713415,0.0456,0.0148,0.0,0.09759338089690228,0.0,2.302906729958274e-15,3.5718337378718635e-15,0.27572977045868036,-0.05696795056953413,1.0
no_agent_information,20261211,-8.140216756798537e-05,0.023245730650642515,0.029438961167552187,0.12905644619321327,0.03699661710861295,0.2609687164867033,0.21990653652418418,0.11366243051144681,-0.03349662938674374,7.44827709456046,0.43807207593677794,0.8273598646079058,0.48933408524044647,0.5416353519850041,7.185443054165406,13784.926754528266,0.0136,0.08735422492380206,0.6035129321725339,0.3256,0.0172,0.0,0.24737147156900163,0.0,2.980232238769531e-15,2.1166422150351785e-15,0.35863596473248815,-0.017314244406914314,1.0
no_agent_information,20261212,0.0003377891731391603,0.01730261179697692,0.005406138518388503,0.1119994868122926,0.023768549365180802,0.15211071158645298,0.2043026852743668,0.030503916928134502,-0.0027542893173787045,1.667424866186792,0.35418021266588623,0.8468294095457816,0.4672306150797936,0.490005347300587,6.812998990550621,13693.75202178921,0.0068,0.022585111539741853,0.45384332881451606,0.002,0.0032,0.0,0.15566875637594646,0.0,1.2191859158602628e-15,3.3072534609924663e-15,0.1678370720740506,0.015230599013214228,1.0
no_agent_information,20261213,-5.118027659245392e-05,0.016274945489535297,0.019735497049863944,0.08218391652067496,0.024186015298589898,0.1321380343078609,0.12735046579359702,0.018568721271577854,0.03532969145440205,0.8087398108334249,0.3210032248126247,0.815802891010114,0.45382077425290857,0.5074406043250211,6.852025379637659,13562.945950082505,0.0064,0.025629456140808627,0.46134385066332506,0.0,0.0024,0.0,0.12189292136023289,0.0,1.3546510176225143e-15,2.248932353474877e-15,0.05845401657226404,-0.022796394341982006,1.0
no_agent_information,20261214,0.00047583963694329193,0.011954174008458347,0.008499218416581699,0.05755355852841449,0.02348365846595308,0.005417259187451784,0.03566722861701835,-0.017503870797375424,0.015945415240839953,0.025527026854921253,0.07662901830101806,0.9327543923950345,0.6662260234093564,0.13282730001311588,6.597205425747636,13451.744181102973,0.0028,0.0906304885196047,0.2636865896514399,0.0,0.0,0.0,0.04212246712475798,0.0,1.4901161193847656e-15,2.778092907233672e-15,0.017917034645291322,0.006595667323662713,1.0
no_agent_information,20261215,0.0002560559178138867,0.012120622644370254,0.009960953010094928,0.02595410633252897,0.011582832447052374,0.009192042051085076,0.040300096616011756,0.027982745518403917,-0.024499193541577122,0.024006549484881567,0.07995599888302488,0.8527114648664499,0.4764681941054757,0.2121948747057782,6.624904948907817,13417.281689811893,0.0024,0.07639954344087123,0.38630786162303443,0.0,0.0,0.0,0.04268639513553518,0.0,1.7610463229092685e-15,3.1749633225527677e-15,0.01490861621571783,-0.002977403418062349,1.0
no_agent_information,20261216,0.0004913656054005489,0.011401455393898316,0.014671326020343132,0.05494606136556617,0.020612783584026437,-0.005127052912177344,-0.00801056801883798,0.007058718729598667,0.008039618350280804,-0.0912390258680218,0.03993104552561488,0.9312512455334436,0.748781230888951,0.03411948895990374,6.552795941464085,13464.20669646427,0.002,0.09632243058871763,0.4701869215447093,0.0,0.0,0.0,0.030074721474442345,0.0,2.0319765264337714e-15,2.5135126303542743e-15,-0.061241227623601194,0.01513306714246692,1.0
no_agent_information,20261217,0.0005932065875808594,0.012098541331296113,-0.015228121882599789,0.044887040317699335,0.015833305722251178,0.026261248463008213,0.017726686646350288,-0.0034466994755593433,-0.008379651806380508,0.06666225153000305,0.11190145149078258,0.9502580180116579,0.7278095675595085,0.11140985038636105,6.556030912665469,13541.296881672666,0.0028,0.08672492296055849,0.3230791344431325,0.0,0.0,0.0,0.050974137644344,0.0,2.4383718317205256e-15,4.365574568510055e-15,-0.048689861304011116,0.01956688751280214,1.0
no_agent_information,20261218,0.000848933965907845,0.013323902208578932,-0.008217998116632257,0.07428512082813572,0.02519929857650271,0.09265035183171999,0.09297381095847954,0.02906922803222119,0.10314982663393919,0.9064659585388841,0.25149526959350943,0.9541257073315057,0.6602152070770337,0.21349479590674175,6.6034847192339985,13607.26271962037,0.0064,0.06720037983077709,0.2797562398232579,0.0,0.0016,0.0,0.06950684547075503,0.0,1.3546510176225143e-15,2.3812224919145757e-15,-0.12858366979412167,-0.013941871893451164,1.0
no_agent_information,20261219,0.0001759551397298111,0.01794212679007486,-0.027722414661133125,0.07292462939235246,0.030547233974568804,0.16192819289947466,0.14543674348276403,0.01901769996985829,-0.02038813300973015,1.7635011045971538,0.32888516816224,0.7941287235387988,0.4794729696610872,0.514242760729097,6.815417285110496,13818.730683665186,0.0092,0.022483300544663624,0.46011083693649735,0.0004,0.0052,0.0,0.17153163140394234,0.0,1.3546510176225143e-15,1.5874816612763839e-15,0.05934349727273818,-0.012660808831865851,1.0
no_agent_information,20261220,7.366016708453174e-05,0.018062588112535777,0.0161692357513685,0.13042900259108697,0.02705460686159896,0.2225443788316652,0.14288422390428682,0.048251238958553266,0.005287023850817051,2.429786430160088,0.38975131238840166,0.8157915693504638,0.49651854802627066,0.4976305523087198,6.850245902314928,13810.761868362251,0.0116,0.04546088888353542,0.45650419109389895,0.016,0.008,0.0,0.1488656758831688,0.0,4.199418154629794e-15,3.7041238763115625e-15,-0.04409973879171966,0.002934951905103017,1.0
no_agent_information,20261221,0.00014922160898928532,0.014688954239894109,0.021104177622586394,0.08786907332746292,0.025360852597046374,0.1282006462891537,0.14370323009115696,0.00749665858837786,-0.004239835970254978,1.1765563249017523,0.2849494665117585,0.8261422873399701,0.48198941469604556,0.4059553379659343,6.704402114518311,13662.383394635659,0.0084,0.06457527417792437,0.5431298235026742,0.0,0.0036,0.0,0.13879837796962646,0.0,1.4901161193847656e-15,2.9103830456733705e-15,-0.04665713925684258,-0.01049275614176725,1.0
no_agent_information,20261222,0.00032377731533972886,0.011426319702834213,-0.00332378931267981,0.04787928317756237,0.01594246938425162,-0.007357117403191422,0.0036136839942886062,-0.02395790101204198,0.017456239489934126,-0.044340076011814666,-0.022698242411577065,0.8646589794676636,0.6617450394337219,0.056956389696718984,6.570600254875046,13447.417890539495,0.0024,0.1076240370090803,0.3311094812201243,0.0,0.0,0.0,0.026677826070779842,0.0,2.4383718317205256e-15,1.5874816612763839e-15,0.06679151185852489,0.00800418223191145,1.0
no_agent_information,20261223,0.0004925812600865807,0.013083180880655788,0.005382054702256369,0.06367312899014536,0.020637990768038426,0.09874348323231898,0.05393534946679631,0.0057075581084224105,0.008318682653812888,0.6931369811034847,0.2297433538319703,0.9350290749515114,0.43890701677803984,0.27562904305110814,6.552364296259399,13661.105170479914,0.0052,0.02889450306505968,0.4121865282587527,0.0048,0.0004,0.0,0.08329089815617707,0.0,2.7093020352450286e-15,3.5718337378718635e-15,0.11511153532918042,0.053469208770623555,1.0
no_agent_information,20261224,0.00023751074975554616,0.021327889016005696,0.021161583997006052,0.1447340497850144,0.027456464605475045,0.2626951475036847,0.21713101521680034,0.13419214136045285,0.007960702688988538,3.877003546572391,0.4438578152055838,0.8709895478671228,0.46326969342944574,0.5282427796783113,7.045871031114824,13761.615772588973,0.0164,0.059057725685003074,0.38891275233338374,0.0456,0.0128,0.0,0.16963877272716843,0.0,3.928487951105291e-15,1.1906112459572878e-15,0.033113319855487086,-0.03163264952345869,1.0
no_agent_information,20261225,0.000709576144371989,0.011862855995481918,-0.0036541431551557505,0.042614811021611444,0.014815023216797864,0.029785786538087906,-0.010931961583766369,0.01894860994658548,0.03240910396518628,0.04980139011667628,0.11875579853979215,0.9542204069686904,0.7370831269950141,0.1093823295313407,6.547358091785459,13497.276298120963,0.0036,0.1966466527820817,0.2965680071042359,0.0,0.0,0.0,0.03168163564539217,0.0,2.302906729958274e-15,1.3229013843969864e-15,0.0208777408588106,0.004201966090261124,1.0
no_agent_information,20261226,0.00024714417273160975,0.014954359266954808,0.008389946042605104,0.088335234484689,0.02135798639971038,0.1328273762248821,0.0927378840460582,0.016891689493044273,0.004635912970675843,0.5285149501104272,0.2724753371011722,0.8448357777224899,0.4798114663571126,0.4423358655860856,6.739986183582525,13617.589835640058,0.0036,0.02230221529606033,0.4252835488801042,0.0008,0.0016,0.0,0.11437304676020177,0.0,1.4901161193847656e-15,1.8520619381557813e-15,-0.044348912772316056,0.00529894415160905,1.0
no_agent_information,20261227,0.0005650322686920141,0.013280947455113191,-0.015362707882172234,0.050040620002626615,0.017700698448698836,0.06629975077399224,0.03271671917504248,0.08633373669069123,0.015260609830010605,0.23207753965405242,0.21995072244312724,0.9351707425867428,0.5557463151266027,0.2414109609812859,6.602325450136982,13606.98218320374,0.0036,0.06197429166250899,0.31037884673744365,0.0,0.0,0.0,0.06254860433224096,0.0,3.522092645818537e-15,2.3812224919145757e-15,0.003065431704617353,0.004307985376892079,1.0
no_agent_information,20261228,0.00033388031124745543,0.014161543099301514,0.008952450926645459,0.08908229058822424,0.028985482608868924,0.12673936298345356,0.10636587527592736,0.06780024602996747,0.044088673484190884,0.6964043985970862,0.3017779252886265,0.9313028010921566,0.45647611461301074,0.32890541828287356,6.66066704878572,13622.1571106022,0.0068,0.027078566702849485,0.28724846999693543,0.0004,0.0008,0.0,0.07841781442885143,0.0,2.4383718317205256e-15,2.5135126303542743e-15,0.10921644544524216,-0.01353897049034297,1.0
no_agent_information,20261229,0.0002490919042686986,0.012596118705962183,-0.042146751284844325,0.045302961423666396,0.018227349094360683,0.05270255792890065,0.04128922129094272,0.005456735766812281,-0.007921203791331485,0.03667577861351168,0.16773019407205658,0.919433935675928,0.48614033754731734,0.21982091946778437,6.616250979845339,13485.136929644266,0.0028,0.0589123700888294,0.3839533551915537,0.0,0.0,0.0,0.05585897168353959,0.0,5.283138968727805e-15,4.100994291630658e-15,-0.04588911267459208,0.006647687231513651,1.0
no_agent_information,20261230,0.000446372503908573,0.015081677676741283,0.02609411110062857,0.0777443858855895,0.02420757612086972,0.11520824827035879,0.10077451777754047,0.036179690510021546,0.017818236824409216,0.8362582675880637,0.257693480791854,0.884431381571652,0.472441118908111,0.4001792454923662,6.663099599712854,13729.177677982116,0.0072,0.05701433759533262,0.305418737408353,0.0572,0.0032,0.0,0.12030584443570924,0.0,3.3866275440562853e-15,2.9103830456733705e-15,-0.051060037520193335,0.0026050971732820773,1.0
no_agent_information,20261231,2.0254211589931614e-05,0.012992105057525391,-0.008884035187555964,0.04752977627870552,0.022708471986191976,0.04827188076593915,0.059668065407988996,0.016816889849174857,-0.013859658635159297,0.11723572171752261,0.1327754498405188,0.8405366712050383,0.44453115384403535,0.3035330372285641,6.6513506521545,13502.387374967986,0.004,0.05629835276647407,0.4180717686626645,0.0,0.0,0.0,0.07075062911487895,0.0,2.7093020352450286e-15,1.7197717997160825e-15,0.0007153231117496574,0.04971615635536065,1.0
no_agent_information,20261232,0.000507879956694855,0.018825418789934652,0.010672933315247083,0.08386403432812421,0.027521472851041708,0.33367884842353307,0.33670937065848866,0.14478725755643923,0.02698682333897778,7.963668655932741,0.4963468701637697,0.912462571756252,0.49488330820800774,0.43834681224992306,6.7446406432442085,14001.271279661763,0.0128,0.033886735743687724,0.4195103856727814,0.0172,0.008,0.0,0.15941330527898123,0.0,4.605813459916548e-15,3.3072534609924663e-15,0.29550537481577827,0.015683358115089266,1.0
no_agent_information,20261233,0.00012612171554973807,0.013570673947215926,-0.01966187131914011,0.08521364767818478,0.019462347341090647,0.07802557404345978,0.04890988311569928,-0.00753300171266865,0.010525061141735891,0.1212020006532426,0.14825724863482884,0.8343599887783915,0.4427337627764028,0.3600791281324172,6.67370152500658,13518.371070301455,0.0028,0.0769916314743695,0.3061218372742881,0.0,0.0,0.0,0.07869858573233479,0.0,2.84476713700728e-15,3.96870415319096e-15,-0.014782336957127853,0.05418039534111849,1.0
no_agent_information,20261234,0.0002901677000056658,0.014850653380102474,-0.013456010269117637,0.07907513054376725,0.023201099108570114,0.12075339910199585,0.10199295988579042,0.03571779852126112,0.032390360252048535,0.8065243319099129,0.26428079158608486,0.839067376038748,0.44156442418753866,0.4457292403892687,6.699652234269815,13616.758858949082,0.0068,0.02472141477548156,0.36074890684965,0.0,0.0016,0.0,0.10469177853090428,0.0,1.625581221147017e-15,2.778092907233672e-15,0.01471507635708403,0.012935581492329932,1.0
no_agent_information,20261235,0.0006233558430727769,0.017100852572750895,0.017900004363338478,0.10993085985391493,0.03640000913734984,0.28641335225941655,0.24167010793840651,0.11838648260283295,0.03130044278719254,4.788846146307164,0.4440610127400342,0.9416367721025586,0.541285359372592,0.34121876401674506,6.755907462707414,13733.011326536194,0.0152,0.06261800165743064,0.48128622708862456,0.0008,0.0076,0.0,0.09276453722270817,0.0,2.7093020352450286e-15,3.7041238763115625e-15,-0.27903900672934373,-0.0021751294478789714,1.0
no_agent_information,20261236,0.0007788565223212046,0.011588263312778364,-0.014104962783717426,0.046689738862814946,0.017292903041270215,0.01602810912962132,-0.0039008209765650174,-0.004710710079382203,-0.006543696061730771,-0.05457628544657034,0.043773257795715406,0.9493702944973996,0.7789271130691533,0.04107327401230047,6.594791584957609,13406.526876071935,0.0032,0.14305146419272152,0.17507375395028757,0.0,0.0,0.0,0.024051100401152548,0.0,2.1674416281960227e-15,2.9103830456733705e-15,-0.028253543594458665,-0.02112030392192441,1.0
no_agent_information,20261237,0.000206546030348866,0.01256689492629374,0.010479735847657904,0.05424670652604891,0.018388647538120997,0.042757180928412165,0.025960022916075933,0.02952931754428741,0.02027805151492491,0.13571160730264076,0.13863900189915124,0.862138974019154,0.45128523501643014,0.30012976989048307,6.603435286685814,13547.208402010625,0.0048,0.023186595181166347,0.48126431524098934,0.0,0.0,0.0,0.0739196160282185,0.0,1.7610463229092685e-15,3.439543599432165e-15,-0.037029958538313895,0.010425370370039122,1.0
no_agent_information,20261238,0.0003376861002759689,0.011989916963775438,-0.04233751903267697,0.04776086068808244,0.022747103955943836,0.014317929289429931,0.04306921452234659,0.02501318874740838,-0.011258268967924433,0.0035817769176036407,0.13207788211155688,0.9275561842587663,0.4953039324753117,0.15939263877989118,6.554377657230184,13542.534564974481,0.0036,0.09202954447452408,0.35372803248617857,0.0,0.0,0.0,0.056095273739629636,0.0,2.980232238769531e-15,3.7041238763115625e-15,0.08009822402552348,0.021183232882033897,1.0
no_agent_information,20261239,0.0005173132490662717,0.0139014654555717,0.0005725438929058626,0.049554768126832384,0.019069303789059182,0.10834541927020061,0.08246690647562988,0.028639613912077245,0.04024591244325453,0.6271506085886198,0.22338411376904185,0.9002513426220533,0.5280760400136594,0.3249218348733985,6.647180481227435,13643.496534576601,0.008,0.02668290183949097,0.3193706967657971,0.0,0.0016,0.0,0.07733649031848877,0.0,2.1674416281960227e-15,2.645802768793973e-15,-0.044271954328840186,0.023655973538816086,1.0
no_agent_information,20261240,0.00016400323787226618,0.011743281933801296,-0.03575241701342394,0.04182089585806961,0.021136257177411393,0.03689979520266243,0.04104022910714415,0.00016622406184783924,0.021947803860690354,-0.0002696411017995004,0.10458879217992179,0.8556408564965737,0.4425870513907062,0.1993078528328112,6.5728581554484835,13488.841536055934,0.0036,0.026841994472473017,0.36377830465563354,0.0,0.0,0.0,0.05532408077647388,0.0,2.7093020352450286e-15,2.248932353474877e-15,0.05609020574807544,0.014041572639095412,1.0
no_agent_information,20261241,0.0003827374961334421,0.016366378866176503,0.011253960827799562,0.08866338010639606,0.03668356771996186,0.11828900493970726,0.11979886282972703,0.0345087335660467,-0.021857785004991016,0.6833756148529457,0.29391273900447706,0.8892415439149901,0.4286152752298673,0.4743114038012914,6.820499931479944,13628.837051133085,0.0056,0.030489579256222133,0.30576671917864107,0.002,0.002,0.0,0.11415257112840749,0.0,3.7930228493430395e-15,3.042673184113069e-15,0.09769374177875166,-0.007445463908512941,1.0
no_agent_information,20261242,0.00046683149875665784,0.013816407348942773,0.00484516688073953,0.09035473833221122,0.028989487197125373,0.08185378332495177,0.0867232194220783,0.08291490147144905,0.0477113708184945,0.8912939809995675,0.2845876136352149,0.9422219936578438,0.4478735008557705,0.3208734957643662,6.615034875626028,13643.037266113686,0.0072,0.037938426214252016,0.3055823926221878,0.0,0.0004,0.0,0.07755577060272145,0.0,1.8965114246715198e-15,1.8520619381557813e-15,0.052739709670057915,-0.006066919328960745,1.0
no_agent_information,20261243,0.0005366823451409556,0.014068182764261406,0.027831849684113678,0.09807378576469895,0.0314412182493969,0.09449259111985268,0.1045747549850103,0.04132627194590502,0.04248643076489404,1.0645456222842276,0.24000634894450792,0.8954326713761356,0.4603222700727623,0.3868837392772456,6.56559901006514,13830.91512815709,0.006,0.027680536631505617,0.2782843358258603,0.0004,0.0004,0.0,0.10983009340456906,0.0,3.1156973405317828e-15,2.9103830456733705e-15,0.1224253174668439,-0.025054115347332068,1.0
no_agent_information,20261244,0.00046551700621561026,0.01313616084722125,0.0013292915169474907,0.054704363910056085,0.015855974199639015,0.06472755297935573,0.016541868235556804,0.01713916796337558,0.017516543512437407,0.3905321577790759,0.17684697024865337,0.9143700851665303,0.465581753077604,0.2626568647781876,6.629775493091202,13512.114303597096,0.0052,0.08681233127856215,0.36414869182550824,0.0,0.0004,0.0,0.07236461738305988,0.0,1.7610463229092685e-15,3.1749633225527677e-15,-0.021956701258196255,0.014571440252050323,1.0
no_agent_information,20261245,0.0006348863567409364,0.013401135134983916,-0.008942008024640626,0.06660685461457203,0.025021407080424884,0.1681843234401171,0.13941320159386855,0.08681939488554367,0.02597771745639899,0.9661829844788117,0.31337749683774896,0.9527388722389858,0.6478840468351245,0.23152257596022446,6.624854616370524,13600.762716676945,0.0072,0.07487340836691946,0.37173335099723204,0.0,0.002,0.0,0.07012656972211762,0.0,1.8965114246715198e-15,1.5874816612763839e-15,-0.09642205518361394,0.06108516208982257,1.0
no_agent_information,20261246,0.0005953420522854774,0.012684234529618647,0.006179182229791298,0.06102026767287024,0.015214766659598747,0.03695705871026941,0.05749598015320304,0.02553370607139491,0.020267451103042806,0.25882439162585724,0.21137242141019086,0.9489127139260034,0.5479556883611789,0.21021345317209492,6.546341529119557,13620.01530418412,0.0044,0.038231821096849306,0.3376217539235933,0.0064,0.0,0.0,0.06845961154167712,0.0,4.063953052867543e-15,4.233284430070357e-15,-0.027073768396018834,0.003510447628416652,1.0
no_agent_information,20261247,-1.2427258945622199e-05,0.012939041894994356,-0.05155847406608566,0.05155847406608566,0.014800731434128064,0.08578595529325382,0.05261652781645387,0.018886753162414532,0.023529202611293046,0.34470002443030845,0.1885794191685496,0.8753452583618627,0.44234230818775067,0.3356093537606388,6.678676336079744,13473.705858011494,0.0044,0.03245768441290102,0.5460944119061075,0.0004,0.0,0.0,0.07464557241054837,0.0,1.4901161193847656e-15,3.3072534609924663e-15,0.039024381280267945,-0.02715166769343689,1.0
no_agent_information,20261248,0.0003840173545236517,0.01282657209965883,-0.01783366458832617,0.06479952933793277,0.0236320237299339,0.09076035914991473,0.08210558254008188,0.017206523951446822,-0.004942883180791185,0.54179456077591,0.22751260429166345,0.9221669992824739,0.5333861292035422,0.24024994172546282,6.583659247250127,13648.467736208537,0.0056,0.10496899009318832,0.4255785301671533,0.0,0.0004,0.0,0.05417856152085232,0.0,2.0319765264337714e-15,2.1166422150351785e-15,0.012085552791085632,-0.0038821924867696992,1.0
no_agent_information,20261249,0.0003612266841968079,0.01217672865719651,-0.03963565105733205,0.04491465194960875,0.01894963743756834,0.020143569223945366,0.03495640510535581,-0.011621906094236585,0.013846175732307616,-0.03297189481587326,0.0991503335830602,0.8826892950802728,0.4440334366310398,0.2253465327192272,6.54696494477855,13581.01942380845,0.0024,0.08687319489409549,0.2882939134114414,0.0,0.0,0.0,0.05831291377453085,0.0,2.1674416281960227e-15,2.1166422150351785e-15,-0.04664509462030464,-0.03216306114027655,1.0
no_agent_information,20261250,0.0006256976892760694,0.011803316423829556,0.019251206598450945,0.04098095213177176,0.018447272335709995,0.0008248603176315754,0.016383147004444234,-0.03183463167054522,0.0009505516429400053,0.004834581877224409,0.01750109884178278,0.9441931517248312,0.7037291780223982,0.11040015548159345,6.5368403490192195,13541.662671754357,0.0036,0.13325919766263636,0.2471579860080092,0.0,0.0,0.0,0.04290454376961339,0.0,1.3546510176225143e-15,1.0583211075175892e-15,0.028093996241276318,-0.010220814760642,1.0
no_agent_information,20261251,0.0003298091519399826,0.025605624018270393,0.13685356064995333,0.18403297872318877,0.06795787627369002,0.46023412979991674,0.39041555225199587,0.15412733747963253,0.03037939007255322,20.535900289280793,0.582313292971677,0.9292082513269367,0.5339588623043598,0.43674944912609065,6.959415780064652,14056.68603616312,0.0156,0.13517352478121944,0.632526980332035,0.7468,0.0196,0.0,0.21798822587114985,1.0,2.1674416281960227e-15,3.042673184113069e-15,0.01042433936154844,-0.03454376979791609,1.0
no_agent_information,20261252,0.00021729225772869042,0.014892726370269779,0.030980106292818943,0.06547379179424047,0.0221894478940581,0.07132556509625398,0.07604078693846086,0.033753139265904356,-0.018431220481873737,1.606752745068973,0.25412167148350373,0.8259768022547032,0.47167327577021784,0.40173842423112804,6.723913044339426,13604.911190285718,0.0052,0.05476260935816425,0.3766112033332275,0.0,0.0012,0.0,0.11190712384486057,0.0,2.4383718317205256e-15,1.7197717997160825e-15,0.2106995445761087,-0.03316737352576628,1.0
no_agent_information,20261253,0.0001445010308351172,0.014360215092688252,-0.014061963594333145,0.041420037315787486,0.020011468415862082,0.07899969190725732,0.11717002870312528,0.02392070523283677,-0.009927419103882602,1.2616259853791068,0.2506382895127743,0.8817851479093348,0.45597775387526696,0.3915695060526564,6.722542090699586,13532.402368976096,0.004,0.02860808895972355,0.4017941127966569,0.0,0.0008,0.0,0.08515265116301562,0.0,5.147673866965554e-15,3.042673184113069e-15,-0.048067144896638256,-0.0024478794397727595,1.0
no_agent_information,20261254,0.00020902859957674558,0.016375370989454043,0.0012754365539152624,0.09232256263094805,0.022532670398079206,0.13872446717021805,0.16412607872802246,0.061263314170223244,-0.001591670516481459,1.394470418584894,0.3028947442840157,0.7978960789290075,0.4678508057212517,0.46436441755782015,6.800210388864725,13671.980811663372,0.008,0.017112534491939932,0.4407058280828229,0.0,0.0028,0.0,0.13989912422283313,0.0,2.980232238769531e-15,2.1166422150351785e-15,0.05817802687175213,-0.014776469052175138,1.0
no_agent_information,20261255,0.00040292739190752014,0.012862088962220861,0.024616040646096793,0.07067069142338248,0.01895249709317509,0.1164449326200377,0.10247801896758771,0.0372233756034803,-0.025671968080111383,0.6853982646346588,0.2697555003833233,0.9443042281278683,0.49347129100776393,0.2334179456098739,6.621239358342428,13547.069696373665,0.0072,0.0713504536312814,0.26589810941389147,0.0,0.0004,0.0,0.06195681256759067,0.0,2.84476713700728e-15,2.9103830456733705e-15,0.0008398147182243236,0.05181397340048402,1.0
no_agent_information,20261256,0.0009094656483336514,0.01148543654412883,0.015398528271182581,0.0453371839483883,0.018604935048939165,-0.0092854595160554,-0.007146516604654715,0.014824630876993435,0.02730033586115696,0.001405989243911776,0.07315835117635257,0.9546089774993872,0.7321120143252181,0.08676449920652118,6.511630956505167,13554.382526955986,0.0024,0.17953215903514952,0.23365933926767146,0.0,0.0,0.0,0.035284321470836266,0.0,2.7093020352450286e-15,2.3812224919145757e-15,0.009033731803263185,-0.028321267117609968,1.0
no_agent_information,20261257,0.0004352426338588668,0.012719656312167961,-0.02412215419953999,0.058250048009425896,0.017934858328811164,0.05643213047352571,0.03610941054515759,0.038483404120951796,0.025420858664987746,0.06052435467812334,0.18661106541437195,0.936037007090509,0.4745361331159629,0.26382759549019386,6.601222872057253,13526.328739924395,0.0024,0.040939426503874776,0.21167382345614438,0.0,0.0,0.0,0.06336271583418851,0.0,1.8965114246715198e-15,4.100994291630658e-15,-0.01649776445141706,-0.029132063067421093,1.0
no_agent_information,20261258,0.0004542207361406035,0.013898503918689985,0.02728463807176908,0.06789539517992364,0.01914203922458695,0.05171379296835259,0.13045922206898367,0.033325100924307544,0.03031387427060893,0.7222044371103773,0.2491187340216962,0.8963014890929133,0.5062143518637668,0.3478978707232387,6.622841388521295,13717.824237487464,0.0068,0.04227133372724823,0.3607989372019442,0.0,0.0008,0.0,0.09983342375951798,0.0,2.84476713700728e-15,2.248932353474877e-15,0.041764750554241094,0.014641038689939788,1.0
no_agent_information,20261259,0.0003367136786203606,0.011305567477562804,-0.03273377748264592,0.03396551857718235,0.015347426792581673,-0.0016440842910749617,-0.028699403664527064,-0.016290010743344418,-0.027626827976322085,0.011274775113021107,0.0019741441008110294,0.8874218604376146,0.795735207859915,0.013834238437661538,6.574590497602127,13409.505819675445,0.0036,0.23194554119918412,0.37469118076484653,0.0,0.0,0.0,0.02636949454191373,0.0,2.7093020352450286e-15,1.5874816612763839e-15,0.017515693591809326,-0.012463278405740021,1.0
no_agent_information,20261260,0.0001318460397008394,0.01911861331930571,0.024093789252117834,0.12645125507590693,0.03375596674000296,0.19756174091742137,0.16996757697274312,0.05199042411361958,-0.029203173183153398,2.9892461944440285,0.39003159552622685,0.827070061387506,0.4720634137070001,0.5087241875822965,6.951191445185914,13716.82158802039,0.0124,0.021212505850958872,0.48598747091017047,0.002,0.0088,0.0,0.15846832412953704,0.0,2.980232238769531e-15,2.1166422150351785e-15,-0.16945438997179005,-0.02462882805813132,1.0
no_information_channels,20261211,1.0372314523073811e-05,0.01669729146980614,0.070442841343654,0.209453326428487,0.056052193699617225,0.5653262896139423,0.5555901376717932,0.3217560335653762,-0.09213347474666819,16.38003028815942,0.7360232597773694,0.9712478162966007,0.880649522969545,0.30055293764939023,6.692226430050032,14333.50326172388,0.0328,0.23964960858853332,0.2647005387125231,0.8152,0.018,0.0,0.11107143544760056,0.0,1.3546510176225143e-15,3.439543599432165e-15,0.6411798499258278,0.016061805710279483,1.0
no_information_channels,20261212,4.3993010031616815e-06,0.017154339969911416,-0.08376549623396126,0.12407797469184885,0.05651308379213456,0.6062025500957018,0.6026181223294423,0.3388901065772423,-0.09481916257084702,13.285389629739932,0.7627041490568223,0.9733752124276863,0.8941539076192685,0.29187655979571003,6.665656312550349,14393.815641134166,0.0312,0.3357854843397766,0.23002217521330226,0.0276,0.016,0.0,0.12234207163920074,0.0,4.063953052867543e-15,5.291605537587946e-15,-0.14801786006919188,-0.012197211074400176,1.0
no_information_channels,20261213,-1.6753629418680305e-06,0.015478284780293398,0.04732253089065252,0.19471215665951833,0.05737947464806736,0.5593357156846612,0.555709384568591,0.3301247394739872,-0.06463492037886086,20.04330895255605,0.7468644880614012,0.9747040595626608,0.8957692633701589,0.27705464605698515,6.4486226319883935,14572.195441234226,0.0332,0.34110739982018684,0.23771088069210755,0.0,0.0152,0.0,0.09449829738383286,0.0,2.302906729958274e-15,2.3812224919145757e-15,0.4572666595316738,-0.04637347686080077,1.0
no_information_channels,20261214,6.746850267041538e-05,0.01727192622582772,0.12026611432926702,0.14795947620142677,0.05476329920614429,0.5503561667762706,0.5379134416814675,0.3193292126966659,-0.08712214495328896,11.684798317943228,0.7194841740774995,0.9651121114566086,0.8764335377049144,0.33075488577069323,6.818121877886734,14185.651271551746,0.0308,1.4572036937381279,0.2420857340493734,0.0,0.018,0.0,0.1217521587217798,0.0,3.1156973405317828e-15,2.645802768793973e-15,-0.32574172836575754,0.034596806327686594,1.0
no_information_channels,20261215,-2.8857988383681034e-05,0.018393175796194133,0.057324329367287194,0.21733409594850506,0.05755833971694101,0.5524135922557137,0.5326336064206095,0.3458107377078436,-0.07346766456122798,16.33144757768831,0.726513388547893,0.966064892091766,0.882430818483009,0.3147982773376408,6.8142122956876205,14233.41467964728,0.0288,1.2151949527312866,0.319223067721773,0.0,0.018,0.0,0.13746380091505306,0.0,2.7093020352450286e-15,1.7197717997160825e-15,0.3718707821003477,-0.08532114937914823,1.0
no_information_channels,20261216,-4.670233695840054e-06,0.020692658666740197,0.03307762007054095,0.211353005337714,0.06156258433821613,0.5083941198110893,0.5166041111466778,0.329333002103235,-0.06255773823320321,15.887550532810362,0.7124581458651298,0.962466569225197,0.8718316799962469,0.3308754263771812,6.949827475616966,14210.107294064695,0.028,1.722328287241923,0.2752612457069056,0.0,0.0248,0.0,0.1642697305333196,0.0,3.522092645818537e-15,2.1166422150351785e-15,1.0497608091480217,-0.0545868769028917,1.0
no_information_channels,20261217,5.081762815339594e-05,0.015541980249648486,0.08204507096731548,0.2430780538048933,0.057247850574130954,0.5858497897885004,0.5675928529884301,0.32275431345808553,-0.08461538781837863,15.511781605160532,0.7476194644476694,0.9733749122794099,0.8863497049496427,0.29264286302811016,6.531906861392899,14481.342538736957,0.032,1.381943056313533,0.2281020645299151,0.0,0.0152,0.0,0.09845399248012887,0.0,2.1674416281960227e-15,2.645802768793973e-15,0.2859226523237865,-0.020878464026017913,1.0
no_information_channels,20261218,3.993239623848339e-05,0.01838976964638185,-0.04600585885478226,0.2792895971472069,0.05032978698072928,0.5429321821118066,0.5776957386050404,0.312616941964553,-0.04216406909672444,12.732772676115658,0.7285813953180061,0.9670354890085894,0.852731070677691,0.3225815677810013,6.908437957107823,14133.738227211976,0.03,1.162967536167241,0.24843072138894307,0.0,0.02,0.0,0.12286637866604955,0.0,3.522092645818537e-15,1.7197717997160825e-15,0.3791476362267684,-0.00688532743992678,1.0
no_information_channels,20261219,-8.889194501603726e-06,0.020090291802241884,-0.002991737707341394,0.2136944127833733,0.051977702298839065,0.5961620542561147,0.5714458024069532,0.32719110227448767,-0.0740449972368531,16.267271806018154,0.7504460083970658,0.9706156021510696,0.8845778042086007,0.30678157268252615,6.847613621229153,14299.668067334527,0.03,0.27034580590669754,0.29998160475829994,0.0896,0.0228,0.0,0.1221768721809684,0.0,2.7093020352450286e-15,2.1166422150351785e-15,0.38635603760523834,-0.005452836718602318,1.0
no_information_channels,20261220,2.314425954920871e-05,0.015093349000351529,-0.012174530859636285,0.14888602545077054,0.04729971141376363,0.6012877117253077,0.5300595481957332,0.35085315778204923,-0.04988894999608552,15.03538914381813,0.7416552610164054,0.9700819371835707,0.8695863404717733,0.3163116811076721,6.5573745149609834,14373.742762055499,0.0284,0.14553512444351568,0.23874704085054954,0.018,0.0112,0.0,0.12315029872187022,0.0,3.251162442294034e-15,5.688475952907042e-15,0.5458547470954778,0.021537992041091556,1.0
no_information_channels,20261221,1.0718602014261336e-06,0.020146474893204834,0.06609731032400872,0.20873872874975383,0.04460903560111454,0.5449759514392568,0.5702023461941126,0.30329746989919276,-0.09637243463033741,13.256784559103249,0.7466569324286911,0.9681803284255844,0.8777780032918487,0.3159601437218957,6.8599502902711444,14304.022029054928,0.0336,0.7341437785897234,0.3646697440570583,0.0,0.0228,0.0,0.13775551798036556,0.0,5.68953427401456e-15,1.8520619381557813e-15,-0.07288486487036869,0.011592921633057024,1.0
no_information_channels,20261222,-8.629890781971738e-07,0.019397867656614345,0.08169386385940879,0.2616888732981262,0.058963322250497066,0.592317608787252,0.5689171014858613,0.3499085408092871,-0.05938253798241959,12.23257677755905,0.742140704565853,0.9697334654771711,0.8834566717958632,0.30924888982947996,6.86004305811473,14255.382276712155,0.0324,1.6353617879221671,0.27213894898200064,0.0,0.0228,0.0,0.13365781321003523,0.0,2.302906729958274e-15,4.630154845389453e-15,0.3160042574981708,0.007881445580435714,1.0
no_information_channels,20261223,1.2706356490672377e-05,0.016772140976774888,0.07753489136886815,0.1919486575155515,0.05091852852403021,0.5532536396647125,0.51723660487447,0.3390412595181858,-0.06410978898964681,18.420965083612764,0.7302658025928084,0.9693717972784621,0.8744413798618998,0.3011026890328462,6.633880937172869,14414.143818832648,0.0332,0.8356771471694394,0.3106990940480242,0.0132,0.0172,0.0,0.10765527987535539,0.0,1.3546510176225143e-15,2.1166422150351785e-15,0.30692361834994597,-0.022145990645171653,1.0
no_information_channels,20261224,-2.611816893109875e-06,0.017792851883196167,0.01216825047309564,0.25504143272232,0.08005097043412128,0.6008943910672516,0.5845684457836606,0.3456963381496735,-0.07768970919282606,14.073981106368592,0.749119713160359,0.9710519812475253,0.8803213176538182,0.2788161664690045,6.671343972727859,14456.977165706587,0.0352,0.2291167102298251,0.2435884383656206,0.3564,0.0204,0.0,0.11426207892845563,0.0,2.84476713700728e-15,2.248932353474877e-15,-0.10097461197092293,-0.040602580888566754,1.0
no_information_channels,20261225,1.2588221797324195e-05,0.015598754979073442,0.0519006274375669,0.18401642485043002,0.05670683956887403,0.5746988880468928,0.5830986990305427,0.37776254501175244,-0.05600614392842266,14.634988777434764,0.7413627101442433,0.9687217640779664,0.872865293273595,0.297746438964804,6.53639823623921,14484.066381683013,0.032,1.7632607174185404,0.24782645736491793,0.0,0.0132,0.0,0.12013969567830718,0.0,1.0837208140980114e-15,3.042673184113069e-15,0.12056342545401191,-0.035847672450937826,1.0
no_information_channels,20261226,-3.5681777754509267e-05,0.017306987363209247,0.07267085216470301,0.19665861266435158,0.06458006240736762,0.5642200209606795,0.573824411156694,0.36890736638443167,-0.07940874254398238,12.608831355448036,0.7627221990722293,0.9756851533154649,0.8910487947285828,0.28069584663106956,6.706535940558467,14402.536265717536,0.0364,0.4735171682955998,0.36104679973122733,0.0064,0.02,0.0,0.11666492918497151,0.0,2.573836933482777e-15,3.042673184113069e-15,0.17191719838535194,-0.05584794760514247,1.0
no_information_channels,20261227,-4.751614901600476e-06,0.01632309423724388,0.018481491146342174,0.16808498555313703,0.04490079150674086,0.5716025404308862,0.5451263338983947,0.3119683081885838,-0.07562267153853078,17.574095293058782,0.749391086299245,0.9732800508806594,0.8791098860727435,0.287889722472433,6.500913965208745,14542.895549635437,0.032,0.9516047486813223,0.2726214110920998,0.0,0.0164,0.0,0.10398080639947183,0.0,1.7610463229092685e-15,2.9103830456733705e-15,0.4131465996188658,-0.053799257256416017,1.0
no_information_channels,20261228,5.551328306341574e-06,0.015310571052907658,0.017773245584554658,0.1675492092242023,0.047258079267938416,0.5494485819334737,0.526490306100541,0.2602033650837911,-0.08548091227731683,23.69532881483006,0.7367834573671679,0.9698138599454557,0.8893140043585843,0.28838528792645823,6.393575325900791,14608.4222046217,0.0312,0.6569083944481807,0.22309631405873265,0.0,0.0144,0.0,0.09958351509726993,0.0,1.2191859158602628e-15,2.248932353474877e-15,0.7511692915737989,0.020782698129608156,1.0
no_information_channels,20261229,-7.24009724893289e-05,0.01891541595070865,0.05905425169120526,0.20769614251404286,0.0485232464312976,0.5409658978599823,0.5371139153036448,0.313488561932713,-0.06534855061163385,14.519093141956443,0.7312909501379034,0.9704835115371157,0.8756792080187868,0.3146362215001917,6.727369537639124,14363.90657948857,0.0324,1.1638407752310267,0.35196667734880693,0.0,0.0208,0.0,0.1252790623843616,0.0,3.657557747580788e-15,3.3072534609924663e-15,0.18889096292022556,0.02931784105672182,1.0
no_information_channels,20261230,8.83557330966731e-06,0.018103283544231026,0.020434179020724134,0.14980780469787894,0.05034182826683549,0.5779271455180218,0.5792384134694186,0.3353606361470343,-0.07582929577011034,15.110287034596556,0.7365698111002065,0.9660131833363484,0.8724360006707401,0.31446549743453234,6.80268800463654,14289.88262269175,0.0356,0.5144900410065091,0.29022493131272165,0.0,0.0212,0.0,0.13413538058640118,0.0,1.8965114246715198e-15,3.7041238763115625e-15,0.0759170388611566,-0.036861451965430225,1.0
no_information_channels,20261231,5.88847478354289e-05,0.015775679676454966,0.09871953083320434,0.21218315222167392,0.05859436395417955,0.5550172700783524,0.5245914508147712,0.306726274149028,-0.022047957687365283,14.942152111753739,0.7395071487354169,0.972402939046739,0.8894078445778647,0.2924154565321358,6.546137253557198,14448.650029271294,0.0356,0.9062183554813505,0.22154547911953038,0.0,0.0136,0.0,0.10250645242846024,0.0,3.928487951105291e-15,2.3812224919145757e-15,0.5912394850652553,-0.021662184605614716,1.0
no_information_channels,20261232,-3.9419448158289325e-05,0.01970289207407641,-0.0038396840278346017,0.15510552738789934,0.0510086531472992,0.5709708090458155,0.5998571091562368,0.33904695663411244,-0.0629323753556726,21.635541690641084,0.7518317402099259,0.967407538370799,0.8933844571446687,0.298958958249063,6.902700128333157,14288.102427365791,0.0276,0.4761105606999563,0.3247934259581735,0.282,0.0212,0.0,0.14101350861508233,0.0,3.251162442294034e-15,2.645802768793973e-15,1.288532366147974,0.012613411374508828,1.0
no_information_channels,20261233,-4.759108981909037e-05,0.018274524963055483,0.04142698628330454,0.24661881092707444,0.042552983445803674,0.5315015942491357,0.5299685850873813,0.3035333920841892,-0.06854836694717731,13.208364864972541,0.7195726250141044,0.9623839610914334,0.8805184170080133,0.3243763471958583,6.873327251539052,14177.500517058608,0.034,0.8623002165009411,0.27489789150214716,0.0,0.0184,0.0,0.13295967485118543,0.0,2.573836933482777e-15,2.645802768793973e-15,0.4104827865308196,0.04769222776978748,1.0
no_information_channels,20261234,-3.068723913370519e-06,0.017718091263183352,0.020097047421850003,0.1930499300351499,0.04480438239753243,0.587607032144097,0.6166279803021104,0.3186530904887975,-0.10462881155257751,14.151375781921367,0.7408701568557138,0.9690799015143642,0.8804251095304827,0.29936020822032083,6.720484154666483,14356.285519913927,0.0332,0.5031618759410628,0.2577331599828411,0.0,0.0192,0.0,0.10238316684775839,0.0,1.625581221147017e-15,1.8520619381557813e-15,0.3996072058078978,-0.026456485377119036,1.0
no_information_channels,20261235,-1.0550153690801878e-05,0.019012518955272673,0.004747615607606408,0.17928734005328312,0.05043199865075352,0.578228102271744,0.5672532060662231,0.36060153611998436,-0.06277485476826905,13.868219894157654,0.736646848111114,0.9702236346234774,0.8713124590960223,0.31064484930045566,6.774094119314205,14326.203263613572,0.03,0.7322163257379932,0.23909761235442206,0.1108,0.0212,0.0,0.13349750123618986,0.0,3.3866275440562853e-15,2.645802768793973e-15,0.3224101576002564,-0.002156921146728135,1.0
no_information_channels,20261236,3.979074647295633e-06,0.02012590607626277,0.0780834090692011,0.1950841338592295,0.05626304123039275,0.5622587978636553,0.5121603776178663,0.3104172534655234,-0.0929503086931228,15.37618122807659,0.7355614609444805,0.9645301999641007,0.8850313386411547,0.3121290711718297,6.825023008603717,14322.134282580668,0.0304,2.2555802786752555,0.35526543350311623,0.0,0.0212,0.0,0.14803314570021175,0.0,1.3546510176225143e-15,2.3812224919145757e-15,0.45538291675496384,0.023032858728874384,1.0
no_information_channels,20261237,3.255443184880314e-05,0.01622181950443999,-0.05258569340480625,0.15347463066943262,0.03922367191883483,0.5607142090693784,0.5525913984826517,0.3370685864552578,-0.07054102481555395,13.002926925127309,0.7249615739829268,0.9682586175265241,0.8753565130397909,0.31145732334954923,6.733117219089005,14255.68461282466,0.0308,0.8525889928575058,0.23634411754521611,0.0,0.0132,0.0,0.11911039097639531,0.0,1.4901161193847656e-15,2.3812224919145757e-15,0.49057721753762523,0.010085567432203528,1.0
no_information_channels,20261238,-3.5656748117961714e-06,0.01757881498246885,0.029470352371745428,0.2071943502556456,0.04909690094505314,0.5444899035652017,0.5154026041550508,0.28690940709237966,-0.07864545573168122,14.873453669073786,0.7329166462446381,0.9614272629624735,0.8876524385888415,0.29790358299738606,6.639017065922284,14412.407280756515,0.0304,1.2630260540849143,0.2709693831030442,0.0,0.016,0.0,0.10765661551311334,0.0,2.4383718317205256e-15,3.96870415319096e-15,-0.08887615999371334,0.015067771633825588,1.0
no_information_channels,20261239,-2.602917541088523e-05,0.021058489763766668,-0.043191085723079364,0.18150870034787217,0.05109568804631799,0.5633157208557689,0.529026591323851,0.3101937890140307,-0.0948713197469748,12.437073849988787,0.7287857756579095,0.9637349636568674,0.8500422353621683,0.34052935025675246,7.03277675788681,14117.486627854192,0.0308,0.8989143688903719,0.32149149528619825,0.0,0.0264,0.0,0.13871158345902956,0.0,2.4383718317205256e-15,3.7041238763115625e-15,0.6029116273540425,-0.04708099191226767,1.0
no_information_channels,20261240,-2.7363473414948203e-05,0.018308396258637297,0.05331163143628707,0.20567070393378856,0.04118670861484376,0.5506731213244571,0.5399698198839621,0.2523491572405633,-0.09945477698788721,15.209470529378759,0.7456324845479465,0.9659398939641162,0.8837474758102684,0.3060272230268516,6.576594336533225,14522.654361325973,0.0316,1.1460752023550922,0.3336226392271734,0.0,0.0176,0.0,0.13133124317914335,0.0,2.1674416281960227e-15,4.762444983829151e-15,0.33799180888044955,-0.009921029769686644,1.0
no_information_channels,20261241,2.2450749657147286e-05,0.016050037573973993,-0.046498400518210845,0.1830321703169225,0.07515100237948986,0.6340933443738087,0.5790934508496928,0.37671305898644786,-0.052176762449454794,15.15678742385353,0.7786124306966048,0.9781057954173327,0.9035552440370206,0.2589282479340025,6.451386579977728,14625.821579077648,0.0328,0.39346595066854395,0.24674768292105664,0.0,0.0132,0.0,0.0966420424447958,0.0,3.522092645818537e-15,1.0583211075175892e-15,0.08975257004998852,0.037859589785062125,1.0
no_information_channels,20261242,4.370073661554805e-05,0.01811967163894681,0.04135264623966576,0.19914516353475084,0.046723675225636044,0.6102804843920895,0.589051588402319,0.3087880468395754,-0.04935703821283232,15.474451325219416,0.7546198470250981,0.9690787406232046,0.8978001783717446,0.29447163331744636,6.625682234973963,14496.331795156533,0.0332,0.8607903271269465,0.24456311237728734,0.0,0.0184,0.0,0.12024445209774881,0.0,3.928487951105291e-15,3.96870415319096e-15,0.504196554980066,-0.02128715351522075,1.0
no_information_channels,20261243,-2.448863849297993e-05,0.018132189766256326,0.028157007751961255,0.23841270637990378,0.053799241594878165,0.5119259175091548,0.562648787257483,0.3675717992882952,-0.07572242951730615,13.952995907351948,0.7366946981973762,0.9717887367132251,0.886948736311459,0.2999835728222927,6.802241940306504,14275.48631332694,0.0344,0.5916577199145063,0.2591191396647917,0.0372,0.0176,0.0,0.12063556628392935,0.0,1.3546510176225143e-15,3.96870415319096e-15,0.40398157015336744,-0.024346211281618492,1.0
no_information_channels,20261244,1.127824707981162e-05,0.016897096301988615,0.06787828104642481,0.17032421352197422,0.052002621048566774,0.5707640924535643,0.5549036478931052,0.33423140656752603,-0.06995735557688074,12.945094977763386,0.746457267037409,0.9688072306737293,0.8745051030952234,0.31199672051059074,6.64436331189329,14420.041450992689,0.0332,1.0120761400860625,0.28537789062106744,0.0,0.0156,0.0,0.12765977868370126,0.0,3.251162442294034e-15,6.085346368226138e-15,0.685299578429077,-0.04315730233152982,1.0
no_information_channels,20261245,9.173198681233253e-05,0.01933333058441951,-0.04758650602097819,0.14265460522561743,0.05261228669249553,0.5193187082498298,0.5126837006188673,0.3121786815459047,-0.08837648861382964,17.98342415563514,0.7252860048867562,0.9652689898769263,0.8730866372799974,0.3102309647842033,6.85747088470918,14261.98488513018,0.0288,1.2346752415924365,0.25908389874085136,0.0,0.0208,0.0,0.14177851339308667,0.0,2.0319765264337714e-15,5.688475952907042e-15,0.8641719807071874,0.006734685499917375,1.0
no_information_channels,20261246,4.749868746335118e-05,0.01680409631825926,0.0211825509496441,0.23602062196105641,0.051994235569682634,0.5975516862878294,0.626937135606354,0.34959428340483545,-0.07814841822506552,18.649134922498813,0.7452691695874278,0.9705220149703915,0.8910459800447359,0.2779604533098994,6.435819157529396,14650.493452063032,0.0328,1.0618509303223433,0.2798115486171989,0.0,0.0168,0.0,0.10072610872878851,0.0,2.1674416281960227e-15,3.1749633225527677e-15,0.3357956165279733,-0.01782727891566567,1.0
no_information_channels,20261247,-2.620285801323128e-05,0.020801944785847185,0.04219347011651473,0.23071929094343938,0.052983637373175164,0.608222065404458,0.5537977036759487,0.3094626425904927,-0.11534286756601077,15.394599091002796,0.7430976546111752,0.9594206876021543,0.8628411831138492,0.3311609492665348,6.865194489068137,14299.322275542898,0.0324,0.9535914928254806,0.31465715504570757,0.0,0.0244,0.0,0.1604133859985133,0.0,2.7093020352450286e-15,1.4551915228366853e-15,0.614332197300206,-0.04608456539623509,1.0
no_information_channels,20261248,1.234025018391236e-05,0.018318785309000832,0.04217403729685091,0.14318221442421233,0.05178358744548502,0.5172537733364355,0.5368865875857655,0.3249150351165835,-0.05749612239881955,29.316389738220444,0.7278997020137411,0.966589077622422,0.8845518699877313,0.29568462789636596,6.746199772656968,14366.056852872902,0.0312,1.1130874755442297,0.28828284359144185,0.0,0.0192,0.0,0.12319688997155498,0.0,3.7930228493430395e-15,3.042673184113069e-15,1.6386399973077765,-0.060620940060208836,1.0
no_information_channels,20261249,2.8784353942994302e-05,0.01733640747517306,-0.10033721346521433,0.13617374318382822,0.044065931603321326,0.5706316319873629,0.5636782216455067,0.33826275382261467,-0.09329670366641417,18.41255438202815,0.733347599938741,0.9721607252733272,0.9032946569834247,0.27805550347096547,6.757153199060507,14349.100410654035,0.0332,1.098819083676289,0.23085791694624958,0.0,0.016,0.0,0.10829153166216421,0.0,3.1156973405317828e-15,2.1166422150351785e-15,0.4695567866528997,-0.0033334484722264105,1.0
no_information_channels,20261250,3.6132626215201925e-05,0.01667858976299883,0.028324369348439484,0.16000417247192028,0.04236441736080017,0.5481270254661651,0.5009879486736231,0.29858663040521477,-0.04749981610711492,15.688348325034845,0.7363543269173802,0.972406337988455,0.877424914737056,0.3085476317688117,6.794717990344651,14180.388825097281,0.0296,1.4920864210120683,0.3163805179733232,0.0,0.0124,0.0,0.11865353568004244,0.0,2.84476713700728e-15,3.836414014751261e-15,0.5187768296232609,-0.03608969861459715,1.0
no_information_channels,20261251,1.1182599516140002e-05,0.014812265092220705,-0.02086698309117439,0.17847167153777319,0.041113879233762335,0.5893719285529085,0.5298175431544424,0.3479543638478924,-0.07046266610633857,15.060487669228976,0.7473233624240919,0.9741580199988048,0.8882820911942245,0.2916756472526243,6.551685647676507,14417.130781715858,0.0296,0.4760961926071981,0.23360409323198783,0.6244,0.0104,0.0,0.09407059777296745,0.0,1.8965114246715198e-15,2.5135126303542743e-15,0.4733403817119901,-0.03929196364632979,1.0
no_information_channels,20261252,9.034460895712825e-06,0.021269465837560942,0.10188894146537997,0.19205837593324995,0.05405829530167723,0.5556281509082535,0.5764641167577533,0.3294646653311997,-0.07609918934669067,11.190148003840589,0.7457693079456948,0.9721528267688239,0.875812657407945,0.32001468869879873,7.037809576798878,14162.112503048747,0.032,0.7420248263014007,0.31258803987038575,0.0,0.024,0.0,0.15971816917939496,0.0,6.637789986350319e-15,2.3812224919145757e-15,0.3446557335048227,0.03380650363394176,1.0
no_information_channels,20261253,1.2868607558078438e-05,0.015778645074957555,-0.09518459579273197,0.19001226989532602,0.05144457070955353,0.5700592460526867,0.6019122136077404,0.3611610533069835,-0.08661970116014882,15.951866561447062,0.7511324183334249,0.9715842369749559,0.8829628575401428,0.2835266833831718,6.542391546252671,14481.901662492264,0.03,0.6121483193578928,0.2789967441423358,0.0,0.0124,0.0,0.1030560233282749,0.0,3.522092645818537e-15,3.5718337378718635e-15,-0.06935192110072276,-0.003125019757167127,1.0
no_information_channels,20261254,8.808169176434574e-05,0.01923130787302961,-0.06273079386035757,0.2563409494431139,0.050529458398999486,0.542370279859126,0.5503994647581263,0.3395419251688789,-0.07361382626290044,19.599088113202964,0.7177165989834585,0.9655369436651016,0.8665348511708606,0.3194644249538988,6.857224025499736,14219.75012959407,0.0292,0.48347104069654995,0.2541450110207967,0.0,0.0192,0.0,0.13043886750131728,0.0,2.84476713700728e-15,5.291605537587946e-15,0.8177367533287266,-0.04535940276228281,1.0
no_information_channels,20261255,1.1201988613403912e-05,0.01709961291611924,0.07865083222633083,0.12908635241643887,0.05610195847107954,0.5509533106253471,0.5502674525513223,0.3248395827751319,-0.03533121268426153,11.848423200490378,0.7313138342671045,0.9649192297552297,0.8703279997956483,0.32144176490604576,6.769925411495981,14249.189997371192,0.03,1.024476253644605,0.2671278937284416,0.0,0.016,0.0,0.14056418172543728,0.0,5.5540691722523084e-15,2.248932353474877e-15,0.45314213833074557,0.00624367593309118,1.0
no_information_channels,20261256,-8.688382027474261e-06,0.019577817433295414,0.03433225749296107,0.18987746647851628,0.05661882593189731,0.6316656694826639,0.5505129643611315,0.30802146459719426,-0.09403164603772797,16.153822724134677,0.7653920856861804,0.972157764842324,0.8828790058176569,0.3037593139520804,6.720072316306488,14445.675800081757,0.028,1.998434697414979,0.2632375381230089,0.0,0.022,0.0,0.13331034030671418,0.0,5.283138968727805e-15,2.9103830456733705e-15,0.5828033160958017,-0.020062730051260302,1.0
no_information_channels,20261257,2.2535198528413503e-05,0.018262447175209282,-0.03127675685410655,0.1426732117540342,0.05243399476575964,0.5538155597944631,0.5432117728965333,0.3521600473774927,-0.059520967936686736,15.43925443624044,0.7414143868744971,0.9674179372793351,0.8733750083357322,0.30359599562246165,6.680788347742554,14393.515320423674,0.0308,0.9559210793104085,0.26213204989598005,0.0,0.02,0.0,0.12629661004573722,0.0,2.4383718317205256e-15,4.233284430070357e-15,0.38769265794555086,-0.03716022543787401,1.0
no_information_channels,20261258,-8.395896868053753e-06,0.018879508105514243,-0.03316924378308086,0.15927567648793325,0.052215634025341864,0.5585024870343824,0.5721291566836639,0.31485868158849506,-0.09055470572831782,18.305339343133767,0.7326145754632195,0.9656992733771519,0.8707220389925817,0.3239745330772556,6.912872161302526,14172.978642659125,0.0308,0.7785282860432764,0.2943442990776196,0.0,0.0188,0.0,0.12780795281429858,0.0,3.522092645818537e-15,2.248932353474877e-15,0.6712537020501907,-0.008208060673699145,1.0
no_information_channels,20261259,8.95735033989169e-06,0.017241327656336982,-0.05754259571601177,0.1522767603346236,0.05350305661588682,0.5844007409670838,0.5259454721545287,0.27056325929493724,-0.09340922770602844,17.16560105928057,0.7361783377942013,0.9690457944048506,0.8728464116347728,0.30772693826650677,6.7093235141783865,14305.898355995983,0.0276,2.14992289899698,0.24115017708183872,0.0,0.0156,0.0,0.10939779312774456,0.0,2.7093020352450286e-15,2.3812224919145757e-15,0.5848904364784462,-0.0747071702335281,1.0
no_information_channels,20261260,-6.941078772742024e-05,0.020099939159232465,-0.010192294516568732,0.121344058971687,0.04052525071717126,0.5777279449069085,0.5353766530796046,0.2832080453983898,-0.10372242961496293,10.70744584201873,0.7282282732654773,0.9627754918996733,0.8530659441783599,0.33862184025659015,6.97648837075814,14158.001920635417,0.0316,0.3267286973664236,0.2998014602372465,0.0,0.0224,0.0,0.14291808118249172,0.0,2.573836933482777e-15,2.1166422150351785e-15,0.1145834508290606,-0.07455599475114782,1.0
value_only,20261211,-0.00010116421562036563,0.014359045980452283,-0.13724008873414403,0.13724008873414403,0.020110003845108578,0.10756659494942718,0.12186819340675856,0.024252411776493454,-0.006980055662431779,1.5302318187000088,0.4339879692639544,0.6536044364711173,0.3201493480122485,0.49580093783617823,6.723158052111038,13542.129899657184,0.0044,0.008271600403255707,0.533347608325109,0.0,0.0016,0.0,0.005633871870145191,0.0,2.4383718317205256e-15,2.645802768793973e-15,-0.06135951978956008,0.008223339097240347,1.0
value_only,20261212,0.00035246947932739196,0.012685334756220898,-0.09197693225988232,0.09197693225988232,0.020230967940649255,0.05271900905254471,0.04588951898660713,-0.00386523749339968,-0.024819217048427274,0.2482722000823787,0.2786435956296141,0.5974152490805674,0.44701169788661,0.38677079281316734,6.615103850473009,13508.409344215244,0.0056,0.009903761352925415,0.4230531454323293,0.0,0.0,0.0,0.0053339380216068655,0.0,2.7093020352450286e-15,3.7041238763115625e-15,0.02674902002813411,-0.007339466297506019,1.0
value_only,20261213,-6.418109076587229e-05,0.012182102774383821,-0.06072947815947084,0.06072947815947084,0.01639417559651262,-0.00898063022746341,0.03215226916284762,-0.018011717397534696,-0.048468402168078045,0.06391476796023943,0.18287756088662227,0.49426052091938555,0.4138489027183271,0.3705263205422269,6.603801223066753,13440.589140144422,0.0024,0.014285029578232158,0.44488632676816176,0.0,0.0,0.0,0.0053662523447097765,0.0,4.876743663441051e-15,3.439543599432165e-15,0.0031895752106275723,-0.015791842981696606,1.0
value_only,20261214,0.00045928726630589726,0.011466897819275873,0.025265580842848655,0.05021452571663627,0.019069834026172728,-0.023122738134851124,0.0011968950882482918,-0.030140349379739348,-0.0018905237734886005,-0.00222929719139886,0.02339447961394478,0.7552027325477197,0.8479140953778597,0.042902523596040784,6.584970461462942,13397.103255698663,0.0028,0.11512029387227131,0.26367712134077836,0.0,0.0,0.0,0.004088732702239861,0.0,2.573836933482777e-15,3.5718337378718635e-15,-0.010702098290398436,0.03154634253933357,1.0
value_only,20261215,0.000255818230446733,0.011550915329522203,0.01851305377642969,0.03409428511698525,0.010993665206476624,-0.010821981862972212,0.020415338085236247,0.029597945396774926,-0.015908393597208515,-0.10878847751137855,0.02851826639584893,0.7063742363706538,0.8757931772863488,0.04367843032288673,6.599719372066792,13376.81922967703,0.0024,0.07479024140560717,0.3833100281523094,0.0,0.0,0.0,0.0038120205356830805,0.0,2.4383718317205256e-15,9.260309690778906e-16,0.02690626741318895,0.011455911471338131,1.0
value_only,20261216,0.00048448075886852886,0.011254382933183487,0.02086602339206872,0.04858282890301262,0.020656237148661608,-0.007088560835036067,0.0015952854250580518,-0.0035030608096472855,0.006532194662760423,-0.12148687234052558,0.010635618719558152,0.8595890933663888,0.9058092004203799,-0.035096319551041665,6.574386629965858,13394.652573094843,0.0016,0.12558376315755684,0.45838769853819084,0.0,0.0,0.0,0.0038289808167031314,0.0,4.3348832563920454e-15,7.937408306381919e-16,-0.06633643264845146,0.013154256082800703,1.0
value_only,20261217,0.0005846484830422543,0.0115111619893818,-0.013366263277739834,0.04019105576394233,0.013602854442571305,-0.02869651197417162,0.006526834763300763,-0.021161476401820697,-0.007665687793812551,-0.008599470603470216,0.02200062373773978,0.8576929908105789,0.8259315653015699,0.06578797849119591,6.576678503482,13420.64976101016,0.0032,0.10806085627456537,0.3241105103524755,0.0,0.0,0.0,0.0032108906494707767,0.0,3.3866275440562853e-15,3.1749633225527677e-15,-0.03234304124302548,0.01901056134745976,1.0
value_only,20261218,0.0008407045832372241,0.011667923793861132,-0.04760831827800923,0.05798281049308558,0.02184476321076981,-0.00668765708786867,-0.027126278086587567,-0.02261991857953985,0.021008538962425237,0.0792501804207908,0.11406693860171128,0.775347581802542,0.7321102915113551,0.16680762003534114,6.565970632191353,13441.799657253068,0.0028,0.07465949331108691,0.24939399983226163,0.0,0.0,0.0,0.0032386150937517844,0.0,3.522092645818537e-15,2.5135126303542743e-15,-0.021924175412135895,-0.02771367430220315,1.0
value_only,20261219,0.00016461921944324338,0.01350510893840616,-0.08680383842439798,0.08680383842439798,0.022147950480370316,0.06962444359150614,0.06794315160829333,0.008897816150526585,0.011549458719431022,0.8480263224020135,0.40678168032023965,0.6140169140886012,0.3569971238068099,0.4589053316682074,6.641383838747853,13550.40369726055,0.0056,0.007095707743071205,0.4602415027933767,0.0,0.0012,0.0,0.005651693431856897,0.0,3.1156973405317828e-15,1.3229013843969864e-15,0.038328342792829546,-0.003669825977992224,1.0
value_only,20261220,4.2369817819395904e-05,0.012771112759730979,-0.07863218391715157,0.07863218391715157,0.021222606447405014,0.007738896108818152,0.016303671239935053,0.012094372958599229,-0.030626731461795762,0.34520470787900637,0.3778875711535697,0.5234590010207231,0.347131420208121,0.45319630121355053,6.646822896688873,13475.80936125115,0.0036,0.005537264723728833,0.4633324495434952,0.0,0.0008,0.0,0.0056276398975503295,0.0,4.3348832563920454e-15,2.1166422150351785e-15,-0.09453274798641241,0.01425310803392982,1.0
value_only,20261221,0.0001467323448063926,0.011847983667796215,-0.03479087114896009,0.03479087114896009,0.013486900490502917,0.008268850167252598,0.0011899559945659937,-0.014048020628719352,-0.029186375679308124,0.12276509577271844,0.14621641828497922,0.6049829960307537,0.4394174413950207,0.31378517528441024,6.532891776857332,13559.768830004385,0.0032,0.020663208339670315,0.5165690526276059,0.0,0.0,0.0,0.005513541294070334,0.0,1.8965114246715198e-15,3.7041238763115625e-15,-0.10106899656355048,-0.0007156750385065118,1.0
value_only,20261222,0.0003223034635082456,0.011382108461380151,0.0040351850584016,0.04624680495774047,0.01650654334904607,-0.014990385315993601,-8.025387346524243e-05,-0.02142199698672635,0.007721205686474959,-0.025025197112400033,0.0008994304787442351,0.9370139228981288,0.874650888503078,0.0021201138050272197,6.583170572286662,13416.859274854221,0.0028,0.1293721557325446,0.3295882682844756,0.0,0.0,0.0,0.0034751725032606817,0.0,2.4383718317205256e-15,1.98435207659548e-15,0.07316473349598297,0.008934324999821585,1.0
value_only,20261223,0.00048468017818886614,0.011779307208930133,-0.008854657652589266,0.0415140143254193,0.01641975552598742,-0.01713169653388838,0.016007941293120245,-0.029211900848242666,0.012704811921777715,0.13489593899697194,0.11915926936121546,0.7925356964135915,0.7883193691453534,0.1472214058449375,6.562391105843517,13485.304993396157,0.0016,0.05667238858834696,0.4101873242110037,0.0,0.0,0.0,0.005670316258644892,0.0,2.1674416281960227e-15,1.0583211075175892e-15,0.009241383417645915,0.009650480663477625,1.0
value_only,20261224,0.0002452987059671852,0.013533581131054136,-0.11889405268054323,0.11889405268054323,0.024147732206287287,0.05933510908357775,0.019696842680881288,-0.005476569276059285,0.007225809134215577,0.1106148339483366,0.4141512259192504,0.619485724904106,0.3156128959832314,0.4780225357073398,6.6634486750446005,13484.112962865805,0.0028,0.005673105841102755,0.31276859673789303,0.0,0.0004,0.0,0.005167509138011006,0.0,3.3866275440562853e-15,2.5135126303542743e-15,-0.09868498777760391,0.005019005147223107,1.0
value_only,20261225,0.0007105187490218824,0.011479696272492618,-0.002114439556952108,0.033426508964271885,0.01626086191961302,0.010968993840387051,-0.016128528594527007,0.015270817821377566,0.027123009093945816,0.01762431564532907,0.05282026802512726,0.8718850028809048,0.833698229344365,0.0638853612198396,6.563469599844825,13435.168937326103,0.0044,0.13905893821954754,0.2988960164817369,0.0,0.0,0.0,0.0033799516873522784,0.0,4.3348832563920454e-15,2.778092907233672e-15,0.0318391773096229,-0.0035349854177760113,1.0
value_only,20261226,0.00024717742106130486,0.012138599786411342,-0.04362250394151532,0.04362250394151532,0.017845070024721427,0.02049578756537701,0.04388581724343135,-0.044632926939418914,-0.015927903471316257,0.12260653432829693,0.19736806987534253,0.5764650176585335,0.4490382183916943,0.31706905928959844,6.602866824867041,13494.586765246338,0.0036,0.018031662161390065,0.40766041658118113,0.0,0.0,0.0,0.004993882672502226,0.0,6.773255088112571e-15,3.7041238763115625e-15,0.01629150782156615,-0.009196219785774739,1.0
value_only,20261227,0.0005671265589220269,0.011769474463884499,-0.032128785324448086,0.03230389268183343,0.015831220388343534,0.02560793566231951,-0.021378874176803606,0.060334236438243934,-0.0054840203759282885,-0.006734293760844778,0.10018685295401586,0.7948871379251613,0.7705890632486995,0.12199878821870257,6.583183043818368,13443.399168959988,0.0032,0.06602817632142685,0.3111452368079529,0.0,0.0,0.0,0.00452103311637897,0.0,2.302906729958274e-15,3.439543599432165e-15,0.019241727528661504,-0.012046245156960851,1.0
value_only,20261228,0.00033296567652251206,0.012142574312244478,-0.06211840174641974,0.06211840174641974,0.016264191787312105,0.043961057082160734,0.002248341471035083,0.01592848606948761,0.0019488001555830424,0.11506620070257911,0.24737220224036272,0.7835464728508971,0.6752731217761591,0.24101724343368253,6.600805514002028,13468.078527618096,0.0032,0.032344347785717556,0.2847037818242013,0.0,0.0,0.0,0.0040574477877415305,0.0,5.68953427401456e-15,3.1749633225527677e-15,-0.007397480016745771,-0.021729375672127068,1.0
value_only,20261229,0.00024730760513833766,0.01176339433923141,-0.04567740322875881,0.04567740322875881,0.015229985548030844,0.01349735141911679,0.031711022141833495,0.010691975509496503,0.006377433788286508,0.01974695525125192,0.04158486149373903,0.8191440016727266,0.8324401876159769,0.060059332529425316,6.571943315704653,13455.321319467284,0.0044,0.07463388404035595,0.37737645902301886,0.0,0.0,0.0,0.0037496469817752676,0.0,4.063953052867543e-15,3.7041238763115625e-15,-0.009419813335526238,-0.006106582527953365,1.0
value_only,20261230,0.0004305782882110339,0.012412260709315193,-0.06988381199898543,0.06988381199898543,0.023652718132472196,0.010162095886382581,0.009517331820192702,0.039581094848054464,-0.0011468855687930748,0.20870355294026233,0.20089974711001052,0.6949247152430309,0.5991256336083353,0.2896614059947302,6.597807692658286,13506.485850408388,0.004,0.025414962197507947,0.26801453274899556,0.0,0.0,0.0,0.006040170385577692,0.0,5.824999375776811e-15,2.645802768793973e-15,-0.01408989210011469,-0.0032703193683566766,1.0
value_only,20261231,2.180329906465026e-05,0.011732627553139554,-0.028080536445639015,0.04824682723237756,0.020769306541802895,0.003852272265411334,0.03197033356099658,0.028188237392055095,0.013692398254996749,0.05786082510487045,0.03744601516242264,0.7250267604304205,0.7694772441011912,0.11428559316349463,6.593625227367198,13437.828362339375,0.004,0.050334342255229376,0.4006674657235433,0.0,0.0,0.0,0.005332241682353356,0.0,1.2191859158602628e-15,2.3812224919145757e-15,-0.010372037724358305,0.05164233806554437,1.0
value_only,20261232,0.0005255564158845491,0.013497938830326099,-0.0868029220408112,0.0868029220408112,0.020585182915097953,0.058003811491426055,0.018564174848004263,0.008100259141909148,0.016188432465543322,0.7401814799046673,0.3475268716210849,0.7290037345348052,0.4105386020945932,0.41723248022938275,6.613878629990745,13602.707707063657,0.0052,0.017776614588394433,0.3706707426640995,0.0,0.0008,0.0,0.006569864106650503,0.0,4.605813459916548e-15,1.5874816612763839e-15,0.0058419554318098225,-0.02013533512107286,1.0
value_only,20261233,0.00013044949256888215,0.011712165219084907,-0.02601996694831404,0.03122051643177643,0.014526934718794241,0.0376290965871809,-0.009860739190605209,0.0076548130236520524,0.0003540456798517141,-0.15990984587901336,0.01949476911777863,0.6789110029045403,0.6683564062942743,0.16547862696748128,6.577306474189914,13453.009412704358,0.002,0.04050900201739502,0.3018541432287932,0.0,0.0,0.0,0.005153175100402141,0.0,3.657557747580788e-15,5.820766091346741e-15,-0.0875399983979371,0.00184148963616731,1.0
value_only,20261234,0.00026922605426463945,0.01187796581473346,-0.058204460859999134,0.058204460859999134,0.02090324069736978,0.02676768768370202,-0.023470310138844323,-0.021435350556185433,0.018233400241737585,0.0357464429644434,0.10582158742805779,0.6794677610467117,0.4795033332553197,0.3290438136448162,6.574103422568462,13478.335749294572,0.0028,0.02667727586924027,0.3328231454647307,0.0,0.0,0.0,0.00607808432857837,0.0,1.8965114246715198e-15,1.7197717997160825e-15,0.08092707852851201,0.01817287524247341,1.0
value_only,20261235,0.0006295558932183145,0.012613312876532366,-0.0762214336803646,0.0762214336803646,0.01918692581079253,0.037190232258981146,0.0588993830709508,0.01483016699167791,-0.015372760508975333,0.24921999741332312,0.30254077653439243,0.7827034744284161,0.663394301561916,0.24681545985868075,6.597446234733293,13527.897918852568,0.004,0.043634595957694235,0.43060586457218786,0.0,0.0,0.0,0.003711990716152691,0.0,1.8965114246715198e-15,6.614506921984933e-15,0.009235866848647344,0.012390539509115278,1.0
value_only,20261236,0.0007703134942066938,0.011444287772532738,-0.004892407584748819,0.049428027070626275,0.016914378781939195,0.01861769411232228,-0.0028924776394104804,-0.016126575117023232,-0.012604782028560529,-0.07479959716595408,0.006620929704286939,0.8462541320875986,0.8518823278251737,0.03354632134538353,6.594081510664994,13386.610053189144,0.0028,0.16847747041562547,0.1763359918411549,0.0,0.0,0.0,0.002605724323136993,0.0,1.8965114246715198e-15,2.778092907233672e-15,-0.013694561162609647,-0.023400283781742984,1.0
value_only,20261237,0.00020026313612023756,0.011366635744274734,-0.011885535531122256,0.04241529035394418,0.014004965841614517,-0.004164118437009098,-0.013821982220119584,0.010361177435536323,0.044159128289771116,-0.0811522517414911,0.028684746661521654,0.7592286160731467,0.7302391057349681,0.1448897362132427,6.5378566057081215,13473.072724681848,0.002,0.05254596023592712,0.45557750368099603,0.0,0.0,0.0,0.006094013167503132,0.0,3.522092645818537e-15,1.4551915228366853e-15,0.014168193338157135,0.029006169982934205,1.0
value_only,20261238,0.00032584660097843425,0.011395892807181592,-0.030779377217096133,0.033622929877996956,0.018397956694368854,-0.03100611568291116,0.023746890756163916,0.002962096431561009,-0.017766704784876297,-0.030597962007443247,0.04189984749641394,0.8138977149523501,0.8100880035778728,0.08871737036131204,6.544412580715571,13488.27779456045,0.0028,0.08263263571386228,0.3473446558989677,0.0,0.0,0.0,0.003325899920407549,0.0,2.0319765264337714e-15,2.248932353474877e-15,0.06941156438825964,-0.007015635005153963,1.0
value_only,20261239,0.0004946560972644405,0.012010939698698174,-0.01641735885386756,0.041447857357118326,0.013569726972193321,0.03472604887333912,0.019859750015633372,0.011940724602756091,0.006839073417528688,0.032093303780707405,0.04961673059032813,0.7081080180194764,0.65169663435062,0.19629672914403645,6.577843903558245,13487.382962900781,0.004,0.03729590159703207,0.2987593535517292,0.0,0.0,0.0,0.003939382418580717,0.0,2.302906729958274e-15,3.836414014751261e-15,-0.024563699633880207,0.018601272375549576,1.0
value_only,20261240,0.00015733638770559785,0.011243068130631327,-0.048073877050650214,0.048073877050650214,0.016344399494691766,0.030402050083613373,-0.002625664214205282,-0.010626723552754073,0.004851717196626993,-0.039760115935015605,0.05345155340773208,0.6994935897825124,0.8481528100974398,0.06537365129295683,6.561264218956103,13431.921140913591,0.0028,0.05827677530680175,0.3481133580886884,0.0,0.0,0.0,0.0036568131229037792,0.0,1.8965114246715198e-15,1.5874816612763839e-15,0.031116740493683074,0.0015377309429947437,1.0
value_only,20261241,0.00038000557354101366,0.012626924467744624,-0.04877227156202781,0.04877227156202781,0.01237392849404657,0.05579345932849561,0.06520853078850657,0.01890976618860564,-0.00502140926407606,0.34430325912925763,0.3133057092464101,0.7057010229935567,0.45943507128153205,0.3866353046649673,6.605454989841359,13494.213310283154,0.0048,0.018357014567337224,0.31406933045372154,0.0,0.0008,0.0,0.005679492131994257,0.0,2.1674416281960227e-15,4.233284430070357e-15,-0.03180982187375005,0.021366394205598195,1.0
value_only,20261242,0.00044766144809196004,0.012074471726182616,-0.05889427450225476,0.05889427450225476,0.02243249596467815,-0.026256930575861464,0.004385658579602812,0.04783291273271174,0.0399879461813614,0.09826922877956834,0.20051365311273292,0.8083684047037892,0.7464106517800734,0.17994059812276492,6.541041983890721,13548.448071245693,0.004,0.05124393761911934,0.30521439296347197,0.0,0.0,0.0,0.0046424193677927494,0.0,2.7093020352450286e-15,2.9103830456733705e-15,-0.00276115362971226,0.018210605034954034,1.0
value_only,20261243,0.0005350712034787847,0.011950387423450993,-0.03165632103364766,0.04369061456712849,0.018296370868517268,0.006074361841319375,0.05606098107521197,-0.0043428981905808284,0.01701859107820093,0.19562935662990277,0.1623049257637669,0.781663758614481,0.6462915859314039,0.2456555484496394,6.575508886391521,13517.642674444485,0.0036,0.042961836489996304,0.25239941338129135,0.0,0.0,0.0,0.006302637842755976,0.0,2.4383718317205256e-15,3.042673184113069e-15,0.04405244606573942,0.0158037588293191,1.0
value_only,20261244,0.0004513267937255918,0.011820054722365067,-0.04039904904110404,0.05134400939457413,0.014179256751952274,0.025363226922073254,-0.021983622260541767,-0.021853123549692478,-0.0027076182102834237,-0.005934986073601767,0.030705672456490314,0.8543868126952494,0.79476171341052,0.07826394864652174,6.5964994594941215,13415.74518687182,0.004,0.06568364737503421,0.34362731228925325,0.0,0.0,0.0,0.004167547182520437,0.0,2.573836933482777e-15,2.3812224919145757e-15,-0.019575355226820766,-0.019016787194833015,1.0
value_only,20261245,0.0006064386378047736,0.011410253485512648,-0.04580989211447999,0.04580989211447999,0.020023203217045,0.04353613424272542,-0.01533081151651838,0.018118784930221468,0.016489206795078613,-0.06915713398443701,0.10032188945278842,0.8288571540219055,0.785903414305774,0.11419552973259062,6.541061164323248,13499.688028090439,0.002,0.08200325282925103,0.33135772329556024,0.0,0.0,0.0,0.004264089012248284,0.0,2.1674416281960227e-15,2.3812224919145757e-15,-0.014738114441457801,0.04655368965852839,1.0
value_only,20261246,0.0005796750680765847,0.011676162254772603,-0.02344838182859632,0.05230941385738041,0.01613583436243745,-0.042530325328445286,-0.01373239516057217,0.009745374264334427,-0.007957624246950266,0.26025392534121927,0.06538989835587142,0.8367160608344643,0.7811315545186405,0.12136495574238841,6.535907690819707,13507.832999706436,0.006,0.08053571453719233,0.3233981786532222,0.0,0.0,0.0,0.005109465244331979,0.0,2.7093020352450286e-15,2.645802768793973e-15,-0.010707038228078676,0.010488009381041283,1.0
value_only,20261247,-9.845393778115863e-06,0.011582002496839178,-0.05330181485836258,0.05330181485836258,0.01677889192215134,0.022266713376065204,0.007224091347898278,-0.003527805975058354,0.005968788200149554,0.17703769561342764,0.08860691085395227,0.7290798666765311,0.6559407833356221,0.21018569840890353,6.572998178994382,13467.7816698659,0.004,0.032797015977807285,0.5355579722815298,0.0,0.0,0.0,0.0037394630345095603,0.0,1.625581221147017e-15,1.3229013843969864e-15,0.006244323086360291,-0.002977839144366138,1.0
value_only,20261248,0.00036958871698870936,0.011467283203774577,-0.007458265199029027,0.041763935246017354,0.016658030913876087,0.020923257963661505,-0.023453443140858385,-0.004337325509043802,-0.006344425229696104,0.013185611484438198,0.060807061736468805,0.8010971141411527,0.8143805234224758,0.08731735620560055,6.517812625208952,13528.288127507034,0.0036,0.0735286819607041,0.4109450136911985,0.0,0.0,0.0,0.004774794326439569,0.0,2.573836933482777e-15,2.5135126303542743e-15,-0.03951293953171434,-0.007601245676903866,1.0
value_only,20261249,0.0003419456457021905,0.011381706448468545,-0.01793392724066138,0.049154522055645904,0.0189632707543831,0.012755790656676725,0.03708421457546459,-0.0032053658387615094,0.015289910286584853,-0.02445811114246954,0.010964320378515722,0.7657803011360353,0.820057146131416,0.08514158189975202,6.5560166908105435,13456.402475239927,0.0012,0.0811575628216553,0.27595107831753585,0.0,0.0,0.0,0.005508079665276,0.0,1.3546510176225143e-15,2.1166422150351785e-15,-0.053245029250621585,-0.02185987536033101,1.0
value_only,20261250,0.0006195422285662595,0.011483748924163562,0.014547197562836069,0.04104103993353459,0.01621927324816849,0.011007092476060115,0.003911165137573347,-0.03314605924007191,-0.01481455876945948,0.06839148351567204,-0.018341437037667295,0.8626689993048103,0.8464707346426954,0.05850163296305664,6.554385694373628,13458.962781213126,0.0052,0.12295060503771046,0.24925269419770968,0.0,0.0,0.0,0.0032035251584698887,0.0,2.980232238769531e-15,2.1166422150351785e-15,0.019798014350304156,-0.005023020577224991,1.0
value_only,20261251,0.00034978608940736605,0.0168469155329733,-0.23416806518003574,0.23416806518003574,0.04961903583074094,0.3675956056731696,0.3037741133519327,0.117117585120994,-0.0023145925428303474,10.337455515015876,0.6292615092432604,0.8216858468315331,0.3339647197997332,0.4960531357024357,6.645974809303104,13927.523724648167,0.0128,0.018964658318249502,0.5379745180575886,0.0,0.006,0.0,0.009104533412241267,0.0,2.0319765264337714e-15,4.365574568510055e-15,0.14335208987945938,-0.0011527398028135473,1.0
value_only,20261252,0.0002216609171027269,0.012311870102770501,-0.03802784343798018,0.03802784343798018,0.01508225990425013,0.012240477540466296,-0.016453444572007803,0.03804529578956357,-0.026184310596659988,0.02962328692200611,0.11991699076601563,0.6285285546320102,0.4759379950440651,0.2951687784063868,6.608386895534187,13441.850170684558,0.0012,0.022463269085046363,0.35850004589452233,0.0,0.0,0.0,0.004368881790705492,0.0,4.199418154629794e-15,2.3812224919145757e-15,0.03748750284367753,0.017836343857925735,1.0
value_only,20261253,0.00014002681682624568,0.01191646301707172,-0.009822303832364453,0.03396088907498202,0.012673674516711465,-0.01064614534994661,0.03284006915619184,-0.002087904345699646,-0.016072541858736213,-0.03616294602150427,0.1032850744858449,0.751814586157582,0.6624806076184493,0.2167976011679194,6.615769644506136,13395.022094082924,0.0028,0.034331785105674695,0.39206190811310304,0.0,0.0,0.0,0.004762432105817727,0.0,3.928487951105291e-15,1.8520619381557813e-15,0.005015802929841379,-0.019190686861123397,1.0
value_only,20261254,0.00017792482924549658,0.0128065132878531,-0.045114264876187464,0.049257415043682515,0.01830918217702108,0.006540680610605133,0.018985464826123257,-0.004964726825945006,0.012064563859962223,0.0756447482002347,0.23589666294398642,0.48664307866252204,0.3840107471854856,0.40288266305977705,6.65162765964868,13417.062989921877,0.0024,0.011815194329032991,0.4438516752314018,0.0,0.0004,0.0,0.0047418145404354295,0.0,2.980232238769531e-15,3.439543599432165e-15,0.01841888296272633,-0.028353761709541233,1.0
value_only,20261255,0.0003906193498751989,0.0112767046386614,-0.013194422248141258,0.04397685463891498,0.015674150437065958,0.011214846309591384,-0.02806605270424933,-0.007236386953277527,-0.02904943055103972,0.12064195629123997,0.08275023210214075,0.8332890087153134,0.7883168033263269,0.11529418371759438,6.554634595939581,13451.461328709782,0.004,0.07007019527901873,0.26621883791123446,0.0,0.0,0.0,0.004155412837599126,0.0,1.0837208140980114e-15,3.96870415319096e-15,-0.0471335280144376,0.03158213658665162,1.0
value_only,20261256,0.0008996250106577847,0.01113603925349554,0.00885219698318568,0.035392212632276814,0.015292793130748364,-0.020769024309543454,-0.019461480936956353,0.017758916968652682,0.009179551420355614,-0.060861688103625244,0.006454982311132677,0.8434311744864255,0.8743505643082707,0.007165466628481171,6.541254784427451,13458.423618350962,0.0024,0.15315955164198158,0.23442852833219385,0.0,0.0,0.0,0.002839302891721296,0.0,3.3866275440562853e-15,2.5135126303542743e-15,-0.00617367344099606,-0.016436902714567308,1.0
value_only,20261257,0.0004340913999106057,0.01165420164093453,-0.03228130999744393,0.03607741496666893,0.020526447715756516,0.005513339556637093,0.0007544638949775693,0.022052029052400047,0.005499075523980032,-0.07450077264223998,0.08579663017756965,0.8262648200979011,0.7079547115621377,0.18047060898580924,6.574965770555478,13463.969881448123,0.002,0.06379710890752853,0.21344369641147243,0.0,0.0,0.0,0.004270200194214313,0.0,2.84476713700728e-15,3.5718337378718635e-15,0.052193020905591254,-0.011015581246618545,1.0
value_only,20261258,0.0004735610242105736,0.01201292302514252,-0.027137489636861505,0.048910092733143874,0.01990130732614297,-0.012511132446182705,0.06646055760103273,-0.009960860065939346,-0.0067241266177442615,-0.04336982333461803,0.13045365493419586,0.7567052312191003,0.7193445114211816,0.19475930500555866,6.576793899792228,13491.713077188664,0.0016,0.03654823607787333,0.3134452836834436,0.0,0.0,0.0,0.004949994867056162,0.0,3.251162442294034e-15,2.3812224919145757e-15,-0.03524497968139191,0.014130164352646874,1.0
value_only,20261259,0.00033649091890274507,0.011296631757005805,-0.02330623592638055,0.034593668555627115,0.014714409909027856,-0.0013999447232205802,-0.026954347211267368,-0.017268500594354093,-0.025292835071607882,0.02054734546107273,-0.024913025902466898,0.9389084260198147,0.8695319126359459,0.013580806015402899,6.584646891535303,13389.64416661203,0.0036,0.17250843755787565,0.3763509855607674,0.0,0.0,0.0,0.0032459603075345456,0.0,3.251162442294034e-15,2.3812224919145757e-15,0.02028877785818346,-0.011555804127030793,1.0
value_only,20261260,0.00013239416630576634,0.012974965645707319,-0.09879698415786155,0.09879698415786155,0.022146180953814508,0.026376338498801753,0.02387431641113766,0.004454112156695763,0.02926382371515725,0.3708807056967709,0.30148442155783767,0.566301892997649,0.37267270147602355,0.4241594914156979,6.629127977129647,13506.923512343537,0.0048,0.013264684864571299,0.4849070204926126,0.0,0.0008,0.0,0.005494720217948057,0.0,2.573836933482777e-15,3.1749633225527677e-15,-0.05491707672652592,-0.01175182829856584,1.0
trend_only,20261211,8.137394520276544e-05,0.030950952397332795,0.024528931433314433,0.10714855734460291,0.04575662666784166,0.49476291569107483,0.4338185464770468,0.10616050022116241,-0.08779484936824607,16.650866806840234,0.6558310596354976,0.8567387527532564,0.7618890895283005,0.389300572486953,7.164962027072875,14509.684293567001,0.0268,0.15599670703775417,0.4866002473148746,0.456,0.032,0.0,0.13029762636438846,1.0,2.7093020352450286e-15,1.4551915228366853e-15,0.9864246864049608,0.0005573454575126636,1.0
trend_only,20261212,0.00037642141736384893,0.016322558358207694,0.015964131490919683,0.10347565627591095,0.02151159346701966,0.2894200444460253,0.21480371865345832,0.012150354889082783,-0.03218566763972006,6.837995260002593,0.4448996643894822,0.8050023488377825,0.5964218858476829,0.4002185121658762,6.665652756173365,13931.760218663141,0.0108,0.24840224857563126,0.4202134834480352,0.9964,0.004,0.0,0.022251925169959996,0.0,1.625581221147017e-15,3.3072534609924663e-15,0.41193852410247545,0.01978118794767095,1.0
trend_only,20261213,-4.3595584779249565e-05,0.015656864165315424,0.02190481798855229,0.06833535987677357,0.02791372691468822,0.2041655061204632,0.20242304923404433,0.038090174089452256,0.012655342342472006,2.8083560290587775,0.3983494576073413,0.8073014221122549,0.5721204489576116,0.42511693468324246,6.751785047983448,13787.286168422905,0.0124,0.24501430996912496,0.4872151612737947,0.9996,0.0048,0.0,0.027425751993593206,0.0,1.7610463229092685e-15,1.8520619381557813e-15,0.19802891171684006,-0.0017991898244374596,1.0
trend_only,20261214,0.0004684938387734405,0.011760886127899333,0.007980454586336661,0.04597351397716686,0.018299483122776974,-0.010022119725030632,0.0024009709780995845,-0.026087786731832745,0.00920334921359081,0.05296519264643118,0.053043298632250935,0.876849820326302,0.7149797442749185,0.09395370801659272,6.582896576297422,13440.785299639201,0.0012,0.04495481412785194,0.2744057301911491,0.0,0.0,0.0,0.006679575734988452,0.0,3.3866275440562853e-15,3.1749633225527677e-15,0.01618604903531124,0.025465722734640702,1.0
trend_only,20261215,0.0002618924523313343,0.01209484721561787,0.01572131449700906,0.04823066100901756,0.014293840396839817,0.03159039304973816,0.02010324756936092,0.03617013919207255,-0.036593756073595336,0.03481387574563177,0.13841407894187907,0.8161005635742116,0.6235921660874397,0.17346881711264164,6.604911089118803,13458.553052973006,0.0028,0.03867617338120042,0.3851869552105567,0.0,0.0,0.0,0.005927965602384955,0.0,1.8965114246715198e-15,3.5718337378718635e-15,0.012469762743281427,0.007113645679468082,1.0
trend_only,20261216,0.0004982577995307345,0.011516765940523997,0.007719584453350926,0.05436844654784898,0.020832132919861492,0.007829274643317122,0.011065591390007222,0.013095349622319369,0.0305290394336982,-0.08342557048125832,0.1144566178242318,0.8888537252108207,0.7656083088264112,0.019858618860954375,6.564933147573392,13456.121396693778,0.002,0.11890333108729696,0.4677723511609184,0.0,0.0,0.0,0.008093781354732599,0.0,1.7610463229092685e-15,4.100994291630658e-15,-0.07955988587047902,-0.00043368691196600415,1.0
trend_only,20261217,0.0006150375607710068,0.012791511827249158,-0.022134573661640473,0.046866461175576093,0.017211767966661108,0.0948595301291429,0.07215785431515881,0.0008847168139978908,0.015358762850033483,0.9241734927719736,0.2467896407601607,0.900520033686869,0.7304593081769474,0.15455217375034802,6.576674512783828,13593.567703873068,0.0064,0.1968175866136257,0.3213982289778984,0.0,0.0008,0.0,0.012767416323211656,0.0,2.4383718317205256e-15,2.248932353474877e-15,-0.028189298315376164,0.015725301058891538,1.0
trend_only,20261218,0.0008727148485894101,0.015794566917724535,0.04731092004144105,0.09219878939099695,0.039224166439801686,0.2780245271270603,0.28864562980064645,0.13152657286506347,0.03914331141028708,14.931972902474737,0.4893936679850879,0.9125256151141137,0.7258737172293617,0.20693218654583975,6.629671092324373,13848.507352166831,0.0128,0.045869995767163496,0.28535750102196067,0.022,0.0052,0.0,0.02059443324194854,2.0,1.625581221147017e-15,1.98435207659548e-15,0.6210863775697057,0.009805413883797581,1.0
trend_only,20261219,0.00021479936686557934,0.020252365827126462,0.001390502588497611,0.11812401036806305,0.03156465130469669,0.3332597702364934,0.28288641006369014,0.11268147225625907,-0.05915941894514399,13.763744322701822,0.5179186336026719,0.803030423548578,0.6510959146888324,0.41383481117976234,6.7487265209433,14334.822430842643,0.0188,0.19516542028609143,0.5458900000880829,0.9672,0.0132,0.0,0.04844256075964126,1.0,3.928487951105291e-15,2.9103830456733705e-15,0.6231846762871807,-0.0717894321482937,1.0
trend_only,20261220,8.468630086618667e-05,0.021148682789542263,0.018192212409799572,0.21933643330908154,0.03776351314877337,0.35090048419151787,0.3494826794385936,0.13472510221433592,-0.03584181563262272,15.935580967463839,0.5285953263265029,0.8241196475658303,0.6712814454227282,0.40123344631235147,6.835117696187538,14248.412530909454,0.0152,0.12358682468401705,0.5375461293302289,0.6948,0.0132,0.0,0.02759575434197936,0.0,1.2191859158602628e-15,1.1906112459572878e-15,0.2725676265900595,0.008895013555471487,1.0
trend_only,20261221,-0.0038145641432393873,0.219082513590628,0.13565621302658687,0.13565621302658687,0.03437713606782327,0.502262631639361,0.4696282154789831,0.2892997203590167,-0.05931630629211451,-1.3070954628959368,0.6201644377107705,0.7134716389509851,0.6712349144069492,0.7125092846607665,17.53064875940892,12844.57825185061,0.0,12.340470777727411,0.9999998457075857,0.0,0.4308,0.0,0.09800086885700976,1176.0,2.302906729958274e-15,1.481649550524625e-14,0.07225411896081464,0.09130739012201224,1.0
trend_only,20261222,0.00032461317220718977,0.011387084740636634,-0.006797769568864234,0.0479295371696601,0.016809359105272193,-0.011481046616307026,6.849361116919216e-05,-0.022795145506541457,0.009853682794351358,-0.029730740829656988,-0.003886403096553263,0.8240030947039434,0.7538587955738439,0.019418889944390207,6.566037856333289,13450.668040146416,0.0028,0.07065300550956403,0.33718252348780564,0.0,0.0,0.0,0.006320491481138779,1.0,3.251162442294034e-15,2.248932353474877e-15,0.07126557518349134,0.010399944378788648,1.0
trend_only,20261223,0.0005672893671715507,0.019153224446876997,0.016641649357546435,0.1777308739445234,0.033951355903343194,0.3084911316723346,0.3176180374064444,0.12293589302256105,0.01775362860063662,35.675814029099875,0.5497413340306434,0.886329829703323,0.6264978534510728,0.33557082665303495,6.6555946641877215,14097.953244966526,0.0116,0.2915641137537574,0.447419706474675,0.0,0.006,0.0,0.04906238235950022,4.0,5.824999375776811e-15,2.248932353474877e-15,1.7664054817280845,0.027481368855160112,1.0
trend_only,20261224,0.0003118478941675633,0.021888236726217206,0.01966854404017934,0.11745649311899121,0.029603197816564446,0.3115912320145752,0.2629154241503385,0.1500321328627836,-0.049316113924148516,12.57284031544059,0.5293406341570225,0.8073091824682889,0.6391041164283228,0.4320301448087833,6.889803735301373,14141.19430424174,0.018,0.20656567267797965,0.4400608553302302,0.9176,0.0144,0.0,0.02867171525740586,0.0,2.0319765264337714e-15,5.1593153991482476e-15,0.5139109275742051,0.024694545197863554,1.0
trend_only,20261225,0.0007112043807721857,0.012416065423591402,-0.00960409415985085,0.05816566127502756,0.02329475340334617,0.09530031954769656,0.09492619352704604,0.05049212756881128,0.025588018129799196,2.159180432440107,0.2990228073071251,0.9211032652886202,0.7384062880062386,0.10736212594413909,6.574139824634479,13534.458147663156,0.008,0.18177819180687257,0.2955445452754496,0.0,0.0016,0.0,0.006474443345140246,0.0,5.68953427401456e-15,2.778092907233672e-15,-0.24337024806874652,-0.01627574044087345,1.0
trend_only,20261226,0.00026686181449630804,0.020171599973129988,0.06369478924087134,0.10720171054177245,0.029030215114638002,0.35573670228743753,0.30844150451163643,0.1315108499807462,-0.02146118896513931,10.535898834252025,0.550599901646243,0.8248726364366641,0.650313440951631,0.43285647839476765,6.848620345579643,14115.344204329702,0.0176,0.11129879824367994,0.43606574086663397,0.0016,0.0144,0.0,0.03872057144443408,1.0,1.625581221147017e-15,1.4551915228366853e-15,0.297511638201028,-0.04372038960754806,1.0
trend_only,20261227,0.0005851853674962129,0.013334024787315789,-0.04029151833635241,0.04029151833635241,0.017816258318302854,0.18865146885654435,0.1029319315872111,0.0631982167645674,-0.0023952799927251826,3.6407534016123027,0.3464488780313211,0.9037941709906705,0.7046397010677726,0.14196287451907025,6.595906007128339,13663.474924384207,0.0084,0.14325008292581232,0.310784546846425,0.7976,0.0016,0.0,0.009129012570710193,0.0,1.3546510176225143e-15,2.645802768793973e-15,0.27409216865613023,0.026203518596474268,1.0
trend_only,20261228,0.000333643956024325,0.015975222022465332,-0.030538276341751765,0.13076560430699485,0.03750748120408971,0.2285013465340254,0.21020706015870402,0.10657967925441796,0.005081435356221053,16.423735532918037,0.45307022416955367,0.8951180942140784,0.6603785679579304,0.24823930023916416,6.590684876456427,13995.172503650585,0.0136,0.13508937561354206,0.34696649708677607,0.8868,0.0056,0.0,0.012708823890125398,0.0,1.2191859158602628e-15,3.5718337378718635e-15,0.31324960616521486,-0.028153190533556652,1.0
trend_only,20261229,0.00024408145722162723,0.012841220776118527,-0.044352390015912464,0.04695771272420993,0.0166483439575185,0.11896840717232532,0.10826622862100693,0.028997138980333813,-0.009987216887619627,2.355488498073404,0.22979085148838532,0.8612963633538129,0.6745549609556271,0.15954663835683866,6.529857386987018,13729.049606447936,0.006,0.036169445086466384,0.3851375693101392,0.0,0.0012,0.0,0.014595450819879563,0.0,2.302906729958274e-15,2.3812224919145757e-15,0.00761455772870703,0.05103086213231573,1.0
trend_only,20261230,0.0004866279197578006,0.017601392285354213,0.05878727059077257,0.08928690999464117,0.03751000457527366,0.32242476941099174,0.24745638897832514,0.06459699045444461,-0.014060782600999472,11.191497778116673,0.5020785443039771,0.8543783728243759,0.6498123834946582,0.3426298088085644,6.686968067586314,14058.388037767321,0.0156,0.18855400306199235,0.30500703535196194,0.9824,0.0068,0.0,0.025100861252217443,0.0,4.470348358154297e-15,2.645802768793973e-15,0.41985169148104223,0.040251235061906705,1.0
trend_only,20261231,1.2144409370419495e-05,0.014250832445294626,0.002566857719816159,0.06075833562675031,0.02690681438475213,0.1698981766275723,0.1938244734585282,0.060198121095894286,-0.039545543885784865,2.6050222970867063,0.29401186832494663,0.7833550479576805,0.5717195445535679,0.30034062012620094,6.64273922859835,13770.202838242096,0.0096,0.12317510664474837,0.45136543278539465,0.0,0.0028,0.0,0.01799652341186042,0.0,3.3866275440562853e-15,5.0270252607085486e-15,0.04221054957162028,0.03468913846603772,1.0
trend_only,20261232,0.0005598506558131568,0.018992970442746362,0.027853328270815114,0.1348695669193669,0.04323807657326629,0.30014488897939484,0.28752718252151344,0.09655048899883169,0.02164061752012756,37.724643191478286,0.5046856893285155,0.8765954354072557,0.6645082435700458,0.29651424883006045,6.613094805894215,14163.07891866603,0.0132,0.3088834394562753,0.44525274066806886,1.0,0.0084,0.0,0.04505650051241594,0.0,1.4901161193847656e-15,1.8520619381557813e-15,1.1975935568332783,-0.041954100101170726,1.0
trend_only,20261233,0.00013929781421855906,0.01512004114907263,0.02338444854129277,0.13244329700891663,0.0306967756150254,0.21348382526433282,0.1857030724886445,0.02766758027558593,0.019212863707762245,3.757380792675068,0.37867930291395446,0.8233561562658106,0.5851005389738477,0.3524062040735499,6.7008465350416575,13729.144823960914,0.01,0.05507417018156989,0.33179884650710123,0.0,0.0036,0.0,0.010186586016965204,0.0,1.8965114246715198e-15,2.3812224919145757e-15,0.2753161260979001,-0.057409404972038086,1.0
trend_only,20261234,0.0003073637865746903,0.01852069448391616,0.002264171185290382,0.1033928051873422,0.029222903433566032,0.352312166377709,0.2960595050900984,0.13362317423988412,-0.01799723276001684,10.551521072961396,0.4932742121958789,0.8060720553117484,0.6531117194798969,0.4040967955780039,6.835907965536149,13979.526602691907,0.0172,0.04510753429616262,0.348104150404245,0.0,0.0104,0.0,0.03822713151589063,0.0,2.980232238769531e-15,3.7041238763115625e-15,0.6363959457351452,0.02846113140284361,1.0
trend_only,20261235,0.000644958709678879,0.022637820480123996,-0.003967798140212416,0.13311753220426062,0.04233422727659141,0.44484750353922115,0.45118068029801983,0.18174999355893456,0.0027836538101087046,30.411800779752795,0.5799617614809075,0.9114570122358133,0.7125415142596567,0.3085947789556288,6.794821837455649,14097.051155743868,0.0176,0.09341162230051113,0.6522065373530364,0.0012,0.0136,0.0,0.026137150146830823,1.0,3.7930228493430395e-15,1.3229013843969864e-15,0.6696802801170807,-0.05825601850474395,1.0
trend_only,20261236,0.0007750423873291851,0.011549986863284232,-0.013711187668531324,0.04788080157014255,0.018447653948026076,0.018601109701770403,0.014811771351081504,-0.012810217020807787,-0.009855181482028663,-0.02584360762214777,0.07072773166706199,0.8792117330296868,0.772364792931956,0.022317551673968053,6.57877265311821,13439.081028495872,0.0032,0.09904632937842818,0.17474287599620153,0.0,0.0,0.0,0.00610519368787954,0.0,3.3866275440562853e-15,1.7197717997160825e-15,-0.024699233035241384,-0.022927146903908135,1.0
trend_only,20261237,0.00019483382142837264,0.012354088376766999,0.027221089991617483,0.049205229400120336,0.018496443828639516,0.07262105471465495,0.012693771208218461,0.052851820922400476,0.04018055762490925,0.4299266286441066,0.18002531149360262,0.8474461852432226,0.6299492108051025,0.23607741183718403,6.571100649755794,13572.805071922618,0.0072,0.1265744906664225,0.4786136016679837,0.9056,0.0004,0.0,0.017624344371380163,1.0,2.302906729958274e-15,3.7041238763115625e-15,0.03278637505016751,0.020843382411475358,1.0
trend_only,20261238,0.0003271563343511122,0.011721024985667313,-0.04099921795530876,0.053382497982718824,0.022851428464031095,0.006958962152401691,0.02198698839975042,0.015021510946701384,-0.0011235669855969583,0.0562005980756175,0.11867808893654488,0.8731007003398414,0.6890635181117316,0.1018495368296199,6.5295856974045225,13556.982585218626,0.0036,0.026799765058371047,0.3481491396673997,0.0,0.0,0.0,0.009024379438342223,0.0,2.980232238769531e-15,1.0583211075175892e-15,0.0908991375204388,0.005649246689779377,1.0
trend_only,20261239,0.0005490060324035742,0.015154789192632289,-0.015496035626565565,0.06552846288220109,0.021906627725097265,0.2492101627152468,0.20105057685786462,0.0318469017442438,0.025915353745908597,4.3801250344618134,0.3730062104512637,0.8512126204533642,0.6653693886274126,0.30057938846020493,6.660948659045561,13808.273872297286,0.0096,0.05263579752746512,0.3280877947965486,0.1792,0.0032,0.0,0.015444410479160231,0.0,1.7610463229092685e-15,1.7197717997160825e-15,0.3401228214149498,-0.03857701104834057,1.0
trend_only,20261240,0.00016167681540061522,0.012584016373363333,-0.0075390922732076916,0.04912433523016976,0.01732690137377643,0.10721459287658783,0.07142788406551076,0.034671532359525026,0.03426141443650504,0.5444691203743641,0.22539754473588322,0.8134013372374878,0.6090778817244694,0.23894042659084513,6.593317571053872,13605.33901112029,0.0068,0.08567701608242471,0.37479078384969544,0.0,0.0008,0.0,0.012743583913686907,0.0,2.84476713700728e-15,3.042673184113069e-15,-0.007889257645123158,-0.0008480262240800579,1.0
trend_only,20261241,0.0004904177994082929,0.030476937899254257,0.050261299651421024,0.16708609333454086,0.05951261056432179,0.5446746183371538,0.4945786858866179,0.14458595364722818,-0.044164686030897314,26.195944909961558,0.6162110949052747,0.8790967134091492,0.7363669057172288,0.37650148713485326,6.961267904684534,14462.022600201622,0.0232,0.35339125723906106,0.5266320430542764,0.0,0.0204,0.0,0.14314275673005206,6.0,1.8965114246715198e-15,3.042673184113069e-15,0.8857153176596018,-0.0030169937572535293,1.0
trend_only,20261242,0.0004564807321801446,0.017380954134613377,0.022775827545868453,0.14637556693619552,0.040381380126855826,0.39675298583166585,0.33470769312792503,0.10414458909316987,0.03842404178897906,19.721074363940836,0.5787554040778441,0.9137825038438309,0.6382814305684807,0.24541793008862112,6.617736763204584,13961.519881823591,0.0172,0.03790273434101964,0.3798427103278921,0.0008,0.0088,0.0,0.013290461131755027,1.0,2.1674416281960227e-15,2.1166422150351785e-15,0.7292401835375973,0.0010758020238823159,1.0
trend_only,20261243,-0.004301795936944931,0.21459122413878434,0.09733438523878873,0.09733438523878873,0.03673305890291887,0.5367741127874063,0.4886817448023749,0.31228348364236386,0.0008375472641244867,-1.2434073130138232,0.6284945636023459,0.7201777910817291,0.6663125447430674,0.7160191407909815,17.7981471193709,12684.451421248705,0.0,11.55874905137501,0.9999999781730287,0.0,0.4404,0.0,0.14748379175920578,983.0,1.2191859158602628e-15,1.3229013843969865e-14,0.12017547461454783,0.03294552221309685,1.0
trend_only,20261244,0.00046827603487976824,0.013072342869331314,0.0254907692711645,0.051507361064436014,0.02241277067067236,0.091832131620495,0.07938972927111973,0.05271043917850331,-0.002372782332893055,0.7825617642021929,0.24702297424981326,0.8590985835712682,0.6934053451217184,0.1991636415208029,6.624288203174427,13562.542931920623,0.0064,0.038627250632215046,0.35405759216932775,0.0308,0.0016,0.0,0.008765853922318545,0.0,1.625581221147017e-15,3.836414014751261e-15,-0.10822918283203593,-0.011463872750425127,1.0
trend_only,20261245,0.0006160576366338045,0.01609845868416071,-0.023740027628750875,0.07194009490037981,0.03116264278834756,0.422424405963622,0.3354508166345649,0.11780708528177962,0.05150995034380434,18.092999101304862,0.5236754290381579,0.9136524453803764,0.7159430752761081,0.21995081052760546,6.599075995874871,13882.361067428606,0.012,0.15080234162448458,0.4287207607361755,0.0,0.0064,0.0,0.012774061032006179,0.0,1.3546510176225143e-15,4.365574568510055e-15,-0.4919334082779178,0.02573569760561774,1.0
trend_only,20261246,0.0005929337551191213,0.01320218349784322,0.012496071392354842,0.07787568997659755,0.019925378556241775,0.12372389131243425,0.08981716117221876,0.03206142713350914,0.009648197017414746,4.837230167808259,0.30622044800504566,0.9037310777806562,0.701461879450855,0.18753009691202477,6.5138374112721396,13736.43890499078,0.0076,0.04822532094163557,0.365450759396157,0.1472,0.0016,0.0,0.014928373304088804,0.0,4.470348358154297e-15,3.042673184113069e-15,-0.24007252939966034,0.02164752907697626,1.0
trend_only,20261247,2.0488337128590217e-07,0.01287522361437248,-0.00664553526322336,0.0408005505619657,0.01339512398321593,0.10278590905467674,0.06726329666826873,-0.009986711371256663,0.04111114959940578,0.6642812917290022,0.2668756659804775,0.8311652194704111,0.5851449860793031,0.2939059389125244,6.685577299527863,13480.85775246136,0.0072,0.12931708831839414,0.5450719839313047,0.9684,0.0008,0.0,0.01800648933811866,1.0,3.3866275440562853e-15,2.9103830456733705e-15,-0.09862883963903557,-0.017810446921469616,1.0
trend_only,20261248,0.00038684477130324383,0.013684723264700202,0.04876590696301761,0.12263416388778667,0.02790295651793847,0.22223066569606562,0.16053010905437237,0.05720771475728386,0.00756176936315305,2.4890184730265164,0.36307920638434726,0.879241196823631,0.6718689319912737,0.22031760895338987,6.570911362286732,13822.32007115508,0.01,0.11598300628505162,0.457437144418841,0.0,0.002,0.0,0.013065205029501259,0.0,1.625581221147017e-15,1.8520619381557813e-15,-0.018461429239810975,0.011672360202087829,1.0
trend_only,20261249,0.0003788681024073519,0.012008260888427751,-0.024540885880345965,0.04803001508927728,0.020042670302130045,0.04324163527809824,0.03753038685764095,0.03463728660420832,0.012479396308326968,0.09870799220789772,0.12363340801549445,0.8550754583127684,0.644405585828933,0.15398679006992444,6.5496605106338714,13567.828433512515,0.0024,0.018931654289674315,0.30087499226347203,0.0,0.0,0.0,0.013445851132475095,0.0,3.1156973405317828e-15,1.7197717997160825e-15,-0.07226899195899593,-0.007732136256958821,1.0
trend_only,20261250,0.0006238994000356811,0.012109053733242883,0.029098368974303467,0.050793142138986114,0.020095025056895005,0.09029697501057694,0.06893144185664102,0.001103694159839358,0.007123407979716113,0.6390415467643891,0.15213015948365968,0.8802750963795225,0.719073525486447,0.12119668328819413,6.5160255850559485,13664.489538909835,0.0052,0.1662924912933872,0.24574325507597483,0.0,0.0,0.0,0.011170449285824446,0.0,2.4383718317205256e-15,1.7197717997160825e-15,0.05729233864516277,-0.011527084511341735,1.0
trend_only,20261251,0.0003912182566296181,0.029689770988991348,0.00024162349607622773,0.12566515041222717,0.04917868801287417,0.5313616728493046,0.3995030400500145,0.19482869810872908,-0.061563599424606374,25.05315715084445,0.6310755212644941,0.9079264826192297,0.7411915648133244,0.3450159085252354,6.989554710282103,14416.20170193879,0.022,0.29985697791860455,0.6737565647767523,0.9412,0.0244,0.0,0.08999642877505787,1.0,1.7610463229092685e-15,3.439543599432165e-15,0.662201367212816,-0.018753601881472157,1.0
trend_only,20261252,0.00020196544305535653,0.016727991096985743,0.026008131155079543,0.09486957847338379,0.03064548571510579,0.25190959979001454,0.2024328285398922,0.09280694127918673,0.01799404772776353,4.39824405211258,0.45006249315229385,0.8024331745227984,0.5625322988282737,0.3936359946919361,6.678158952493033,13980.726020859625,0.0152,0.02485861919794277,0.4043350186198378,0.0008,0.0076,0.0,0.020269649705027204,0.0,1.4901161193847656e-15,2.5135126303542743e-15,-0.21755057347319254,-0.006351999027041579,1.0
trend_only,20261253,0.00015441339627969022,0.021740485235485205,0.053943686033003375,0.0945388588607955,0.03231657561317328,0.3414269293645866,0.36390206843358963,0.130917158384878,-0.026334413115360146,24.04081757277217,0.56617145237087,0.8328168386232605,0.6518611328402708,0.3864005751460049,6.889688990975886,14036.770754743255,0.0168,0.2534025427630766,0.42131100914976216,0.0,0.016,0.0,0.03157857083685389,0.0,1.3546510176225143e-15,2.1166422150351785e-15,1.354302713493812,-0.05801426392251393,1.0
trend_only,20261254,0.00025423377816729235,0.016935368747469592,-0.06250066974235427,0.06250066974235427,0.029666947359879552,0.28676511089658563,0.25455974910233126,0.08381023203701186,-0.02663746454920394,4.397520578456727,0.47324259410411157,0.8056463657817331,0.5490772960325472,0.38973965719060044,6.776928640707542,13859.85825778662,0.014,0.27240439886357637,0.4549842421539251,0.9984,0.0068,0.0,0.01691669596747536,0.0,1.8965114246715198e-15,1.8520619381557813e-15,0.0800107120048567,-0.014165818568577501,1.0
trend_only,20261255,0.0004559809920677864,0.01272224931833943,0.058971264382821034,0.058971264382821034,0.024347796868856342,0.1030332069460475,0.11447226215886107,0.019736069489891515,-0.01826465889567752,3.382839659593012,0.3049658102424201,0.8916091756827078,0.6927527499917925,0.18732863968070432,6.5071036566389076,13772.551144717145,0.008,0.03535910098057444,0.2805360318880036,0.0,0.0008,0.0,0.012729159059894801,0.0,1.8965114246715198e-15,4.233284430070357e-15,0.3110497301456832,0.04277451222297756,1.0
trend_only,20261256,0.0009126641675680204,0.011420819936708163,0.013708586754080746,0.04180958726483251,0.015357806836519317,0.013804542616321991,-0.01556744923421112,0.019431901744773,0.009634572684446,-0.0829379976177087,0.11248770356525509,0.8967480261147154,0.7347849016862741,0.09533178518101337,6.484645565152156,13607.779265393141,0.0032,0.16766887200791583,0.23313338932024796,0.0,0.0,0.0,0.005677304256872073,0.0,1.7610463229092685e-15,4.365574568510055e-15,-0.010046459363090381,-0.013536762268767807,1.0
trend_only,20261257,0.0004402587761099962,0.013565626579069179,-0.015551798777778784,0.0825220752503095,0.026389046948295573,0.1737728000806525,0.15033232132933422,0.10375651384033703,-0.018234356985727562,4.3458723850871595,0.37531475995025204,0.8985846759645993,0.6764905062471606,0.19633567318951167,6.564544596368008,13788.756882476422,0.0104,0.11292322586166652,0.20921896778446025,0.6288,0.0024,0.0,0.010826747952063842,0.0,4.605813459916548e-15,1.5874816612763839e-15,0.15528676371877942,0.003502823335002524,1.0
trend_only,20261258,0.00046534805703393365,0.014800521925997026,0.023598322321940795,0.058916528891884284,0.027410730066937804,0.19360649819604844,0.21175393855592173,0.05113987926910636,0.01842367747509233,3.7138243818014702,0.38719380126394054,0.8459218089009202,0.6504841137473487,0.30756653955184193,6.536535178250323,14025.019718479985,0.01,0.06338741925209813,0.3812301875300068,0.0,0.0028,0.0,0.018020921117679833,0.0,2.980232238769531e-15,3.439543599432165e-15,0.30603567653247066,0.023520201892181392,1.0
trend_only,20261259,0.00033530462368092415,0.011300768435788703,-0.03249871367215675,0.03480955994616632,0.015085061669215489,-0.0036223252941639922,-0.02679932941339796,-0.018106153513219054,-0.02496956122096992,0.021040657033658317,-0.012967256767245451,0.7623907613232055,0.7799501300624131,0.016447145787944033,6.575601591588859,13408.125607961249,0.0036,0.29647759070946406,0.3733731881081025,0.0,0.0,0.0,0.005203389386077895,0.0,4.199418154629794e-15,4.365574568510055e-15,0.018142508557204486,-0.012669339240718142,1.0
trend_only,20261260,0.00018692365663583175,0.02018892064775238,-0.02016630504011611,0.13915078800576,0.044799073607036645,0.31787871638277715,0.3186998945808045,0.07501779648471703,-0.024603448535101505,20.33993207602027,0.5446092137077776,0.8232055932338559,0.6372271466670265,0.39209092265910045,6.771072594434521,14275.442333158442,0.0128,0.16816007862875987,0.49228796203922387,0.9032,0.0124,0.0,0.023842888800207573,0.0,1.8965114246715198e-15,2.3812224919145757e-15,1.085339809210812,-0.04173948327555524,1.0
noise_only,20261211,-0.00011474335284302075,0.012971234965487575,-0.014525434951448995,0.0347589084607351,0.016070375920698158,0.08649459406441275,0.04258079814595118,-0.0018678262416085762,0.010926523093852773,0.650665490280582,0.22753305308046282,0.7820546047701736,0.4338520077259234,0.2827463080004534,6.529705530420086,13674.642427643532,0.006,1.5014564029658106,0.5169578159936389,0.0,0.0004,0.0,0.5529276233662797,45.0,3.522092645818537e-15,3.439543599432165e-15,0.11522742771503713,0.005860951698365432,1.0
noise_only,20261212,0.0003309492717718871,0.013416311859025662,-0.033007999386286124,0.056221373953807253,0.021723769548285157,0.11046628873283088,0.07035980331897124,-0.020346852158149756,0.01444446959516553,0.8235130542579951,0.27336108770830314,0.7680461233898277,0.3487973456349108,0.29732373754097624,6.557559481616217,13680.826321315306,0.0088,3.36542595298733,0.4184444428430558,0.0,0.0012,0.0,0.7510574925426046,143.0,2.980232238769531e-15,5.953056229786439e-15,-0.05598320422295946,0.03698802473572666,1.0
noise_only,20261213,-6.151797098186868e-05,0.016030814070344346,-0.018743508847898844,0.10619725824022686,0.03649575795223443,0.3244325216552957,0.25224911790063176,0.1609095233906281,-0.053169804491141684,12.11717257855059,0.5249705024816237,0.864395977702322,0.5117408909571464,0.2710028923063124,6.5950219928793965,13856.519603406281,0.012,0.5186767293027612,0.44679536597973846,0.0,0.0048,0.0,0.30110430629319285,12.0,2.980232238769531e-15,4.100994291630658e-15,0.7710658467041283,-0.01226197162693111,1.0
noise_only,20261214,0.0005566466159049246,0.017816337302636397,-0.01692691469443736,0.15643112644678414,0.045208154007936124,0.2684808305578629,0.32777445353843154,0.14769122170124074,0.04651579999872037,13.417034019201655,0.5380167698372905,0.9528408820633572,0.5305891378195238,0.24875031710762988,6.614816203885081,13919.779634378687,0.0164,0.399282596088247,0.2734840890343637,0.0,0.0064,0.0,0.12654068876977864,9.0,3.3866275440562853e-15,1.8520619381557813e-15,0.9175723004725951,-0.02381783021855675,1.0
noise_only,20261215,0.0003365526173184904,0.01935076643172285,-0.01605417276620184,0.09300151656888629,0.02395141148071723,0.22963260641443894,0.22598345742242024,0.09987194512252838,-0.04395456500854138,3.468727939605982,0.4898103371573666,0.8815903424098571,0.45915293175923944,0.47129013394493946,6.896769648529042,13842.769498567402,0.0156,0.06638752753381084,0.35808640036415884,0.0,0.0092,0.0,0.074864411734477,4.0,2.980232238769531e-15,2.1166422150351785e-15,0.21165557574012647,0.009504938336468847,1.0
noise_only,20261216,0.0004963054572953745,0.012643022409064564,0.024413330484144444,0.060981193900741755,0.022902321609485146,0.04549689464679493,0.058207309912457504,0.04905990322323954,0.03695510607496577,0.7759009488012545,0.22858919004543232,0.916215335710507,0.6502609834863049,0.13839033072285362,6.519609270718792,13714.308481545604,0.0076,0.044453744978291444,0.4876088405800979,0.0332,0.0,0.0,0.0365800754001695,1.0,3.657557747580788e-15,6.085346368226138e-15,0.036637405541604176,0.010726382094627835,1.0
noise_only,20261217,0.0006147153324136653,0.013892937079857278,0.04167842121141768,0.13149529525025036,0.04185222733529033,0.2595846955973851,0.18833335246023836,0.026110607415432675,0.04625187706407446,3.7175004169166526,0.4623589015413823,0.9181690615292422,0.3384224863032653,0.14513521577707073,6.5317576448809,13791.743402276832,0.0116,0.840817915004857,0.3302489870249635,0.0,0.0024,0.0,0.33512011057663393,16.0,5.418604070490057e-15,1.3229013843969864e-15,0.18901638464972922,0.014070908503327255,1.0
noise_only,20261218,0.0008758683693128724,0.016163857200253852,-0.034397081539927994,0.13617109425732424,0.025848992053374275,0.20114807112082436,0.19834513988307462,0.03526973362282561,0.09515520770570365,10.191041143966585,0.4714884147206146,0.8287173808633674,0.31136713192884446,0.34887604193994637,6.544887710817205,13891.331560565135,0.0124,4.780498073302254,0.35045782807381565,0.0,0.0072,0.0,0.9522669416114584,139.0,3.1156973405317828e-15,3.7041238763115625e-15,-0.8772061252121203,-0.03119143229387443,1.0
noise_only,20261219,0.00017059777304672768,0.014568848389923464,-0.028955554076888837,0.08305914196943741,0.01850118551039586,0.1432662943852548,0.12467683628315107,0.0309452986963045,0.007480706151502021,4.897914453968548,0.40948032573071796,0.868181017603142,0.4736476541911319,0.24367937240177515,6.484651112136992,13878.683050354617,0.0104,0.49541476297098924,0.4461737408639763,0.0,0.0032,0.0,0.3773997795098758,6.0,2.1674416281960227e-15,1.7197717997160825e-15,0.36471014630877957,-0.006407357791345597,1.0
noise_only,20261220,6.992311791914916e-05,0.016229027047529362,-0.1044954634417837,0.1044954634417837,0.026988136997822116,0.24671558644370203,0.11011178824041615,0.12737433730031958,0.06364614660772917,5.250298376556222,0.47080654370433267,0.7841457619053919,0.3432558852918819,0.39081636957101823,6.589321238617255,13896.487168726453,0.01,4.6940613637978705,0.47211630650872616,0.0,0.0048,0.0,0.9248909109333965,262.0,2.980232238769531e-15,2.3812224919145757e-15,-0.3206606534849364,-0.003393139210075194,1.0
noise_only,20261221,0.00014882516577064653,0.012861132617944653,-0.0013467471263183919,0.05889218726645077,0.01980617368206299,0.08525099766129428,0.09925086004728195,0.016971409497460527,0.024982469878236123,1.8846826271455344,0.2715475310180439,0.8314448925254624,0.46951447336012236,0.20160098273625104,6.488414078604914,13778.19341829905,0.008,1.0494621159555173,0.5225681393012354,0.0,0.0004,0.0,0.45634328994999196,21.0,2.0319765264337714e-15,1.7197717997160825e-15,0.2792285096638011,0.003077100310908125,1.0
noise_only,20261222,0.00033500970676834057,0.012889423308594196,0.03462692884879659,0.0846459247284959,0.023606454154939026,0.09378071448808317,0.05218967480999168,0.03188851432692243,0.015001158216842897,0.45356782956629615,0.27622299013519247,0.8372994321893413,0.49532612202685095,0.2052193714016942,6.592203424282146,13595.52190158623,0.0056,1.9948868710893708,0.34984748938877086,0.0,0.0,0.0,0.4065447425853228,71.0,6.095929579301314e-15,1.8520619381557813e-15,0.16404599113365148,-0.00018969890103646378,1.0
noise_only,20261223,0.000501582315882075,0.016064345186801873,0.00422281989268525,0.09373654041650124,0.02156772133716781,0.2321780024946529,0.16366556146843836,0.03734863729062286,0.09113657882481259,3.0290077498443138,0.49162076612309563,0.8257638299981862,0.30578376044692035,0.3653987680625629,6.562205916941782,13845.188734767187,0.0144,4.7673913602199125,0.4303789213461666,0.0,0.0068,0.0,0.9630376880762062,139.0,3.522092645818537e-15,2.778092907233672e-15,-0.20967045347614485,-0.000657529408085611,1.0
noise_only,20261224,0.0002073025085677992,0.014807369018080135,-0.013026910314332105,0.11110547428069731,0.021474698928505665,0.19715748874617753,0.11989867442571797,0.08000118152253861,0.06860039039387442,3.076485512184493,0.42041405815491695,0.8198918326516212,0.3887768742534199,0.32517165657123104,6.485429021632912,13884.766356277036,0.0096,2.711479987206476,0.31618702190367487,0.0,0.002,0.0,0.5787984974707319,94.0,3.7930228493430395e-15,4.89473512226885e-15,0.02248475999688018,-0.03299668193323886,1.0
noise_only,20261225,0.0007258749401675296,0.015834792757338696,0.012336330777747295,0.1535909007277661,0.049387619618864315,0.33279773181162925,0.3040497888309225,0.19038595935054248,0.02443780519954977,14.81792389831783,0.5325719889759478,0.9497155723545708,0.6271115171166606,0.18666858771823977,6.508917055406487,13910.994652329355,0.014,0.23764184101113361,0.2940856912379608,0.0,0.0052,0.0,0.051508512324164535,4.0,2.302906729958274e-15,2.3812224919145757e-15,0.6120333077156349,-0.013261752927859631,1.0
noise_only,20261226,0.0002553255615384339,0.013116898637302173,0.014927000699561419,0.05916685614891425,0.01904879141815852,0.14449660660109134,0.06977751724363157,0.019510499393271215,0.0521278139776553,0.930190641962152,0.32654211004780054,0.8186546255332252,0.43496744683452154,0.24994360609522487,6.517989649220838,13713.29107731971,0.0072,2.3962741467106143,0.41245439188116917,0.0,0.0012,0.0,0.6470893529725645,136.0,2.1674416281960227e-15,1.98435207659548e-15,-0.042923002524362354,0.004983684631245602,1.0
noise_only,20261227,0.0005894105971727378,0.02091161815195696,-6.16301290230193e-05,0.20585039120483176,0.050233512599141196,0.3767083860507477,0.34413676229199036,0.309518582607271,0.07773798550951182,28.65737806016472,0.6263886124355353,0.9497790874878352,0.51376062826201,0.24517561000664176,6.63836938979461,14134.542955894225,0.0172,0.03360753027701796,0.3185006422430048,0.02,0.014,0.0,0.11516105561753376,1.0,2.302906729958274e-15,1.7197717997160825e-15,1.8542750133760442,-0.03858483281162234,1.0
noise_only,20261228,0.00034936790170638155,0.022975759389947826,-0.001832752177568509,0.1736487930810463,0.04894145975880514,0.4063193634839015,0.42041474920326427,0.2633109232778127,0.044611707779220654,26.10556757611496,0.6192597416869047,0.9480906617969357,0.4239840980895366,0.28867769371059593,6.726773836704782,14072.17971073935,0.0184,0.2139661747141714,0.3459164413955341,0.994,0.0144,0.0,0.10381050320808538,3.0,1.7610463229092685e-15,1.8520619381557813e-15,1.3630798959056367,0.022324412883064432,1.0
noise_only,20261229,0.00029940253764147007,0.01825856607294248,0.03310619542148948,0.13758564224506847,0.04632124830185823,0.34957429209666624,0.3246888151921905,0.16295828075374633,0.017868124088828728,7.617720703406086,0.5518064114697884,0.9277313124861822,0.5303390742591046,0.3214121295272886,6.7649189688501785,13840.150591798065,0.0184,0.16361336169970633,0.39565851877050007,0.9516,0.0112,0.0,0.08056232602084612,4.0,1.625581221147017e-15,2.248932353474877e-15,0.21685333265427206,0.001825110707920613,1.0
noise_only,20261230,0.00043283678370401155,0.014842129670907646,-0.027479975987630835,0.061802510483308315,0.02866064945143874,0.25919829647892617,0.12464246989118762,0.10836729423397894,0.06598792789811507,4.314768981766618,0.44833241023357634,0.8324362556093016,0.45194771885711127,0.26572225082619433,6.477083117269949,13920.55936863293,0.012,1.856751316259558,0.2692125939086548,0.0,0.0032,0.0,0.4967904593967012,28.0,1.3546510176225143e-15,2.248932353474877e-15,0.31056753497325723,-0.013262742856337679,1.0
noise_only,20261231,4.04724990288873e-05,0.019056676258331882,0.018109903178144777,0.13891380741756615,0.04337820100254465,0.3304157558461059,0.3893324838667284,0.16040073025101112,0.015441422343525683,12.804143371160572,0.5647775532256437,0.942050985354467,0.448966688763146,0.28126319022997914,6.758759924963127,13960.64796309992,0.0172,0.11172126283854811,0.4120546616258345,0.0,0.0104,0.0,0.11119024370168074,6.0,3.7930228493430395e-15,2.248932353474877e-15,1.1329097803297725,0.01039633289135986,1.0
noise_only,20261232,0.0004988893441385775,0.013532382909006496,0.01945097118657206,0.057173452658805815,0.020918691981560416,0.10691894808868035,0.027216931792260264,0.016164823378819915,0.03635055218299974,0.3654784889971765,0.28969700598557435,0.817254646328688,0.41106969332980736,0.28003886466584843,6.52737894893571,13738.166677742603,0.0056,2.0802682982286442,0.3719323706608102,0.0,0.0004,0.0,0.5578391227856077,51.0,2.980232238769531e-15,5.953056229786439e-15,-0.018415230536298326,-0.036167321406714,1.0
noise_only,20261233,0.00013535623801889615,0.015418235233028132,-0.030359666396074257,0.1463513819377455,0.029037061990041496,0.24569875433295518,0.18526807081732394,0.023330736294352283,0.07503169846751037,12.673413667430042,0.45409886745232014,0.8758419810097675,0.522458914176872,0.23960820802422192,6.588466805128954,13792.64359149207,0.0128,0.8119157419605388,0.3068320860294186,0.0,0.0048,0.0,0.3403363769173873,19.0,1.7610463229092685e-15,2.1166422150351785e-15,0.6305629882524773,0.02663842323626787,1.0
noise_only,20261234,0.00026997127084298674,0.014817047660456505,-0.038206639305949974,0.09689022872316357,0.025121257193182412,0.23935247785399277,0.12184969376548857,0.04817910232377635,0.015503146328230915,3.8907343473854485,0.4226460178251735,0.7939978122460906,0.37468302332238074,0.3494327985995547,6.511734670101986,13876.852281555306,0.012,4.22621277499401,0.33661350428846126,0.0,0.0056,0.0,0.8247963988784488,119.0,2.302906729958274e-15,2.1166422150351785e-15,-0.2733734611819502,0.011028985952546899,1.0
noise_only,20261235,0.0006582698250530353,0.021182018523799157,0.052980295532782974,0.15554057906250354,0.04274867901981064,0.3749337218052862,0.38900812816337765,0.18234986876462053,0.13234677758073427,13.30139539205329,0.6439662975131843,0.9484649038423624,0.49947307244256256,0.2289947230335064,6.666784061904455,13998.840843660906,0.0192,0.2631815792552734,0.5492874953159445,0.9988,0.0168,0.0,0.19305413537714977,1.0,1.4901161193847656e-15,3.1749633225527677e-15,0.4007469906251386,-0.04303676421952891,1.0
noise_only,20261236,0.0008098071641676867,0.014453839506466329,0.03170726141376254,0.10237629225763148,0.02749325653310266,0.23490680801310812,0.22983107244978507,0.1439350627267585,0.05771129485873128,18.3265770302769,0.4486088387307964,0.9285814144306285,0.6639538764409234,0.15101586508125783,6.499551116318469,13816.834336079504,0.008,0.3275020213248492,0.24580099345351214,0.0,0.0024,0.0,0.04456291101458576,4.0,3.522092645818537e-15,3.042673184113069e-15,0.8942300594766852,-0.014808845300104082,1.0
noise_only,20261237,0.0007696113438554743,0.07132083681122023,0.08627264830734742,0.15191185310293975,0.05334783372516433,0.6255144406256921,0.6134506625336172,0.48450732483699943,0.25071761848350843,8.662967931883465,0.7819716583143342,0.9336247932810816,0.4280591714526111,0.4510677314342225,8.163070014971183,14294.038654144704,0.0416,6.194271504527302,0.8526507856704104,0.0,0.0868,0.0,0.9921392245110563,715.0,1.0837208140980114e-15,3.1220472671768883e-13,0.06539934732972115,0.021439241332564387,1.0
noise_only,20261238,0.0003465115879996116,0.016232983650756344,-0.11976184834724331,0.15627845846934663,0.04448795585143641,0.28280430437463333,0.2917564747776242,0.17970688195610415,0.005716085294920468,21.9693472693808,0.5789763825014338,0.9422535664804632,0.397327929058607,0.1706155581245233,6.504190494627522,14002.105540314054,0.0132,0.4252812745199572,0.36207121941372755,0.0,0.006,0.0,0.11865975160495723,8.0,3.251162442294034e-15,3.836414014751261e-15,1.8401633840052434,-0.0420758131934688,1.0
noise_only,20261239,0.0005509846407602496,0.017608630262355547,-0.017065506331661207,0.11530984223136219,0.04623498756083636,0.33921627765632184,0.27498169827821684,0.09373747746775761,-0.02135396346737135,28.21643584618318,0.5129735901263766,0.9361160672499662,0.5529227275071698,0.2053606207381561,6.568163211839349,14082.188361696928,0.0132,0.23742085147841027,0.31606611290835185,0.9984,0.0072,0.0,0.08626242167921028,2.0,2.573836933482777e-15,1.98435207659548e-15,1.0459985859496546,0.03217462712128042,1.0
noise_only,20261240,0.00017502307856644795,0.01339900518815938,-0.03191705270238159,0.08236273292359274,0.021254955026709793,0.13241394015676017,0.09326823869478182,0.0560435364582408,0.032214457614255385,1.3621538933191717,0.30015693609196875,0.7928180146993524,0.3675427409195645,0.30851668376186786,6.519193179659895,13754.853043839097,0.0048,4.220669743291611,0.3730835124221711,0.0,0.002,0.0,0.8319015340922211,122.0,4.605813459916548e-15,2.248932353474877e-15,-0.006323240286539402,0.015540010814300804,1.0
noise_only,20261241,0.0003842290563238262,0.01325521521295742,0.02069222541646676,0.06303475952446183,0.020634989300493477,0.11595602625343315,0.05279531291309533,0.006229669815013206,0.03484021881952058,0.9597820197328764,0.28431439856120444,0.8067306418179174,0.3791241710578345,0.2971161380349269,6.54929819204323,13682.053554256385,0.0052,2.078857158705849,0.2875228753697312,0.0,0.0012,0.0,0.7077393645343555,90.0,2.573836933482777e-15,1.3229013843969864e-15,-0.06196788457287775,0.011202881126594908,1.0
noise_only,20261242,0.00047950667797495486,0.012967224638217827,-0.03069859009313544,0.07318618533410585,0.023188025958008524,0.07431347215520337,0.035393808161150335,0.03343545398777015,0.035092531786443004,0.754004547289906,0.24647730565779988,0.8313381363669938,0.43049629890125685,0.24478021181658832,6.482241826368697,13778.712412677074,0.0052,2.2386372876138854,0.3154733291928298,0.0,0.0012,0.0,0.5999446667383033,45.0,1.4901161193847656e-15,2.3812224919145757e-15,0.0034930861921899747,0.014864232336052668,1.0
noise_only,20261243,0.002924493665507821,0.18151348661732294,0.0766619740019738,0.12112494268844723,0.040501241087355186,0.8413228129168788,0.8368933932795443,0.8071770024754181,0.7774152946024414,-0.437019114380754,0.8483541487835138,0.9236044758040814,0.40212313954350415,0.5678935532766226,12.347602667384663,14108.345830209544,0.0,6.231594001854975,0.965870997142099,0.0,0.2388,0.0,0.9756923005881264,1553.0,1.8965114246715198e-15,1.3361303982409564e-14,-0.004309281004000498,-0.001991180208651643,1.0
noise_only,20261244,0.0004935483466040317,0.013571940785963722,0.016888994775049807,0.05607050253984076,0.019667349130197076,0.15315289553294084,0.05881052005089929,0.028749491913556496,0.037185254783800976,1.1095371991610028,0.348611596810648,0.7922450446405273,0.4409633207648735,0.24200669459473492,6.525452729743435,13716.982674111521,0.0064,2.0632126171548606,0.366911582801432,0.0,0.0012,0.0,0.5551275802214872,37.0,1.8965114246715198e-15,4.233284430070357e-15,0.007727380545983499,-0.009965459512361437,1.0
noise_only,20261245,0.0006335380121025258,0.026289385958921458,-0.14261596921741967,0.14261596921741967,0.04527832139329622,0.45450128234642384,0.41713890697700295,0.20395524002670698,0.05312028022815041,26.892088066375017,0.6795371170071888,0.8563541333024209,0.34304429458673064,0.3749558248251403,6.7227334955719,14109.554148285193,0.0168,4.988516948009823,0.5209984571788477,0.0,0.022,0.0,0.9751215397959532,484.0,3.928487951105291e-15,2.1166422150351785e-15,-1.144365826891967,0.05930143802597876,1.0
noise_only,20261246,0.0006325954026175549,0.013560584537364084,-0.0056158456712978415,0.06696328580103696,0.019640450404779856,0.14058230141879302,0.12109842058976951,0.032695490183864716,-0.012326855969301087,3.570950030589885,0.43170058469519207,0.8999144215337826,0.43629089150172645,0.09465414865005632,6.3949914523663445,13993.256230405217,0.0112,0.2917411640876787,0.32979292626543133,0.0,0.0028,0.0,0.24807314608450026,7.0,2.7093020352450286e-15,2.778092907233672e-15,0.36601850909506284,-0.04516586449816528,1.0
noise_only,20261247,4.92728569029385e-05,0.0184871579926133,0.018870010666070237,0.15644935813905006,0.0338901952799126,0.2789094382187571,0.260551915428136,0.17398463512721854,0.007099903907019087,8.618227774002118,0.5142571711415641,0.9211706628621925,0.4215100891196237,0.3820493821236878,6.883809879779194,13742.874853649915,0.0156,0.24567778187457848,0.5519729715892652,0.9992,0.0104,0.0,0.09509751616478024,2.0,2.980232238769531e-15,5.423895676027645e-15,0.4876359313813482,-0.05288518138160478,1.0
noise_only,20261248,0.0004143821116791397,0.015947696884461182,-0.04825858864724587,0.16307973168876835,0.036148759193964757,0.23959121777979572,0.28520452815666414,0.025048939757621617,0.0050559969162578015,32.09146640295511,0.5466565962773198,0.9311656357760776,0.4184273789364229,0.16399927017519192,6.425259227196371,14165.746925234109,0.0112,0.3578568609473344,0.41231704979169437,0.0,0.0032,0.0,0.1938222484800689,6.0,4.063953052867543e-15,3.7041238763115625e-15,2.45191197447125,-0.05988857284008923,1.0
noise_only,20261249,0.0003715497151016358,0.013494149374517544,-0.04554101560117294,0.09906500725403179,0.022998568238302833,0.15417992613875756,0.12596263248693693,-0.011271711145413558,-0.007098959298670191,2.319654476934285,0.38899444052302656,0.930618031665624,0.3857479713834547,0.2117701156242651,6.473724884625829,13957.300908866882,0.0084,0.17130059346266105,0.2778623870809228,0.0,0.0,0.0,0.09808093533593487,4.0,2.573836933482777e-15,1.5874816612763839e-15,0.4388911119675435,-0.003224896336396758,1.0
noise_only,20261250,0.0006489030848475001,0.016071701353190786,0.022037392257531648,0.14327176182288456,0.04185205389023361,0.30357602421661223,0.2568871373838655,0.08726949767685317,0.05234317487397286,11.051427825471363,0.5281641738440805,0.8293315262616242,0.34950565782335674,0.2928214300848412,6.532036806244117,13896.090384834364,0.01,4.8858680254233615,0.252796431194664,0.0,0.0052,0.0,0.9411962104119471,310.0,2.7093020352450286e-15,2.778092907233672e-15,-0.14734281517648687,-0.062291229144720794,1.0
noise_only,20261251,0.0005408447912133214,0.045455801511875345,0.10141073820489635,0.17554630620921702,0.068411376924189,0.638672604433696,0.552883248633511,0.36240349361102236,0.20890405070555762,20.254965052365495,0.7709173148038095,0.9084254225810384,0.3761715224943308,0.35073186430997777,7.055186798657301,14240.15036100545,0.0292,4.137690274714475,0.7722414673590087,0.0,0.04,0.0,0.9665944309134389,681.0,2.980232238769531e-15,2.248932353474877e-15,-0.2759068003972444,-0.020555292519870892,1.0
noise_only,20261252,0.00021635374807039937,0.013897798686046195,0.03582965703622202,0.07411810558617982,0.02476649867337479,0.11588253605149015,0.13397787931957134,0.03291032369293266,0.008059381897135126,2.760984979536383,0.3636728383999572,0.8557569981470335,0.5182346979496261,0.18876979554889678,6.509830222915298,13816.139498399156,0.0088,0.4694113795910358,0.3651980446491432,0.0,0.0008,0.0,0.3102746253068851,18.0,5.283138968727805e-15,5.556185814467344e-15,0.5140300651674685,-0.007042632078811991,1.0
noise_only,20261253,0.00014861049626836888,0.015867102365105155,0.0035770649897853162,0.08329196371627758,0.031575382814985634,0.23576295260064262,0.20568226260526348,0.13726707936459764,0.1122099049369661,4.85219914401602,0.493213634312181,0.8105270641768922,0.3645956385071303,0.3649530235501127,6.553472052333817,13881.927204259147,0.0128,4.445936603037224,0.40490233227226113,0.0,0.0064,0.0,0.8404137667864455,129.0,2.84476713700728e-15,3.3072534609924663e-15,-0.6245439872066494,0.02662708966365791,1.0
noise_only,20261254,0.00013591435235828754,0.04401878646437217,0.010777606962936335,0.14772616987293102,0.043498656219808564,0.4009827667495451,0.397361000044992,0.23566766991190818,-0.013125975758356669,6.918306563319245,0.6423316777482186,0.8353207970496412,0.4218466655163795,0.5698427529186936,8.010615412955568,13917.143172337997,0.0236,6.902010282651978,0.5305573006187965,0.0,0.0796,0.0,0.9930992947119748,135.0,3.522092645818537e-15,1.4551915228366853e-15,-0.22944108172861996,-0.0068338712429718,1.0
noise_only,20261255,0.00045795111194192264,0.01939750870542006,0.07570012714740758,0.16281991729651507,0.043246911553347714,0.3309550952745522,0.32272783072950295,0.2772789574703882,0.08677833701677756,28.91781315002315,0.6271760401829163,0.9525645180383371,0.5128737765837547,0.22296153721507184,6.677276374916227,13808.916578038585,0.0184,0.07830491096872487,0.269781393353008,0.1856,0.0112,0.0,0.12950457335780596,1.0,3.3866275440562853e-15,1.5874816612763839e-15,1.722525471205264,0.011797296592320532,1.0
noise_only,20261256,0.0009087626048696556,0.014952655152219971,-0.030229841798705994,0.11792304725434008,0.04911010478229847,0.2384800401440364,0.2857950054981319,0.17767622769836852,0.09369620498946807,7.565834696076305,0.4793221709514417,0.943814836590952,0.6274283928411065,0.1928388675814788,6.52074819231116,13868.627178917115,0.0136,0.06694474697315715,0.23320277171475812,0.0124,0.0052,0.0,0.03330593525244252,0.0,3.251162442294034e-15,5.0270252607085486e-15,0.39427749242731597,-0.05797581150674093,1.0
noise_only,20261257,0.0005577906756332858,0.01556395499568457,-0.02206555993555281,0.08549321024827776,0.02468280315483582,0.2179579918247895,0.1799256174437446,0.09802254790123495,0.005279396953820228,18.806922834006798,0.5073379462689963,0.9372281822477135,0.46487359001530976,0.1980518301321368,6.533879261412334,13939.218954531014,0.0144,0.06368941694133871,0.21423054339137515,0.0648,0.0036,0.0,0.14159299395494718,2.0,2.4383718317205256e-15,4.233284430070357e-15,1.4457511921298445,-0.022484969229530232,1.0
noise_only,20261258,0.000456717215299227,0.02143396868730533,-0.128674049748641,0.17179661235541302,0.061821132232560694,0.4323043231321126,0.3960050985621669,0.26978293774117496,0.08909162380922135,23.5619516837895,0.597252373558437,0.8489113274158134,0.39206399417909443,0.34671048803633603,6.62997855547024,14072.954068029188,0.0152,3.9518897796945764,0.34774553487481596,0.0,0.014,0.0,0.8938156443289615,553.0,4.063953052867543e-15,4.100994291630658e-15,-1.475033572767575,0.052278308101886536,1.0
noise_only,20261259,0.000337271773294016,0.011654084860983585,-0.050317433082967856,0.050317433082967856,0.01884815950300526,0.009497913132827992,0.0036816406923060037,-0.0008822069803702464,-0.01806338074856855,0.08239286581169303,0.1092468090290253,0.909273317132783,0.6623502604699458,0.05163411456534268,6.4568880171487235,13694.226307718032,0.0036,0.4109356628988606,0.37160028405022694,0.0,0.0,0.0,0.049978025590883934,4.0,1.7610463229092685e-15,3.1749633225527677e-15,0.001364940525279701,-0.003920449950700239,1.0
noise_only,20261260,0.00010614612207114198,0.029700490094956802,-0.17186629280911225,0.17186629280911225,0.05181596123694646,0.4711921225131593,0.4092634873549264,0.1219388922879877,-0.022639559293082492,19.67452584332453,0.6479028491301999,0.8129039450234413,0.3111841212414335,0.4904794092405447,7.018723662977884,14186.709121521011,0.0188,5.334391525171927,0.4966544105584847,0.0,0.032,0.0,0.9958055208636749,304.0,2.4383718317205256e-15,2.9103830456733705e-15,0.18941259750247824,0.00256834210586642,1.0
no_logit,20261211,-0.0001068952256405872,0.024989765796037733,-0.049609331794102124,0.1511194989085929,0.03600630629164347,0.25017876621639523,0.2325740751158083,0.11345840158669376,-0.03740520474610022,7.473993500860203,0.4493336069583147,0.8486257699238816,0.42814928984241374,0.5595309027786831,7.275682387660995,13819.05122968428,0.0168,0.020387755668762362,0.5844018251506673,0.0048,0.024,0.0,0.28417252747307575,0.0,3.3866275440562853e-15,5.0270252607085486e-15,0.42211347266678056,-0.010660241814213722,1.0
no_logit,20261212,0.0003485411256551483,0.01765573677018631,-0.03748169834602026,0.10374348295950268,0.024074445881341493,0.1530074008193689,0.21109111136625286,0.023705684812283793,-0.006333421246964964,1.7845508845664408,0.3546809483221559,0.8556883366524654,0.4232456952589928,0.5147159859981113,6.823407862439641,13699.691112104676,0.0068,0.016020911167565873,0.45255705718779804,0.0012,0.0024,0.0,0.16356742181195227,0.0,4.063953052867543e-15,2.1166422150351785e-15,0.1544466806301097,0.012487326218906249,1.0
no_logit,20261213,-5.8599099867739566e-05,0.01655779498758241,-0.019882590756379492,0.09146253497083749,0.023159863019190777,0.11807978146248699,0.12180028096056764,0.008091022272787138,0.02858563672409759,0.8341608025582796,0.31521513675602947,0.8188671510694588,0.41393857746862156,0.5329013804878708,6.8535924333473925,13573.149254010448,0.0064,0.015949082743167736,0.4690082492951472,0.0,0.0024,0.0,0.12464438760358543,0.0,4.605813459916548e-15,2.778092907233672e-15,0.05317064743774915,-0.03138104456216737,1.0
no_logit,20261214,0.0004747863662139,0.011972492944798836,0.006593406206447186,0.05629527450740883,0.02330064099876155,0.005838063481224829,0.03657982390143175,-0.018512763090647033,0.01690059065502394,0.03447273590555655,0.07944524124357258,0.9282246664300016,0.6555943715812322,0.13805569182325295,6.596805853367924,13455.715764947428,0.0028,0.10018147870601153,0.2623825313060755,0.0,0.0,0.0,0.0513177894016843,0.0,2.980232238769531e-15,1.7197717997160825e-15,0.01740399500804215,0.00597560350925122,1.0
no_logit,20261215,0.0002550096111212575,0.012118037810495249,0.006234326904883753,0.025696122269507436,0.011140258451961762,0.009462111869795113,0.04005297029583529,0.029787458155744847,-0.025669073307633065,0.025733502315858026,0.0791586973469929,0.8431943365990239,0.4664792295006637,0.2191718592128442,6.6245592683554015,13418.56391868822,0.0024,0.08001896092358507,0.383244491071667,0.0,0.0,0.0,0.050838347732126365,0.0,2.7093020352450286e-15,2.645802768793973e-15,0.014633575873545851,-0.0020452832372403465,1.0
no_logit,20261216,0.0004903117622860819,0.011398139833587914,0.014161704715852215,0.055069644414313015,0.020575793103103028,-0.0055614198757102115,-0.0070240431897443225,0.006601634304436673,0.008184975198136485,-0.09487736186994455,0.041172425311489125,0.9283687107255153,0.7446881495411185,0.034156783944992074,6.549727002795053,13469.000895025236,0.002,0.09650175990767884,0.46784965470044126,0.0,0.0,0.0,0.03399921594348565,0.0,1.625581221147017e-15,3.836414014751261e-15,-0.06302948869311721,0.015838371909958775,1.0
no_logit,20261217,0.0005928934093223905,0.012158353237595503,-0.022412935736452637,0.04538992764044498,0.01612944234949549,0.023994313050520612,0.022158243863028743,0.0004079727931407036,-0.006400609799636296,0.07869600299003654,0.1220807000737307,0.9501333993665751,0.7193162563093219,0.11862025678615777,6.555733776415922,13547.911560968261,0.002,0.08608939386265142,0.32307539535897334,0.0,0.0,0.0,0.05589993901229473,0.0,2.4383718317205256e-15,3.96870415319096e-15,-0.05170200402054522,0.018811446953897477,1.0
no_logit,20261218,0.0008490922128891345,0.013461639068890273,-0.03019082644641427,0.07274119340736941,0.026154138731356025,0.09729955191550026,0.09670035611779679,0.026937084326996076,0.1064114088284901,0.9169320052156449,0.2651653693410242,0.9544900109252646,0.6459795470627919,0.22176286386619826,6.604420704957009,13611.882616274625,0.0068,0.07066069136959038,0.28039932921988964,0.0,0.002,0.0,0.07903282045923365,0.0,3.1156973405317828e-15,5.423895676027645e-15,-0.139594601271013,-0.013122753170702824,1.0
no_logit,20261219,0.00017422579969774752,0.018505147116438466,-0.0849109361077922,0.0849109361077922,0.03569540687486226,0.1783594741588527,0.15785755606723342,0.028224780248309617,-0.026524995334533414,2.0876045706773283,0.3413348479449849,0.8064646300005399,0.4231046455919974,0.5337534707997493,6.835895081925184,13841.821016137392,0.0096,0.016251982334071255,0.4615701281637753,0.0004,0.0064,0.0,0.18811238337062464,0.0,2.573836933482777e-15,2.1166422150351785e-15,0.02840783477693667,-0.013207523531862877,1.0
no_logit,20261220,6.403663337988732e-05,0.018654307394582043,-0.027361841980236327,0.1383096645069377,0.028040048563442548,0.22811205911074225,0.16143966351169153,0.04404279165176796,0.010521553618099951,2.6281744637608284,0.3966053300598162,0.8239206868440349,0.45577157736098917,0.5231923235032543,6.875977870036705,13809.324667982775,0.01,0.024106381692713647,0.475870998622268,0.0012,0.01,0.0,0.15742328913219628,0.0,1.8965114246715198e-15,1.3229013843969864e-15,-0.056515461461047786,-0.00981942801436042,1.0
no_logit,20261221,0.00014594571233243485,0.01470294713339783,-0.00039459251603503483,0.08805247665674133,0.0236187515418158,0.13647462408110392,0.1476326313343221,0.011392373041308116,-0.006957469422089215,1.13884553885467,0.28793868221324603,0.8301687096390455,0.4599244632999989,0.4120031225812023,6.7032523704160445,13664.801910150833,0.0088,0.05656012154328132,0.5368779149890643,0.0,0.004,0.0,0.15902110971170869,0.0,2.302906729958274e-15,2.3812224919145757e-15,-0.05178894137316591,-0.004482294962028654,1.0
no_logit,20261222,0.00032332112965580324,0.011424834707906723,-0.0037366479894213687,0.0475915661955584,0.015969009661258395,-0.007768605018057441,0.0033401586942876597,-0.023778189194552296,0.017665167995758606,-0.04382243441551781,-0.02350058323622173,0.8629315555040159,0.6594194794855933,0.05610460816033756,6.57064484278278,13446.956281542105,0.0024,0.10892952950526721,0.3308432847060029,0.0,0.0,0.0,0.030292577550391497,0.0,1.4901161193847656e-15,2.1166422150351785e-15,0.06723124685110349,0.008076392814873684,1.0
no_logit,20261223,0.000506016138195897,0.013280865915921914,-0.014847594005088107,0.06418009152390387,0.021008119322218875,0.09971678212779904,0.0568256590301167,0.005477286081779592,0.014143838429899183,0.6158032970425587,0.24370070404555572,0.93761850232513,0.42187352555345353,0.29543032573944666,6.5575650282472076,13668.86378362883,0.0048,0.026567154145830205,0.41378081413811973,0.0,0.0008,0.0,0.08270527557302598,0.0,3.3866275440562853e-15,1.98435207659548e-15,0.1002717344749517,0.05157428584264978,1.0
no_logit,20261224,0.00023980682747733618,0.022249610404135586,-0.04174016215094363,0.15676648208914742,0.027354253301964736,0.2673424226274539,0.2347916184149374,0.14577746449906823,0.002424510087461564,4.521429644775229,0.4527006827126832,0.8732500094984269,0.41758137220113206,0.5456800349119436,7.089668856024327,13781.773601675146,0.0168,0.03740436387484081,0.3615839403976303,0.0104,0.0148,0.0,0.1807690639992945,0.0,1.625581221147017e-15,2.5135126303542743e-15,0.08607330334279908,-0.022244593612976395,1.0
no_logit,20261225,0.0007028136725089631,0.011831012666883073,-0.005924769611898266,0.04362040680848934,0.014925576345872698,0.02686124368978335,-0.009719246570051882,0.021887684025168788,0.032671521240207724,0.06870507895321909,0.1125729986543374,0.9508171410618663,0.7297296050111237,0.1074400123718472,6.549958444529648,13492.062757558673,0.0044,0.17759432524382607,0.29664444937063716,0.0,0.0,0.0,0.04311448806333518,0.0,3.1156973405317828e-15,1.3229013843969864e-15,0.02034403763629072,0.004726817007426342,1.0
no_logit,20261226,0.000254732307244603,0.01530327420007427,-0.030698234583053676,0.07891977701611931,0.022898909544215494,0.1284456932490407,0.10781259416451873,0.026204555766211304,-0.0036371243546836434,0.5389478017641491,0.2816968010675811,0.8485040415238277,0.4464125904008993,0.4653990036140641,6.76228209256921,13623.777030912348,0.0044,0.015587718734964673,0.4297547474873372,0.0,0.002,0.0,0.11587732587996458,0.0,4.063953052867543e-15,1.8520619381557813e-15,-0.018252098992243115,0.0025410208203998003,1.0
no_logit,20261227,0.0005664046267990909,0.013350805682327091,-0.03414119158312316,0.04965597830146445,0.0185760660819259,0.06621415010075625,0.032073159752292496,0.08993904237085905,0.01955730575340284,0.29278667400605984,0.2252852086284008,0.9378069619988235,0.546721754220451,0.24682550417024396,6.603924638402618,13608.760485881763,0.0032,0.051062961665612625,0.3103569812644219,0.0,0.0012,0.0,0.06510149408048527,0.0,3.251162442294034e-15,2.9103830456733705e-15,-0.004684693360653597,0.0038324141337485944,1.0
no_logit,20261228,0.00033777653185908534,0.01448224647519703,-0.015564055641377613,0.08560252361106292,0.03028294790254426,0.12999734219157713,0.11398560316467601,0.07119807689882676,0.044531092980436185,0.8167738085881169,0.31627969783987,0.9320824308377433,0.4370573805293356,0.3509957561514701,6.670008724293614,13630.584127080485,0.0076,0.02063609036665017,0.28829634241509916,0.0,0.0008,0.0,0.07828459022059442,0.0,2.1674416281960227e-15,5.820766091346741e-15,0.1116553924181238,-0.01302407053903307,1.0
no_logit,20261229,0.0002488454348914889,0.01261720472365889,-0.04840432417268727,0.04840432417268727,0.018653950485693353,0.05204083273093168,0.04255003776133278,0.007979877408470842,-0.0068429914126198485,0.04086229671094932,0.17300002511956922,0.9179579381611043,0.47930728405995926,0.2234613973446842,6.615567152712723,13486.764948752118,0.0032,0.04969372811018759,0.38216496482817175,0.0,0.0,0.0,0.060964665420286,0.0,2.7093020352450286e-15,2.3812224919145757e-15,-0.04415857478693103,0.009205410999974737,1.0
no_logit,20261230,0.00045662007244308037,0.015545833201735046,0.0013899251625634763,0.07769764743924934,0.023194169380776782,0.11561360512949863,0.10376218007444589,0.04131237512594843,0.01587363965346282,0.9208469187439929,0.2685817210479032,0.8874402994955889,0.4453802940669611,0.42949721641366,6.6811437269795135,13738.490798327153,0.0072,0.03199295514406233,0.30261183142435266,0.0016,0.0032,0.0,0.12259635058685081,0.0,2.0319765264337714e-15,2.248932353474877e-15,-0.05739837331409135,0.0037781517893672963,1.0
no_logit,20261231,2.0436712243326836e-05,0.013008646071201054,-0.01696867925556368,0.05049116077106105,0.02289609513754578,0.045758512339758355,0.06203357286211334,0.017827385999169408,-0.013943888378771226,0.09647754772669526,0.13555522800190578,0.8351319156542877,0.4312146180843976,0.30908931983513516,6.651364670371882,13504.14106049073,0.0044,0.05020283159593388,0.41203263296681114,0.0,0.0,0.0,0.07934008154643757,0.0,5.283138968727805e-15,2.645802768793973e-15,-0.005656402059072073,0.04863001565298936,1.0
no_logit,20261232,0.0005300363287042927,0.019160710549007073,-0.035898112688690816,0.10377376043938247,0.031082972413879556,0.3147690633767476,0.32696380386150264,0.13311203336706473,0.04078861488351436,6.6919400950736545,0.48416608757061264,0.9176479531013558,0.4535113648528978,0.46114225680262777,6.763483387931447,13985.985977577255,0.014,0.0262845533083399,0.38700025888772116,0.0024,0.0088,0.0,0.16391811319381633,0.0,1.7610463229092685e-15,3.3072534609924663e-15,0.15707017318864291,0.025440414239115073,1.0
no_logit,20261233,0.00012335415372309342,0.013564371122363283,-0.029502036373882927,0.08727567548230832,0.019697074648210182,0.07944557728243991,0.04567363694084583,-0.008502604085591465,0.007331219753186982,0.13039308065574495,0.14825403486779418,0.8279471511750379,0.42400488662942626,0.36871440874664096,6.671668294872566,13523.0190721645,0.0036,0.06679729473827477,0.3047052606499604,0.0,0.0,0.0,0.09269912528478685,0.0,1.3546510176225143e-15,1.5874816612763839e-15,-0.028660714889845236,0.060368714990018474,1.0
no_logit,20261234,0.00029424509311853377,0.015189316335682879,-0.042637947678934335,0.08343948770188298,0.02303496853080001,0.12630215361022284,0.10461204498602522,0.04048059009308181,0.02926639838403331,0.8022270074617146,0.2764535644619816,0.8388947262901272,0.40984671503487835,0.4753343012046038,6.717626307596037,13615.2667773516,0.0068,0.01638499531996709,0.36066405945659297,0.0,0.002,0.0,0.10488634388260776,0.0,1.7610463229092685e-15,2.778092907233672e-15,0.013860754436077087,0.014323740171805,1.0
no_logit,20261235,0.0006293547505845062,0.017301960617875523,-0.0325226053249935,0.10177868383895095,0.03374161755566287,0.2813490562173228,0.23566032546786025,0.12803912455338493,0.031965506269492516,5.17834124640572,0.44365932929559043,0.9441838516854336,0.5184243753295708,0.3474549344533875,6.757831908139776,13733.950126526057,0.014,0.05151547954611592,0.460232212754192,0.0,0.0072,0.0,0.10475790164628807,0.0,2.7093020352450286e-15,2.3812224919145757e-15,-0.2763138211100797,0.007858511169062866,1.0
no_logit,20261236,0.0007776289112993993,0.011586896674422184,-0.015199356734234856,0.046575194453881474,0.017407928694729506,0.01628087446153603,-0.004215400221587094,-0.004209513630812227,-0.006082275886766126,-0.04941466047204468,0.042489079584025986,0.9469236072388192,0.772977098935883,0.04137276247245776,6.593094391138862,13409.41096601783,0.0032,0.14341620841304564,0.17507479716141816,0.0,0.0,0.0,0.025937733413192054,0.0,3.657557747580788e-15,2.5135126303542743e-15,-0.029210949957089116,-0.021456270959251927,1.0
no_logit,20261237,0.00020861036086339803,0.012674004766575585,3.38056982885919e-05,0.05359789436980801,0.017508392441257768,0.04724411361360827,0.02704821547067671,0.03338241425538921,0.021284494389944106,0.1923806729589974,0.14839637557835994,0.8629412993830293,0.43798259174478044,0.31772452689793856,6.604097099750045,13558.274369070876,0.0044,0.0274099998130733,0.47998760807912544,0.0,0.0,0.0,0.07428231397178142,0.0,2.1674416281960227e-15,3.3072534609924663e-15,-0.042313527329213764,0.007149432059135941,1.0
no_logit,20261238,0.0003327242685998037,0.012003373676474593,-0.046488358795981434,0.046488358795981434,0.02340684074971817,0.015302571015842932,0.04282004879718711,0.024035684178055322,-0.01182804331740157,0.0007942538571725777,0.13307144509398702,0.923004834327235,0.48531431787818885,0.16801670628048662,6.554999612359519,13544.875008995872,0.004,0.0878922825689,0.3526488489814026,0.0,0.0,0.0,0.06614816877588514,0.0,3.1156973405317828e-15,1.7197717997160825e-15,0.07945371227028244,0.02274883724661851,1.0
no_logit,20261239,0.0005136202261286851,0.014073715284730443,-0.024571505472028105,0.04787492500429597,0.020233302304846424,0.10411023944459169,0.08099577098184797,0.033586992083351794,0.04282711947224127,0.6324901044380953,0.23407002869614937,0.9021070152124406,0.5077084453310313,0.3433493954102973,6.651239372199148,13644.970894828863,0.0076,0.0247737099329103,0.32125625748847364,0.0,0.0012,0.0,0.08327247579060626,0.0,2.0319765264337714e-15,1.5874816612763839e-15,-0.07365989289125101,0.024509878986760342,1.0
no_logit,20261240,0.00016465326211393823,0.01180828607563213,-0.0392706163752315,0.04147275879512255,0.021487644435490005,0.03769891860967679,0.0424785317791709,0.00139130365708626,0.020748420668010775,0.01185604665005524,0.10998274339148706,0.8484413953286095,0.43455136191440596,0.21523202789111692,6.572526591789449,13499.383306490583,0.0032,0.03932815530315637,0.3608864138281779,0.0,0.0,0.0,0.0605088486713663,0.0,2.7093020352450286e-15,2.248932353474877e-15,0.0543183475299453,0.014196610200650796,1.0
no_logit,20261241,0.00039580554871021577,0.016539854416658194,-0.018375901857301848,0.09375419525296828,0.03659370664834395,0.12670405206702673,0.12455500673792479,0.03399603636310782,-0.008333731333372545,0.68567434974161,0.2936594723586061,0.8935241849202552,0.39850587223877465,0.49977963136288295,6.819345489617099,13635.899422589619,0.0064,0.041471011299397065,0.31005347983822107,0.002,0.0024,0.0,0.10057920836853929,0.0,3.657557747580788e-15,3.7041238763115625e-15,0.09768701641861859,-0.001798405596827482,1.0
no_logit,20261242,0.0004737055653911547,0.014143448175587003,-0.019327880436431303,0.090049298211992,0.030441253792790324,0.1077327409236837,0.10497382681106385,0.09494445606249602,0.0595355283049619,1.253211182800758,0.3133873947369354,0.9454051994931946,0.4327972377285184,0.3313799189152487,6.626676189640653,13657.173778317709,0.0072,0.03460604872289107,0.30527820152909835,0.0,0.0012,0.0,0.08376571416804213,0.0,1.7610463229092685e-15,1.4551915228366853e-15,0.06911213596293586,-0.006225717585811031,1.0
no_logit,20261243,0.0005391219669488773,0.014309856215507387,0.0037890511917791753,0.10539554269079547,0.03196141618732262,0.09018862979798094,0.11429659957217832,0.0446412368877825,0.048989846308394376,1.5003694276049906,0.25041312709669244,0.8961671661457091,0.4366945097124901,0.4015261195426674,6.556515004755579,13876.923721293897,0.0064,0.020650882706361624,0.27669031605429506,0.0,0.0016,0.0,0.11320951004862878,0.0,3.3866275440562853e-15,2.1166422150351785e-15,0.16049730231570908,-0.028165268426068178,1.0
no_logit,20261244,0.00045950508664823993,0.01314304546595776,-0.005354635696377486,0.05385887361269022,0.01602206686464651,0.06683288326511032,0.0183533530610676,0.019554974900228377,0.016534517536250803,0.38774484971764744,0.1789170967601918,0.9102884211495479,0.4533291412846975,0.270404065387349,6.627186165216061,13517.517415211934,0.0052,0.09120692844554538,0.36064216813595773,0.0,0.0004,0.0,0.0902597476724103,0.0,1.625581221147017e-15,2.248932353474877e-15,-0.03616741782198209,0.018350612563462956,1.0
no_logit,20261245,0.000632730925574549,0.01341871184640078,-0.027891233975802045,0.06768405024140897,0.02615275927904987,0.16226902481381114,0.13090662514593518,0.08688755035633121,0.028435034229190893,0.8889156852834974,0.3112760315330076,0.9522288082326242,0.6375317540706651,0.23512808856356102,6.618583142200654,13602.605301903961,0.006,0.07158286460142872,0.36406851668258444,0.0,0.0012,0.0,0.08168218625373092,0.0,2.302906729958274e-15,1.5874816612763839e-15,-0.1176022995735315,0.062214823142158066,1.0
no_logit,20261246,0.0006016075383858801,0.012814878645534046,-0.004976331149693652,0.057222773879636174,0.015768367226967474,0.03496903263404942,0.06132570603168772,0.027620374109039808,0.02303957880955671,0.30014368497009203,0.21770241407910002,0.9489874984231702,0.527237523284622,0.22575587854717868,6.540296991123423,13640.902708151609,0.004,0.036608256384453884,0.33689942999446276,0.0,0.0,0.0,0.06776191131560871,0.0,2.4383718317205256e-15,3.836414014751261e-15,-0.02159983486905521,0.0036237080421894644,1.0
no_logit,20261247,-1.2341050981993718e-05,0.013219495690070917,-0.06690640261087864,0.06690640261087864,0.01605971939185374,0.09327154087064322,0.05908470101307154,0.02267769115250726,0.0210414841179455,0.4146564252837428,0.20527642771517884,0.8778304283710032,0.42519578587287304,0.36931618098007474,6.691707464106753,13478.344042736,0.0052,0.014853794567895722,0.5541172442514357,0.0,0.0,0.0,0.07083708298999225,0.0,2.980232238769531e-15,3.96870415319096e-15,0.037712963461807886,-0.029374285413919028,1.0
no_logit,20261248,0.0003780945992455056,0.012746745276469114,-0.025524252261879116,0.0650785459231638,0.023578406996703365,0.08802165209877472,0.07859128226660718,0.01561797512173621,-0.0009731929958734298,0.49013020858040024,0.2224881170478739,0.916770751822987,0.5282950042099089,0.23820224389556563,6.5809565079176275,13640.507410492646,0.0052,0.09087509221088215,0.4202252248010745,0.0,0.0004,0.0,0.06940668215493884,0.0,2.4383718317205256e-15,5.1593153991482476e-15,-0.006865447238668952,-0.0021808027321418753,1.0
no_logit,20261249,0.0003570157639751201,0.012168983824056094,-0.044771869793082474,0.04506386530960454,0.019212625914538508,0.022150580841596636,0.03736829800159638,-0.010920632746017976,0.013315884034975424,-0.024035358460537726,0.10337491532743698,0.8755417014784624,0.4346234232743895,0.2298787220633707,6.545624714396879,13583.2708895319,0.0028,0.0796761726661947,0.28353890467205256,0.0,0.0,0.0,0.07475117998179592,0.0,2.7093020352450286e-15,2.248932353474877e-15,-0.04988294255024675,-0.03258225391633803,1.0
no_logit,20261250,0.0006222564462673244,0.011789472575569558,0.01605949015034568,0.04002965007084948,0.018069387528815324,0.002379049339753999,0.014811181772345083,-0.03068410551160193,0.0003909542083487194,0.006753858171049121,0.014670203821967927,0.9418675874748064,0.6952448712531579,0.1104919040182935,6.535990591815066,13541.214169728839,0.0036,0.1243505189450708,0.24719008216522953,0.0,0.0,0.0,0.05215782758502052,0.0,2.7093020352450286e-15,1.3229013843969864e-15,0.025534232282842233,-0.009136559025387205,1.0
no_logit,20261251,0.0003746964206192164,0.02653898213432454,0.09134934248031858,0.20482171972848764,0.0616232742161106,0.4592707621462207,0.34696473614015655,0.18251537050928188,0.038041210407854596,17.463862229866333,0.5837673930900701,0.9338151882101013,0.5086994048331903,0.44721756337533836,7.004154884906441,14025.43948643485,0.0152,0.09537622990384073,0.6398989868457263,0.4812,0.0248,0.0,0.2048618548666492,1.0,2.0319765264337714e-15,3.5718337378718635e-15,0.3237594274099293,-0.04272988971677911,1.0
no_logit,20261252,0.00021458966720336753,0.014843894252379922,0.007701353664748562,0.0706998687378559,0.0198376435282158,0.05835506774999605,0.07182320788094072,0.034500551533227446,-0.017148254863174926,0.9590186353077255,0.23761190693282633,0.8276294928323905,0.444246626597566,0.4128964281355297,6.722354841628225,13588.182767107653,0.0048,0.04460672087171874,0.3694141140195015,0.0,0.0012,0.0,0.1281431913216564,0.0,2.4383718317205256e-15,5.423895676027645e-15,0.14801640464840238,-0.032442683641956016,1.0
no_logit,20261253,0.000152626925727753,0.014715130619136539,-0.04070702531652082,0.04070702531652082,0.021539478438137173,0.08380137574351616,0.11969383253708571,0.03054171048379977,-0.011429895908513,1.438529078231051,0.26972157682052145,0.887962042681973,0.4273744617486744,0.4151563943167661,6.733106081454258,13543.408442015665,0.0044,0.020769191121858398,0.4003686623561594,0.0,0.0016,0.0,0.08928004654527966,0.0,1.4901161193847656e-15,2.1166422150351785e-15,-0.02983090227384509,0.002027929012868789,1.0
no_logit,20261254,0.00020297730572176498,0.016699280471590253,-0.0355664608323901,0.0947458697085385,0.022892125166764,0.14077277314174905,0.16154707007218924,0.05807251750654101,-0.001290312800797544,1.4213505540305267,0.3051941266042026,0.7991704525605007,0.42030921777862257,0.4951758820720322,6.81133596581612,13674.232066135732,0.008,0.012869928851263552,0.4486462982764179,0.0,0.0032,0.0,0.14712712085042323,0.0,2.573836933482777e-15,1.8520619381557813e-15,0.056840597795048076,-0.017448181365599773,1.0
no_logit,20261255,0.0003991112936565493,0.012864879272295494,0.010935033264735487,0.06852425862938355,0.0182225104515997,0.11265315886634471,0.09536745734190694,0.040926239081716956,-0.02544908429614733,0.6603456515276078,0.2670971946322227,0.9439633333693169,0.48276860638870495,0.23725886925680062,6.622272258136432,13547.783550092548,0.0072,0.06020415827241418,0.26572628467151527,0.0,0.0008,0.0,0.07149323459184265,0.0,2.7093020352450286e-15,4.233284430070357e-15,-0.01780300065999164,0.0507826455126899,1.0
no_logit,20261256,0.0009042734594281878,0.011467089652515172,0.013281748285026622,0.04512375448608522,0.018411586763883873,-0.00689391815768468,-0.00542637490475295,0.015817944520995064,0.026165209993987287,-0.008708774869332192,0.07280885338123937,0.9525733628012732,0.725858931515535,0.08719515701271935,6.511888040704683,13551.296258592636,0.0028,0.16789006732745307,0.23367790834939384,0.0,0.0,0.0,0.042395773855355534,0.0,1.625581221147017e-15,1.7197717997160825e-15,0.004828779826221671,-0.02957083684599034,1.0
no_logit,20261257,0.0004430324434551622,0.012922372345493267,-0.03977533804682831,0.05589417067033539,0.018978182982618476,0.06455377431084118,0.04253975864741815,0.04465616056093296,0.03191359122471172,0.10860185168161207,0.20813879894903975,0.9382332950357825,0.46141642021597085,0.2815940397764982,6.608516807828153,13529.541415419495,0.0024,0.03561593426367738,0.21164664956498302,0.0,0.0004,0.0,0.06456006901024658,0.0,2.7093020352450286e-15,2.645802768793973e-15,-0.020038131516816115,-0.026504663206061183,1.0
no_logit,20261258,0.00046026981106506745,0.014003329398747023,0.0074678176207586214,0.07202348747424914,0.018014355313592953,0.05104142096619013,0.1333498416196136,0.034082907417493626,0.03291096344496003,0.7266723706569187,0.2578320233856413,0.8968936350586756,0.49073686828901,0.3577384848028258,6.62657360342578,13717.583775766141,0.0068,0.039213577660547685,0.3501461780487384,0.0,0.0012,0.0,0.11088275816194271,0.0,8.127906105735085e-16,2.248932353474877e-15,0.022116527045346477,0.013431271529421803,1.0
no_logit,20261259,0.00033627250462341037,0.011305362816741773,-0.032811783223055266,0.033964088946474826,0.015368139985892157,-0.0016851284152592043,-0.028742634847110055,-0.01632087629362336,-0.027704432446705965,0.011651350645818237,0.0008067729905501162,0.8901433930383499,0.7904912404304135,0.013393770652799187,6.574991086005221,13408.666623360521,0.0036,0.23157696479475562,0.3746814364694203,0.0,0.0,0.0,0.040530808288678166,0.0,4.605813459916548e-15,2.1166422150351785e-15,0.017551562514687487,-0.012427376016587527,1.0
no_logit,20261260,0.00014041645156845562,0.019464951795374115,-0.024398041165660272,0.13609843701053712,0.030931455366915928,0.19680317161995073,0.1836284535364281,0.053599129742918895,-0.028411173271024884,2.821080548958018,0.3933746686768966,0.8368108838241296,0.4165347048257574,0.5305334922466217,6.958753736189034,13743.607994433414,0.0124,0.015472340611619608,0.4900066224501003,0.0004,0.0092,0.0,0.172322830585677,0.0,1.625581221147017e-15,2.3812224919145757e-15,-0.16172573780092722,-0.03747932974828111,1.0
no_activity_persistence,20261211,-0.00010831368847421566,0.024917129709432436,-0.0489547166427292,0.14921487247912496,0.0358873955613363,0.25093175359807357,0.23117114606455555,0.11776445613233089,-0.040126148305947795,7.655451820739858,0.451125554276551,0.8502484861235127,0.43397102986522645,0.556617806838521,7.263561616895695,13832.149104581595,0.0172,0.020309844565847356,0.5855403369685124,0.0048,0.0228,0.0,0.2830002701088108,0.0,1.625581221147017e-15,2.3812224919145757e-15,0.4152790990204563,-0.01235416549172151,1.0
no_activity_persistence,20261212,0.00034543237224457605,0.017748686868373817,-0.03573758359558518,0.10656991804529713,0.024707345313595874,0.15368440098429587,0.21759983288070148,0.0266480677157404,-0.007536901524254848,2.1623927537200895,0.3645767951332157,0.8573064771121879,0.42824009106830063,0.5128214124876987,6.820651599452111,13706.676472806266,0.0068,0.017893101918792374,0.45137815947709514,0.0012,0.0032,0.0,0.16655442582088553,0.0,3.657557747580788e-15,4.497864706949754e-15,0.09904867550957987,0.012858633680388365,1.0
no_activity_persistence,20261213,-6.0110259712020667e-05,0.016611206949012386,-0.020089517844010193,0.09258917845599474,0.023704267779739042,0.11879518469210432,0.12321887234286645,0.010365976086976382,0.03326767348313192,0.7986156437086787,0.3176723613480534,0.820113062100843,0.41341032621408735,0.5344411275457981,6.8584567879274925,13565.261547632379,0.0064,0.014799715362433215,0.46925589041743165,0.0,0.0024,0.0,0.12549280908921734,0.0,2.573836933482777e-15,3.439543599432165e-15,0.0344568206232162,-0.027993993537842665,1.0
no_activity_persistence,20261214,0.0004751254127378566,0.011988475935454147,0.005709834036068092,0.05656789351746051,0.0233138592630665,0.006328232679863822,0.0381716186877858,-0.017089989546516294,0.017381817283025028,0.038896255253099365,0.08214672277233655,0.9289111922226919,0.6540300235094251,0.1399979602380076,6.5971972754823005,13457.21256210193,0.0028,0.10073299832614266,0.26232961540383204,0.0,0.0,0.0,0.05170679907031284,0.0,2.7093020352450286e-15,1.5874816612763839e-15,0.019067290819370485,0.0065415706354520755,1.0
no_activity_persistence,20261215,0.00025507040255866114,0.0121158847051729,0.006000453135050035,0.02595930845256707,0.01110390935440059,0.00888814400051399,0.039540431557435016,0.029425838535909438,-0.026273629146135742,0.027118656486421422,0.07896740572873838,0.8438705135153093,0.46827476043895416,0.2188241549666324,6.624776976685346,13417.546515024635,0.0024,0.07754953164429505,0.3831135798168541,0.0,0.0,0.0,0.04979126595377603,0.0,2.302906729958274e-15,5.0270252607085486e-15,0.01432945909793209,-0.0019830975386249945,1.0
no_activity_persistence,20261216,0.0004902851051642398,0.01139949220621106,0.014280254450728136,0.0548043783152669,0.020548511884171554,-0.00522152887152344,-0.00670948011823696,0.006622586399841566,0.008126111029944932,-0.09370887154458707,0.04149561076899838,0.9285500068713107,0.7449279121468884,0.03422922233823849,6.550141996410794,13468.443964755887,0.0024,0.09553305230226083,0.46764786386977564,0.0,0.0,0.0,0.03394396633886254,0.0,2.980232238769531e-15,2.3812224919145757e-15,-0.06231592379294738,0.016014486894708496,1.0
no_activity_persistence,20261217,0.0005928507931489353,0.012154510869061018,-0.022137786518398893,0.044867132271667644,0.01613286274196059,0.02386188925397232,0.020948415381226364,0.0006660543859938959,-0.006263829918917036,0.07813608393963012,0.119723551349858,0.9499912620542786,0.7202797916412649,0.11830053945667277,6.554123305098337,13550.04093212226,0.0024,0.0874952062848148,0.3230708710606043,0.0,0.0,0.0,0.05652165745907678,0.0,2.7093020352450286e-15,2.5135126303542743e-15,-0.04742978958831767,0.01764523022245444,1.0
no_activity_persistence,20261218,0.0008494453820879154,0.01345220875793883,-0.030250810565144042,0.07196240694877767,0.02674589888053309,0.09919758651218188,0.0985964049029501,0.02646731521275632,0.10736525525789677,0.8836973345832471,0.2668223465005172,0.9539905996391752,0.6453679990678146,0.22067136325829892,6.604842225343951,13610.24141725276,0.0068,0.06866529048675332,0.280860327456798,0.0,0.002,0.0,0.07833052054822187,0.0,2.7093020352450286e-15,5.953056229786439e-15,-0.1415892779621008,-0.013434355038667203,1.0
no_activity_persistence,20261219,0.00017613293376051226,0.01851472140942912,-0.08865766364683739,0.08865766364683739,0.03454844356267632,0.1796026446915154,0.15148059588367474,0.02378735850617019,-0.030505647617339763,2.155595616113427,0.3461350216867282,0.8127127469465562,0.42110671396073684,0.5331303727536592,6.831231739674126,13856.894696322357,0.01,0.015691120750078953,0.46220362191419717,0.0004,0.006,0.0,0.18747067489972968,0.0,3.251162442294034e-15,2.3812224919145757e-15,0.036285336706037015,-0.014226436725538926,1.0
no_activity_persistence,20261220,6.33129995475631e-05,0.018606920299069303,-0.0250168063352525,0.1410816798815956,0.027928856938771396,0.22581636272077255,0.1572278529851335,0.04381588041820584,0.01460636703619311,2.6037577579474807,0.3950867927586411,0.8196646315053027,0.4550744850165716,0.5232678670027261,6.871120532621405,13804.318785141471,0.0108,0.023060003466932016,0.4761836394081628,0.0004,0.01,0.0,0.15742574664687403,0.0,1.625581221147017e-15,1.0583211075175892e-15,-0.04058545872236109,-0.009307767824366228,1.0
no_activity_persistence,20261221,0.00014601617527566936,0.01467104069284205,-0.001947669999131349,0.0827383625884784,0.02322997747726018,0.13052102652475747,0.1473714352869013,0.014773274128768313,-0.004759237919195824,1.119221941630916,0.2847812782370535,0.8312314017058786,0.45400081747823995,0.4126702734512699,6.706375323295492,13653.289216102028,0.0096,0.04654774954442625,0.5374763031142116,0.0,0.004,0.0,0.15486453943418477,0.0,2.0319765264337714e-15,4.233284430070357e-15,-0.07704388222523455,-0.005773824840449919,1.0
no_activity_persistence,20261222,0.00032333301411434297,0.011424507774425425,-0.003622910679976834,0.04747141494741127,0.015966510839676266,-0.007706606279738061,0.0033950881285318593,-0.023913005802285923,0.017731314242393114,-0.0431387160249912,-0.022473511466862117,0.8627461383261139,0.6568507573549516,0.056261047103213,6.5702012745422955,13447.924999579745,0.0024,0.10888700350604741,0.33084109975890064,0.0,0.0,0.0,0.030762053231432773,0.0,2.573836933482777e-15,1.98435207659548e-15,0.06732330318391878,0.008199697262263673,1.0
no_activity_persistence,20261223,0.0005064712436813185,0.013268250670947453,-0.014266641566440145,0.06312130432785647,0.020874224775902187,0.09853844296457323,0.056931435378457206,0.004083823752869829,0.013078104819564574,0.597423470841504,0.24334450704763955,0.9377369256505563,0.4219753503304598,0.2947694134748385,6.560938837379457,13662.642927564611,0.0048,0.026018648131413715,0.414049079017619,0.0,0.0004,0.0,0.08281678473474519,0.0,1.625581221147017e-15,2.645802768793973e-15,0.09065750287023741,0.05135659712546538,1.0
no_activity_persistence,20261224,0.00023812974719960352,0.02236528637801066,-0.04670596092952618,0.1508122107484183,0.02679983203362337,0.27208313629985603,0.23849317900308217,0.1485621870876031,0.004869669498483579,4.7093902987573095,0.4550471764147385,0.8720069887646092,0.4170465917624202,0.5437771467102296,7.09695388786978,13784.246093129539,0.0156,0.03063058611449775,0.3633487635846404,0.0068,0.0136,0.0,0.18245359564426633,0.0,1.8965114246715198e-15,1.3229013843969864e-15,0.09207523118933254,-0.027225039788313404,1.0
no_activity_persistence,20261225,0.0007027756557976051,0.011829909236333667,-0.006000840175553115,0.043254793345732886,0.014886571395741576,0.02653475550712059,-0.010523040413800006,0.02090584918506901,0.03364348824714673,0.06458156070319587,0.1116094906865059,0.9505817322305082,0.7280822003994332,0.10686840324922384,6.549046303733394,13492.597378821945,0.004,0.17866087538115666,0.2966341412646756,0.0,0.0,0.0,0.04313811409896107,0.0,2.573836933482777e-15,1.5874816612763839e-15,0.021072513557075054,0.0041383341378419015,1.0
no_activity_persistence,20261226,0.00025387527122149473,0.015301184518451598,-0.030082592574186117,0.07972025045127014,0.02226401297485616,0.13399235872768941,0.11289185148993398,0.02780740717641832,-0.005702028411397185,0.5630755583654055,0.283722644281558,0.8486880574276187,0.4488590437385693,0.4634314167972964,6.762369405840811,13632.19623442513,0.004,0.01601925309171265,0.43106950324171533,0.0,0.0016,0.0,0.1146890070429385,0.0,2.302906729958274e-15,3.836414014751261e-15,-0.025269893864685138,0.0030968658121050085,1.0
no_activity_persistence,20261227,0.0005652897618627431,0.01334007149938035,-0.03445040952196812,0.04814211618811495,0.018534279509327047,0.06466338537301716,0.02891007952000311,0.08768739948175963,0.02106708152807009,0.25133079131401725,0.22093476260840858,0.9376467215366875,0.547361372181944,0.24695214308815525,6.597222524420561,13617.685107750023,0.004,0.0497787533470553,0.3103586098737128,0.0,0.0004,0.0,0.06488906087940527,0.0,3.522092645818537e-15,4.100994291630658e-15,0.000785118115575402,0.005389555117029534,1.0
no_activity_persistence,20261228,0.0003369823317137808,0.01452643407287329,-0.017689884746067874,0.08558204984404691,0.030261341086682204,0.13407081372642127,0.11551578282441069,0.0697116230158819,0.04422371829815607,0.8697076089919347,0.3180430175790158,0.9309115306231575,0.43482052763623413,0.3527820898008304,6.671719863958935,13635.8146912073,0.0072,0.021422255831306802,0.2891793978269108,0.0,0.0008,0.0,0.07930731053516205,0.0,5.147673866965554e-15,3.439543599432165e-15,0.11303195519470403,-0.014740899354971103,1.0
no_activity_persistence,20261229,0.00024983332440223655,0.012601949255262063,-0.04837914310312391,0.04837914310312391,0.018834888893758648,0.051306388991559135,0.04129986077834088,0.007299528006842739,-0.005623583528105393,0.0493862351344565,0.1731960266697335,0.9182010333214011,0.48304166084433464,0.22043670273260269,6.6139188804989555,13487.576721653824,0.0032,0.04188886874933546,0.3822790576157733,0.0,0.0,0.0,0.05735026676050481,0.0,9.482557123357599e-16,2.248932353474877e-15,-0.04732557521534112,0.008282438115165075,1.0
no_activity_persistence,20261230,0.0004551746158355776,0.015584657905172853,0.003323891598729951,0.07741203631476212,0.02382131974584713,0.12130044534569631,0.10809264811453641,0.0408680505180518,0.013056470705594835,0.9326149510370203,0.27249687892409835,0.8883139019737605,0.4485203776591829,0.4293874623665054,6.685870433034273,13735.23747177346,0.0072,0.0299603913922502,0.3025221625344261,0.0016,0.0028,0.0,0.12562827716080904,0.0,2.7093020352450286e-15,2.9103830456733705e-15,-0.06365815526556151,0.0028684283564788917,1.0
no_activity_persistence,20261231,2.055617482243548e-05,0.013037597657818131,-0.016909641385912343,0.04954254335549017,0.022939052385048224,0.043377084969202916,0.06286403830527945,0.01628070127233036,-0.014959470590133665,0.10387778822769311,0.13683769625027253,0.8347779359691339,0.4286945731064784,0.31170465384825946,6.652896277035378,13503.356283014009,0.0044,0.05417287464627306,0.41202992278026007,0.0,0.0,0.0,0.08093224598547777,0.0,2.980232238769531e-15,3.439543599432165e-15,-0.00758163834227962,0.047844057400307,1.0
no_activity_persistence,20261232,0.0005328469450418315,0.019159964690761557,-0.03709474030143262,0.10444374676978688,0.03322570561628677,0.31642702829220876,0.327581311344887,0.14003512926713657,0.03579281167295341,6.275030167734455,0.48709801513646866,0.917810373340975,0.4546479012779717,0.4604664687664233,6.775082773647302,13966.969405644983,0.0136,0.026838420876942114,0.3841851728822919,0.0024,0.0076,0.0,0.16095594110512423,0.0,5.824999375776811e-15,3.836414014751261e-15,0.15055112966691403,0.028096046700078526,1.0
no_activity_persistence,20261233,0.0001229889408533655,0.013588209022032277,-0.03013367259339307,0.08692850412287646,0.01975072369123901,0.07865351349628173,0.04620437614906689,-0.009204602799528118,0.005224415209421446,0.14050129079418738,0.14914899253352265,0.8296800840064039,0.4202931040042188,0.37076574878618096,6.673831588655576,13522.084389198963,0.0032,0.06786925082124935,0.3046885011413327,0.0,0.0,0.0,0.09311610395637904,0.0,1.8965114246715198e-15,1.98435207659548e-15,-0.032818190145267365,0.06143832697117542,1.0
no_activity_persistence,20261234,0.00029364003931409605,0.015260771858732272,-0.04273862040782508,0.08403217319395487,0.02292196322520588,0.12642205878385013,0.10760125688984769,0.0436973052156737,0.022392667035110676,0.8054616407160311,0.27839572456161193,0.8397037950998719,0.40631245392030596,0.4777042959136305,6.7283296785395015,13606.685303806269,0.0064,0.01412247635214181,0.3611352069459318,0.0,0.002,0.0,0.10723255939979248,0.0,2.84476713700728e-15,4.100994291630658e-15,0.016732522758939102,0.01464246228133941,1.0
no_activity_persistence,20261235,0.0006312513848459691,0.017198882636590106,-0.03189152117939685,0.10283337123097953,0.03360653960573024,0.27332893441052314,0.23249242928018335,0.12462830274290575,0.031064640449625622,4.756303331843029,0.4383494613158237,0.9440356518712976,0.5215918445741177,0.3469785502292164,6.756270170774783,13725.480102920901,0.0136,0.04885230746904904,0.46016008689114685,0.0,0.0072,0.0,0.10336980656846317,0.0,2.4383718317205256e-15,4.100994291630658e-15,-0.26516400998149864,0.006761642489058914,1.0
no_activity_persistence,20261236,0.0007778808832353796,0.01158935655299,-0.015234946942465624,0.046574476515693394,0.01736388997273127,0.016485849750714196,-0.004026259295102908,-0.004174900230167683,-0.00570298266845524,-0.04846596447672491,0.04249836682278274,0.9469601891052427,0.7702758963551382,0.04173683934418296,6.593146876628516,13409.157601567496,0.0032,0.14138959374103943,0.17507882590402557,0.0,0.0,0.0,0.02568291666796041,0.0,4.876743663441051e-15,2.1166422150351785e-15,-0.02965696801566758,-0.021798532413648385,1.0
no_activity_persistence,20261237,0.00020824327161851207,0.012661333131416982,-0.00036638683417070355,0.05463685928940239,0.017343767989147475,0.04584261492971974,0.025275694200966824,0.03132517441091749,0.021129454976897555,0.1791165787933604,0.1443126509085356,0.8611731953724102,0.43663450130693937,0.3169176124614359,6.602636189281517,13558.312294285628,0.004,0.027971091667016192,0.4799354580363062,0.0,0.0,0.0,0.07481929909018414,0.0,3.7930228493430395e-15,1.8520619381557813e-15,-0.04068863874597167,0.0075399028282839495,1.0
no_activity_persistence,20261238,0.0003326397408089665,0.012007031427933365,-0.04622896534516977,0.04730906990413357,0.0235392418192381,0.015156694105941488,0.04243841061385681,0.025299704263007126,-0.012330994867787904,0.0007285922710731363,0.1327533386035399,0.9229544870468802,0.48389007691719377,0.1682052316480675,6.555454511107858,13544.275556299346,0.004,0.088010739822588,0.35268781557616247,0.0,0.0,0.0,0.0658394951361454,0.0,5.418604070490057e-15,1.98435207659548e-15,0.07971240022808683,0.02298498885293747,1.0
no_activity_persistence,20261239,0.0005148397599558653,0.014043195616709084,-0.022282781638867107,0.046209029474869524,0.019914197074299873,0.10160641529437565,0.07529045413703349,0.03472482270421988,0.04464936374923127,0.5471454436129584,0.23322549069449963,0.9028030718751532,0.5092495768353863,0.3416324629941492,6.652018613255985,13634.391987021358,0.0072,0.023777765451274472,0.32015468376561595,0.0,0.0012,0.0,0.08239020243785178,0.0,5.147673866965554e-15,2.248932353474877e-15,-0.0592980829669586,0.02158400884668162,1.0
no_activity_persistence,20261240,0.0001642603098890774,0.0118184384237005,-0.03921994009491046,0.041133500999429556,0.02162278004966332,0.03865571428846713,0.04191097014035437,0.0020411889515890326,0.020740415875184548,0.018332401643374574,0.11109947317069617,0.8490152082029859,0.4316442136107199,0.21653963996889664,6.572009663721053,13502.054850965542,0.0036,0.04146371814112432,0.3611135866152314,0.0,0.0,0.0,0.061509316376733736,0.0,3.522092645818537e-15,2.9103830456733705e-15,0.05398881299225181,0.01422107415483562,1.0
no_activity_persistence,20261241,0.00039444989645810404,0.016644715099047087,-0.0208115200301313,0.09284427970703779,0.03705067298549146,0.13137470716448846,0.13490005335466324,0.03982102079514298,-0.007692059948137273,0.7481852724442004,0.30051969049645866,0.8932489670106077,0.39944727746225966,0.49898602126372743,6.836584797080219,13632.011021171587,0.0072,0.03615036227590212,0.31211831892762043,0.0008,0.0036,0.0,0.10359896890314557,0.0,2.1674416281960227e-15,2.1166422150351785e-15,0.09116743182463094,-0.003145464199605339,1.0
no_activity_persistence,20261242,0.00047026463946199824,0.014112450921061833,-0.020771289318639845,0.08735165391097813,0.030169207518549963,0.10226435451108615,0.10714027447653963,0.09028074335055948,0.061556261556080176,1.043871734482563,0.3103770527583888,0.9451152648842799,0.4310470455139739,0.333200295311525,6.625750125993959,13654.938597252607,0.0084,0.037274976121406095,0.3052288480913302,0.0,0.0012,0.0,0.08537837269829063,0.0,3.251162442294034e-15,1.0583211075175892e-15,0.0559110986614373,-0.0049985075493349995,1.0
no_activity_persistence,20261243,0.000541605371617468,0.014468720831631254,0.002204501491786992,0.10897739311084931,0.032896316702736024,0.09732344088559725,0.11526839580567017,0.04882511862553695,0.050206215722157777,1.5422070316708227,0.26130810950649247,0.9014600250455175,0.4304523483001355,0.407533423448917,6.58542102098078,13835.354530472188,0.0064,0.020416012813017893,0.27684732840273296,0.0,0.002,0.0,0.11480788515222073,0.0,4.063953052867543e-15,1.1906112459572878e-15,0.15640040638102942,-0.025201073035185526,1.0
no_activity_persistence,20261244,0.0004598268123146017,0.013169023339622424,-0.005805508480731267,0.05415103469118712,0.016247562921843282,0.06798375747115608,0.02275784429413916,0.02087699722963986,0.018186305871809305,0.36737590234296214,0.18432153486472272,0.9112675303675528,0.45197690889736447,0.27253457064314923,6.633690144567662,13509.785323616785,0.0052,0.09343548170696875,0.3601678470515999,0.0,0.0004,0.0,0.09108910769045586,0.0,2.0319765264337714e-15,1.8520619381557813e-15,-0.04060012871060489,0.017879139440093894,1.0
no_activity_persistence,20261245,0.0006340458205449754,0.01343368056415337,-0.025665924186259972,0.06811286760200555,0.02633207667433175,0.16164790273900664,0.12871684321978194,0.08884977395627583,0.029660852917887857,0.9208451026509481,0.31052806459567645,0.9529932273967195,0.6305227573374647,0.23734452613993617,6.62046922097942,13604.077810476088,0.0068,0.07864032913436865,0.36487995314423116,0.0,0.0012,0.0,0.08432107969019054,0.0,3.7930228493430395e-15,5.820766091346741e-15,-0.11851988480121964,0.062001194187431344,1.0
no_activity_persistence,20261246,0.0006005959847367424,0.012824446931738788,-0.006444497227284422,0.057009339124700596,0.01589468541722674,0.03384665529303412,0.057423402265435075,0.023214437115043646,0.023628163257282002,0.2996760074758802,0.21529504249494172,0.9494175731223509,0.516773150986397,0.2292497360782894,6.5314375651765335,13657.354663606673,0.004,0.03895236153825144,0.337830029874602,0.0,0.0,0.0,0.0687086503995511,0.0,2.302906729958274e-15,1.5874816612763839e-15,-0.016252698765170714,0.0010360245036303934,1.0
no_activity_persistence,20261247,-1.1766747917190656e-05,0.013228724913215145,-0.06722544032639664,0.06722544032639664,0.016152778785040192,0.09511944133295482,0.06046779159047808,0.022119422226929177,0.018819947460138386,0.430291136345899,0.2071834182455577,0.8779046227106014,0.42734633715431847,0.36970742085956015,6.6902708170791,13479.992915373445,0.0048,0.01382734363702886,0.5532155869584994,0.0,0.0,0.0,0.07149202654980269,0.0,1.625581221147017e-15,1.3229013843969864e-15,0.03976116997900961,-0.02989442193757222,1.0
no_activity_persistence,20261248,0.00037854353500529783,0.012743347850780245,-0.025859377440221903,0.06353573351775597,0.023390941596625744,0.08801943529590615,0.0782790031666819,0.014445484870190638,-0.0017508795024735837,0.480815680182638,0.2228299612918217,0.9163670928834672,0.5326735026126339,0.2378003537702161,6.579359451142988,13645.061955423182,0.0052,0.08920467093535016,0.4203291774916985,0.0,0.0004,0.0,0.06921087131582238,0.0,2.980232238769531e-15,1.8520619381557813e-15,-0.009087212347767888,-0.0015150670226616457,1.0
no_activity_persistence,20261249,0.00035710605917685286,0.012183594190298632,-0.045157307049819864,0.045157307049819864,0.019247618879403336,0.02251298282288368,0.03777097651487201,-0.01024759509050248,0.011854876761656257,-0.0248567219776481,0.10375606522786207,0.8740850319307053,0.42776749819848037,0.2324571412089172,6.545287200057898,13585.991246581316,0.0032,0.0833317737351595,0.283395713596828,0.0,0.0,0.0,0.07620745042816468,0.0,1.3546510176225143e-15,3.042673184113069e-15,-0.04865066547553181,-0.03329403241868282,1.0
no_activity_persistence,20261250,0.0006222076471461829,0.011791820675944078,0.01637899743752413,0.04012832886199425,0.01804999281928254,0.002486210680731849,0.014372187863786048,-0.030754484657728242,-5.775541789140083e-05,0.005160677931169033,0.01604560598311389,0.9425302216672806,0.6906120136447649,0.11103887753219391,6.535688525785535,13541.235414603085,0.0036,0.12566144366648013,0.2471927487849589,0.0,0.0,0.0,0.05250842400456346,0.0,4.605813459916548e-15,2.9103830456733705e-15,0.025145640430998227,-0.008593690002417784,1.0
no_activity_persistence,20261251,0.0003793639095831967,0.026570709168425508,0.09103889530851629,0.20463126313645985,0.05938961854451659,0.44716452358023817,0.34949378117919505,0.19298282664137736,0.04794408298311651,16.989143071082914,0.5819808217508614,0.9350915828137251,0.5073662654425145,0.4465044618881876,7.033707168570696,13987.068016843456,0.0156,0.09938177498494323,0.6423485296164451,0.5632,0.0248,0.0,0.20255624872794997,1.0,1.7610463229092685e-15,2.248932353474877e-15,0.315105054176515,-0.030696764712715107,1.0
no_activity_persistence,20261252,0.00021521845071084336,0.014833448231209951,0.007584864693660277,0.07107707922029924,0.019795528027857022,0.058017097076714486,0.07101700555319478,0.03573697523004621,-0.016478344049701936,0.9461498769091099,0.23707870488903876,0.826960324276248,0.44273264424388953,0.41284895724231,6.719496376590003,13590.548863965016,0.0048,0.043710021557773156,0.36921946638473224,0.0,0.0012,0.0,0.12738853117335425,0.0,3.522092645818537e-15,2.1166422150351785e-15,0.1494411672084996,-0.03340338078426269,1.0
no_activity_persistence,20261253,0.00015284232071014544,0.014698981672767989,-0.04084691322252017,0.04084691322252017,0.021439150691901505,0.08539929801140837,0.1144845345600085,0.029705011629357472,-0.010010454570179501,1.3325952076052259,0.26912797112943115,0.8861671876748537,0.4266197003714861,0.4163476074636983,6.728739735063973,13548.079396214378,0.0048,0.020997283876411955,0.4000088860066505,0.0,0.0016,0.0,0.08980924166551585,0.0,4.063953052867543e-15,1.4551915228366853e-15,-0.017701842822504095,-0.001182837885534167,1.0
no_activity_persistence,20261254,0.0002019993856803751,0.016742260980345477,-0.03496266497335675,0.09487299533218554,0.02292891937757982,0.14284789300222206,0.16476950775062496,0.05850448247308016,0.000305684814245389,1.4091586337535071,0.3102235315773425,0.7989544998756158,0.41894235721743395,0.4961293827855361,6.817283265333881,13669.444308758884,0.0076,0.013028593218496044,0.44829326883437626,0.0,0.0032,0.0,0.14743768707099347,0.0,1.2191859158602628e-15,3.439543599432165e-15,0.048469644037258605,-0.016887317628800188,1.0
no_activity_persistence,20261255,0.0003990689306279041,0.012838507966952437,0.010511140218114364,0.06929982114122003,0.018394824920868573,0.11112784955947136,0.09543739453203538,0.03843473791740913,-0.02676270944028762,0.6495976987926784,0.26347414780986533,0.9432439830468915,0.4834081487275925,0.23613079561624886,6.619335406878867,13549.23293656804,0.0072,0.060799762267130714,0.26576005580617934,0.0,0.0008,0.0,0.07154732141734077,0.0,2.573836933482777e-15,6.746797060424632e-15,-0.02090556098803901,0.052531718543128186,1.0
no_activity_persistence,20261256,0.0009039409068869567,0.011467803028138521,0.013308228634044152,0.045967823354332006,0.018233922940175878,-0.006415871619925421,-0.004753522606677119,0.015823768588723648,0.026005790879486713,-0.005448690602552375,0.0730942752941189,0.9526668397339989,0.7238607109333586,0.08734502358884132,6.51107183754908,13553.396936497551,0.0028,0.16925211665679268,0.23367353542919245,0.0,0.0,0.0,0.04318114341610557,0.0,2.302906729958274e-15,1.4551915228366853e-15,0.0038648238458856895,-0.02948620042244349,1.0
no_activity_persistence,20261257,0.00044149552848959673,0.01291784507042896,-0.03957228765150252,0.05623409720747836,0.01842017144262789,0.062447953734350616,0.041364324550884755,0.04516371143024567,0.032382770444069835,0.07697584275062708,0.2060815504663623,0.9374363005185258,0.45768512643543247,0.2840938524457853,6.6065447755165305,13529.606615866083,0.0028,0.03782304972037145,0.21168234687039855,0.0,0.0,0.0,0.06611218706228161,0.0,3.251162442294034e-15,3.5718337378718635e-15,-0.01047618620820775,-0.027420204371245576,1.0
no_activity_persistence,20261258,0.00045938840103222455,0.013943434303291207,0.007779244787173931,0.06931540198314637,0.017565844024774693,0.044502375620397605,0.12726991588871256,0.029074780173650994,0.031504456497370985,0.6147880767597402,0.2496085800270294,0.8965698319057087,0.48914143562119056,0.3575271848797938,6.61711777883102,13725.649827526924,0.0072,0.036707741629211865,0.3507449956287716,0.0,0.0004,0.0,0.10991130130951499,0.0,2.302906729958274e-15,2.3812224919145757e-15,0.02211310175362036,0.014712897934442857,1.0
no_activity_persistence,20261259,0.0003362932543919488,0.011305187086119902,-0.03282807848638086,0.03397216411278365,0.015365717045399904,-0.0016469579395984844,-0.028775436899745325,-0.016280595595990627,-0.027729954262955433,0.011650017715913563,0.0014504653924640868,0.8894641754121264,0.7895432355148254,0.013659075535457324,6.574637954277839,13409.383301820239,0.0036,0.2333023081501593,0.374655535932348,0.0,0.0,0.0,0.040873816680161434,0.0,1.4901161193847656e-15,3.5718337378718635e-15,0.017614241883460214,-0.012442048994888977,1.0
no_activity_persistence,20261260,0.0001388756867132262,0.019526154915877485,-0.02549905638434034,0.13710853543371979,0.030433304189622666,0.20059581457825806,0.18726899688368437,0.05642573004907185,-0.03157305755285421,2.808953670130589,0.4009529764046658,0.8404004486068718,0.41750540759320964,0.5300421300517952,6.97255091133865,13725.33921264556,0.012,0.015389156289124718,0.4894955931889675,0.0,0.0088,0.0,0.1737488328609058,0.0,4.876743663441051e-15,4.100994291630658e-15,-0.17503542627736482,-0.03776570759708476,1.0
independent_signals,20261211,-9.66676498249253e-05,0.012457350573373388,-0.07072216799575567,0.07072216799575567,0.019500068574752595,0.03686170924441088,0.025271503926999322,-0.001408557052594509,0.022309562005246156,-0.11901968756942649,0.05084266989528983,0.8304907141163149,0.6138737769254186,0.3018097480405726,6.62133869530526,13420.75102908833,0.002,0.008371183646852189,0.5406650119829535,0.0,0.0,0.0,0.023985281066027264,0.0,1.7610463229092685e-15,1.98435207659548e-15,-0.0013153103767494685,-0.0018893670344081691,1.0
independent_signals,20261212,0.00034370307461461104,0.01194281487486579,-0.060597589706152644,0.060597589706152644,0.01919641839076485,0.008691838625462446,0.005729460369437447,-0.028833215200100366,-0.007535482465359479,0.14085657776828242,0.02638153613788845,0.9002748650387113,0.630471949738372,0.2241722582119718,6.573666152560655,13488.773916923192,0.0044,0.007497050246689761,0.4337272873903789,0.0,0.0,0.0,0.01888446756699924,0.0,6.095929579301314e-15,2.248932353474877e-15,0.031746954027648586,0.0012431262559468705,1.0
independent_signals,20261213,-7.004835255495472e-05,0.01178807190217918,-0.03814930076706033,0.05327571251687316,0.02001719408451509,0.012968973197107029,0.015031300423474614,-0.02135726853752641,-0.05213048844457855,0.0014035525310069907,0.04332473545393441,0.8532037331621036,0.6645020316691744,0.2408644971803975,6.581249913136631,13446.057432506406,0.0016,0.02179391733715275,0.4436828922644548,0.0,0.0,0.0,0.025431775693043557,0.0,1.8965114246715198e-15,2.1166422150351785e-15,0.005707860176780321,-0.01622140006897477,1.0
independent_signals,20261214,0.0004611944966466865,0.011485611560201576,0.01764092277103104,0.04967533545337066,0.01852105788058454,-0.017882149619079104,0.0018954631596106598,-0.028484532745243988,0.0013400877008364238,-0.020415775020350857,-4.03871314643369e-05,0.973209498225001,0.7703705420279772,0.04136218197853973,6.587490804407373,13394.495731227144,0.0028,0.12480794140697744,0.26216692632595573,0.0,0.0,0.0,0.02341345076176049,0.0,3.7930228493430395e-15,3.042673184113069e-15,-0.01212239387589722,0.019521412096707838,1.0
independent_signals,20261215,0.0002561197348685081,0.011560963670884786,0.009272241824410705,0.03845277787931041,0.010427178804658304,-0.0052514739356014925,0.018592571253071857,0.03465018095407768,-0.01343902009365432,-0.09428899666547785,0.024157992444240876,0.9442031012954555,0.7420458642775298,0.02820512609882507,6.599962931427966,13375.587027734522,0.0028,0.08977900025410576,0.39444743357134016,0.0,0.0,0.0,0.026212595838356778,0.0,4.3348832563920454e-15,4.100994291630658e-15,0.029231786722350796,0.010361797000519259,1.0
independent_signals,20261216,0.0004876213084340602,0.011256491714575325,0.010564683412180115,0.052492391483621934,0.020996798105690065,-0.0053352697104255605,0.0016496040414191193,-0.00334941277647963,0.006684276851347191,-0.1290725503313248,0.02254463464261095,0.9772186875888178,0.8574088008316195,-0.043783034389779735,6.5728443720106915,13399.117436015422,0.0016,0.12440341743343522,0.46402354186547756,0.0,0.0,0.0,0.019557858434826603,0.0,4.199418154629794e-15,3.5718337378718635e-15,-0.06418844711315551,0.0123652218093857,1.0
independent_signals,20261217,0.0005792037212721898,0.011403594437574912,-0.017800347042077006,0.04014376314186771,0.013074960586121287,-0.033972387229235665,-0.002811688299624601,-0.01744499383331574,-0.010338099640773738,-0.01836212445518104,-0.004960968153737949,0.9835612090635881,0.8203837819808163,0.007160375101434225,6.576530279017611,13409.381649152561,0.0028,0.1283578246775342,0.3227375756050509,0.0,0.0,0.0,0.02442924628733878,0.0,4.605813459916548e-15,2.1166422150351785e-15,-0.02928439280680876,0.013984711923943188,1.0
independent_signals,20261218,0.0008314259441615488,0.011480216433092364,-0.04168032131287718,0.0601493658884131,0.023715669468624294,-0.013947731806774749,-0.027290289830326823,-0.02038878373607936,0.030093280783917632,0.020375926915143783,-0.008013757945542835,0.9771123527653235,0.8107431066752214,0.041666090890099934,6.565410085443094,13428.667695666232,0.0016,0.11010959150197912,0.26474148970640965,0.0,0.0,0.0,0.026282025491607408,0.0,2.4383718317205256e-15,1.8520619381557813e-15,-0.02035662659389077,-0.026642639378654877,1.0
independent_signals,20261219,0.00015832641890054972,0.012221397949266856,-0.03132305599397252,0.03271244195897281,0.014987900775809646,0.0286069436953327,-0.007040311240139633,0.005186289786764644,-0.005816880674545621,0.14347282093233638,0.03677026448539077,0.8627913667271379,0.6183996029804932,0.26658728756154604,6.603441442164484,13449.112742819985,0.002,0.017398785868293146,0.45549973286484513,0.0,0.0,0.0,0.01953757456179006,0.0,3.522092645818537e-15,4.365574568510055e-15,0.09196892364519997,0.02791471424397664,1.0
independent_signals,20261220,5.115894042211302e-05,0.011933137006569344,-0.019230579958692203,0.046640520163907496,0.01453566438790643,-0.01312580708392972,0.0077102258657630275,0.03242900908006761,-0.01804262658808589,0.03541186603381341,0.034051441738345796,0.8320091651078877,0.6504165863869338,0.24215552968987564,6.611654068530708,13427.19412274534,0.002,0.015598143766523047,0.47175384163568534,0.0,0.0,0.0,0.02042984435500883,0.0,2.573836933482777e-15,1.8520619381557813e-15,-0.0989549719798704,0.024588944657957083,1.0
independent_signals,20261221,0.00013846659501129998,0.011589027550455896,-0.018368666340128646,0.03574695912945378,0.013553194272303734,0.026837043820191333,-0.0004290705628974726,-0.01532960602912142,-0.007540320912580759,0.0474904921998367,0.047701036642355234,0.9122310200547734,0.6787982887961452,0.1476629011202785,6.53544960050261,13524.331091596692,0.0028,0.05141517732591985,0.5335617743086617,0.0,0.0,0.0,0.023524309931928666,0.0,2.980232238769531e-15,2.9103830456733705e-15,-0.07161007467025224,0.010382825194378425,1.0
independent_signals,20261222,0.0003235468020855823,0.011385435450569312,-0.007918466675176707,0.046847190047522067,0.01651298223249955,-0.015642113658172526,0.0009353960278651321,-0.02203004944573296,0.009182049772158805,-0.02512802247585988,-0.025042374908646258,0.9627445434901596,0.7858984532756957,0.03133425546155673,6.582245909683388,13417.860411195454,0.0028,0.12887635062141517,0.3300247212318701,0.0,0.0,0.0,0.016610541051291783,0.0,1.8965114246715198e-15,3.439543599432165e-15,0.07008186173872306,0.0074023096800109565,1.0
independent_signals,20261223,0.00048812338990842437,0.011560489094712151,-0.004005271365074262,0.037465941715884604,0.01597544673796414,-0.023138130646024012,-0.008597341450731395,-0.012085943307515034,0.0013941349703910986,0.029579039741157054,-0.009009105767438245,0.9681418427306252,0.6250886191395193,0.10208488961132871,6.5737549587767345,13432.023571176507,0.002,0.07081426534190649,0.413260616294418,0.0,0.0,0.0,0.030211944747959185,0.0,1.625581221147017e-15,3.042673184113069e-15,0.02153147940757804,0.0207658055879195,1.0
independent_signals,20261224,0.0002488783407627103,0.012405685147721137,-0.06953044226450768,0.06953044226450768,0.01869375592619595,0.04107450620890016,-0.012294999183030434,-0.0035870918620155004,-0.01771491327374085,-0.10436970831210424,0.055187223414563745,0.8976085825654713,0.6025200753801889,0.29485211610368206,6.6219156537897055,13418.816807451321,0.0024,0.010312977031795258,0.3266564495256483,0.0,0.0,0.0,0.020288250835273747,0.0,2.4383718317205256e-15,3.7041238763115625e-15,0.001336561393711071,-0.007916150888923978,1.0
independent_signals,20261225,0.0007097313187634359,0.011452484169255324,-0.012660693349878118,0.03521449870350608,0.017533517839732563,0.0066343427972796526,-0.01723625104313934,0.01896913941577109,0.030839733491836194,0.018531360352622706,0.029321044791950097,0.9827005892713875,0.7806035126785461,0.04966904792507549,6.570215169134338,13420.244110315025,0.004,0.14487821706719473,0.29681268955484097,0.0,0.0,0.0,0.016640648433988936,0.0,3.7930228493430395e-15,1.7197717997160825e-15,0.02787283037892208,-0.0055301907679522816,1.0
independent_signals,20261226,0.00023716188056088186,0.011646168597395857,-0.014705072787052915,0.03728752761822904,0.016785075443713972,0.0031772559040017653,0.0451396836182163,-0.04840687175606954,3.3209658862347977e-06,-0.13407168513410994,0.02864051139676076,0.9138681345825308,0.6719831449475531,0.15906541269191987,6.602563092574689,13416.37802375715,0.0012,0.04167720034166182,0.4099655195226669,0.0,0.0,0.0,0.0309808532967637,0.0,2.0319765264337714e-15,3.439543599432165e-15,0.0020862430717154437,-0.0037308699358545375,1.0
independent_signals,20261227,0.0005684964818337659,0.01161929537245721,-0.029987627928017766,0.03601108315392224,0.014868238792162194,0.004506951517084647,-0.019902525894565915,0.05557083960782784,-0.011847248185629752,-0.022470197121171154,0.047522839359446574,0.972373210565578,0.8177832896139323,0.03436079333422725,6.5860080392748035,13421.463533225766,0.0028,0.05939975998801612,0.31190827880096694,0.0,0.0,0.0,0.020711431321816853,0.0,1.7610463229092685e-15,2.1166422150351785e-15,0.015245018184634807,-0.024147533983594874,1.0
independent_signals,20261228,0.00032191052110289533,0.01170918186636907,-0.05289831273975496,0.05289831273975496,0.014374751964132959,0.03172237757937164,-0.01917111953204106,0.0331086159357361,0.005320867352355296,0.07655052646884508,0.06370609116851877,0.965104312432288,0.6132225561754976,0.11643727727506076,6.584566288302609,13450.744516332627,0.0036,0.056428867440303974,0.2819199289587361,0.0,0.0,0.0,0.026347492622023072,0.0,1.8965114246715198e-15,2.645802768793973e-15,0.015397041585809285,-0.014706725712912075,1.0
independent_signals,20261229,0.0002485231008124625,0.011716070957486153,-0.049364134916218626,0.049364134916218626,0.014024507974318572,0.013365906893998558,0.033258247003752295,0.008954399481455535,0.014241245711543917,-0.003255946945484922,0.011413988218371971,0.9701260481886044,0.688820308946266,0.0714351772161403,6.579337623114235,13430.805025705331,0.0036,0.07305814086423922,0.38288767788572187,0.0,0.0,0.0,0.026439990820008807,0.0,1.625581221147017e-15,1.7197717997160825e-15,-0.0030176715887494936,-0.001745474015670865,1.0
independent_signals,20261230,0.0004236102843941538,0.011864922903694333,-0.038055553006353014,0.05887758911126458,0.01964548321473312,-0.002181624046116271,-0.00831780694674642,0.02061167157808426,-0.001030345429833178,0.1897555089470626,0.012475364660566469,0.9386293352380135,0.6658506175585754,0.16215076139928913,6.585265021388111,13471.275429755724,0.0032,0.03948489331484028,0.26579567122197,0.0,0.0,0.0,0.03751215614596504,0.0,1.625581221147017e-15,1.4551915228366853e-15,0.028168263467120754,-0.0016122973562602086,1.0
independent_signals,20261231,1.8212834035428928e-05,0.01168514172046737,-0.020075605274231002,0.051770888236455245,0.02071043128497415,0.012060221789457676,0.032624850351903587,0.02507590866022625,0.010032302634598261,0.07785936893181367,-0.00857242307058258,0.9191608783407842,0.6200081369227227,0.09130041750712813,6.588866612838485,13444.009966356862,0.0048,0.06562568492189089,0.4071491534937255,0.0,0.0,0.0,0.02912636689122361,0.0,2.7093020352450286e-15,9.260309690778906e-16,-0.001458042447824681,0.05777466442300679,1.0
independent_signals,20261232,0.0005011541913649883,0.01253926186192614,-0.03916491809947925,0.05906970920924832,0.01971982111425342,0.028583101869704527,-0.010022423076093329,0.02061762137193423,-0.00492657707835645,0.1327173836142479,0.08034527867068067,0.9518246629177036,0.6572494741138394,0.22968677137360755,6.64004491656476,13409.468254102208,0.0032,0.03139456190837873,0.3737480685797767,0.0,0.0,0.0,0.03327303069400678,0.0,2.7093020352450286e-15,1.7197717997160825e-15,-0.018624572461408313,-0.01933133876032568,1.0
independent_signals,20261233,0.00012990286981131476,0.011590638570431527,-0.013006721243516301,0.031421478735132,0.012817871811956294,0.04295601733698944,-0.01562688025563143,0.003960361186235772,-0.0035799769924485772,-0.11530518798870171,-0.001088799622908654,0.9233548930798233,0.6508558658459251,0.08388539901076435,6.571876825381513,13454.042268201596,0.0016,0.06040213225266597,0.3142391435126983,0.0,0.0,0.0,0.02766254708917537,0.0,2.980232238769531e-15,2.645802768793973e-15,-0.09433256916197823,0.009352548239065782,1.0
independent_signals,20261234,0.00026207690827837203,0.011486425582855694,-0.046701434041311767,0.046701434041311767,0.020201587753249504,0.037442085827555045,-0.019247520284420328,-0.02228481698734217,-0.00649434030530926,0.023908703818240618,0.025639189044535243,0.9033820067229624,0.670009551951928,0.1720510432089665,6.553465129496311,13464.046170484233,0.0028,0.03429011612040575,0.3366332574303297,0.0,0.0,0.0,0.03085631011533163,0.0,1.8965114246715198e-15,1.4551915228366853e-15,0.07625272538322711,0.01912728418952953,1.0
independent_signals,20261235,0.0006316375392334216,0.011992834702983903,-0.04220063645396092,0.05077253240573483,0.016387438544609896,0.005265857363315309,-0.008651626326190136,0.02274018904820958,-0.01986098198216143,-0.08136274254483045,0.05073213601283168,0.972842885377924,0.7753358122984427,0.09103981041898564,6.58308083174189,13444.29712827301,0.0028,0.04665475034798464,0.42899262230117574,0.0,0.0,0.0,0.025399830762600217,0.0,2.84476713700728e-15,2.645802768793973e-15,0.0034269166446035003,0.027903917380573733,1.0
independent_signals,20261236,0.0007757104948757384,0.011433925716568625,-0.011224356745334584,0.04866072720817461,0.016802875275149783,0.01689514305697951,-0.0029022247849005327,-0.016221213350831907,-0.009410626587557883,-0.07576676883794775,-0.010816942637839859,0.9832120506249961,0.8155896256986244,0.016664967775585238,6.593658897179617,13387.415185138761,0.0024,0.17880127944438315,0.17504299023837755,0.0,0.0,0.0,0.0158791320489724,0.0,1.7610463229092685e-15,3.439543599432165e-15,-0.009809472777119901,-0.01906747905096118,1.0
independent_signals,20261237,0.00019673513368008528,0.011271474958691827,-0.011277006744389008,0.050736369594775586,0.013401033207963398,0.009071156602175872,-0.017042859631733263,0.01758203626676566,0.057178782822410144,-0.0317418603421431,-0.0005856912792005483,0.9331294433923591,0.6208008891297098,0.09334516771216256,6.530972156288895,13476.291743810403,0.0016,0.06012945588070654,0.46334878678925007,0.0,0.0,0.0,0.025193853345547357,0.0,3.251162442294034e-15,4.630154845389453e-15,0.013182853011374436,0.0315219899501711,1.0
independent_signals,20261238,0.0003292720610930413,0.011365592752757777,-0.03641615147048698,0.03641615147048698,0.019014749976194588,-0.03579281574219671,0.025131930593535686,0.014101743526596405,-0.016081210508040462,-0.04119454179941462,0.03806055660596391,0.9722219767851678,0.7290089444813574,0.043152615027691875,6.546791549825006,13479.157031915223,0.0024,0.09488403660398212,0.34915993500233033,0.0,0.0,0.0,0.027437831901893528,0.0,2.0319765264337714e-15,1.5874816612763839e-15,0.07903549418741314,-0.0036978060192531473,1.0
independent_signals,20261239,0.0004982343050155485,0.011745376985553103,-0.0016910284739002491,0.03848958513120343,0.012689653197625767,0.02577987838098436,0.006425776771640242,-0.0038308057597346585,-0.001271954547295024,0.011684467103729723,0.011946400016045734,0.9524503850554803,0.7770682400182182,0.09192587129310932,6.575013312617186,13455.468095518092,0.004,0.049155941925491324,0.3039368451394554,0.0,0.0,0.0,0.0312269231397464,0.0,1.4901161193847656e-15,1.3229013843969864e-15,-0.012164297917855947,0.022429274013512274,1.0
independent_signals,20261240,0.00015736548346147926,0.011200805168800284,-0.05391229024389854,0.05391229024389854,0.01755686120641117,0.02955243191508934,0.003017637893631152,-0.009021564836598212,-0.0011358984291396656,-0.07195519035449482,0.0359220565721422,0.9421148640123194,0.65155113252687,0.06704829557581561,6.563246822258723,13426.467594262054,0.0024,0.07277381456566998,0.3547118834756494,0.0,0.0,0.0,0.026338437482212207,0.0,1.3546510176225143e-15,1.98435207659548e-15,0.03634329797692469,0.0044243121242397996,1.0
independent_signals,20261241,0.0003733444614564558,0.011866282325577519,0.0008301628670295009,0.03352773797671735,0.013193979070555395,0.04273336382132182,0.023742551357184446,0.0057123655853785925,0.003281049346711096,-0.0371231515602215,0.06131210755420183,0.9409621419262147,0.622558844459353,0.1808910072198896,6.589508769214081,13426.164549776464,0.0032,0.022270946249498023,0.3164839228423304,0.0,0.0,0.0,0.02580735965890213,0.0,2.4383718317205256e-15,2.1166422150351785e-15,0.014868767144805133,0.0035324279846206323,1.0
independent_signals,20261242,0.0004424540122133724,0.01169407326864483,-0.04826973193775301,0.04826973193775301,0.021511671508049744,-0.04072980953391859,0.0018742764366708414,0.0386041971083882,0.016457491762009953,0.042562336623435115,0.02894457746378913,0.9739443297900101,0.6612250570785706,0.11648268594798594,6.548956415170816,13489.398316723184,0.0036,0.05821274367546457,0.3073350966569639,0.0,0.0,0.0,0.028138086254673178,0.0,3.522092645818537e-15,3.3072534609924663e-15,0.03473822785648025,0.01175499009400348,1.0
independent_signals,20261243,0.0005397562224527729,0.01158096543515894,-0.019199508264618834,0.058909882280364895,0.01519836360061939,0.006246402377796581,0.0410237503635754,0.0008072745430339957,0.009764386825616532,-0.02004667087607137,0.02805005138266132,0.9597384118874961,0.6555496730919321,0.15469663820874135,6.568246275699078,13472.944951210195,0.0024,0.04740691084794948,0.2602969253351687,0.0,0.0,0.0,0.029865420902119855,0.0,4.605813459916548e-15,4.233284430070357e-15,0.033623513119922836,0.010339997889274023,1.0
independent_signals,20261244,0.0004520695050612126,0.011793338460687287,-0.037859927091213615,0.051515519797594916,0.012691601595271763,0.02514355737050121,-0.012614957041291334,-0.026457915082761897,-0.014685098447069576,-0.02773923106267162,0.02500095643955035,0.9669553497197378,0.7143937106931461,0.04824608054444511,6.606292827933286,13393.42513177402,0.0036,0.08716677670753084,0.3522762981586619,0.0,0.0,0.0,0.0311693197720464,0.0,2.4383718317205256e-15,3.042673184113069e-15,-0.03939382056342006,-0.01436187255627882,1.0
independent_signals,20261245,0.0006082745035690699,0.011309520337919985,-0.047574755199166506,0.047574755199166506,0.020859121121883387,0.040472432689284306,-0.028640708282767994,0.02915117170597971,0.015250442965649296,-0.07834420557596511,0.021833778322602516,0.9796639146443973,0.7920293711853077,0.06772514977188694,6.5509575465927234,13463.65263359369,0.0016,0.081887113018697,0.34905765542727996,0.0,0.0,0.0,0.02076962062877108,0.0,3.1156973405317828e-15,2.3812224919145757e-15,-0.026645361803033313,0.052293962179546724,1.0
independent_signals,20261246,0.0005884146303586725,0.01165590470864603,-0.027233881499457387,0.04590261561586928,0.016732957930867452,-0.04197513228878561,-0.004967143109838621,0.004109379588380475,-0.00814835725906043,0.20153960811933924,0.036940614105992836,0.9778881559392323,0.7378207321701353,0.07247494201088987,6.551505716488315,13478.18487860336,0.004,0.09338354685250388,0.3403899091499403,0.0,0.0,0.0,0.02850785057065286,0.0,1.8965114246715198e-15,3.7041238763115625e-15,-0.029554743961513894,0.004122854177539552,1.0
independent_signals,20261247,-1.2272531742384274e-05,0.011387257655429507,-0.04011538884896824,0.04011538884896824,0.016503196330798206,0.01233992792452398,-0.003208441781251242,-0.004665930817256595,-0.0012418390508204186,0.08994256036407045,0.0030826192847157696,0.9363904385178017,0.6510412917648306,0.10753093384740164,6.561028718126304,13458.664235350332,0.0032,0.054037801883415615,0.5427061537410766,0.0,0.0,0.0,0.022778362935311547,0.0,2.302906729958274e-15,6.746797060424632e-15,0.03023536596075138,-0.0012575496922520488,1.0
independent_signals,20261248,0.00037072190249309855,0.011397562577620084,-0.007299627973539005,0.047823755654198906,0.01818333635581141,0.022681304140647618,-0.027818871700070198,-0.006389588095358731,-0.0031853378617142025,-0.008642817962861482,0.03731083372284023,0.9682734422247412,0.7906990887763458,0.03782114144215098,6.517553421352829,13518.17820502841,0.0032,0.08231136084158759,0.4170137319929209,0.0,0.0,0.0,0.028890885101297004,0.0,3.7930228493430395e-15,2.5135126303542743e-15,-0.04529997575215664,-0.012355371945351025,1.0
independent_signals,20261249,0.00034184113907506663,0.0114036762888581,-0.02576883092187992,0.04525937885339651,0.018485554656817706,0.011423132298025275,0.037944883078567714,-0.008589663305248352,0.011673749609873165,-0.01923498465377982,-0.009936879817026956,0.955322991490843,0.6770530877781414,0.07306894346864913,6.566986026117755,13439.947150538243,0.002,0.0926319241351552,0.28448778074447745,0.0,0.0,0.0,0.026749313722655543,0.0,2.4383718317205256e-15,1.5874816612763839e-15,-0.05666957933285721,-0.0186216283621806,1.0
independent_signals,20261250,0.0006215832089588012,0.011485841104408282,0.0008826381949584277,0.03833818920679616,0.015088278029028516,0.008786324093905692,0.004699656906350108,-0.03492892173279516,-0.011168728023823259,0.07514370973234596,-0.035848959094802894,0.9784438549747919,0.8003196194944434,0.04109150914003967,6.556788430951613,13455.152209456099,0.0044,0.12725732179127247,0.24717602828176355,0.0,0.0,0.0,0.02044562682631379,0.0,3.7930228493430395e-15,3.836414014751261e-15,0.022855264441095716,-0.005387517535630164,1.0
independent_signals,20261251,0.0003556252776245234,0.012786980179660316,-0.08206586831730088,0.08206586831730088,0.023279820098449512,0.003595515829739501,0.010893540929444702,-0.022793132743170345,0.005411399389044315,0.07928845307173304,0.11363903931887971,0.9484206111841175,0.6333653810330387,0.2910146199983979,6.626111526825404,13470.820223144614,0.0032,0.016392438787288098,0.5485677306741086,0.0,0.0,0.0,0.023571229251757808,0.0,2.573836933482777e-15,2.645802768793973e-15,0.04632885764757506,0.0070986073677324416,1.0
independent_signals,20261252,0.00021629383858837878,0.011981361433711394,-0.020811771535266907,0.030903221572657843,0.014732663805000022,0.023039241581864572,-0.02110996447984813,0.0397056913460624,-0.02455116711000917,0.0019256546274344366,0.040657682775276635,0.904677651368939,0.6720952481270326,0.14282757049423772,6.593972396450068,13431.25641857689,0.0028,0.031188066082977993,0.36478068463090363,0.0,0.0,0.0,0.02989788377848024,0.0,3.657557747580788e-15,5.820766091346741e-15,0.026675485276422002,0.007461029891223796,1.0
independent_signals,20261253,0.00013995122018221445,0.01155373654324944,-0.0005170245695121866,0.03932342491950307,0.013453540712796929,-0.0024698031007725435,0.009630963547459235,0.016344385971707794,-0.012676753391331643,-0.01947435255535801,0.0035005169050047105,0.9406424961491139,0.6474360714075165,0.1287402850389892,6.592450999008314,13386.31639471718,0.0016,0.05129782998266923,0.3998137533145002,0.0,0.0,0.0,0.02656600005720411,0.0,1.625581221147017e-15,3.96870415319096e-15,-0.00912172894524598,-0.004840086412464195,1.0
independent_signals,20261254,0.00017237935626149864,0.012184392945890663,-0.016485246159834807,0.043036696505620704,0.013250388461069093,-0.002865099338706998,0.008436589108218524,-0.005819942181808906,0.012117553694982302,-0.028879824698396117,0.02213441495816596,0.8534586397428111,0.6551516103460742,0.1674882192272938,6.617493874967236,13399.83776041255,0.0016,0.03777475083704419,0.44369768076286586,0.0,0.0004,0.0,0.027160403653486043,0.0,2.1674416281960227e-15,2.645802768793973e-15,-0.022697871051034747,0.0072891042271143415,1.0
independent_signals,20261255,0.00039602998672372394,0.011116229159119393,-0.010397557083715247,0.04852232140241002,0.01815366810255213,0.011391862264348783,-0.0305077297067371,0.0015412942984423114,-0.03657800350132233,0.0646369452385187,0.009669915807440905,0.9768895826423608,0.7336271611169858,0.0549116790899121,6.556891641496595,13433.716087933344,0.0024,0.07691564923748909,0.2655236227945009,0.0,0.0,0.0,0.026782045331034565,0.0,1.7610463229092685e-15,2.248932353474877e-15,-0.014524028964996558,0.019924694750020122,1.0
independent_signals,20261256,0.0009009168175900001,0.011122890590566462,0.003947944932782629,0.03352445384532826,0.0147885940244714,-0.013703938441938983,-0.02024111892810052,0.019176702099585132,0.004326348274647503,-0.06406342507067686,-0.01761700114628605,0.9829780266367881,0.8032755541188813,0.025490503407480786,6.543651622761513,13449.034165807396,0.002,0.16708567758969706,0.23367816483628068,0.0,0.0,0.0,0.018831971100897293,0.0,4.605813459916548e-15,4.497864706949754e-15,-0.001173085992089966,-0.019098758930258877,1.0
independent_signals,20261257,0.0004325260492371758,0.011400434459394817,-0.022362464943377795,0.04090684865969922,0.019966025297933978,-0.010518809213665006,-0.022974254165301272,0.013404919758046361,0.01174030449028305,-0.05769547743750314,0.023900143118067783,0.9717925187511843,0.7234058135036792,0.07057159350655719,6.563829614034034,13444.559781129823,0.0028,0.06318240248696964,0.21078290435733515,0.0,0.0,0.0,0.02742258342965065,0.0,1.8965114246715198e-15,2.3812224919145757e-15,0.04713220102274431,-0.016575008357647955,1.0
independent_signals,20261258,0.00045960722551827154,0.011761916698323969,-0.014860205064202495,0.04473164083074299,0.019905783585617627,-0.02199029604184542,0.05988425315437292,-0.00498509111614406,-0.0039565781623366325,-0.07598527864360971,0.027105305557004515,0.9546076971861006,0.6542875442035969,0.13812436174675688,6.584437672952181,13440.012814267855,0.0016,0.04418666248245413,0.3247086878403641,0.0,0.0,0.0,0.02561548796348667,0.0,3.1156973405317828e-15,2.5135126303542743e-15,-0.032330074392307256,0.012923401120509374,1.0
independent_signals,20261259,0.0003374822069833552,0.011295138319343567,-0.030982568375033277,0.034489370679470374,0.015034549316539267,-0.0018341304793138143,-0.026790322288520012,-0.01750146385904638,-0.02567347245551967,0.017839225278980297,-0.008153583064808146,0.9375378506499223,0.8103981626930148,0.007661067529727125,6.584075264745086,13390.442170783988,0.0036,0.18223859063507034,0.3750065159649649,0.0,0.0,0.0,0.014780871569515686,0.0,2.7093020352450286e-15,3.5718337378718635e-15,0.019389009247497903,-0.011869418015756946,1.0
independent_signals,20261260,0.0001346158187815007,0.011990663509755336,-0.0497350314112194,0.05218240120724878,0.0173758850889583,-0.008396418153450635,0.001194287098003341,-0.024514648180275857,0.01729443884318057,0.08188151105837038,0.0432075060553757,0.871485046171217,0.6603346554325736,0.20732479347225022,6.585942656143842,13471.405338885641,0.0028,0.02271691824541287,0.4876405169840644,0.0,0.0,0.0,0.01901344632923596,0.0,3.522092645818537e-15,5.820766091346741e-15,-0.04078991869547628,0.025339088598357783,1.0
fixed_participation,20261211,-0.00010744243127084908,0.024367416101703704,-0.08260643013187981,0.14122509214339776,0.03651212642737587,0.19745706815685996,0.16918503276667918,0.08016019562609024,-0.02300877624159971,4.235868857799517,0.41254881745855543,0.8329200413567642,0.3286621433845203,0.6003614285679328,7.187172384348106,13831.266092275953,0.0108,0.019699076563605884,0.5624278367294114,0.0036,0.024,0.0,0.2892947579119505,0.0,2.84476713700728e-15,1.4551915228366853e-15,0.46013161021316734,-0.018385413791888055,1.0
fixed_participation,20261212,0.00034716197259173606,0.01863321297234731,-0.07906635961805615,0.09665678022272914,0.025229773237843523,0.13712469527402774,0.18728913216296714,0.044354850220159926,0.01201221388668278,1.3588007487855531,0.36066948155775025,0.851967995687094,0.3200833624223766,0.5654909092683953,6.846669764941069,13700.024881311425,0.0064,0.01626281933900118,0.4480374968181644,0.0,0.0044,0.0,0.1946869901460937,0.0,2.4383718317205256e-15,2.645802768793973e-15,0.07629801939005469,0.011176156829942017,1.0
fixed_participation,20261213,-5.901393333099989e-05,0.017433488576326445,-0.050875168424569406,0.09248664857993578,0.02633752595807798,0.10297913217326447,0.11508816355586524,0.018587578653000914,0.03663201636812378,0.8283856747964897,0.3257413223025143,0.8047255274512086,0.32105653816715196,0.5777766950426052,6.884977731092791,13565.364357172683,0.0048,0.016744415606977668,0.4695687953987273,0.0,0.0028,0.0,0.14846452621809125,0.0,1.3546510176225143e-15,2.3812224919145757e-15,0.06414512738294241,-0.03356968757484333,1.0
fixed_participation,20261214,0.00047583001945788474,0.012088124137160176,0.0003676820407595925,0.0583224816648468,0.023095308986166872,0.008576936319954936,0.040281311800038744,-0.01109551754490326,0.017882942186275258,0.06998070648048582,0.09320048808308898,0.934591578563161,0.591682535297321,0.15454225654826761,6.596394389171901,13471.276336639163,0.0036,0.10684572152904541,0.26226368794752697,0.0,0.0,0.0,0.05845488553586864,0.0,1.7610463229092685e-15,2.9103830456733705e-15,0.02476163708730604,0.007401952848700169,1.0
fixed_participation,20261215,0.00025574817323462183,0.012192824638631757,-0.0019171965556041915,0.025172773891455648,0.010898675803458517,0.007499283036819434,0.040935382211227216,0.027471689239788398,-0.026917507218751188,0.04263230805019047,0.08491069676686068,0.8520996341184041,0.41015321219593537,0.23265151191442524,6.627348798370291,13423.128068531105,0.0024,0.07379358863984756,0.3818044310556331,0.0,0.0,0.0,0.05298614085629061,0.0,2.7093020352450286e-15,1.5874816612763839e-15,0.0113882351884559,-0.00445301087270676,1.0
fixed_participation,20261216,0.0004905971807590731,0.011417833617467657,0.011098920440762751,0.05596329109022432,0.020294255278442395,-0.006547324173325424,-0.007468882586169166,0.006867939237344926,0.007712409246804608,-0.08969745664353335,0.04595636310228467,0.9337035444416286,0.6998875268297086,0.03929008245207532,6.5448799232207815,13481.891834067119,0.002,0.09047421106935437,0.468097686545636,0.0,0.0,0.0,0.03697508154315243,0.0,2.7093020352450286e-15,4.233284430070357e-15,-0.06198976020283628,0.016604259551604484,1.0
fixed_participation,20261217,0.0005944211208708164,0.012311936490409792,-0.03084971819083683,0.045009545530009125,0.016970651553936487,0.021358579279426627,0.027689430081140855,0.0036948918716948323,-0.0058268886076636005,0.08282028275172593,0.13871788287503897,0.954523480470434,0.6632150260373169,0.13732167491548244,6.5493693843799665,13568.128304728838,0.0028,0.08235289427179887,0.3230640350956019,0.0,0.0,0.0,0.06138998482253588,0.0,2.7093020352450286e-15,5.0270252607085486e-15,-0.047785380312083375,0.013928317108773493,1.0
fixed_participation,20261218,0.000850624686344418,0.01376472385208459,-0.05110835012808772,0.06787777093997976,0.028100473808590563,0.09827918572546901,0.09500851589957109,0.0397161965046028,0.11008294551361704,0.8329223132910375,0.28854571126530393,0.9580465955251284,0.5757533799375706,0.24317726930722752,6.604306621355463,13626.776258648408,0.0088,0.06475721032446574,0.2823333155375255,0.0,0.0016,0.0,0.08940181146779702,0.0,1.3546510176225143e-15,3.5718337378718635e-15,-0.15647387900242865,-0.013582069938597044,1.0
fixed_participation,20261219,0.00017184097537182802,0.019545273593889703,-0.11847267890130472,0.11847267890130472,0.031199239435160297,0.12525240220770217,0.1105974679577989,0.012108247226226157,-0.03133162579618588,0.971639974494741,0.3145035584150512,0.7815374221283521,0.3090967686561464,0.5975463292826769,6.86548139073885,13816.314298415113,0.0084,0.016401460932926028,0.45977404409291367,0.0,0.0084,0.0,0.2238473407463546,0.0,3.928487951105291e-15,2.1166422150351785e-15,0.08401015692514215,-0.0037420773808060463,1.0
fixed_participation,20261220,6.341132100705345e-05,0.01962998072227055,-0.05989938609967348,0.13323024267522843,0.031436692146420184,0.19218571630421064,0.12995861283052548,0.018436349379037088,0.014288936159109518,1.8431132428587036,0.3769741053550929,0.7861384305594363,0.3513387226649119,0.5814261494691663,6.919540786340414,13752.418029289161,0.008,0.02475499114705966,0.47764476127620814,0.0016,0.0096,0.0,0.18602436457333194,0.0,1.3546510176225143e-15,3.1749633225527677e-15,-0.04102734296180192,-0.010953812971070202,1.0
fixed_participation,20261221,0.0001465934426026891,0.015059833195718094,-0.02904638301762887,0.08243931120942824,0.025277305056278444,0.11262082502397132,0.13116083749452045,0.01210139149043785,0.007842075383515711,1.037514809029079,0.2782551019513284,0.8281600128775674,0.3529431043981862,0.4566533509774915,6.713225847892365,13647.397878144262,0.0076,0.027871179939587404,0.5384082804548982,0.0,0.0044,0.0,0.16440110860391388,0.0,4.063953052867543e-15,1.8520619381557813e-15,-0.07789427680775338,0.00014559236379540932,1.0
fixed_participation,20261222,0.00032338178022011163,0.011434778637527876,-0.005233416662830194,0.04768038053382135,0.01605232883262868,-0.006619196374639096,0.004043111687280483,-0.024505952561753228,0.01919698187235906,-0.04449022869939956,-0.02041778578224566,0.8674191494316217,0.6007684823620842,0.06269808726683643,6.5694973836877555,13450.304802438819,0.0024,0.11382339529640192,0.33080503515173254,0.0,0.0,0.0,0.03549434927738426,0.0,5.5540691722523084e-15,5.556185814467344e-15,0.06738695555339697,0.00822823915906566,1.0
fixed_participation,20261223,0.000508752723878214,0.013755173136580257,-0.04174414234011134,0.06113567255646303,0.023107384006764993,0.0993340651720471,0.06435508764205145,0.011357729093529017,0.032968387708247296,0.6988625880526773,0.2762337563096143,0.9425959596658663,0.3386226783735236,0.3313042196726785,6.563106325627285,13677.776301645892,0.0056,0.025780039956259344,0.41372927574778073,0.0,0.0012,0.0,0.09941849966386473,0.0,3.1156973405317828e-15,3.7041238763115625e-15,0.11115735652644199,0.04701894236439032,1.0
fixed_participation,20261224,0.0002487190345915721,0.023373721663312034,-0.07659826309254306,0.15401408277638468,0.02820863487358193,0.22351009419774295,0.19931397911625012,0.12189775455579202,0.04029800595295073,3.286390665849818,0.433843003631492,0.8626785916818593,0.3127055498670642,0.5994929385869517,7.099510096662859,13748.610608008155,0.0136,0.041771227847248196,0.3664955714757817,0.008,0.0152,0.0,0.2092661784303922,0.0,1.8965114246715198e-15,1.8520619381557813e-15,0.04821980369245617,-0.03240229310756268,1.0
fixed_participation,20261225,0.0007045651164942011,0.011893955666585767,-0.011283350571475531,0.042117193260693256,0.015391968754692103,0.029736621973957194,-0.00793400691127167,0.017955933554039894,0.03692544505278407,0.06653258116125071,0.12864434608406541,0.9550597761955844,0.6733562111322823,0.1104274407728545,6.546406032418739,13501.40825375662,0.0032,0.16726109690227048,0.29666313788198106,0.0,0.0,0.0,0.04649120471787138,0.0,3.1156973405317828e-15,1.5874816612763839e-15,0.024371508789485442,0.0041316208320775465,1.0
fixed_participation,20261226,0.0002529161230750706,0.015966024675710396,-0.05922612311392852,0.07572804604854282,0.023385750806526683,0.12217222580822978,0.09679824386636693,0.03692763535739367,-0.001082798076993179,0.49222572393367603,0.28957996111590406,0.8496080140938943,0.3588809054645469,0.5085818847575921,6.783374780713522,13616.606946559978,0.0056,0.015541588514585203,0.43129805275323374,0.0,0.002,0.0,0.13444782432220248,0.0,1.0837208140980114e-15,2.778092907233672e-15,-0.016110618737535096,-0.0029606575009818717,1.0
fixed_participation,20261227,0.0005615882714531559,0.013776132344329662,-0.058081466385259566,0.058081466385259566,0.0205919575075422,0.07460457760851323,0.04599339001362916,0.09878206109214764,0.03522910829754428,0.2908837455478488,0.25126428984731236,0.9445185620414809,0.4757249042617099,0.2858205046988782,6.6023446241877695,13634.022187307206,0.0052,0.05457673499539099,0.3103674060953422,0.0,0.0008,0.0,0.07607620196843667,0.0,1.3546510176225143e-15,2.248932353474877e-15,0.010686207705248458,0.005892735756278744,1.0
fixed_participation,20261228,0.0003370570660706289,0.015071896525594522,-0.03746620741950063,0.08851220265412905,0.030343239799916592,0.1292042465409455,0.11857252510070435,0.07951735356531772,0.05560674428843655,0.8471763868104549,0.3349636141255372,0.9344400875350574,0.35462199165715286,0.39273274845825584,6.689461177789644,13618.49409208779,0.0072,0.02187191789501,0.2871139623257427,0.0,0.0012,0.0,0.09182775942252985,0.0,6.095929579301314e-15,1.4551915228366853e-15,0.08433016170735931,-0.016270479867447556,1.0
fixed_participation,20261229,0.00025002538983359874,0.012805640347689799,-0.05792557596188163,0.05792557596188163,0.01995808736478098,0.055502029074037756,0.0528898454027768,0.010940591300874037,0.0007447997458990341,0.09163338843729285,0.1958786180256783,0.9233406566590754,0.41648398225918654,0.2429502226131968,6.6177866954219695,13502.86333748619,0.0048,0.04665826931987504,0.3821879441244139,0.0,0.0,0.0,0.06547398891648193,0.0,3.1156973405317828e-15,1.8520619381557813e-15,-0.053018408519784045,0.011219749164747803,1.0
fixed_participation,20261230,0.00046563331140655394,0.016062498981657417,-0.02590952494195888,0.07218814876153164,0.023903173316817204,0.0828767541317056,0.0955001041244728,0.048228736151754145,0.020115726001258827,0.7970906918361158,0.2691233779326786,0.8944517828351196,0.3623240646330147,0.4694772825275429,6.697431724325995,13722.522091793913,0.0064,0.05159895245266864,0.301173096978427,0.006,0.0024,0.0,0.13001680075637756,0.0,3.251162442294034e-15,1.3229013843969864e-15,-0.04731677823922786,-0.0025732674456246545,1.0
fixed_participation,20261231,2.2132227330580888e-05,0.01321800143084312,-0.0295430605655214,0.049851484278392345,0.023609696374659365,0.03782753327920854,0.06431847724036703,0.01800436329359205,-0.01353954112900447,0.09032678655526549,0.1426750875790128,0.8453553366871112,0.35273922283591225,0.3405605454439797,6.658293385227635,13503.558449709853,0.004,0.03948622551269222,0.41169055507043895,0.0,0.0,0.0,0.0863558159988227,0.0,2.980232238769531e-15,1.7197717997160825e-15,-0.004937034246299264,0.048393554591154374,1.0
fixed_participation,20261232,0.0005284924699993699,0.020115731342971583,-0.0687370814571687,0.11667190772435482,0.034130749723251655,0.26475772124723473,0.28300101591801724,0.14520336410067858,0.08830668843943107,3.5465149659728423,0.4755036745772681,0.9155858572281869,0.3335288429160151,0.5218394467805724,6.818042823384978,13941.410220288932,0.0124,0.028495074130680906,0.3784534318283487,0.0032,0.0096,0.0,0.19205876972313463,0.0,2.7093020352450286e-15,1.8520619381557813e-15,0.15789301604864578,0.020658377924687978,1.0
fixed_participation,20261233,0.0001234951290385748,0.013962479551036145,-0.04905521842841064,0.08629163355024676,0.020164303393082623,0.06875132800935152,0.042731860833978765,-0.011997887767197795,0.005936071864728394,0.14388403426128216,0.15832062772724878,0.8360034455992648,0.3441361737015675,0.4099466112180975,6.686193505753834,13522.960288695764,0.0032,0.06366414715713185,0.3061039151582975,0.0,0.0,0.0,0.10564529302554093,0.0,2.573836933482777e-15,2.1166422150351785e-15,-0.02617459395391793,0.061534556434009256,1.0
fixed_participation,20261234,0.00029456073150269476,0.015970171564178258,-0.06597163155954916,0.09210615495686883,0.02308969296495738,0.10789524068565946,0.09982343041922052,0.05340362157466941,0.03645397677471669,0.7033181432913334,0.28406399289152295,0.8374261732992145,0.31170297416886283,0.5250278739318506,6.7463890783764064,13614.595798457325,0.0068,0.014787589462450637,0.35998916598860187,0.0,0.002,0.0,0.12503517967074984,0.0,1.4901161193847656e-15,2.1166422150351785e-15,0.02283740783741687,0.01832473459396999,1.0
fixed_participation,20261235,0.0006288705065683303,0.01810733193264662,-0.05893998147921897,0.09620478867764543,0.034148017373705375,0.24615361828738697,0.2201001640507294,0.1498409541647073,0.08207557863636099,3.852096545079113,0.449820252958146,0.9466635825448073,0.43942875042014656,0.3919973708974533,6.771525132611621,13733.337868495291,0.0156,0.0533738580227288,0.46585072047896514,0.0,0.0088,0.0,0.12098217419502677,0.0,3.1156973405317828e-15,2.1166422150351785e-15,-0.2492751502416053,0.0077861408672413816,1.0
fixed_participation,20261236,0.0007785075637984367,0.011620015226306044,-0.017605897010926057,0.04539744533617044,0.01753253618906601,0.016702660575829198,-0.0037452995962626067,-0.003241627172041656,-0.00405221523979474,-0.03750156707958219,0.05339260543478666,0.9506411613429183,0.7219981982002298,0.045963307477490105,6.592403834964075,13414.771373130498,0.0032,0.14178459609277808,0.17505432951658761,0.0,0.0,0.0,0.028448476212074247,0.0,2.7093020352450286e-15,3.5718337378718635e-15,-0.031105544147236555,-0.021570964842294867,1.0
fixed_participation,20261237,0.00020782868931179727,0.01291864098262135,-0.014496147591376417,0.05224802664753263,0.018578880947515176,0.037587160384329035,0.023851044536659566,0.04090214420508923,0.02133176317451476,0.1446905761741908,0.1529492755723403,0.8678507124608669,0.3632708999742925,0.35113358629552543,6.612155733496837,13560.251653309322,0.004,0.04067623142965055,0.48006705647511516,0.0,0.0,0.0,0.09383816023624525,0.0,3.522092645818537e-15,2.5135126303542743e-15,-0.03428212128149486,0.004592950168404721,1.0
fixed_participation,20261238,0.0003334915353755932,0.012112491175580116,-0.05242149758980892,0.05242149758980892,0.024001488003563547,0.017863412458440097,0.041349689110518235,0.03038471678057555,-0.011311679726514604,0.014183152036026048,0.14879681708175393,0.929692211485869,0.4265875440486077,0.18332965424809097,6.5571289647667355,13549.238028916328,0.0036,0.0814397581648448,0.3525150666672975,0.0,0.0,0.0,0.06985903449395314,0.0,1.625581221147017e-15,4.89473512226885e-15,0.08490173603477076,0.023491953241682195,1.0
fixed_participation,20261239,0.0005170149332391318,0.014487787106209706,-0.04561853300827634,0.04869582462899407,0.020267689083669247,0.0952010936643959,0.06742479564547971,0.04554469275632211,0.052739100912781924,0.49326752888386105,0.24394702348874675,0.9082650730412772,0.43758425631122766,0.3790040992413744,6.66325159117755,13644.540712619955,0.0064,0.022820453835827866,0.3209451075441908,0.0,0.0012,0.0,0.09363475400556376,0.0,2.302906729958274e-15,2.645802768793973e-15,-0.05666499052887434,0.021603894909867097,1.0
fixed_participation,20261240,0.00016508971814810743,0.01194044550277591,-0.047859002216955646,0.047859002216955646,0.0222531194086951,0.04311603466880355,0.045689712125815685,0.001540780845770548,0.02297496940381659,0.03397468325787267,0.11946376723436279,0.8548137240124074,0.3654768968272051,0.24039754353445889,6.5707890986678175,13519.42113515083,0.0032,0.041393719587725544,0.3606843360302916,0.0,0.0,0.0,0.07101843969474997,0.0,3.522092645818537e-15,3.3072534609924663e-15,0.05693483567459234,0.01425424719171979,1.0
fixed_participation,20261241,0.0003945719522226902,0.01744038271164389,-0.05243459942666471,0.09505449071641407,0.03797515679067757,0.11036736776552057,0.11027688590491874,0.039232830657593226,0.018647747129129106,0.571150819794541,0.30961948283112134,0.8984975960029067,0.3060258985183298,0.5468946137487688,6.849110639262228,13620.082184913506,0.0052,0.03994241316995758,0.31120207780208553,0.002,0.0044,0.0,0.12758547955883226,0.0,2.980232238769531e-15,2.9103830456733705e-15,0.08652107747152323,0.004650163585331566,1.0
fixed_participation,20261242,0.00047144230980897424,0.01461022932430607,-0.039199966256034356,0.08639177881515364,0.031124624108673105,0.10538743360704791,0.12194432710651976,0.11063218660324313,0.08255980212704193,1.0558075003374334,0.33628290756537926,0.9495299397248523,0.3594001971541393,0.3677273210443435,6.635816775268471,13654.898101754921,0.0076,0.03743135676759598,0.3051323166092087,0.0,0.0016,0.0,0.0969452185211126,0.0,2.980232238769531e-15,4.233284430070357e-15,0.056929272009274015,-0.016308909197537802,1.0
fixed_participation,20261243,0.0005408258652649664,0.015068099952963992,-0.028649972923978348,0.11151210410988743,0.032240840191557124,0.08510453466753724,0.10229511461157174,0.050564403621999106,0.06860043242411547,1.1188336306456312,0.2769159573348863,0.9025929788342912,0.3404434979299709,0.4544149036585564,6.584992405243377,13862.489540385235,0.0076,0.01979595279581226,0.27787995914772956,0.0,0.0008,0.0,0.13651044883204122,0.0,2.4383718317205256e-15,1.7197717997160825e-15,0.1464681626131764,-0.029555986154004274,1.0
fixed_participation,20261244,0.00046129266997892523,0.013354418287715832,-0.016364351341600396,0.054511394768255776,0.016967081800311853,0.06782407287868378,0.023176566358377445,0.03186293839016589,0.020682120498677518,0.3568551685790111,0.19560223874987384,0.9171579146868731,0.3868782092679715,0.2958858933510047,6.62885159892441,13533.332784084952,0.0056,0.08576317177117633,0.3617238488716097,0.0,0.0004,0.0,0.09867117119157931,0.0,1.8965114246715198e-15,3.7041238763115625e-15,-0.04901311816602968,0.0177874188012668,1.0
fixed_participation,20261245,0.0006330515697107238,0.013774273910703475,-0.05205598336335417,0.06865585371690101,0.02754785309758001,0.15246176049586554,0.1319329364870279,0.10130738996367451,0.04683281032206752,0.8795528084995983,0.32667881062836174,0.9565122475854316,0.5655169936586122,0.2571932752535635,6.613028628047039,13614.895078439045,0.0072,0.074582494722961,0.3627799656039724,0.0,0.0016,0.0,0.09200936125917769,0.0,1.625581221147017e-15,5.556185814467344e-15,-0.12625494491806372,0.05733175003249583,1.0
fixed_participation,20261246,0.0006032948726931249,0.013136867261612428,-0.03114018288663816,0.04785296309104693,0.016848821368635157,0.03184230431845621,0.05590695629003088,0.029094502292427996,0.031416340646273605,0.42902309835822106,0.23211615949921674,0.9536981119181144,0.4473490425565306,0.25544404884669675,6.528141318876001,13676.96005657056,0.0048,0.03908846460885369,0.3387719110404064,0.0,0.0004,0.0,0.08086539549107341,0.0,3.928487951105291e-15,1.8520619381557813e-15,-0.012797131294049632,0.002489615387378908,1.0
fixed_participation,20261247,-1.0653843307484934e-05,0.013495496761608522,-0.08113656271338691,0.08113656271338691,0.01745513015511998,0.09477940895848495,0.06594936834071766,0.021758762275447163,0.02475560209635501,0.48870533812785144,0.2107022936301001,0.8830620101507564,0.35285531899630923,0.3983719875992874,6.694873683648627,13493.111623920417,0.0052,0.019710628956441507,0.5541461979777607,0.0,0.0,0.0,0.0825023451115201,0.0,5.0122087652033025e-15,1.98435207659548e-15,0.04701644998863974,-0.026887084934823117,1.0
fixed_participation,20261248,0.0003809908663763153,0.012934926360091565,-0.04169966617803255,0.06601638358042118,0.02415083092577342,0.08529937162806406,0.07690859527808196,0.018560280265000638,0.0024678949433246137,0.4558739133134244,0.2311063147303817,0.9215261166918799,0.4713179091227613,0.2586616325513089,6.5823877817556955,13645.346663934368,0.0052,0.07733229620991756,0.4199605574176072,0.0,0.0004,0.0,0.07433883032515021,0.0,1.625581221147017e-15,1.8520619381557813e-15,-0.00662005413739206,-0.008021379726799683,1.0
fixed_participation,20261249,0.00035779437829485766,0.012298119500065595,-0.053894971830147693,0.053894971830147693,0.019039580494957686,0.019291337891655765,0.03621867788192955,-0.00918415707527265,0.014368990141218766,-0.01043736451161914,0.11587515088695523,0.8854946905458666,0.35702750115273607,0.2502850481940809,6.5411978608814,13604.566207523025,0.0032,0.07526442857898971,0.28304879571727504,0.0,0.0,0.0,0.08324762689488097,0.0,3.7930228493430395e-15,5.1593153991482476e-15,-0.03543200166936294,-0.035161517400629276,1.0
fixed_participation,20261250,0.0006216996937429805,0.011848044283711846,0.010869236031123268,0.041146021221373084,0.017909095799712692,0.002815585608327939,0.012756070301767055,-0.030684202469880666,0.003009834806511487,0.003994327602596659,0.025560420389874904,0.9470424037047037,0.6348369881632179,0.1172635282512123,6.531594456020539,13553.941136955642,0.0036,0.12577254918135378,0.24715602950350668,0.0,0.0,0.0,0.05745266459587928,0.0,2.1674416281960227e-15,5.0270252607085486e-15,0.020769479797394616,-0.009611426246596173,1.0
fixed_participation,20261251,0.0003691848644626795,0.027339175449215613,0.009380481706615304,0.20287410359602523,0.04854076782554191,0.39837960076470497,0.31077886218052253,0.18324762779604495,0.10873828842789815,12.324021318898554,0.5582533486391742,0.9345390677304892,0.4058946174026159,0.4904607554862871,7.064398303378547,13942.288454689033,0.0156,0.08029879593128697,0.623355330253831,0.2164,0.0288,0.0,0.22478057940463203,0.0,2.302906729958274e-15,4.762444983829151e-15,0.3099309852594492,-0.05661165481687608,1.0
fixed_participation,20261252,0.00021832137037968309,0.015246886831818315,-0.020045778053233834,0.07239218888805876,0.020227038533462288,0.031342526836825604,0.05791843563469102,0.034381360764989204,-0.008409111079727166,0.634690851008227,0.2290505348992298,0.8196110673132517,0.35612299428560873,0.4569933529726689,6.725101086833191,13582.827799784049,0.0052,0.03574912559666857,0.37158985372237585,0.0,0.0012,0.0,0.14097370018915423,0.0,3.928487951105291e-15,1.8520619381557813e-15,0.12220722563556134,-0.029193039035633906,1.0
fixed_participation,20261253,0.0001545090377322307,0.015201528177768249,-0.06514867999425704,0.06514867999425704,0.023017244596921074,0.07784853992472539,0.10828136375571415,0.03460603913798015,-0.00064135460452637,1.217317483758042,0.2785584908225428,0.8891792293090258,0.34546900823937343,0.4545543817544475,6.74202216083258,13544.708077992866,0.004,0.019342698237780398,0.40150745980688185,0.0,0.0008,0.0,0.10234930815708676,0.0,1.625581221147017e-15,4.89473512226885e-15,-0.03521514179782651,-0.0005146893999439273,1.0
fixed_participation,20261254,0.0002064415975157111,0.017484398043572973,-0.060094103780920886,0.09615341013003906,0.023809432077735018,0.12838260208716562,0.1541968457814652,0.051297805152807574,0.008699984015424374,1.1080227796873938,0.3141526689553845,0.7832852361613636,0.3222460095188769,0.5446823009713728,6.85466200372263,13649.857822109729,0.0076,0.014354545634694972,0.4462302056638381,0.0,0.0044,0.0,0.17098090930740062,0.0,2.573836933482777e-15,3.1749633225527677e-15,0.06526073817045046,-0.019212561222242398,1.0
fixed_participation,20261255,0.00040188156843921127,0.01317253615356717,-0.00723697857683189,0.0720350764467078,0.018753974969498596,0.10429387303435839,0.10269944345989117,0.05161365141733373,-0.005855896387052656,0.6979492993776852,0.2807734763540942,0.9459538995544045,0.4214446173294771,0.26543506249417215,6.627946683937318,13552.52258159195,0.0068,0.05800878491642732,0.2654906779054381,0.0,0.0012,0.0,0.07781533619624126,0.0,3.3866275440562853e-15,5.291605537587946e-15,-0.01060932256763451,0.04616576271404303,1.0
fixed_participation,20261256,0.0009048813011374922,0.011544071608505764,0.006810574030194992,0.04781448541744581,0.017943993882958774,-0.005770676655568834,-0.006547830629610243,0.017813871094646924,0.027024111345280155,-0.005489918266786908,0.0933712611890384,0.9586963706812053,0.6781613964880892,0.09470236698414512,6.506845624628844,13564.024962667656,0.002,0.1669269956089898,0.23367834711140745,0.0,0.0,0.0,0.046629599909005615,0.0,1.8965114246715198e-15,1.4551915228366853e-15,0.011976356679036815,-0.02990955677316216,1.0
fixed_participation,20261257,0.00044301351107081503,0.013314441817626244,-0.06360329760565753,0.06360329760565753,0.020086411087641788,0.06542824207374523,0.051050507482807844,0.05956682112375061,0.03812692171640735,0.14941863182105974,0.23537298101048812,0.943790815050569,0.38200359251007004,0.3177178857175747,6.603975299269122,13559.426158483628,0.0044,0.03570471676954663,0.21125493546053808,0.0,0.0004,0.0,0.0747014016351959,0.0,2.573836933482777e-15,3.7041238763115625e-15,-0.01408465064080337,-0.02896052581472665,1.0
fixed_participation,20261258,0.0004665340149318787,0.014263990165126313,-0.01897811620934971,0.07022104014364065,0.017462301129461226,0.04200934333075032,0.12270224093198145,0.03231950519160123,0.03995028161380517,0.6074406966872776,0.2584051148435772,0.8999060510839404,0.401140640249358,0.388099549327983,6.628333643587716,13716.219100070912,0.0072,0.0230824352829938,0.34583554552052975,0.0,0.0008,0.0,0.11576112718941256,0.0,2.4383718317205256e-15,3.1749633225527677e-15,0.00981277250475602,0.015408582229340799,1.0
fixed_participation,20261259,0.00033626406076469164,0.011306527575677188,-0.03363422167743526,0.03399880701367571,0.015445473092125257,-0.0018474864911295402,-0.02863300661268835,-0.015974573478758868,-0.027836808847582627,0.011807881185977198,-0.0002457848189709578,0.8877525466417594,0.7322862929769126,0.01473221254832222,6.573687917341901,13411.320596731312,0.0036,0.22880731472968896,0.374681097467921,0.0,0.0,0.0,0.04254700966140934,0.0,2.4383718317205256e-15,2.1166422150351785e-15,0.017419553521514457,-0.012464082877226551,1.0
fixed_participation,20261260,0.0001418346091037634,0.020677801219003023,-0.061654009746992006,0.13582644371314742,0.031381845128819655,0.1454441609707289,0.1501649642894857,0.047934753785225145,-0.015307382098960126,1.9516183497509285,0.3714539639861201,0.8150064082469258,0.3058672575483408,0.5885311237887566,7.027540189036019,13681.788884345391,0.0104,0.01606003999963022,0.48750584336990843,0.0,0.0092,0.0,0.2054174968749869,0.0,2.0319765264337714e-15,3.3072534609924663e-15,-0.12549101970529206,-0.03752420475147157,1.0
fixed_liquidity,20261211,-0.0001238124364784273,0.020272910414734897,-0.0313623836966442,0.1382014604864689,0.0307896586407147,0.09136444113518365,0.058433563677744146,0.013343256343286626,0.010553343967245372,0.40802603733817966,0.289513300341975,0.7730301855610615,0.40991055601992615,0.6152812777905844,5.761080049675014,16000.0,0.0052,0.017851048699005834,0.5587412308016204,0.0,0.0076,0.0,0.247242062382385,0.0,2.1674416281960227e-15,4.365574568510055e-15,0.07972453585092333,0.026177010611034307,1.0
fixed_liquidity,20261212,0.0003422976237861679,0.01577640045573367,-0.03083951208973569,0.09078476040628844,0.023138841416535216,0.10048108764837375,0.09778636600729726,0.0054048603907805425,-0.005148396379214624,0.5683487928691124,0.2660153589689962,0.8322208772708689,0.42680456425832924,0.49214016778154623,5.59324580731724,16000.0,0.004,0.01824285578561894,0.43812812235529897,0.0,0.0012,0.0,0.13718093197759718,0.0,4.470348358154297e-15,4.762444983829151e-15,0.050868749440507566,0.010408545741958325,1.0
fixed_liquidity,20261213,-6.51775497282486e-05,0.0148753790610293,-0.019135233373713312,0.05417095046190018,0.020541538894828303,0.0765120275208188,0.04271265914941161,-0.009027268138452246,0.04402448697801526,0.35464820144343534,0.2297463490626732,0.7827316708480161,0.417705205933568,0.5025291094949768,5.562111475541356,16000.0,0.004,0.019512786870879786,0.46069226891153703,0.0,0.0008,0.0,0.11027957290798218,0.0,1.2191859158602628e-15,3.3072534609924663e-15,0.022862509925022673,-0.025982263323902938,1.0
fixed_liquidity,20261214,0.00047791903873523116,0.011786012824898719,0.010587426246821872,0.054727908647478674,0.0216871106834103,-0.00771400178797339,0.01842033729124241,-0.02117400847963068,0.011924854070832006,-0.00334639857882868,0.04605306937013355,0.9266407986997345,0.6563003878632437,0.12001608922746253,5.451841346377437,16000.0,0.0028,0.10261854139045735,0.26348082285376895,0.0,0.0,0.0,0.047030979725295685,0.0,2.1674416281960227e-15,2.1166422150351785e-15,0.008358678217646656,0.00874335963591872,1.0
fixed_liquidity,20261215,0.0002613171023745579,0.011895344652361839,0.00993420518471372,0.028789939169715027,0.010760517212686518,3.374589377029611e-05,0.029102035638686047,0.024945037993135456,-0.02147695411782242,-0.009618501985440009,0.05214321974225377,0.8398868405726868,0.4688619859383361,0.18662127873733836,5.4572697442103095,16000.0,0.0016,0.07928018370014786,0.38775900357701576,0.0,0.0,0.0,0.04924566525371743,0.0,4.605813459916548e-15,3.5718337378718635e-15,0.02319807531708101,9.895438522671957e-05,1.0
fixed_liquidity,20261216,0.0004924087765336349,0.011352590227156052,0.015706858715159037,0.05361584403544545,0.02076414878174013,-0.0075518327222975565,-0.008206716733162388,0.007312393914177002,0.009717431922493998,-0.11015123124265225,0.031330924517308505,0.9290139281612863,0.7419403084988789,0.026104739484342474,5.437086545798691,16000.0,0.0024,0.11796898539948696,0.4724657922795157,0.0,0.0,0.0,0.03419945127954782,0.0,3.522092645818537e-15,2.1166422150351785e-15,-0.06529288730313292,0.01570663952459104,1.0
fixed_liquidity,20261217,0.0005947581929460607,0.011934078757879756,-0.016518335709656218,0.047976085134051334,0.015356707297813419,0.0003007853943541392,0.006328230581512671,-0.009544832337651533,-0.010141855382069489,0.028995430589741744,0.08193257157651368,0.948100789120489,0.7187966506379955,0.10256793982212768,5.458386575398234,16000.0,0.0028,0.10664289574700132,0.3243196899658719,0.0,0.0,0.0,0.05484319963935147,0.0,3.7930228493430395e-15,3.439543599432165e-15,-0.05297623201755109,0.019038746033505128,1.0
fixed_liquidity,20261218,0.0008517363438523233,0.012670856204256311,-0.03236836007779281,0.05751641269303501,0.024494576254283622,0.03394887370270064,0.0261484737485256,-0.007832513650051505,0.07762434010261615,0.30040644525162286,0.16793574617600485,0.9515284008321298,0.6460748961332132,0.19840414936253675,5.483527586695175,16000.0,0.0048,0.07849476068685476,0.25982635349702543,0.0,0.0004,0.0,0.07380040393930587,0.0,3.928487951105291e-15,1.8520619381557813e-15,-0.13263580651750295,-0.01636968771329019,1.0
fixed_liquidity,20261219,0.00016577538189421688,0.016335452574508684,-0.05251024190146615,0.0603317481938748,0.022493799930319344,0.06472377494002776,0.0482703080067616,-0.003780504604548127,-0.002712206138508003,0.42563298301566954,0.22008252141379558,0.7870054738472602,0.41812059395131324,0.5272385641261923,5.618840594165004,16000.0,0.0064,0.01621502512913829,0.45794419515655704,0.0,0.0016,0.0,0.15583845099185867,0.0,1.7610463229092685e-15,1.98435207659548e-15,0.10221027446013743,-0.003860016564873031,1.0
fixed_liquidity,20261220,5.186321124693869e-05,0.01641096213591028,-0.023944570781477336,0.10211672157795279,0.025493125352206648,0.12997715372307092,0.03583820132791745,0.013996494160483292,0.03207636546979935,0.5548870277516689,0.280880473808593,0.782570392760751,0.4411969156902772,0.527139214041472,5.61735776338371,16000.0,0.0048,0.015209357208942257,0.4807824441108721,0.0,0.002,0.0,0.13256024781359943,0.0,1.625581221147017e-15,1.5874816612763839e-15,-0.06395345461068212,0.020606552619893158,1.0
fixed_liquidity,20261221,0.00014338964891082355,0.013343654318578828,0.009626641631705311,0.0532508724475236,0.019759875062268673,0.06743413811589982,0.05921522401039016,-0.03344855381506396,0.005130022732141631,0.389982967796191,0.16136415734180834,0.8085741276695265,0.4505575225880876,0.3744413058046362,5.505842157282972,16000.0,0.004,0.035033634958022454,0.5296229019538219,0.0,0.0012,0.0,0.12535419236462353,0.0,2.980232238769531e-15,5.423895676027645e-15,-0.07082718958050094,-0.026752711690451878,1.0
fixed_liquidity,20261222,0.00032746823176503634,0.011412095044747429,-0.0017623697121562738,0.04795160772898247,0.015924593748541507,-0.009328379328273583,0.0023820785940258733,-0.02342073931509586,0.016694982502554745,-0.03989511235507193,-0.02669482244557777,0.8638145565914219,0.654818309311115,0.0492020336621885,5.438800269849228,16000.0,0.0028,0.11888121357495308,0.3332620264497269,0.0,0.0,0.0,0.030853199750951577,0.0,2.7093020352450286e-15,4.365574568510055e-15,0.06847506233425958,0.00805057980112878,1.0
fixed_liquidity,20261223,0.0005024991317672377,0.012842877089289427,-0.013161215154419658,0.044276752534702514,0.014876322575479356,0.05156351919844382,0.020942812144764733,-0.01647648115290943,0.013272410883765696,0.24064566096533468,0.18557307008284743,0.9332948437388234,0.4167274798036096,0.2780474686458671,5.489350128141853,16000.0,0.0052,0.05544812495762633,0.4139732126516321,0.0,0.0,0.0,0.08871315050789841,0.0,3.251162442294034e-15,3.836414014751261e-15,0.06643893670012069,0.0452560916125826,1.0
fixed_liquidity,20261224,0.00022919535380924608,0.01857571595944881,-0.0383008166370025,0.12633727231098119,0.02295669894020947,0.09976433709296581,0.07282628850859832,0.05330602836115206,0.021933191652123686,0.40089492989836417,0.29472275660822805,0.8370008234309126,0.3980227400131202,0.5776800516789711,5.697020211741865,16000.0,0.0052,0.01718195093189172,0.3398033949697763,0.0,0.0044,0.0,0.1590868578026674,0.0,4.199418154629794e-15,2.645802768793973e-15,0.06337129401347706,-0.0257372408799983,1.0
fixed_liquidity,20261225,0.0007137139198791466,0.011676631414000138,-0.0044161438098894055,0.036659362259604096,0.01492178150647212,0.01684653131164876,-0.022570235075060067,0.018360767059784316,0.03314468596922025,0.023705930617872628,0.07052746201336287,0.9501082712403612,0.7343460921486968,0.09479841224060984,5.448458818494434,16000.0,0.0044,0.13019450972720975,0.2976216366648966,0.0,0.0,0.0,0.031272717782002246,0.0,2.4383718317205256e-15,2.645802768793973e-15,0.027200674252244074,0.005022481599470256,1.0
fixed_liquidity,20261226,0.00024833420767141485,0.013981163993295815,-0.021238566024575516,0.056803205069972384,0.020758424113402753,0.05658210812047032,0.035574316824055575,0.01035145902085072,0.007203703470427573,0.051015925349080504,0.17806319379352223,0.8252914639366911,0.4513171280721772,0.43251783401221044,5.532805260170251,16000.0,0.0032,0.026359342133733255,0.4107045355007076,0.0,0.0,0.0,0.11607074258796302,0.0,3.522092645818537e-15,1.7197717997160825e-15,-0.02275589064858717,0.005749539287012041,1.0
fixed_liquidity,20261227,0.0005675939165154272,0.012773791231197294,-0.026040498159260215,0.040160125750328436,0.016992211614432845,0.03679583550422955,-0.0029146081642512475,0.07559589834465581,0.012136083940944524,0.038781514788621685,0.16481089556806927,0.935293340009613,0.5416333373188937,0.2226100346637368,5.488617832133107,16000.0,0.0032,0.06293292764930412,0.31115188910338176,0.0,0.0,0.0,0.06309681245326249,0.0,4.3348832563920454e-15,3.1749633225527677e-15,0.0009423223962313102,-0.001462085917540499,1.0
fixed_liquidity,20261228,0.00032634289339325166,0.01365823579840417,-0.013823372244165666,0.06805754554397965,0.023773358953338673,0.09224268821964665,0.04976115248214309,0.05313438738740484,0.02764725417884882,0.28850954876216584,0.24746629011700327,0.924896832921799,0.4353162821036215,0.3307804425413403,5.514671091357273,16000.0,0.0044,0.044301852245716325,0.28823604482583487,0.0,0.0,0.0,0.08110842373289118,0.0,1.3546510176225143e-15,1.7197717997160825e-15,0.033938995049804944,-0.021502402073777422,1.0
fixed_liquidity,20261229,0.0002463055058424093,0.012297075324028612,-0.04681243413436881,0.04681243413436881,0.016681425219188854,0.040184520099363207,0.01792220545248594,-0.0003322193187198392,0.0023452893832372514,-0.04033463026597106,0.11696387471215974,0.9110654787686999,0.4739233999607548,0.19927363185192581,5.471807396507236,16000.0,0.0036,0.0725898901201296,0.384058995754085,0.0,0.0,0.0,0.058758336720782234,0.0,3.928487951105291e-15,2.248932353474877e-15,-0.05981445520072084,0.007512088240160856,1.0
fixed_liquidity,20261230,0.00044107707492273144,0.014552268015601071,-0.004866613515708203,0.073225376899645,0.020426906771305094,0.04666634013548453,0.034695040321337335,0.025934560583124645,0.014445038178308542,0.48467414040196966,0.20144561999111985,0.8763680603411224,0.4422470052639809,0.41338340557223585,5.550514054825621,16000.0,0.0068,0.027698379169920916,0.2842596249922321,0.0,0.0016,0.0,0.12841451883843336,0.0,1.8965114246715198e-15,2.778092907233672e-15,-0.0915236812139759,-0.0014457318074464324,1.0
fixed_liquidity,20261231,2.4937881827192144e-05,0.012512348285848974,-0.016463487421400694,0.050243268590255206,0.021015326868702163,0.02015744866642143,0.041263564828355574,0.019460859208242354,-0.00836353477228582,0.030764617140713657,0.08668635546647126,0.8251855256229134,0.4323255340943896,0.26688762377698166,5.479882830598584,16000.0,0.0036,0.05498260780495926,0.40725775620042304,0.0,0.0,0.0,0.07152669835559089,0.0,2.84476713700728e-15,2.778092907233672e-15,-0.00837800325158398,0.043950561492033566,1.0
fixed_liquidity,20261232,0.0004956976552271225,0.016844907682879877,-0.017422179648456902,0.07762389333891931,0.023290596746823856,0.1480435595594922,0.14222945940913018,0.07934448662347666,0.10081177366958903,1.3414084690391013,0.36032066847363164,0.9064154205598646,0.4373549635203824,0.48485426564405404,5.622664791610172,16000.0,0.0048,0.025404013809039044,0.3822485535069742,0.0,0.002,0.0,0.15510050683363286,0.0,1.625581221147017e-15,2.3812224919145757e-15,0.10550005559003953,0.001731896390569561,1.0
fixed_liquidity,20261233,0.00013527732396496255,0.012803942213462543,-0.022820006209297156,0.059795148988686306,0.017429104873188273,0.052670289913238764,-0.0010041661107115512,-0.015976636427059075,0.009494148382957025,-0.0838312431602346,0.07899490391105302,0.8253725498679123,0.42208342375613805,0.3168955935921601,5.49038524385489,16000.0,0.0012,0.048082753943756516,0.3025768371882741,0.0,0.0,0.0,0.08040812735930802,0.0,1.8965114246715198e-15,3.7041238763115625e-15,-0.04663289022760715,0.05494242940288981,1.0
fixed_liquidity,20261234,0.00027212276331366636,0.014032123999519149,-0.024031499481462514,0.06085755332489471,0.02230023144672688,0.07624338148499173,0.04368213327099354,0.035030816068814356,0.03094767588995372,0.3800052739312285,0.18874556913036816,0.8154726120091583,0.4152984784426762,0.44280619192964066,5.531022325822034,16000.0,0.0064,0.026174213954904137,0.3539490090269708,0.0,0.0004,0.0,0.10222751391907003,0.0,2.573836933482777e-15,3.3072534609924663e-15,0.03186201815735301,0.026461553532832284,1.0
fixed_liquidity,20261235,0.0006369834466746934,0.015070625267889482,-0.023682633543453128,0.06330374743704537,0.026668945856924763,0.1258438322824895,0.11649280903229689,0.07968043128707797,0.07115288064582458,0.7654353303447259,0.33314667679958687,0.9412164988167775,0.5196238800132841,0.34277692276223604,5.561086271337259,16000.0,0.0072,0.048267322623705124,0.45461848817886097,0.0,0.0024,0.0,0.08944302238169732,0.0,1.4901161193847656e-15,2.1166422150351785e-15,-0.06127836060442594,-0.002063882272368247,1.0
fixed_liquidity,20261236,0.0007850142502318942,0.011536701727038225,-0.011663171333304178,0.04702891827241259,0.017063901684244397,0.014185723416670655,-0.005145936727880566,-0.008738704476996798,-0.0052754908535643874,-0.05272214535143638,0.020053603814284976,0.9446614702497724,0.7736813587405831,0.03635277735562228,5.444587049398695,16000.0,0.0032,0.15911047282523505,0.17525592190889294,0.0,0.0,0.0,0.028633236790823302,0.0,2.1674416281960227e-15,4.89473512226885e-15,-0.028005779714441563,-0.023885749686905346,1.0
fixed_liquidity,20261237,0.00020963518303595093,0.01211518213304835,-0.0009116069333942356,0.05073885617006222,0.015898146465500963,0.009791469641815242,-0.012276949280410145,0.024701809360661485,0.021009469216773394,0.028065687891907665,0.0761919946013604,0.8489117867859802,0.4429292209742235,0.27799311788017045,5.464604315067067,16000.0,0.0028,0.05246076124966684,0.4699507597265734,0.0,0.0,0.0,0.07752769150459682,0.0,2.573836933482777e-15,4.89473512226885e-15,-0.01850607691303101,0.010301280477949365,1.0
fixed_liquidity,20261238,0.000336699255306052,0.011774155480312536,-0.03968997183164025,0.04309266025284965,0.021437449684539887,-0.0005168732919401027,0.028190647392949145,0.015531435888838502,-0.01150244183639136,-0.02927505951297782,0.10075490000240239,0.922096634740911,0.4910502929857904,0.13952056666180745,5.451741856442343,16000.0,0.0032,0.0822644701062103,0.3515823417146877,0.0,0.0,0.0,0.05946933008438604,0.0,1.3546510176225143e-15,2.645802768793973e-15,0.08206258284796823,0.015785391988602706,1.0
fixed_liquidity,20261239,0.0005056965216940505,0.013059777944239914,-0.008387012424540026,0.04108088647207105,0.01708016187689849,0.04380693538204784,0.01593626230601999,-0.0008390178440804873,0.043767784901483746,0.07427465767764962,0.13362937197207642,0.8937028736564899,0.502066387150436,0.30610599684208895,5.498810736900542,16000.0,0.004,0.04288495007819061,0.31836924055493754,0.0,0.0004,0.0,0.08132808536728708,0.0,5.418604070490057e-15,1.8520619381557813e-15,-0.07133341176392526,0.0330314062070522,1.0
fixed_liquidity,20261240,0.00016351793087269968,0.011597138466496114,-0.03275020913179146,0.04086031206733052,0.019493595109211437,0.03339841292027847,0.026883780706451206,0.002530504344584548,0.020797848140546547,-0.04631265449458688,0.08854722101803023,0.8371093378459766,0.4327357863446788,0.18928804366541988,5.44465010624053,16000.0,0.0024,0.06872571999656547,0.36124678347714556,0.0,0.0,0.0,0.06212328135211309,0.0,2.302906729958274e-15,2.248932353474877e-15,0.05253573749171892,0.010936961291717036,1.0
fixed_liquidity,20261241,0.00037291407029209085,0.015134289840756007,-0.004918218570888407,0.07648127259460569,0.0271928624962683,0.05003895542555362,0.03582405157658783,-0.005577280342318038,0.0061475347725041,0.03753471667913466,0.21128152718110252,0.8795924196478356,0.38955387895713467,0.4861089253421094,5.574746046394648,16000.0,0.0028,0.026164071048995863,0.3150883350614755,0.0,0.0,0.0,0.1170583168481325,0.0,2.0319765264337714e-15,4.365574568510055e-15,0.024179586183120542,0.006573948509384743,1.0
fixed_liquidity,20261242,0.00046418834960493916,0.013215583666642317,-0.015212579168472908,0.07192846409026106,0.027324509479902247,0.02686443078077371,0.03662510601702493,0.05461512190175761,0.046903216062712305,0.3088378081097063,0.21440926406390826,0.9412366987333577,0.42963060106385104,0.3110732446804033,5.502149351265345,16000.0,0.0052,0.054720174323962735,0.30657794975621544,0.0,0.0004,0.0,0.08145257744603307,0.0,2.7093020352450286e-15,2.1166422150351785e-15,0.045266000864052656,0.004940414175584422,1.0
fixed_liquidity,20261243,0.0005439545867861039,0.01360760031137487,0.009109869982361551,0.0906608233511051,0.023042757044691647,0.04992753763707814,0.059191085895798426,0.03431964920493682,0.062160197345581786,0.29237689256893207,0.20412496346834738,0.8969390498530974,0.4288023857229047,0.3907231197272716,5.517276588039264,16000.0,0.0052,0.03715790475958335,0.2725079162329692,0.0,0.0004,0.0,0.11130483199002517,0.0,3.1156973405317828e-15,3.836414014751261e-15,0.04420376965854257,-0.016003435727913188,1.0
fixed_liquidity,20261244,0.0004648921200252442,0.012613270826273866,-0.013529991228216616,0.04887737664184888,0.013393888401298543,0.05016930554582749,-0.002413708678842447,-0.00426752849924791,0.006316028888401688,0.14319486775279078,0.1286233964040943,0.9112988183236437,0.4612652964221806,0.22250033684333237,5.481372849484202,16000.0,0.0052,0.06403011825511966,0.35873511931826607,0.0,0.0,0.0,0.072071539512371,0.0,2.4383718317205256e-15,1.7197717997160825e-15,-0.0446546045107309,0.010621505695839688,1.0
fixed_liquidity,20261245,0.0006266780641083155,0.012528890665800981,-0.035863323878563336,0.05258007506276375,0.022755482921257116,0.06696043918425862,0.03846871459101306,0.03817089905413785,0.02991378731491036,0.08206785640832948,0.19742328686370422,0.9500853743665505,0.6342885517851524,0.21676609556685392,5.477970089327904,16000.0,0.0032,0.07918214409677383,0.3542793669636176,0.0,0.0,0.0,0.06833792755164758,0.0,2.0319765264337714e-15,2.3812224919145757e-15,-0.05791288289249168,0.06368634688224216,1.0
fixed_liquidity,20261246,0.0005970409760010277,0.01249940493123183,-0.008123530674488533,0.045530789020503754,0.015286626987579335,0.006794326531723265,0.02239414314750585,0.020425121160454612,0.007584830485628232,0.2659801856594117,0.1662952782680503,0.9463551878982377,0.4936564227141386,0.20801002091865473,5.477640052604164,16000.0,0.0044,0.07186387915277928,0.33596258686836344,0.0,0.0,0.0,0.07823051000615999,0.0,4.3348832563920454e-15,1.8520619381557813e-15,-0.0093769119098724,0.00477354746373803,1.0
fixed_liquidity,20261247,-1.051699823286576e-05,0.012534467993047816,-0.04574613471647579,0.04574613471647579,0.01366696748068095,0.04469332303057968,0.01792913913358233,0.007867204115266438,0.022180976154014428,0.11915815489121151,0.12488874493671055,0.8559353135789102,0.43236453243379397,0.3287834095671603,5.47798162430773,16000.0,0.0032,0.04717248905418547,0.5439539776524476,0.0,0.0,0.0,0.07776978017456515,0.0,1.8965114246715198e-15,3.1749633225527677e-15,0.025982464328486957,-0.01936680227842039,1.0
fixed_liquidity,20261248,0.00038052239798764517,0.012089351620078658,-0.02071449039417345,0.0556071833108094,0.020469957627289686,0.044450736766679266,0.008764943657809181,-0.00613773192104043,-0.0008611525266216009,0.04288742211096608,0.13619663353369063,0.9139936224244275,0.5336666829441025,0.19819809403422278,5.462592831866704,16000.0,0.0048,0.06979047396474392,0.4215424422038716,0.0,0.0,0.0,0.053643729889049974,0.0,2.302906729958274e-15,2.1166422150351785e-15,-0.04240719602661897,-0.014027845988615582,1.0
fixed_liquidity,20261249,0.0003586131265289371,0.011911243177908606,-0.03485729845755183,0.0417516541016799,0.018459876601500745,0.010739617602484456,0.032111180289361003,-0.011007259097408609,0.015920006994295847,-0.05023391635790464,0.07120163966742309,0.8761411114392003,0.43853078487328395,0.19850580695996006,5.457534318324644,16000.0,0.002,0.07305171680369352,0.2850025771141512,0.0,0.0,0.0,0.06202630793943276,0.0,2.84476713700728e-15,3.1749633225527677e-15,-0.048876690175129224,-0.031128625167443164,1.0
fixed_liquidity,20261250,0.0006318593661309819,0.01167137731707664,0.016571566123536892,0.04186352858810915,0.017507816297777812,0.0036761326219285494,0.00926969924629074,-0.029773234789542594,-0.004579203450078654,0.01720669097707228,-0.002365666869050187,0.9426665758452758,0.6986342759736434,0.0949636986294463,5.4489980735694585,16000.0,0.004,0.11044896252560879,0.24828707218887325,0.0,0.0,0.0,0.045845899741356666,0.0,2.4383718317205256e-15,1.7197717997160825e-15,0.027765523400720245,-0.005768256524161694,1.0
fixed_liquidity,20261251,0.0003385069832135251,0.022080218604730608,0.04028405154444254,0.17288791135991685,0.0448452153973005,0.2549688309066806,0.18827816390712715,0.10286703847300865,0.10540329086478001,2.1829874240965026,0.46096683211506795,0.9226315369745738,0.45449782737377875,0.5516388220879003,5.786237703292198,16000.0,0.012,0.022626708480464542,0.5657088211287971,0.002,0.0148,0.0,0.23136713986699808,0.0,2.1674416281960227e-15,1.0583211075175892e-15,0.07484811978031695,-0.01903820301752649,1.0
fixed_liquidity,20261252,0.00021573906415642342,0.01360263099597536,0.0057349715025498595,0.05632647152172628,0.016415283324843426,0.011938569461358076,0.015740118670541425,0.01563859844751923,-0.0057755889561795885,0.1520785797155213,0.14242421144750642,0.8067550133737553,0.4428045003155944,0.3647633525994598,5.5202028970948955,16000.0,0.004,0.031980013280012404,0.3700911522975414,0.0,0.0,0.0,0.10236299991888043,0.0,1.7610463229092685e-15,1.0583211075175892e-15,0.04277115859985559,-0.02447783156535628,1.0
fixed_liquidity,20261253,0.0001481474017766189,0.013589559281715144,-0.01799206667097936,0.03886735585298505,0.01787711259178556,0.046110991318319895,0.06669233511315571,0.020794568003507395,-0.0014231363767726107,0.280599359919103,0.18612962843873057,0.8748068396799401,0.4299454043954739,0.3853127935995521,5.516699223126301,16000.0,0.0016,0.03538524161095328,0.3973223212229312,0.0,0.0008,0.0,0.08526686776594472,0.0,1.625581221147017e-15,4.100994291630658e-15,-0.0789182410699437,0.007756743378491293,1.0
fixed_liquidity,20261254,0.00018803832316922032,0.014914600665792145,-0.014208445083577971,0.06998963464412586,0.018805630665703642,0.0639032822468645,0.06589341779066783,-0.006130408139712065,0.0171458855650857,0.23820028442714847,0.18946569342520891,0.7570476043235254,0.42586864456251267,0.46875170382360765,5.565476907536539,16000.0,0.0032,0.019604743792639226,0.4503204603879992,0.0,0.0004,0.0,0.13030206515674614,0.0,4.199418154629794e-15,2.645802768793973e-15,0.023080495999020758,-0.011086780679249843,1.0
fixed_liquidity,20261255,0.0004029212256885536,0.012174020126965973,0.0137211857836108,0.05373979567444971,0.014068359883418998,0.044163625677219646,0.014837209836433978,0.007639829897582728,-0.02156347704292385,0.1491892117514828,0.17537297945853486,0.9409286849636126,0.48026100755325546,0.2112092558700161,5.4633707819465585,16000.0,0.0028,0.06680849237406629,0.2667977062296897,0.0,0.0004,0.0,0.06398185748447971,0.0,1.2191859158602628e-15,1.5874816612763839e-15,-0.03417526411898034,0.04147578060022471,1.0
fixed_liquidity,20261256,0.0009141457824145064,0.011347932515835614,0.014290599535324779,0.0429719876855192,0.017331675739284964,-0.0128553964233551,-0.013432454363545607,0.014407168684410318,0.020903429570873457,-0.05543122724061611,0.04659103079076132,0.9525221234452338,0.72825238032811,0.07201037069603357,5.437933229316027,16000.0,0.0028,0.1416334729511371,0.2339675479701422,0.0,0.0,0.0,0.03816488117711225,0.0,2.84476713700728e-15,1.4551915228366853e-15,0.004840786498774338,-0.027734600243681472,1.0
fixed_liquidity,20261257,0.0004446384832549523,0.012386447893393923,-0.03125675416861124,0.059742407460161795,0.017791748450999584,0.02528968167051039,0.012714151541820855,0.03676808407078314,0.016990595512646214,-0.03410132471526506,0.14291579649919833,0.9335015266271863,0.4511472571415012,0.2530935246549528,5.474420585558096,16000.0,0.0028,0.05834455205672364,0.21240805366563165,0.0,0.0,0.0,0.06699572283966071,0.0,9.482557123357599e-16,2.778092907233672e-15,0.005107738599693742,-0.032198665044858944,1.0
fixed_liquidity,20261258,0.000462318117618489,0.013116594134958692,0.005312134127626102,0.03870380613454206,0.01462481813888506,-0.0033256727210112342,0.07361967136067714,0.012418886127770241,0.02982281084112901,0.14390209622045225,0.17108592769911152,0.8908498978111982,0.48460523222765167,0.3254799602755592,5.501063967610242,16000.0,0.0032,0.04369641290976086,0.3316659473281216,0.0,0.0,0.0,0.09481376347110348,0.0,2.7093020352450286e-15,3.439543599432165e-15,-0.012198411215448334,0.00479658879361822,1.0
fixed_liquidity,20261259,0.0003406811970740808,0.011300149583291522,-0.029670763885971705,0.03406009710369185,0.015140325751681515,-0.0016317508181211212,-0.02790724025732895,-0.0170692358967042,-0.026259524546801534,0.0148352468688433,-0.005940650336812283,0.8700521879021088,0.7994850813922917,0.006995248893500854,5.434538248454972,16000.0,0.0036,0.16257332474943365,0.3760279757185675,0.0,0.0,0.0,0.02937139138850542,0.0,2.573836933482777e-15,3.3072534609924663e-15,0.01874303938682167,-0.01177229570352186,1.0
fixed_liquidity,20261260,0.0001427944964874559,0.01664587293049979,-0.031062608164603104,0.08641341299314798,0.021853147344728506,0.05992140500179525,0.05021326636458578,0.0031643487697652203,0.0077083207593038276,0.3200481704811451,0.24072120057887866,0.8048247228510199,0.40581539487829726,0.5333555493016959,5.628388975540624,16000.0,0.0048,0.016418325518967727,0.4869543302905185,0.0,0.0036,0.0,0.14167448721781017,0.0,2.7093020352450286e-15,1.98435207659548e-15,-0.07297819081176284,-0.006065034307641705,1.0
liquidity_stress,20261211,-0.00011459624536329614,0.03832207771318044,-0.17125885818346634,0.17693992934809685,0.03802855600238282,0.3928329863527844,0.363194838129403,0.23848604479107277,0.004031989986237326,6.873337095494568,0.5981752245291798,0.9089655311604993,0.47173124679398326,0.543160896324205,18.089273469208646,6225.019702058964,0.0216,0.03194910915818108,0.5605429082494673,0.0156,0.0672,0.0,0.3915095937086228,0.0,2.0319765264337714e-15,3.439543599432165e-15,0.6465644371293339,-0.013399160759991409,1.0
liquidity_stress,20261212,0.0003452007022470095,0.029636328187390735,-0.1305906699023627,0.15105441470041245,0.039185552967679824,0.3710012612637018,0.35088347185540136,0.1287200881923794,0.07408327748620164,8.82518095244654,0.577819931844639,0.9370857495823823,0.4627854699778676,0.5167450030411039,19.690857994703002,5170.896242502876,0.018,0.021727295849084994,0.46353093605123175,0.006,0.0344,0.0,0.3046613303998351,0.0,1.625581221147017e-15,3.1749633225527677e-15,0.7372817284090343,-0.012409345585868446,1.0
liquidity_stress,20261213,-6.02273799896583e-05,0.027828199148544785,-0.08197734788057451,0.15719408562816056,0.03600721296198377,0.2705374105617136,0.28412952164231153,0.11690351100136714,0.02799508232667815,4.305845872646282,0.531359450963909,0.9142159492911242,0.4086144006378663,0.59365935965731,20.282440942758512,4953.394311622138,0.0188,0.044653041975649774,0.5000926799521401,0.0192,0.032,0.0,0.28089330639230403,0.0,1.7610463229092685e-15,2.1166422150351785e-15,0.2990042608187948,-0.04204325381488926,1.0
liquidity_stress,20261214,0.00046500307709086464,0.014890562248290684,-0.034563646409216144,0.09672515124662563,0.036076997362313026,0.13405482951309872,0.12842424342690875,0.07516263593952094,0.06435713402501504,1.601677245255563,0.34694823674589853,0.9392962397194481,0.64129137438787,0.28634836751150267,20.7995835974625,4309.504321779771,0.0092,0.13141213012934305,0.2615409636360716,0.0,0.0012,0.0,0.11010953731604167,0.0,1.7610463229092685e-15,2.645802768793973e-15,0.09770137852749235,-0.012705873903217861,1.0
liquidity_stress,20261215,0.00024191564090938548,0.015908402350557845,-0.028208449478661152,0.06563014387830235,0.016478699711939066,0.11339041926090625,0.1001103719878656,0.043329237525219014,-0.024168302569227182,0.6698492686619981,0.31829081798989944,0.8791021100869181,0.44641825693388437,0.4679612822918338,20.905173984504472,4314.72522003269,0.0088,0.09729220069653773,0.3611978747050322,0.0,0.0024,0.0,0.10933057197358553,0.0,1.8965114246715198e-15,2.9103830456733705e-15,-0.008938866062275326,-0.0010767242174621612,1.0
liquidity_stress,20261216,0.00044783689133764357,0.0125423216945228,-0.0019653353216723965,0.07775662282775775,0.021829857687320715,0.052585430882772004,0.04743895118479623,0.051297088365968045,0.028832495217493075,0.6181885630942321,0.2075597538337066,0.9345239340233515,0.7342218087568281,0.14425879473139455,20.804361498167005,4229.186785923187,0.006,0.10853255868670253,0.45846497466785574,0.0,0.0008,0.0,0.07192997082669028,0.0,5.418604070490057e-15,1.0583211075175892e-15,-0.037671066607832045,-0.0008793038649161199,1.0
liquidity_stress,20261217,0.0005614866175385536,0.0161233307127245,-0.06876728681435768,0.11953400690798195,0.031836691721886454,0.26637552742526593,0.2543248216288138,0.16713813091054983,0.08738917575511733,2.541259702095598,0.47389643774870555,0.9621820032792537,0.7088983219909021,0.22684086869821424,20.685808676466525,4364.329924931426,0.0148,0.09988930165511302,0.3073599732995571,0.0,0.006,0.0,0.11212340583047808,0.0,4.3348832563920454e-15,2.778092907233672e-15,0.03661794912792767,-0.007857917576394351,1.0
liquidity_stress,20261218,0.0008315929487282525,0.019054766599237685,-0.07315343657106775,0.11867653181723466,0.04256010345968338,0.35542206083443123,0.30928661326494594,0.21754134681718512,0.12848093924546725,6.215123455097169,0.5592664804280816,0.9589282683474216,0.6925953168311053,0.2774210501119574,20.377328969089977,4547.145449790819,0.02,0.0853877777903516,0.3307853118402838,0.0024,0.0128,0.0,0.17813469337466148,0.0,3.7930228493430395e-15,1.8520619381557813e-15,0.0652690518409973,-0.04696217594658747,1.0
liquidity_stress,20261219,0.00014211287816133264,0.032690141912031394,-0.16969056294019272,0.16969056294019272,0.040611616193894466,0.4046046104872994,0.3798387243887676,0.18394776612634012,0.05327154078464743,7.138574797512346,0.6050074754061239,0.9326255139598588,0.5435378315440493,0.5025076202846567,18.052690248250627,5915.730332201314,0.024,0.07430033339564646,0.49844484617283746,0.002,0.048,0.0,0.36105148387850217,1.0,1.8965114246715198e-15,3.96870415319096e-15,0.38866813743251544,0.016591090131769123,1.0
liquidity_stress,20261220,5.307561062457395e-05,0.029709857089977938,-0.1008207779259899,0.17613859296140696,0.03862044712179365,0.33813430894057117,0.244049583070492,0.16676256577544968,0.04703819996104402,6.113236969574341,0.5388037879025672,0.9112122721109867,0.506557428431742,0.5362896366845866,19.042553588962065,5408.4874048812335,0.0164,0.04636605405395924,0.5212757379766695,0.0452,0.044,0.0,0.3090573089609385,0.0,3.7930228493430395e-15,5.291605537587946e-15,0.11577371852532183,-0.010978064878922838,1.0
liquidity_stress,20261221,0.0001464710879371811,0.021722469101600347,-0.03467274112102093,0.1240045829280387,0.029819842799592343,0.2234935850445408,0.25432114439507114,0.11404068341594242,0.060744512191266836,2.7961904176534054,0.46668170101534934,0.9088240544772599,0.4781128726117236,0.5444441696727151,20.222909219506413,4687.546776537956,0.0144,0.019812740830346114,0.5436928138893778,0.0004,0.0164,0.0,0.2627045554632006,1.0,3.251162442294034e-15,1.3229013843969864e-15,-0.025843474773360305,0.02279060075206907,1.0
liquidity_stress,20261222,0.00028866616707375205,0.011956721479059872,-0.02422590298337359,0.06366218678584297,0.017047951664088373,0.01652891274330375,0.02769029680039327,-0.019799631392840567,0.03104402034607842,-0.08275413258923203,0.08719526776417905,0.8714466756201545,0.6207292315608708,0.1614666896405374,21.004911648827306,4169.009012591055,0.0024,0.15786901841531722,0.30888195564055354,0.0,0.0,0.0,0.06882359593654264,0.0,3.657557747580788e-15,3.439543599432165e-15,0.042563614644169905,0.0035461052709624486,1.0
liquidity_stress,20261223,0.0004969089622374685,0.02109123003875273,-0.11516141423120668,0.11591521695867457,0.048807705496468665,0.3191797064242598,0.32945427400746796,0.22023603115689858,0.12564893667029572,9.746362740505186,0.5740537197787023,0.9602722446633264,0.48690024233905294,0.39377769251878225,20.048015355064113,4755.445026954467,0.0188,0.04785194877606249,0.4095948973746144,0.0044,0.0132,0.0,0.22106742254956835,0.0,1.7610463229092685e-15,6.614506921984933e-15,0.2279980305910098,0.01189581160546434,1.0
liquidity_stress,20261224,0.00023038292883056002,0.03648926637138148,-0.14041619586441614,0.17088197831302154,0.045696929478888655,0.42242411306341343,0.35516124284302497,0.22333056447665423,0.08466548683733398,7.75336433024175,0.6075650693113692,0.9252274744954453,0.4746367338679136,0.5227323534075768,19.9492496332727,5315.694416974814,0.0216,0.06335894583178837,0.4237052816357282,0.16,0.0524,0.0,0.31252732462928945,0.0,2.573836933482777e-15,2.248932353474877e-15,0.5151466856645072,-0.04977854326690251,1.0
liquidity_stress,20261225,0.000661100358061379,0.013902313738047376,-0.025482427359358042,0.09708535486707998,0.022529799648443948,0.22621939765317106,0.15346556313759308,0.15650628045967313,0.12963286570656243,2.6078563345591785,0.43317634140343675,0.9629213282079812,0.7206039075856812,0.17048725647401375,20.782410021346923,4279.59564527459,0.0136,0.16309358000516957,0.2851797130465389,0.0,0.0032,0.0,0.0802517062636745,0.0,2.4383718317205256e-15,1.98435207659548e-15,0.012858804556828099,-0.006522294609860028,1.0
liquidity_stress,20261226,0.00029722005384130517,0.025267651702775742,-0.09118700663984644,0.12760669997916724,0.030048594187575293,0.28211095653285206,0.2386660616159377,0.12277828995617446,0.06441736350632112,3.6304975377975204,0.5000914265619991,0.9333001341542551,0.47556287215881227,0.541159451676048,20.08414930520748,4900.866360024236,0.0184,0.03503932323438961,0.4494706382114464,0.0064,0.0264,0.0,0.2681581277746099,0.0,3.1156973405317828e-15,4.233284430070357e-15,0.00366476392830221,-0.034790150414021365,1.0
liquidity_stress,20261227,0.0005622294141619076,0.021434584287158786,-0.12366241125564821,0.12366241125564821,0.0333570545676593,0.3247594143287869,0.3366720106643051,0.24671108926660185,0.1469690550655827,6.818787241390879,0.5501673600701245,0.9522279248843071,0.5506979399569537,0.38398797630504367,20.466884403392232,4658.205635443175,0.0136,0.04634210714643891,0.3305531715294223,0.0044,0.0144,0.0,0.13779477408011176,0.0,3.522092645818537e-15,1.98435207659548e-15,0.2577762977848463,-0.017731152430242134,1.0
liquidity_stress,20261228,0.00035135924241913125,0.024869063390156442,-0.07133633592449606,0.15095004982345225,0.04861017929491205,0.39968139063924524,0.3803828177988408,0.2173108863521307,0.1547658908419334,4.620298890600291,0.6051044529667122,0.9499377897675143,0.41974329384752024,0.47362620148202705,20.173398980760417,4804.772765612861,0.0188,0.04270501740260615,0.3500777846084162,0.0272,0.03,0.0,0.1900164983537871,0.0,2.0319765264337714e-15,1.7197717997160825e-15,0.4011711581487955,0.010969202447103619,1.0
liquidity_stress,20261229,0.00024519311753766964,0.016971625176883016,-0.09838252925937024,0.1073505874872401,0.04026487373190011,0.25068883898905764,0.22618198428088268,0.08626643624083077,0.009448864030842533,4.075947681580721,0.4612031142304552,0.9382550232295381,0.4752972565727154,0.39389793050420746,20.761841719227455,4368.560868211521,0.0124,0.029044524991850965,0.36532151946173885,0.0,0.0056,0.0,0.10735513904967897,0.0,1.8965114246715198e-15,1.7197717997160825e-15,-0.062308166729687024,-0.004692595132955004,1.0
liquidity_stress,20261230,0.0005036580632912792,0.026862032837046117,-0.08041567371225218,0.15999787102205218,0.03716036604409459,0.3529873810232031,0.3263268493958077,0.23599196567520736,0.09939493633873822,8.073927018887236,0.574259253537173,0.9368074808155362,0.5201939497239991,0.4729542301362443,19.725535172970883,5042.613127273183,0.0188,0.03187780833779237,0.3501466694957339,0.0164,0.0308,0.0,0.265411621390226,0.0,9.482557123357599e-16,3.96870415319096e-15,0.13085833073347403,0.015523946870861791,1.0
liquidity_stress,20261231,3.829269211628698e-05,0.019539586147599968,-0.04660889903885192,0.11287230241668812,0.02989126014039158,0.15531821610328234,0.17355898444081602,0.07438565925939193,0.004602302989949561,0.8845385593714674,0.3912630060814142,0.8975658741801326,0.4049805964577674,0.5431964760736938,21.077955045096697,4405.801866918411,0.0068,0.019111761167221835,0.4179704975197339,0.0,0.0088,0.0,0.18163779269867475,0.0,2.7093020352450286e-15,1.4551915228366853e-15,0.052191297626280275,0.006073104800396177,1.0
liquidity_stress,20261232,0.00047971441384285496,0.03152083398346453,-0.16287581535709267,0.19863761635644628,0.0429941281735939,0.4735831878367182,0.4322962104888679,0.2389605542501228,0.001632048964912816,14.277116508181692,0.6474548738802626,0.9491650079088608,0.5221610792438652,0.4317109686252683,18.56072411416125,5634.919537030772,0.0232,0.08302496194968058,0.4071985355258666,0.0016,0.0364,0.0,0.3482418101179936,5.0,3.1156973405317828e-15,2.3812224919145757e-15,-0.04300424749558267,-0.003424328198412584,1.0
liquidity_stress,20261233,0.00011524991286396222,0.021982803787278186,-0.07591852406020327,0.17095008108908544,0.02949446017954373,0.21631002109276384,0.19037990975628477,0.09397960328037126,0.03310061850931993,1.6621357869816258,0.4234101311113605,0.9045914898902898,0.4542620925142713,0.5402013564690499,20.978517929884305,4496.767087737289,0.0116,0.044380279861789,0.32259666533095765,0.0,0.0188,0.0,0.23186154803576886,0.0,1.625581221147017e-15,2.9103830456733705e-15,0.1145525209525086,0.042265581273995954,1.0
liquidity_stress,20261234,0.00029200399249083305,0.02780164752811572,-0.11775759567168013,0.16811343240191776,0.04035147371601453,0.30318814942289085,0.2866973505448258,0.20129478049159064,0.06332949035948356,4.880950273304274,0.5493309928631535,0.9332697927951168,0.40802399300910114,0.5653386042851217,20.178153384724794,4923.789696568348,0.02,0.02151475139411877,0.36743983515548573,0.0036,0.0292,0.0,0.25885983560519144,0.0,3.928487951105291e-15,5.1593153991482476e-15,0.3204627763525798,-0.03359932318329387,1.0
liquidity_stress,20261235,0.0006346856720664558,0.030652604913131442,-0.12745143410909357,0.19409259813384439,0.047603440406678924,0.43056674563966335,0.40537177554866866,0.2766794986522252,0.20212729175983085,9.367184425503606,0.6382038795044142,0.9576438838844865,0.5916326861825729,0.37259530869246743,20.310000879424997,4998.920894591294,0.0216,0.044669964158092365,0.4957840900820575,0.0232,0.0384,0.0,0.19693696934836002,0.0,1.8965114246715198e-15,4.100994291630658e-15,-0.0779149626476401,0.015060774245374225,1.0
liquidity_stress,20261236,0.0007228614186128884,0.012344052533354766,-0.04177371334119047,0.04177371334119047,0.021328145343360336,0.06519975675694101,0.03987023886239619,0.053954307756744826,0.022973895221200646,0.8008667027162133,0.2391137361493925,0.9515261525948914,0.7642463408687348,0.09445177817673754,20.937375264338804,4189.42761600026,0.004,0.2061938266424373,0.17942504250024816,0.0,0.0008,0.0,0.049032260472461786,0.0,1.8965114246715198e-15,1.8520619381557813e-15,-0.04835489250788934,-0.005233187122837619,1.0
liquidity_stress,20261237,0.00023571034863081338,0.020091295055797428,-0.03527100212333389,0.12148886654472611,0.030290528346433032,0.21606703942833977,0.1863173067901837,0.14252856892312654,0.060243418637971446,1.5177315338478206,0.4476278204383512,0.9141714790029335,0.42109542019189045,0.540994488151577,20.663789448240813,4523.617142767078,0.0108,0.03229079339753217,0.48321648822789653,0.0,0.0116,0.0,0.20957319321298784,0.0,2.84476713700728e-15,2.248932353474877e-15,0.01972692765178054,-0.026959895617015155,1.0
liquidity_stress,20261238,0.00033050517836147043,0.01577927922086281,-0.08166297075207495,0.11458967732875704,0.032614745197775144,0.21135344848598,0.17587483602599457,0.13227795148624255,0.08081657180198655,1.447474349493696,0.43171658583492745,0.9352196753227293,0.45920288119798786,0.3783559394213445,20.878443591360142,4315.76090126945,0.0128,0.08952907498496639,0.3384885269857216,0.0,0.004,0.0,0.13773376374374302,0.0,1.625581221147017e-15,2.645802768793973e-15,0.07493321487140668,0.04174847157949796,1.0
liquidity_stress,20261239,0.0005129235615451435,0.0216672372683617,-0.07619987048855865,0.13356041804015462,0.030053097135408473,0.2900040820320406,0.2026881468666845,0.14314323155580672,0.07351049756012444,2.6669452066760337,0.4890427219238622,0.9365750452830266,0.5445726770802809,0.4660399423347028,20.379162627361698,4651.0288025918,0.016,0.04201150884279032,0.3691065619790658,0.0072,0.0172,0.0,0.19733859221214622,0.0,3.7930228493430395e-15,3.1749633225527677e-15,0.20589706336507807,0.002994279097426457,1.0
liquidity_stress,20261240,0.00016040763956956815,0.015767535820236496,-0.06506223090614273,0.07287521673811483,0.02908479721533743,0.12396939563709646,0.1216772319115242,0.050183452236045485,0.035391993676180795,1.1681946196884887,0.32760922946993015,0.8873152910376957,0.41067763488421316,0.45962850326425514,20.77482783610879,4341.347186777133,0.0076,0.0242899301500614,0.3795257489080366,0.0,0.002,0.0,0.12274186042611746,0.0,4.470348358154297e-15,2.248932353474877e-15,0.1003551534360375,-0.0048174117245439055,1.0
liquidity_stress,20261241,0.0003484130164430464,0.027758081456557962,-0.10851425468794676,0.12505508432496773,0.05332205248624289,0.4114773159563966,0.3760257152858246,0.26494477793653176,0.11065736486819637,4.973430329094939,0.5833040414423188,0.9380689687801534,0.4630038896551561,0.4929827635735082,19.584759132248458,5163.521053163258,0.024,0.049005137495756676,0.3642878454801982,0.0004,0.0352,0.0,0.30791892268292664,2.0,3.3866275440562853e-15,4.100994291630658e-15,0.3189479223885991,-0.022210191492609603,1.0
liquidity_stress,20261242,0.0005002658934738931,0.024118535738922857,-0.07086531113592907,0.14242824985730781,0.04021480900047732,0.3562343974713904,0.36450664208761907,0.2437071125712454,0.13325841843326008,7.290996079304225,0.5996850113478313,0.9561107316194918,0.43494065459758935,0.4441933766554394,20.42204355970278,4733.155400287044,0.0224,0.03403851702491925,0.34912204520227075,0.0236,0.0248,0.0,0.19376978817953416,0.0,2.4383718317205256e-15,2.9103830456733705e-15,0.44059768820465217,-0.04399663508829813,1.0
liquidity_stress,20261243,0.000509802513973975,0.022597735426686503,-0.06985733285751514,0.19125520764925485,0.04711594897983444,0.3090976173613085,0.3124388255379228,0.18110820003453615,0.08317138237505566,5.928844473755532,0.5431847180804033,0.9452598590528289,0.5411339113045597,0.4332876337414473,19.370804145805025,5084.443512013335,0.0196,0.05092327744956055,0.31720456245873285,0.0,0.0168,0.0,0.27004781511741194,2.0,2.7093020352450286e-15,1.7197717997160825e-15,0.28703880759565464,-0.024185167105849163,1.0
liquidity_stress,20261244,0.0004718801388781493,0.019106978425783055,-0.01431098265442977,0.1286224957519581,0.03082161686749693,0.22950294578065128,0.14571174612496587,0.14588064521229885,0.13252729806904337,2.2591129303393087,0.46577594234097053,0.9390182016821951,0.450167816554976,0.4484147303228798,20.90600905580692,4389.931524564515,0.0124,0.02982027789815166,0.38271564465888974,0.0,0.0096,0.0,0.17342278193035532,0.0,3.7930228493430395e-15,2.5135126303542743e-15,0.08110089580336327,0.01431900330473465,1.0
liquidity_stress,20261245,0.0006522016093233489,0.020486083274432562,-0.07440544778360661,0.11567082084814653,0.03511070435629677,0.3830112248697022,0.3662786591679861,0.25022995409856924,0.1478138806204768,7.778627077317539,0.5945930275224867,0.9635014282624136,0.6260400772483777,0.3097842500602509,20.457406024595077,4575.073242864537,0.0188,0.07711054654978658,0.40630973192459074,0.004,0.0164,0.0,0.174903156371929,0.0,1.625581221147017e-15,2.3812224919145757e-15,0.0425731381939577,0.058731555184121806,1.0
liquidity_stress,20261246,0.0006150636075004886,0.01884256658588402,0.008238380592728906,0.13112458861158538,0.03925321247588247,0.24844479965760782,0.29904100007237067,0.19640482496681602,0.10822999137695963,7.273814074928097,0.5102143629564813,0.955434894158163,0.5259071530006846,0.3510140144515403,20.24396181997826,4611.9412365149965,0.018,0.03948030017474994,0.36126188532157255,0.0036,0.0104,0.0,0.1800585594411539,0.0,1.7610463229092685e-15,1.8520619381557813e-15,0.36659316720665236,-0.010214494758708944,1.0
liquidity_stress,20261247,8.558648027413795e-06,0.021247461192473713,-0.11103169184486521,0.1317952028734445,0.030223430634592586,0.24269633325480106,0.22285207695587414,0.06300560015926844,0.007826022593743251,3.0660671479439037,0.46320540741981275,0.907019097894125,0.39791600028891616,0.5631062401650909,20.429566961918848,4640.7468947493535,0.012,0.032592188574510024,0.5674401608487445,0.0048,0.0168,0.0,0.22990323086769338,0.0,5.5540691722523084e-15,2.778092907233672e-15,0.055261250254170044,-0.05434275581758443,1.0
liquidity_stress,20261248,0.0003638689127390315,0.018243593580579767,-0.08620791212702524,0.10420863687448027,0.03749958788333893,0.2484483896647548,0.23091019554681258,0.1388100007890537,0.05308426602394349,2.426953855296966,0.48174749441270937,0.9389943885941975,0.5224019841612046,0.4130169456213476,20.542114537127063,4490.666243351758,0.0132,0.046117301566530315,0.43115491556027985,0.0,0.0084,0.0,0.13540236462294208,0.0,2.573836933482777e-15,3.7041238763115625e-15,0.04906525733432294,-0.027691039423260334,1.0
liquidity_stress,20261249,0.00035786040023020574,0.0160419678077742,-0.08963314713468697,0.08963314713468697,0.024315355310081378,0.15412010750755814,0.12424041778834059,0.04382874401450555,0.0045262500859938526,0.7813893706916568,0.36069373543564903,0.901632912421322,0.42581173484713547,0.44849459256613416,20.61366812246023,4403.843369613679,0.0076,0.0716458668978716,0.2868304374233457,0.0,0.0016,0.0,0.16776816137527106,0.0,2.573836933482777e-15,3.1749633225527677e-15,0.021950145552097813,-0.0523537162609904,1.0
liquidity_stress,20261250,0.0005801994904517073,0.013756567569174025,-0.00831866370116904,0.09146383266162442,0.02582220561975058,0.12340645690479911,0.11974879494220934,0.035172021091202633,0.05615049675896692,1.2068941442266423,0.3178182630090696,0.9490562197032254,0.6826222988193151,0.2247080840821954,20.779349219245056,4284.7762845032885,0.0076,0.12996245525198405,0.23547779257552182,0.0,0.0004,0.0,0.09793564422450496,1.0,2.980232238769531e-15,1.4551915228366853e-15,0.0844022669968432,-0.011623887337518395,1.0
liquidity_stress,20261251,0.00034353115707535197,0.041244178827457664,-0.08661090618932939,0.16527790453577423,0.05170691953703231,0.4412608299592661,0.41714271540584963,0.28527459861661614,0.10750504482159622,11.725442176427862,0.6356787538511202,0.9343142306958412,0.4946395241150296,0.49346951466625527,18.62363700282031,6083.387897433267,0.026,0.03426475106891654,0.5943322665062556,0.0264,0.064,0.0,0.42214937803162944,4.0,2.84476713700728e-15,3.1749633225527677e-15,0.5906149575917383,-0.020448182753254936,1.0
liquidity_stress,20261252,0.00023283923168370747,0.022847308570870972,-0.02309153547999787,0.15675044606756766,0.033833364581764266,0.24199940253446695,0.22731413431999656,0.12911021547603507,0.02781998042249545,5.151034119410495,0.5054010118655303,0.9274167315435369,0.4648788485279112,0.5145265636296881,20.12821839192436,4776.938583286948,0.0136,0.02489547600005397,0.38159239553879964,0.0,0.0184,0.0,0.2493633983833181,0.0,2.980232238769531e-15,2.778092907233672e-15,0.49768077823311757,-0.008715715726372237,1.0
liquidity_stress,20261253,0.00015894153606503813,0.024920362327362288,-0.10331298314744554,0.11728838655020823,0.03148363831969279,0.2778140410651681,0.2796334035644683,0.17557158135191783,0.10749419363687984,4.2612070634786114,0.5214946680336807,0.9324407184552214,0.427132210053942,0.5442400348767306,20.55065785126443,4728.028499366369,0.0152,0.04266563722861513,0.4162939795506111,0.0232,0.0284,0.0,0.22521300623447904,0.0,2.1674416281960227e-15,1.4551915228366853e-15,-0.05854401595339457,0.008572801239541768,1.0
liquidity_stress,20261254,0.00021807048088791098,0.026101618401324102,-0.06966602010405684,0.16429005390273224,0.03830679928354,0.286492574767349,0.27365997071689224,0.16651034011523566,0.048374071492220075,4.032084859058729,0.5284921273986098,0.9205929321842979,0.44238905167739867,0.554874315025984,19.897018973090574,4976.4521869885075,0.02,0.048462783747643116,0.4814463569592875,0.0292,0.028,0.0,0.27602983771505674,0.0,3.3866275440562853e-15,4.497864706949754e-15,0.394187963330402,-0.02962052341304724,1.0
liquidity_stress,20261255,0.0004088724555118457,0.019848427322819284,-0.055865749370340625,0.10570055703104177,0.034823480655096606,0.2923965786022864,0.33140725427495116,0.18749328493742387,0.08545063235086123,6.874840162802746,0.5382223146683504,0.9502436047143854,0.4801689770319009,0.3883796519262829,20.598099977005763,4511.248238343104,0.018,0.04348427088810215,0.3028249209666807,0.0004,0.0144,0.0,0.1497502072266257,0.0,1.7610463229092685e-15,2.3812224919145757e-15,0.36265921460866907,0.005197229671224074,1.0
liquidity_stress,20261256,0.0008533783310621629,0.014214491605684453,-0.02802305777268079,0.11629272652909153,0.03754420328456368,0.17261639814568802,0.17870575966617516,0.18823219274358693,0.16892973984086548,2.1183782123069275,0.4382673662585812,0.9674022595037933,0.7121050379703624,0.1961708393226252,20.97773033833017,4229.203811740654,0.0116,0.21939932830542752,0.22800105493254041,0.0,0.0032,0.0,0.08031137805972843,0.0,2.573836933482777e-15,3.042673184113069e-15,0.11102339344812556,-0.014140503957903455,1.0
liquidity_stress,20261257,0.00045671861666469695,0.021621750338757892,-0.11124310812382324,0.12207715172205387,0.036411408513633364,0.30601597547605935,0.2734818467968611,0.23163128173817799,0.19033537709946602,2.825611169730899,0.5304692805461578,0.950295180992117,0.4400129757749538,0.45509846896191297,21.000303798607305,4467.755962937928,0.018,0.03534081115096752,0.23073872890960412,0.004,0.0188,0.0,0.17632835414922465,0.0,2.7093020352450286e-15,2.1166422150351785e-15,0.030027860235568294,-0.018177300757458863,1.0
liquidity_stress,20261258,0.00047125947288442234,0.020422315842774125,-0.023568100709187856,0.15289472082301123,0.0330173429501522,0.2698516456653897,0.28550666114026246,0.1635798001070435,0.0777980123836676,4.81438433724836,0.5058246888592965,0.9382502236985216,0.5197064728625989,0.46728247969293296,19.81923848983358,4826.438640790518,0.016,0.05071671582098778,0.36964505650374235,0.034,0.014,0.0,0.19561466233720415,0.0,2.7093020352450286e-15,3.96870415319096e-15,0.1530337895280055,0.015777089033540626,1.0
liquidity_stress,20261259,0.00030415652603542966,0.011333262388716302,-0.05451779262028707,0.05451779262028707,0.01663550360051624,-0.0035652381950570596,-0.029450393342248853,-0.015176719130414306,-0.03040902138149356,-0.001291312494408281,-0.0019965801394079326,0.8505791575459841,0.7827398780979282,0.033325483101747,20.97379371250072,4158.301586482534,0.0036,0.22390354268524698,0.3591794258057265,0.0,0.0,0.0,0.05124591260946332,0.0,1.625581221147017e-15,2.1166422150351785e-15,0.015561241572463747,-0.013656727690734359,1.0
liquidity_stress,20261260,0.00017602974422865146,0.0332189811376499,-0.15381226080914887,0.15381226080914887,0.040649051237149354,0.3848182752152088,0.39603466492899636,0.26212573102011555,0.09257658533204076,4.774858692098822,0.6131066761033032,0.9312755989299736,0.47569846178593767,0.5327335421904356,19.51197331397634,5466.937690903899,0.0224,0.043943276836955786,0.5058114257084556,0.032,0.0544,0.0,0.3096719672181214,0.0,2.302906729958274e-15,1.0583211075175892e-15,0.16949011812316572,-0.060974628405976644,1.0
concentrated_wealth,20261211,-0.00011249222071173648,0.02600655865239794,-0.06465485660934454,0.15646347448929449,0.03369450397380549,0.28791661043252603,0.26171615594147385,0.1366174038328072,-0.03860729417935977,8.9616411732863,0.46282209115782386,0.8429806420676382,0.4283351454669621,0.5527460351637602,7.332989994989981,13852.562507611001,0.0188,0.021830383350741448,0.5977543281546404,0.0036,0.026,0.0,0.6104795011766795,0.0,4.063953052867543e-15,2.9103830456733705e-15,0.36550191542926824,0.0010363369095245305,1.0
concentrated_wealth,20261212,0.0003453725799501047,0.01803383554567067,-0.0454075461829588,0.10617094746131994,0.024998207798322493,0.14702644342479768,0.21790147874866855,0.03676115201945981,-0.009929009781555717,2.3335561104279936,0.36516378601805766,0.851576271432178,0.41479132793030554,0.5188003258519176,6.844039965345974,13717.52891322779,0.0076,0.018818445446132925,0.45346973727932804,0.0012,0.0036,0.0,0.5478042717315188,0.0,2.0319765264337714e-15,1.7197717997160825e-15,0.14607222619338112,0.007825447604106325,1.0
concentrated_wealth,20261213,-5.8244077053168655e-05,0.016913590879758102,-0.023939810831454536,0.08987583960539199,0.02336100381808293,0.12693220111153522,0.14905030706720526,0.01672288478188819,0.03799905431674462,0.9564452829711532,0.33197414082481663,0.8153225651390859,0.40609164786637586,0.5367078537578722,6.873265661791798,13592.606928620417,0.0072,0.0181525201749098,0.46928933201943435,0.0,0.0028,0.0,0.5584167978479968,0.0,2.7093020352450286e-15,1.8520619381557813e-15,0.03137112734934618,-0.020076300287714118,1.0
concentrated_wealth,20261214,0.00047469648988341187,0.012025291907400452,0.0056443980989710546,0.056713032067535876,0.023898633741926963,0.005625130414672526,0.03920105205449442,-0.015043149334943929,0.01938284263611458,0.03410199525843938,0.08775298745867616,0.9261745685163651,0.647791420846141,0.14370208241275834,6.596014709741273,13465.010592233955,0.0032,0.0971506263451103,0.2623104436988195,0.0,0.0,0.0,0.5241553347569854,0.0,1.0837208140980114e-15,5.1593153991482476e-15,0.01001947647457323,0.003930683839368909,1.0
concentrated_wealth,20261215,0.00025448081339655493,0.012146811043212694,0.003280960506089268,0.025648469465897526,0.011233314292631792,0.00883012191859154,0.03764428087453843,0.03423082487380089,-0.022286784481244205,0.024223124567171794,0.08044814237682783,0.8397134343253227,0.4549202130334912,0.22309309915418407,6.627022181043064,13419.497253205644,0.0024,0.07383000334252052,0.3826918846409716,0.0,0.0,0.0,0.49096515587634415,0.0,2.0319765264337714e-15,2.1166422150351785e-15,0.015710134491491917,-0.0033871132098754744,1.0
concentrated_wealth,20261216,0.0004900385899196053,0.01139792833074071,0.014081811362698884,0.054146358772239896,0.020374574265844367,-0.00515260145268404,-0.007391184500557518,0.009026351015596682,0.008033532008916698,-0.0985839017590231,0.03820446351598496,0.9241448280325819,0.7406836429986955,0.035645930662763926,6.549400016866796,13469.558794486727,0.002,0.09644527161907958,0.4679197710972347,0.0,0.0,0.0,0.5060014016565546,0.0,2.7093020352450286e-15,4.497864706949754e-15,-0.06368619170080055,0.0146415990942591,1.0
concentrated_wealth,20261217,0.0005906909350533542,0.012094157747177103,-0.023893471466538578,0.04790926339178545,0.015933931638212398,0.018410580649969782,0.017862471155089592,-0.005531134586955744,-0.009238214144924008,0.05953212336933955,0.11334885111023081,0.9482371177382212,0.721215680241308,0.11301465268813313,6.552541094169427,13541.604761887273,0.002,0.09225525512474239,0.323053536051471,0.0,0.0,0.0,0.5275743026737141,0.0,1.8965114246715198e-15,6.3499266451055354e-15,-0.05037581532700181,0.018116190827058076,1.0
concentrated_wealth,20261218,0.0008509901727847762,0.01380205625736601,-0.037511395845947475,0.07181157425514441,0.027813933458616862,0.11335016809757711,0.11439419488545621,0.050245060624938304,0.10877448190631467,1.0401364523210868,0.29887327891434573,0.9533504313737815,0.6271580259002364,0.24041694182209375,6.605793889059555,13643.152774906499,0.0092,0.0647968720133219,0.28330681481845654,0.0,0.0024,0.0,0.5282494680138994,0.0,2.1674416281960227e-15,2.5135126303542743e-15,-0.15734432922738525,-0.0224353414476639,1.0
concentrated_wealth,20261219,0.0001697025128005052,0.01885168404210647,-0.09423001477743406,0.09423001477743406,0.03520867864415244,0.17140193932770725,0.14147395455548373,0.01087389603370422,-0.02941460359590399,1.8472354666320854,0.33114610055855426,0.7802492204324487,0.3980039073630493,0.546533835095064,6.865183784612613,13840.49788808544,0.0076,0.018600842673747054,0.4569692694711116,0.0004,0.0072,0.0,0.5749451006498916,0.0,2.1674416281960227e-15,2.5135126303542743e-15,0.0254621008421489,-0.006187961911101328,1.0
concentrated_wealth,20261220,6.118650107950572e-05,0.018934262317150896,-0.026117426904973803,0.143098752221459,0.02827899897345907,0.23626420646498064,0.16799692317544235,0.0525458468944768,0.007979307179397805,2.8186078546875946,0.411107624704542,0.8207129714538851,0.45198082002855694,0.5243860971471845,6.880991161754286,13831.98809703601,0.0112,0.022119388145666496,0.4798066161470509,0.0004,0.0104,0.0,0.5414744311648059,0.0,2.0319765264337714e-15,3.042673184113069e-15,-0.07843922530247895,-0.01501389943388494,1.0
concentrated_wealth,20261221,0.00014334099718044016,0.014491610715339921,0.0018062114034357519,0.0887722967303119,0.022378163511814902,0.12434563782292887,0.1451621569141163,0.013605134058998535,-0.002551783571800867,1.1643497198182153,0.28194758397697517,0.8255252296361262,0.4653652596756053,0.4003100230980587,6.694532223943681,13658.617237568194,0.0092,0.05731489201594435,0.5352141607237171,0.0,0.0036,0.0,0.5427588792592148,0.0,2.1674416281960227e-15,2.5135126303542743e-15,-0.1079042397914495,-0.0033140626205007207,1.0
concentrated_wealth,20261222,0.0003232823381909878,0.011436720558937947,-0.003957945010975139,0.04788202553012647,0.016046076715872323,-0.006723486199230989,0.00418572643326921,-0.022971602969029146,0.017488911439236948,-0.0440991416455514,-0.02183855080719229,0.8562965452285375,0.6437355101087393,0.06014783688237129,6.57138410573339,13447.563387804303,0.0028,0.11067567123636318,0.33062482310209396,0.0,0.0,0.0,0.5320438773365435,0.0,1.8965114246715198e-15,2.9103830456733705e-15,0.06949600281579542,0.008424606838304084,1.0
concentrated_wealth,20261223,0.0005064953402509374,0.013386632004402708,-0.011561480335847155,0.06409140778176169,0.024257243793200482,0.10375982141529334,0.07161968582342547,0.026447560660677806,0.004602320375849528,0.9945272642045735,0.2603842382446161,0.9349350078184504,0.41184531929875745,0.2951419566351285,6.568462612586524,13663.647924285522,0.006,0.02894252739498304,0.4119913455531683,0.0,0.0008,0.0,0.5388159879023375,0.0,4.199418154629794e-15,4.100994291630658e-15,0.13488274390838187,0.05577326818294371,1.0
concentrated_wealth,20261224,0.0002446051593954742,0.022756028004094146,-0.035133215104947206,0.16038282368943396,0.027524330508249657,0.2593742634594944,0.22273322211052016,0.14294107523651767,0.01536896307374696,3.930258822009999,0.45767216344805084,0.8731601529074383,0.40379926493898605,0.5566271784041804,7.144635290709715,13711.016839954586,0.0152,0.044928055946628874,0.3671442125034329,0.0128,0.016,0.0,0.5693397668672147,0.0,3.522092645818537e-15,1.98435207659548e-15,0.07791884538957611,-0.020877799512137987,1.0
concentrated_wealth,20261225,0.0007033830280929312,0.011830499565160113,-0.00532051311686076,0.04683458437121307,0.01571115535600086,0.02612913498309313,-0.009277331240748497,0.020414146480919743,0.03430122092027156,0.07217724333530873,0.11494681908682704,0.9467334108752667,0.7295928904666644,0.10642918969831931,6.5522032563627794,13486.825295096034,0.0048,0.17784693703572366,0.29665516957395055,0.0,0.0,0.0,0.551010328085576,0.0,3.7930228493430395e-15,4.365574568510055e-15,0.0273987847237809,0.0015832287122208048,1.0
concentrated_wealth,20261226,0.0002613767870571678,0.01589360113091479,-0.03015207414206662,0.09205953211074258,0.02294529463851522,0.1531183235203178,0.13170750729869002,0.029822154101861276,-0.00042966754644623907,0.79531645865158,0.308621328559252,0.8440194889864528,0.4428994207635424,0.4796349910042011,6.785357447441509,13660.623906037725,0.0052,0.027665071035509765,0.4308130947971843,0.0,0.0024,0.0,0.5208551789159768,0.0,2.302906729958274e-15,5.291605537587946e-15,-0.019944846167958122,0.004644732185537625,1.0
concentrated_wealth,20261227,0.0005632100605315575,0.013535239301670044,-0.0346869278276787,0.0545123826742043,0.019357466782332584,0.07364310176997238,0.04199193428368487,0.09350394603899534,0.02848575853313318,0.27340878351387055,0.2393256678213014,0.9346973586669572,0.5194006308786168,0.26595852121740177,6.601116116887416,13632.125776717538,0.004,0.0626682110676493,0.310217529431397,0.0,0.0004,0.0,0.5297860094037363,0.0,2.302906729958274e-15,2.3812224919145757e-15,0.003614776835927812,0.0027912487408869296,1.0
concentrated_wealth,20261228,0.0003358072831602573,0.014359305421846054,-0.012234087742457284,0.08792533567398769,0.030834390390773285,0.12146588380754476,0.113895264152896,0.057947675594190146,0.0489115697211361,0.9125901587506493,0.3058538102896697,0.9283428761221298,0.43774030687535187,0.3412085028714272,6.664350654734767,13628.416607111078,0.0068,0.021893483456626096,0.28934287056210317,0.0,0.0008,0.0,0.5065711046980761,0.0,4.876743663441051e-15,1.5874816612763839e-15,0.10432089646734473,-0.009948941604721432,1.0
concentrated_wealth,20261229,0.00024996178847185106,0.012659253966347738,-0.05070391191472438,0.05070391191472438,0.018570099565009095,0.055100790814512836,0.036548753867852724,0.0069303380583867905,-0.004724561123405749,0.049663412240613436,0.18010073251254635,0.9177806451409335,0.4743053962067278,0.22810639162772006,6.6157473522511525,13486.316778909075,0.0032,0.0372278889983789,0.38230548430637734,0.0,0.0,0.0,0.5254095528379996,0.0,2.1674416281960227e-15,1.5874816612763839e-15,-0.05086331327487794,0.009081091242776014,1.0
concentrated_wealth,20261230,0.00046176215352965286,0.015783504995833145,-0.0049641393400335,0.07456729059378397,0.022742920140349496,0.11538038511646329,0.12385839095042958,0.055264011300226255,0.02224165238861011,1.0609586777552247,0.2801502650880569,0.8822660709176597,0.4392524861412839,0.43693199094662283,6.685740731121528,13759.130282583925,0.0072,0.03715518131520876,0.30243217328943717,0.002,0.0032,0.0,0.5595598017657137,0.0,5.68953427401456e-15,4.100994291630658e-15,-0.03287970908969944,0.002143774696454327,1.0
concentrated_wealth,20261231,2.046682391340404e-05,0.013002569474293922,-0.0181476816755244,0.04810552390457872,0.022316006552755938,0.045121825562436026,0.06004062844378284,0.02289125584511021,-0.008733736625279667,0.11297377814231213,0.13547909638250058,0.8312430775076359,0.4224950989164829,0.30839794371357004,6.65001578831482,13500.428195931816,0.0044,0.03971243238786722,0.4134561164860586,0.0,0.0,0.0,0.5461380882177109,0.0,2.980232238769531e-15,2.5135126303542743e-15,-0.01968155124754901,0.050278004142480126,1.0
concentrated_wealth,20261232,0.0005348812058429822,0.01864736520309258,-0.029026750877481456,0.0988758180675435,0.03219028135199079,0.29030119946445837,0.31750491595711083,0.11833579852300528,0.04870705885390433,5.670602158856719,0.478974625665934,0.909979604112416,0.44754442513298676,0.46259796249698953,6.750446980204034,13955.313020968932,0.012,0.04675119553369785,0.3889031341526643,0.0048,0.0068,0.0,0.546486466243782,0.0,1.8965114246715198e-15,2.645802768793973e-15,0.10794199697262064,0.02518741434609462,1.0
concentrated_wealth,20261233,0.00012324808225194347,0.013596437692388904,-0.03140758663398802,0.08725867813727371,0.019998977875535222,0.08093167168782957,0.0468678945199594,-0.015053315511654852,0.0022822395068175854,0.16897874012053204,0.14960589998061388,0.8192119273538994,0.4200451614877416,0.370547975516759,6.673711108985372,13525.610337582784,0.0028,0.06609437897102248,0.3057206284421683,0.0,0.0,0.0,0.5322879161194785,0.0,2.0319765264337714e-15,1.8520619381557813e-15,-0.034611185740176985,0.06309042535856424,1.0
concentrated_wealth,20261234,0.00029445677852606985,0.01514290069312246,-0.04252499954856943,0.08340399177318743,0.02347091958140978,0.11968946594674704,0.09588487387388683,0.0439945356640123,0.032725303139649824,0.8293823060951624,0.27412387421677953,0.8324553907795312,0.39840352121796196,0.4732123442416388,6.716026333425434,13622.704749930006,0.008,0.015851246454633115,0.35768847450627705,0.0,0.0016,0.0,0.5330244688156986,0.0,3.1156973405317828e-15,1.8520619381557813e-15,0.013541641047324632,0.023106362242369272,1.0
concentrated_wealth,20261235,0.0006278218374325408,0.0174424224055774,-0.03969774871487091,0.09641779166882744,0.032710377937414284,0.2593477543058105,0.23562014767265824,0.12723361130594704,0.04953332495626636,4.954511762095203,0.4375080188425115,0.943494395044693,0.5063477239877049,0.3587707466350371,6.769882782719986,13707.347179862842,0.0124,0.054085030411342834,0.4627405370011459,0.0,0.0072,0.0,0.5264305478290761,0.0,1.2191859158602628e-15,2.248932353474877e-15,-0.2903679050409894,0.021352529459230957,1.0
concentrated_wealth,20261236,0.0007779247548958711,0.01158688894625362,-0.015519629764588105,0.0455953542629762,0.017157857756523197,0.016991053780813302,-0.004845587389730476,-0.005967682566672422,-0.004947534039638138,-0.06281289330151818,0.04260861289892037,0.9448451293016216,0.7706510206584983,0.04048691004975196,6.5950330240538655,13405.358884642244,0.0032,0.1403218998665952,0.17507606657099717,0.0,0.0,0.0,0.5416343000967714,0.0,2.7093020352450286e-15,6.482216783545234e-15,-0.027421572147502547,-0.022012714533308907,1.0
concentrated_wealth,20261237,0.00021059262040768836,0.01300160188660148,-0.00441913428264974,0.05983003220755446,0.018230340897830932,0.05979752054070633,0.03536258772192921,0.039799092110491235,0.017210028074915673,0.2779168837265549,0.18421896515674263,0.8592599179627755,0.42754342176412957,0.3397007583035072,6.620263651169198,13575.630577053184,0.0048,0.021481199978504856,0.482763630873454,0.0,0.0,0.0,0.5448995085913579,0.0,2.7093020352450286e-15,3.7041238763115625e-15,-0.05261768639994412,0.0090118355899518,1.0
concentrated_wealth,20261238,0.00033243212192403854,0.011995093339172022,-0.0442116085900447,0.045750231559255915,0.023619461571025114,0.015178743479563677,0.04207241668887107,0.024007592992950074,-0.011126373888965906,0.010472132750804164,0.13360308679860444,0.9186674366946831,0.476275700223263,0.167984465649843,6.556050678915298,13542.14915885331,0.0036,0.08983358989368365,0.3525334573314094,0.0,0.0,0.0,0.5317304934479223,0.0,3.657557747580788e-15,3.439543599432165e-15,0.07747576615814722,0.020556281421279254,1.0
concentrated_wealth,20261239,0.0005136727726941931,0.014180725045145467,-0.025828589228830766,0.048523272679631836,0.020008481310293733,0.10002664195745406,0.08174409373900321,0.038968942695003936,0.039047854406420536,0.649774909799631,0.24126426010870033,0.901859346423649,0.49721989269580524,0.347625366931274,6.657700076525806,13643.483463501661,0.0064,0.02541790551218921,0.32481632280654327,0.0,0.0016,0.0,0.512967319606241,0.0,2.4383718317205256e-15,1.3229013843969864e-15,-0.08586444620574347,0.02953216861942257,1.0
concentrated_wealth,20261240,0.00016605429244540666,0.01182826651184893,-0.04147177964080346,0.04147177964080346,0.021175548855242962,0.0382286976417285,0.041089426762763503,0.0013132034405753258,0.023375862694796568,0.029441675389642263,0.11347201333371643,0.8468102966624086,0.4251083281083582,0.21883705479627952,6.572660374626711,13503.893455603633,0.0036,0.03220347503171742,0.3626318601807408,0.0,0.0,0.0,0.5028397025990725,0.0,2.1674416281960227e-15,3.3072534609924663e-15,0.05164652556753316,0.013214753665246716,1.0
concentrated_wealth,20261241,0.00039603918289882217,0.01687497935854812,-0.01858846720436298,0.09177596218828332,0.03907220062484807,0.1562265914472162,0.1508182998596265,0.04650231279496922,-0.01059011671543497,0.9791204007408205,0.31546985821513485,0.8910531994184836,0.3941920563442802,0.49844601758674645,6.835953521124481,13677.971523212209,0.0088,0.03432852308350397,0.30923616937233445,0.0,0.0036,0.0,0.5215873621771081,0.0,4.7412785616788e-15,4.630154845389453e-15,0.1247392694394916,0.001640161448697552,1.0
concentrated_wealth,20261242,0.0004708821310289345,0.013850831258455749,-0.021823254579794494,0.07830178624213058,0.029076650837706875,0.0943617450048056,0.09960983486453093,0.08674452032415288,0.053523307661705516,0.9029557679098703,0.2959336170079373,0.9404026335600424,0.4284967141210767,0.31786164188155197,6.608299204960986,13660.574195217849,0.0068,0.036386038255341265,0.3051854051411632,0.0,0.0008,0.0,0.5328814925809968,0.0,3.1156973405317828e-15,4.233284430070357e-15,0.06852207686363886,-0.003406791105232416,1.0
concentrated_wealth,20261243,0.0005363390663505175,0.01438619083488689,0.006242746956366948,0.10523635931928449,0.03208528441464096,0.08437684207354239,0.1095979390968679,0.039939454363418295,0.048823823414338025,1.5327496731352364,0.24911658867366618,0.8895923060497588,0.4341392944231929,0.40900866752083137,6.555573708734509,13881.682601817125,0.0056,0.02223520330849119,0.2775347566609694,0.0,0.0012,0.0,0.5277471584974887,0.0,3.657557747580788e-15,1.8520619381557813e-15,0.17036758625385479,-0.024994923417861876,1.0
concentrated_wealth,20261244,0.000462471642635985,0.013374197715516718,-0.012750186624491275,0.053501721668341023,0.016608119670543077,0.07321467232199085,0.03791622927350504,0.022652445759318372,0.02243628564276971,0.490101983689748,0.20458134031610567,0.9093889830676888,0.4319547358141356,0.28955945465387906,6.633700866030082,13532.081127100435,0.0052,0.08086882097760463,0.36224364665357833,0.0,0.0008,0.0,0.5237052960615596,0.0,1.4901161193847656e-15,2.5135126303542743e-15,-0.06076459436144796,0.013393493790327358,1.0
concentrated_wealth,20261245,0.0006320278214198779,0.013435071020268098,-0.033863724735322065,0.07108672139695986,0.02591158280664423,0.17546443896906547,0.14165417031111602,0.0901301863213383,0.03125400817171019,1.19627554516586,0.3173326437608768,0.948935317099469,0.6344163304099195,0.22900036677899568,6.619300315652518,13615.823761800366,0.0072,0.06991943461687541,0.36464218102452306,0.0,0.0024,0.0,0.5215968515846929,0.0,2.302906729958274e-15,4.365574568510055e-15,-0.1421982158501211,0.056830313178520726,1.0
concentrated_wealth,20261246,0.0005965756816786449,0.012745134528964842,-0.013612924135225782,0.06035243327792716,0.015201759887109829,0.038430004244444364,0.057634088042749144,0.028570051721561626,0.009289293136769095,0.3501919469451096,0.2110848591239451,0.9478818999141052,0.5192111635113045,0.21735504571225778,6.552880555594654,13614.3453201281,0.0052,0.04715321311032937,0.33775459895608095,0.0,0.0,0.0,0.5569559242696049,0.0,2.4383718317205256e-15,2.1166422150351785e-15,-0.049153729354346226,0.002072199483166872,1.0
concentrated_wealth,20261247,-1.2318176370261469e-05,0.013216972566894797,-0.07003052664153804,0.07003052664153804,0.016574521290758648,0.09662279080232127,0.05774904430993281,0.025045497521714536,0.022592792401477473,0.42032975444680654,0.21252462514631493,0.8722517544016813,0.42326328247313827,0.3667830821339833,6.6928533377781845,13481.547885285145,0.0056,0.011111711663909568,0.552074723299752,0.0,0.0,0.0,0.5265993229510435,0.0,1.4901161193847656e-15,4.365574568510055e-15,0.037572526464800034,-0.03059309866366901,1.0
concentrated_wealth,20261248,0.00037876125182156526,0.012689061240057534,-0.026248015033596743,0.06538511140719605,0.023798507718898628,0.0878343699898594,0.06929152299843036,0.011310150612417313,-0.0022955699539903905,0.44594606618178023,0.2167735667242969,0.9139673349347445,0.5298948163896833,0.2325587071109718,6.579299959286159,13630.727826728547,0.0048,0.08620754152023474,0.4217989641466482,0.0,0.0004,0.0,0.5226378937693101,0.0,2.4383718317205256e-15,1.8520619381557813e-15,-0.00048512264990401943,-0.0026393912239183834,1.0
concentrated_wealth,20261249,0.0003545698156542997,0.012064026740880153,-0.042142782009940184,0.042142782009940184,0.01883288760646991,0.015523859218040307,0.036570776507243254,-0.010905157892091472,0.011663194683191686,-0.015140922389639044,0.09188467120861286,0.8722070148147476,0.432322734533339,0.21685167765439514,6.543396487580082,13573.782424028432,0.0028,0.08876062585390625,0.28361050848930425,0.0,0.0,0.0,0.5208246494442326,0.0,2.302906729958274e-15,3.5718337378718635e-15,-0.054495483503393255,-0.03117924055260633,1.0
concentrated_wealth,20261250,0.0006225563367855547,0.011807355059604108,0.013730684899135207,0.04087100585849843,0.01794599882634341,0.0023290207680395753,0.012446683798755728,-0.034212994266723584,0.0007084935077959041,0.00399445101600282,0.01896369464909032,0.9392012939360288,0.6898077482208324,0.11361756975133365,6.538120348634562,13539.473198630652,0.0036,0.1261871369284875,0.24723696005257068,0.0,0.0,0.0,0.5290738836150009,0.0,1.625581221147017e-15,2.1166422150351785e-15,0.02278806618217057,-0.008940980299882103,1.0
concentrated_wealth,20261251,0.00037701315834986636,0.02738493746432447,0.07489005388099973,0.19874731022232678,0.06001401541934213,0.4474043055936088,0.36479900792968156,0.21024715962482618,0.025085224883367157,20.57248910038883,0.5873795839608574,0.9289779382148781,0.5036995894026469,0.43803431971940054,7.036131617394892,14083.462234811857,0.0184,0.09943468497168285,0.6407375976717585,0.5664,0.0244,0.0,0.5715937775944926,1.0,2.573836933482777e-15,3.5718337378718635e-15,0.5906471545820102,-0.04049791937824051,1.0
concentrated_wealth,20261252,0.0002136416347367728,0.014604059570468684,-0.0005252659351847153,0.06277707170120173,0.01869269329274106,0.05319110252060664,0.05827420599233937,0.026515251276782812,-0.016552788343753226,0.8309625126687266,0.21999785781549622,0.8156570012606845,0.4379938750607915,0.40612973229932814,6.701617765055033,13585.309339391992,0.0052,0.042865519989984883,0.36789474521594656,0.0,0.0012,0.0,0.5529278069323387,0.0,4.470348358154297e-15,3.439543599432165e-15,0.14099216778071097,-0.036041497230649235,1.0
concentrated_wealth,20261253,0.00015028869371764414,0.015095169631929042,-0.03723875279308766,0.052331780254150126,0.024517609862628534,0.09175411858168554,0.1254046917484687,0.034225854964986,-0.0024156935529901086,1.7946686075433584,0.28647631059369044,0.8825705176126882,0.41979124285815717,0.4311226462360204,6.749596325730227,13553.145873642778,0.0056,0.02609923853880805,0.3999969769393701,0.0,0.0012,0.0,0.5394254588093144,0.0,4.605813459916548e-15,2.248932353474877e-15,-0.022067614861562935,0.009762872402107303,1.0
concentrated_wealth,20261254,0.0002058770933393518,0.01682811935786479,-0.03247930844669295,0.09483068630141303,0.02364639335267246,0.14793520771954827,0.1703124078294711,0.042366894045078186,-0.004804440263580829,1.4638662878263098,0.30515212524539514,0.7906673126303898,0.4165911259167114,0.49760840592364325,6.80337105871514,13690.062316499072,0.008,0.015294246164454734,0.4459856659654907,0.0,0.0044,0.0,0.5507564826553482,0.0,2.0319765264337714e-15,1.4551915228366853e-15,0.04646152331136162,-0.00449267490770108,1.0
concentrated_wealth,20261255,0.0004004114052783375,0.012895117398303102,0.0054941812400605,0.06334132574052925,0.018257110240868797,0.10972993482174176,0.10020723095430957,0.041585227266574265,-0.024797083142004735,0.7119200240205341,0.27035662880119876,0.9438353831120668,0.476944381206486,0.23697990066576377,6.623393272843656,13550.779655744147,0.0076,0.05910740183793216,0.26559472561455577,0.0,0.0012,0.0,0.5173412143104743,0.0,2.4383718317205256e-15,3.7041238763115625e-15,-0.01249842008744906,0.05204592136772772,1.0
concentrated_wealth,20261256,0.0009033984211943448,0.011495472792309317,0.012469284429090753,0.046584835265970986,0.018289866260831875,-0.005535156039295238,-0.00541910794029341,0.01432105224990439,0.03165146004041077,-0.012526654937125237,0.0794616590744601,0.9517839629832181,0.7173700959739241,0.09284413526452504,6.5117007639501985,13553.263579638367,0.0028,0.17239983166908102,0.23364612254366213,0.0,0.0,0.0,0.5117096979462428,0.0,6.908720189874823e-15,3.042673184113069e-15,0.0065898325150031585,-0.03120614007790677,1.0
concentrated_wealth,20261257,0.0004415762033160231,0.012776984292622058,-0.0378907657362669,0.058681562043484285,0.01894805004001155,0.05660451847898408,0.037907330365378425,0.03815015496251453,0.028848009160577275,0.05786237258750848,0.1916402656710137,0.9347536889108246,0.46184894551994826,0.2730937093684495,6.600951584477537,13525.914005676967,0.0024,0.038098930713030305,0.21142482392716544,0.0,0.0,0.0,0.510431428588793,0.0,1.4901161193847656e-15,2.645802768793973e-15,-0.012780919372597063,-0.02824411599104843,1.0
concentrated_wealth,20261258,0.00045372440324894934,0.014114487636312812,0.010972767183945121,0.07078545051065291,0.01908255733976843,0.05452077238353941,0.1280180962015184,0.03498801281413828,0.03325745776645151,0.7304149027117512,0.2614581947490174,0.8892645295590739,0.49208012474141655,0.36497617484206685,6.632749490500949,13716.281965487213,0.0068,0.059738942914856714,0.35344678618058634,0.0,0.0012,0.0,0.5101498569259604,0.0,2.0319765264337714e-15,3.439543599432165e-15,0.025554232099223046,0.01181018489335844,1.0
concentrated_wealth,20261259,0.00033606507869042443,0.011307586856557842,-0.03341653935307007,0.03388864116049666,0.015436758940296854,-0.001694574740673502,-0.028905822444091334,-0.01623029462851097,-0.027830612515559506,0.011189266692429367,0.0022101747076419477,0.8888033955506133,0.7855737002121405,0.014294873099866906,6.574128247702815,13410.576544609617,0.0036,0.24639605482620608,0.3744891235017559,0.0,0.0,0.0,0.5225344581456497,0.0,6.366859782825817e-15,2.5135126303542743e-15,0.017559104862406298,-0.012904920217627769,1.0
concentrated_wealth,20261260,0.00014163239649175665,0.019184572237996977,-0.030220911086824304,0.13810380181685958,0.030576805103068722,0.18896268613352318,0.17668024254568415,0.05058322805088183,-0.030607817666952402,2.7027747372276902,0.38806065349145236,0.8340132932051889,0.40645113371186953,0.5313541644655146,6.945426675807278,13718.749250528246,0.0108,0.014689286245525313,0.48853639595037046,0.0,0.0084,0.0,0.5535986340224628,0.0,1.625581221147017e-15,2.9103830456733705e-15,-0.17746138832172215,-0.03229386883243227,1.0
garch_t_control,20261211,0.0003661363333819654,0.02416675488316072,-0.05997516546614033,0.09039920099266043,0.04680406449388494,0.3796360627996707,0.3084233285338432,0.26537551061699,0.07869140871226853,32.78208748822932,0.231999091444518,0.9109783176123536,0.5031784351249576,0.36914326351592186,7.085946876057786,13857.377567160544,0.0164,0.061750108477670144,0.5380477942755771,0.0,0.0144,0.0,0.17000559725626818,0.0,1.625581221147017e-15,3.1749633225527677e-15,0.23029718938478483,-0.03818315968438803,1.0
garch_t_control,20261212,0.0005591706398906964,0.012934978608382375,-0.08553145256194379,0.08553145256194379,0.033473967005758797,0.3761928449482895,0.34698968237246725,0.2316444379018668,0.15428200290386496,9.977937983265047,0.37397958944782295,0.9516266354863218,0.627154895782256,0.1693174846577617,6.574517504350943,13919.901778234333,0.0152,0.08559140388485476,0.2912979302019929,0.0,0.0036,0.0,0.0647686811262651,0.0,2.0319765264337714e-15,3.1749633225527677e-15,0.16209259766467546,0.04992078147706802,1.0
garch_t_control,20261213,0.00037544557527490917,0.01621387582255921,-0.012589474649380088,0.10240964082755247,0.024205105251890208,0.3455188734428761,0.3166363871228314,0.22430122420537635,0.10512735494013885,7.879166880353139,0.33009702070162805,0.9283979969829707,0.5015572423208967,0.3078470800004717,6.85807607127416,13732.635499968326,0.0212,0.06115318481815997,0.514716003607621,0.0,0.01,0.0,0.12969237117890398,0.0,1.7610463229092685e-15,2.1166422150351785e-15,-0.2696312656517023,-0.04594198949954071,1.0
garch_t_control,20261214,0.00029717865877762365,0.011812656859935204,0.004640633295722997,0.11689822379066997,0.044724534128220216,0.3565047215718246,0.36387294632480643,0.2331754158290601,0.04604304276830869,6.798638981317106,0.4760048406209904,0.9283665801966464,0.47440535912083365,0.28539259302206277,6.607808858744698,13802.969066992819,0.0188,0.06877280578897946,0.22802038730765506,0.0,0.004,0.0,0.07539196111382496,0.0,5.0122087652033025e-15,1.3229013843969864e-15,-0.30788975162349114,0.024315485564213316,1.0
garch_t_control,20261215,-6.179230717597086e-05,0.013510598018859527,-0.011024417460546651,0.07396591141497486,0.026061449989769846,0.27442333543760766,0.27702695125453797,0.11340285102899263,0.08978025550722019,6.693325966576701,0.42568650179975,0.8675562753567606,0.490710515551016,0.3989024657073296,6.715155442456592,13749.40476474286,0.0176,0.0183302756009605,0.5371876233591397,0.0,0.0052,0.0,0.07838729585026138,0.0,4.063953052867543e-15,2.3812224919145757e-15,-0.4059173351997845,-0.07810834516609126,1.0
garch_t_control,20261216,-0.00019973520861350523,0.014117701563724291,-0.09491830259117326,0.09491830259117326,0.027400391583637766,0.2434912404575022,0.3226807616719945,0.1698855434939988,0.0003284808178204027,6.315013253765853,0.3567233040774707,0.8517480288442112,0.49632393300573574,0.4108268694916279,6.830457331421286,13735.30408813464,0.018,0.015256536875204193,0.6056905701935837,0.0,0.0072,0.0,0.07578900159150814,0.0,2.7093020352450286e-15,4.365574568510055e-15,-0.2503251831102782,0.008426517291635266,1.0
garch_t_control,20261217,9.601291915121663e-05,0.012818882361110397,-0.016015620360285397,0.09818465051751882,0.023871749816333665,0.2809399336643361,0.25103041995668496,0.1586908975392348,0.049516412114612884,5.09520427911151,0.3739365884303548,0.9084815494245904,0.47884475132178583,0.39579460774017466,6.612706835182743,13879.174699492889,0.0184,0.02316231906700646,0.37569308562600046,0.0,0.0052,0.0,0.08353851834393855,0.0,4.605813459916548e-15,1.8520619381557813e-15,-0.2583563110192487,0.05293261361660278,1.0
garch_t_control,20261218,0.0003642493689700881,0.008391577129250215,-0.01324865215374254,0.03824372753459055,0.014681452494131367,0.18684958674025987,0.15051155210048497,0.13604333855981687,0.08812669875125463,2.722139778550493,0.22023607823528793,0.9401596115262686,0.7036313787542909,0.11829660566876116,6.451839080397601,13634.674122908082,0.0164,0.06718615293996068,0.2294765176357496,0.0,0.0,0.0,0.0352376867116595,0.0,3.251162442294034e-15,2.248932353474877e-15,-0.17979340638108748,0.001226363290103603,1.0
garch_t_control,20261219,0.00029262800001512057,0.011682120387337316,-0.03255694306096,0.06721872151991966,0.027242861483525244,0.2847883304477037,0.2280453163635592,0.14565480650174145,0.1129219617559487,2.900640964559601,0.3466068879069467,0.8923894017212399,0.4718929116898108,0.39459442882739426,6.513419102008508,13907.189296493667,0.0132,0.02459950155515785,0.23141751717630232,0.0,0.0012,0.0,0.08005117171544507,0.0,1.8965114246715198e-15,2.1166422150351785e-15,-0.12808971383862613,-0.006767864318484045,1.0
garch_t_control,20261220,0.00032394664191951356,0.011455514170384797,-0.048451055266950906,0.08756329089296681,0.029897459715324103,0.28515988667841996,0.2701959373305656,0.1408339153063235,0.041451524989257874,16.25630709520519,0.4092849367720734,0.900079772008514,0.4788562153115661,0.3394894616812424,6.4773698959900585,14010.187404719105,0.0136,0.0708029060418944,0.28944549747897896,0.0,0.0028,0.0,0.105096607960671,0.0,3.3866275440562853e-15,3.439543599432165e-15,-0.5353713624680558,0.05531089437790752,1.0
garch_t_control,20261221,0.0003572592793392744,0.01564002813685825,0.06404149852710558,0.08147639573924427,0.03962821238243523,0.3507707621197403,0.31693345069174644,0.261001709729308,0.12416435181492956,8.574275612959326,0.26591890197798995,0.9411088379276284,0.5489262147337913,0.23250368612075825,6.715386369880098,13862.263359074312,0.0204,0.08430617602087694,0.3498967357985068,0.0,0.0072,0.0,0.0741563261148126,0.0,2.573836933482777e-15,3.439543599432165e-15,0.4166861735197047,0.009281154068967614,1.0
garch_t_control,20261222,0.0004292196741339318,0.009895031262116072,0.012998777442531521,0.047525640325463844,0.01701566570196488,0.20516971089253624,0.14936259120650716,0.08783884406324317,-0.0033107986225636597,3.5086770230728686,0.21077949504387605,0.9326311520520216,0.533790542608019,0.23898200809965336,6.3947691500646835,13892.278966916496,0.014,0.037984988226206946,0.2541153565184108,0.0,0.0008,0.0,0.05363191506597875,0.0,2.4383718317205256e-15,2.3812224919145757e-15,-0.11144747882678589,-0.023375216173296763,1.0
garch_t_control,20261223,2.484352740413627e-05,0.01782903611737347,-0.10806435247395736,0.10806435247395736,0.036838944643096616,0.2990330712731708,0.32878735285908656,0.1645606100618208,0.016983069663640996,3.6732026458214024,0.4751604429285721,0.8576757241991055,0.47686917334570644,0.49185547606316793,6.891721936960276,13861.532238788432,0.0188,0.015416206616812167,0.4801035083759153,0.0,0.0116,0.0,0.14989422573198907,0.0,2.1674416281960227e-15,4.762444983829151e-15,-0.010144819553587796,-0.01905038072535556,1.0
garch_t_control,20261224,0.00039451131090045306,0.01715754379930444,-0.048312780034667394,0.19048090890520653,0.044469216707225555,0.38601528822455317,0.37662604932618443,0.22491053673725384,0.005697609110071732,5.93692018509547,0.5365747876040386,0.9362908054648676,0.46036029158668357,0.4446477707747744,6.8003973566514135,13969.518643197918,0.0208,0.04407531523991229,0.2564905548143951,0.0,0.0108,0.0,0.13829117719319894,0.0,2.7093020352450286e-15,2.645802768793973e-15,-0.15042187009175,0.019632623440559886,1.0
garch_t_control,20261225,0.0005439556982969005,0.01123983799849952,-0.06325524011996266,0.09192413949176256,0.03845755660647625,0.2861473687062236,0.24925373431515294,0.19421772566519777,0.07685127765002399,17.982329815835605,0.3106282330936919,0.9072333115265433,0.5669175491775298,0.26016159819384904,6.560067290631185,13765.866428772497,0.014,0.13467888851923035,0.22509312588964436,0.0,0.0016,0.0,0.07425156344657702,0.0,3.522092645818537e-15,3.042673184113069e-15,0.25718072768789324,0.0608313950251713,1.0
garch_t_control,20261226,0.000294988046658219,0.023196491288294405,-0.011077391458731111,0.17758044152324468,0.04369254351777215,0.4171291948572445,0.46771459746491484,0.21495179054028984,-0.03940380157001245,6.103246612652416,0.5898741272707877,0.9174702879318367,0.523194008424937,0.5000958459403634,7.201241538868234,13962.961399784363,0.0228,0.033477249430928745,0.37390130302913294,0.0248,0.024,0.0,0.24654077652007134,0.0,1.8965114246715198e-15,3.7041238763115625e-15,-0.008062221631672094,-0.05878825288339357,1.0
garch_t_control,20261227,0.0004139456376063421,0.009526969809793317,-0.03302706449362257,0.07839424057883566,0.02115522262211285,0.2540903669458578,0.28600911420861963,0.16975711569750548,0.03044640575611894,7.017948507070221,0.2844852639016985,0.9346944780346732,0.6513586566745009,0.21955629450409492,6.428686825255452,13951.207347546104,0.0196,0.028249274046875904,0.3929060587944405,0.0,0.0008,0.0,0.04067429042292159,0.0,1.8965114246715198e-15,1.1906112459572878e-15,0.4539797113617721,-0.012837587528064364,1.0
garch_t_control,20261228,0.0001748453250477688,0.01439892029820075,0.004241171778295496,0.09253241605593372,0.03444798616471544,0.3107279382043271,0.328372236723809,0.26023120414458245,0.21050752871795084,11.180271319666522,0.302056459653168,0.8880541875443415,0.4767411536923522,0.3417524805151441,6.6008064605221275,14008.02401058332,0.0172,0.0336333913423918,0.5113984613563993,0.0,0.0056,0.0,0.10245871312348953,0.0,3.522092645818537e-15,1.5874816612763839e-15,-0.6319169632692639,-0.05125614543350934,1.0
garch_t_control,20261229,0.0003228547447054929,0.010707502269570755,-0.033955120179303355,0.07534761824573936,0.03082897287716958,0.3408349580424437,0.29383281673976847,0.1675156173226904,0.13866541583498668,3.3032723916652156,0.4978118442388037,0.9414863015366518,0.4988755712760269,0.35057973679515264,6.424023730205476,13956.043974319893,0.0168,0.030762578557320678,0.33851700529739637,0.0,0.0008,0.0,0.07177130579991275,0.0,2.980232238769531e-15,3.3072534609924663e-15,-0.068000730081079,-0.027144726537294057,1.0
garch_t_control,20261230,0.0005780652343231026,0.011375442464548231,0.050998639146895695,0.08074761323920407,0.041112445034171406,0.4030354579616304,0.3304581257875896,0.35875937694057586,0.07105158276259387,12.446616209151857,0.3226814483385746,0.9524219321732781,0.6620041551199196,0.24833032909218403,6.5135649021840685,13990.994821267544,0.0184,0.03277584381131448,0.19692342792830164,0.0,0.0028,0.0,0.050702356175657215,0.0,5.68953427401456e-15,3.042673184113069e-15,0.6780905937409055,0.014890631787764445,1.0
garch_t_control,20261231,2.76416330737117e-05,0.027684239650315114,-0.09940709260413434,0.174084752116904,0.04792493149056717,0.4991181995407925,0.448490235673238,0.22330130041769508,-0.04202236265241256,7.865013769143932,0.6303737560704299,0.9121723898895205,0.5205126499759163,0.49835818163409634,7.292154855027912,14108.461602483141,0.0208,0.05095046347249359,0.5820528052518805,0.0544,0.0332,0.0,0.2079484776150482,0.0,3.522092645818537e-15,1.4551915228366853e-15,0.3669744098600586,-0.03539988489903105,1.0
garch_t_control,20261232,0.00020293163299854448,0.015294310713586064,-0.04746402833945323,0.09658319503287857,0.03133795499425994,0.3632199781891697,0.3339558337932549,0.22436683970709476,0.09213428959300918,7.147367962499047,0.5071103079991078,0.9217932842258172,0.49806971017667123,0.4153140182796684,6.667253296956505,13994.25410232221,0.0184,0.021994097891121576,0.49496367721807355,0.0012,0.0084,0.0,0.09618449804543538,0.0,2.1674416281960227e-15,2.645802768793973e-15,0.3192352451564771,0.01875163606431532,1.0
garch_t_control,20261233,0.000665218840912792,0.01142251507024245,-0.043275419881752195,0.08069765587536469,0.027384397927895893,0.35448150144752644,0.31629599395495156,0.27516370367776044,0.20892106543824038,11.86245630745143,0.36128794384473895,0.9418240805538994,0.7510362651040018,0.0791841955888334,6.446527351891691,13892.554741649643,0.0196,0.10661607580217142,0.29813382614391026,0.0,0.0028,0.0,0.034878284512340096,0.0,2.980232238769531e-15,3.439543599432165e-15,0.5421121175366621,-0.03962063240164306,1.0
garch_t_control,20261234,0.00046195092100567654,0.010817830723905651,-0.01440970766144479,0.059284730604379644,0.027836191527140973,0.33437731207425103,0.3158044437826651,0.16707578988825242,0.029975916382311632,7.028764260850545,0.3852915074404819,0.9405891902649661,0.49287335776409,0.21399663998314936,6.411836807237535,14077.117086029664,0.0144,0.07660129951814167,0.25325222487325094,0.0,0.0016,0.0,0.07654892628448318,0.0,4.876743663441051e-15,1.8520619381557813e-15,-0.08377562151769251,-0.03176903611790195,1.0
garch_t_control,20261235,4.6873631700630725e-05,0.01263921744275555,-0.01729830087226689,0.10148505364229475,0.03656382631785972,0.3846009060116937,0.36132154871215144,0.24679410570003146,0.016297061583926138,11.70259531197286,0.4363687216861299,0.8866766717953369,0.512132434556842,0.28895079613912844,6.612290386179117,13955.090630182865,0.0192,0.05173199363146198,0.37087569533742093,0.0,0.0052,0.0,0.06848020426661039,0.0,5.68953427401456e-15,1.7197717997160825e-15,-1.0079328706065707,-0.078630590351252,1.0
garch_t_control,20261236,0.00021563011321389886,0.010114268635497943,-0.01264938090683723,0.12497832703945928,0.04602356060601859,0.21173871485040674,0.2638416704151283,0.14390003313456876,0.030357817816361564,3.8599469369675816,0.30834918892406216,0.8734962646716756,0.4511190634018715,0.3633598966408043,6.56959737383644,13752.159291989285,0.016,0.025232806296032435,0.2880216262903831,0.0,0.0008,0.0,0.05713092302476075,0.0,2.7093020352450286e-15,2.778092907233672e-15,-0.011546127664637208,0.014418355523765377,1.0
garch_t_control,20261237,-1.851608887705325e-06,0.01739944655904036,0.006901552433879889,0.09918729853007352,0.03111441594626273,0.3094635888927654,0.33774313999121885,0.2170343720629593,0.04189191026078391,15.113687619541178,0.46972602277770054,0.8807726704947467,0.5076188869671637,0.4370868028543698,7.04508084232785,13652.01572921768,0.0176,0.038572509959632184,0.4803219430273047,0.0,0.0096,0.0,0.16025918898252445,0.0,3.657557747580788e-15,2.248932353474877e-15,0.8432648422335902,-0.016996331728331437,1.0
garch_t_control,20261238,0.00029142580535852146,0.014923615474617256,-0.011179823947588978,0.13336768368745305,0.03526848266049903,0.2776469469066708,0.2986816225676218,0.13813076386805306,-0.045649624110870916,4.137934297954797,0.4957773574288647,0.8852057198385281,0.46530180163939494,0.5047820752336486,6.849785315529113,13697.76295413273,0.016,0.03809784264845234,0.25506692629363714,0.0,0.0048,0.0,0.13240476048271121,0.0,1.4901161193847656e-15,2.778092907233672e-15,-0.22154741493492303,-0.041649273616545336,1.0
garch_t_control,20261239,0.0004232663766927121,0.008991021959947651,-0.09997194943314865,0.09997194943314865,0.025923335381894546,0.2825454430654198,0.2500371356123842,0.13582246649439786,0.04889935158613532,9.924063001900642,0.21475071221850164,0.942884599637438,0.6851566580758562,0.1424719363861,6.471418028397374,13731.292239206057,0.0124,0.12264865050977483,0.16317157605077293,0.0,0.0008,0.0,0.040156549321023194,0.0,2.84476713700728e-15,3.3072534609924663e-15,-0.36476546175976937,0.017231185699363865,1.0
garch_t_control,20261240,0.0009818240183862314,0.010115625585894062,0.010151444735494824,0.049907217040425625,0.024174191104009368,0.19551425229179095,0.15345790805020093,0.1237635148120045,0.027764223083082448,4.214723213358867,0.1646432421082921,0.9513854903988321,0.7710184161679193,0.08418559879878323,6.534732598852827,13737.25819525724,0.0152,0.13612929049453984,0.18211123039573562,0.0,0.0004,0.0,0.03744364306864578,0.0,3.3866275440562853e-15,1.8520619381557813e-15,0.25596180498070364,0.055295567580244814,1.0
garch_t_control,20261241,0.00048761276198028655,0.011519317831075241,-0.017780343049813567,0.12311379203871937,0.036989249830863734,0.36058708583201526,0.34659399416903053,0.2666353987625117,0.09007529015960136,8.109284375029283,0.4293963505773729,0.9549221309673108,0.5071048652175896,0.26788831525704804,6.4372630286266626,14026.38959535048,0.0176,0.022476486849154067,0.21000446798454409,0.0,0.0024,0.0,0.08166684077100239,0.0,3.251162442294034e-15,2.9103830456733705e-15,0.4558701370026398,0.00854021677650728,1.0
garch_t_control,20261242,0.0002186765919703621,0.012284828139339985,-0.0003517189437026818,0.09918793171767724,0.030646842703516537,0.31308757435277856,0.34315602894566205,0.20508662918013681,0.027883491011789545,7.084272480504733,0.4963438435147221,0.90921880643983,0.49514520993395844,0.359451087318599,6.495797054466717,13976.437209406275,0.0204,0.058469099309766036,0.3709065630439733,0.0,0.0036,0.0,0.09141536273666162,0.0,2.4383718317205256e-15,3.439543599432165e-15,0.07904465548788896,-0.00811801467793627,1.0
garch_t_control,20261243,0.00016461518139970188,0.015236601843372787,-0.04149385602691931,0.13534699010407172,0.032123263264704535,0.3586758918480373,0.38818234158826337,0.20079351464241169,0.025681462146944757,9.497140086504457,0.48229583542773524,0.8783460895458615,0.4735601517946899,0.43719155854279224,6.7396813283849255,13959.24738859002,0.0196,0.020872096826864906,0.4133656889329622,0.0,0.0068,0.0,0.10900379535641158,0.0,2.980232238769531e-15,4.365574568510055e-15,-0.13739843063134408,-0.01623400468721816,1.0
garch_t_control,20261244,0.00023429009104626778,0.01777258657013089,-0.040324550100740784,0.12793266474105452,0.03596228952803202,0.32875985640564603,0.3165111316551395,0.16030017547246195,0.06113881691237866,4.036457622894358,0.509396669210987,0.8751785224854692,0.4797736532869151,0.5067199742138759,6.904939154900351,13866.83830842703,0.0172,0.017652539331772733,0.28541754545640674,0.0,0.0108,0.0,0.15458534569352755,0.0,2.4383718317205256e-15,2.9103830456733705e-15,-0.2351790310775931,-0.011687161140743642,1.0
garch_t_control,20261245,0.00033043742537058624,0.01377691338862807,-0.03380945409755602,0.09327123612494351,0.029477971115433634,0.35184610255197585,0.3032136458490228,0.2018000719177835,0.06914688999385335,10.29615924430444,0.448838453721625,0.9278105199264258,0.4586703111037598,0.3551382839040129,6.674275387068306,13870.396535562439,0.018,0.043415592272470584,0.5246256127358528,0.0,0.0056,0.0,0.09916081400840349,0.0,3.7930228493430395e-15,3.7041238763115625e-15,-0.6196767104179004,-0.03442288626111265,1.0
garch_t_control,20261246,7.037107969416887e-05,0.010175437644108587,-0.03689462803731901,0.05135222141502403,0.02456130887398073,0.2776635001177658,0.25104596459095296,0.17860894780002215,0.14359778844548454,9.722373746478732,0.152203275915749,0.9190908240146346,0.4995342274330072,0.21866770607435376,6.447403546067281,13803.058713619972,0.0164,0.061345052673014336,0.524608277837776,0.0,0.002,0.0,0.05007317720432747,0.0,2.573836933482777e-15,3.836414014751261e-15,-0.8027807243370458,-0.02222874853970542,1.0
garch_t_control,20261247,0.0002564249175689334,0.013840021318076521,-0.04551162676250256,0.08143174519383342,0.02806552242668277,0.3449125829073419,0.36201164999350377,0.19582495284531895,0.07614560737845234,6.695316432133577,0.4372932385305146,0.9421782033245497,0.48481401027177845,0.3373299584920284,6.743569860872265,13723.541319578415,0.0228,0.020525010387557874,0.34111801058529245,0.0,0.0032,0.0,0.07172550814191214,0.0,2.7093020352450286e-15,5.820766091346741e-15,-0.06941295809604299,-0.019878162104054447,1.0
garch_t_control,20261248,7.768526287057433e-05,0.009497841925155225,0.02163982186964613,0.07101876996968844,0.021609657913862757,0.20991999941054065,0.22890615079875015,0.12093266895497713,-0.02594024560244031,3.384421158615897,0.30956963186411124,0.9120613802342569,0.458769815654119,0.2924562864309508,6.593771406711764,13523.027334086513,0.0172,0.07551133488445577,0.5115795373789738,0.0,0.0004,0.0,0.06205939235134594,0.0,2.4383718317205256e-15,2.9103830456733705e-15,-0.33334457060901224,-0.03962426945286971,1.0
garch_t_control,20261249,0.00042386276773339693,0.011012734648301777,-0.009849706032013518,0.09138935296116808,0.0298385489476748,0.28617822983319974,0.2638883883780702,0.1606256609882049,0.04119586366677588,5.3675524332598314,0.36496140007122885,0.9209752919729456,0.46590380847266144,0.3921312893854026,6.58590054789186,13768.44498682639,0.0124,0.07432539682974128,0.22886488733082544,0.0,0.0016,0.0,0.0814285481324104,0.0,2.84476713700728e-15,6.3499266451055354e-15,-0.28234810081645156,0.000155391287070517,1.0
garch_t_control,20261250,0.00022812332633566967,0.01162997086342442,-0.022096959833540767,0.10128952260104755,0.025813881508066572,0.26801451355637335,0.1749323077863281,0.14955562739630104,0.008002365364446217,8.34048768615713,0.28810250813321586,0.9009065088166859,0.47833544092276253,0.3673309777654558,6.43453645092403,14083.574043960916,0.0132,0.056710198108484905,0.39331534493964204,0.0,0.0024,0.0,0.09398862750518466,0.0,1.8965114246715198e-15,1.5874816612763839e-15,-0.13047099397182557,0.012150448501915007,1.0
garch_t_control,20261251,0.0003966899189615894,0.008732169519800966,0.07580152746689058,0.07580152746689058,0.027897089862681752,0.22958809658205281,0.2104667796811518,0.15707752002532024,0.023692865470753294,3.416808026788064,0.32763474024265565,0.9310901402810473,0.5270602275084874,0.2598539111061154,6.431601635140978,13763.29442725305,0.0152,0.02619626435557111,0.22031418807618275,0.0,0.0,0.0,0.04935950434939751,0.0,3.251162442294034e-15,1.8520619381557813e-15,-0.028838557346897914,-0.02655721798983104,1.0
garch_t_control,20261252,0.00028150204128139827,0.020542541190721658,-0.0699049455430508,0.09221658922528014,0.04373978481186085,0.43392306757987237,0.42321737588407893,0.28434991437427104,0.10553462243243875,14.969563548833975,0.5688009023243453,0.932302708810962,0.5265953473111674,0.40377064261566487,6.85428374063422,14074.844313997364,0.0244,0.059994521104034665,0.5706041496999232,0.0008,0.0196,0.0,0.16345400306717672,0.0,1.625581221147017e-15,3.7041238763115625e-15,0.9930837586651289,-0.04415492398694512,1.0
garch_t_control,20261253,0.00037490481417322245,0.014948615628909903,-0.08448003446046227,0.09055372476607908,0.03333288063127927,0.3736679543196956,0.29218479184347224,0.20294671435806028,0.06930104136016674,15.088185637519508,0.3793233629690011,0.9124703340562274,0.5000880742182645,0.33266296557280645,6.640648307517227,14059.918341458912,0.0164,0.030015975377607612,0.38626369230249424,0.0,0.0052,0.0,0.08412565274032024,0.0,2.302906729958274e-15,4.497864706949754e-15,0.733745759348662,-0.0037805789139444055,1.0
garch_t_control,20261254,0.00029374157789165026,0.01771412850248382,-0.000821922501684436,0.1134599548300449,0.03051064472498055,0.32174875287027394,0.363295696120288,0.2535888784716525,0.03842268969672754,4.25501693881264,0.4915502179430405,0.873039195545954,0.4807644253856136,0.47430732241152335,6.8840054457146165,13935.914543169707,0.0192,0.014940327588684363,0.42523382558550393,0.0,0.0108,0.0,0.16021487634693532,0.0,2.7093020352450286e-15,1.98435207659548e-15,0.10522275650322133,-0.03444931924313294,1.0
garch_t_control,20261255,0.00020559447732859296,0.010877335539043404,-0.06221191308990466,0.06221191308990466,0.02158642658758584,0.281174614449563,0.2701680537106978,0.12999028021277897,0.031887050569417145,4.540710121540273,0.332955787383064,0.8942804526644067,0.4714177469915537,0.3882143005962823,6.478692139912552,13847.018216757697,0.0144,0.038045711298724895,0.34308603427908413,0.0,0.002,0.0,0.08433819820946331,0.0,4.7412785616788e-15,1.1906112459572878e-15,-0.008488411220446494,-0.06693399341714809,1.0
garch_t_control,20261256,0.0003869079213645691,0.009411727720768821,0.006053049873690081,0.0866059171239177,0.02505658642940493,0.2875589057863034,0.24500149403312127,0.09197567417571977,0.07447533862753528,6.806311129769718,0.2703898754560666,0.9527433554474855,0.5695079921712959,0.13609507866051743,6.4127315938655345,13898.57999144305,0.0156,0.09967002944967275,0.3034025059323727,0.0,0.0016,0.0,0.04464075599343098,0.0,1.8965114246715198e-15,2.778092907233672e-15,-0.07250657654866723,-0.0020995579389986763,1.0
garch_t_control,20261257,0.00040074305610377116,0.01542482231772574,0.028515949003217717,0.1076589154161851,0.03518362754092343,0.31439152659657876,0.3122427422827446,0.15180518066648674,0.017480421631026633,5.071489401438134,0.498219889935757,0.8864035579486047,0.4753204058890152,0.5083481912691569,6.751271600523734,13868.6799313164,0.0148,0.02423201213258942,0.2938725844250729,0.0,0.0056,0.0,0.14064416429733195,0.0,1.2191859158602628e-15,1.3229013843969864e-15,-0.09505131438505098,-0.009590847044740995,1.0
garch_t_control,20261258,0.00024033041333923748,0.00985727305991909,-0.01266143596017135,0.07937293395559267,0.026101238195852656,0.2883214733024701,0.2743453548647815,0.21537501948991744,0.05262265868023065,6.74788076027429,0.3658992928582851,0.9164253748385657,0.5140612418276511,0.1854711481116991,6.4172682421817875,13899.90994196612,0.0188,0.08984675987208698,0.26784958708869044,0.0,0.002,0.0,0.06227094058053484,0.0,1.0837208140980114e-15,2.1166422150351785e-15,-0.12110465072452728,-0.021237452485649014,1.0
garch_t_control,20261259,0.00018236414691350227,0.009549649807876532,0.00646644318777221,0.05945170158619694,0.02683103239857402,0.27208370519124236,0.24468588090617704,0.1553439774059638,0.062194657976623643,6.711478337686952,0.34839142445405097,0.872851973899991,0.4957878961749857,0.19003454866494188,6.427965592721087,13803.231608794713,0.0196,0.06918433996115333,0.3957222171607573,0.0,0.0008,0.0,0.0458725938455713,0.0,1.8965114246715198e-15,1.7197717997160825e-15,-0.26254371691599837,-0.021787966396435005,1.0
garch_t_control,20261260,0.000548375372391363,0.020457995022787157,-0.074405715368497,0.1462826120805465,0.043132347065134705,0.46955570101867555,0.4644939408537496,0.34852260484448283,0.12794895215391786,13.889885525054336,0.588358807633701,0.9500904004360626,0.4819890216857583,0.34603102844216876,6.926098451371963,13864.882321255795,0.0236,0.0639669022309629,0.41398335485421456,0.0,0.0168,0.0,0.12375847842645094,0.0,3.657557747580788e-15,2.9103830456733705e-15,0.2294810935629076,0.019138615326547998,1.0
logit_learning,20261211,-0.0001369365337182348,0.03141004660736555,0.03714600477470472,0.15689675112758683,0.03892816414310789,0.30558376670734844,0.278153740479929,0.15960946053836392,-0.04630734251117304,9.505138646078638,0.5033726656617852,0.8562535790949746,0.4810542681232572,0.5707682680099113,7.635535563724911,13775.906340812517,0.0176,0.06524787055567183,0.6254441235703796,0.166,0.0416,6300.0,0.2728159595969011,1.0,2.7093020352450286e-15,4.100994291630658e-15,0.4694474815952384,-0.008101651513325593,1.0
logit_learning,20261212,0.0003219709836424144,0.02153317518496597,-0.007579947582552715,0.12928076826114043,0.027743651450140638,0.20002125297052215,0.23443164672202682,0.06083887766581121,-0.007383055264295017,1.6403273881591813,0.4255533654698695,0.8679811271542218,0.45093623611137906,0.5646722627217857,7.042664464853029,13722.904932272757,0.0108,0.05789504225539666,0.48151990779580167,0.0004,0.0148,6300.0,0.16012322897535491,0.0,2.0319765264337714e-15,2.3812224919145757e-15,0.15280892759134343,-0.0003639155133757676,1.0
logit_learning,20261213,-4.169977510307064e-05,0.019270224685250022,0.026121775075892015,0.121530573190135,0.02965852768185854,0.1617384882935791,0.1801972115566101,0.047239072760482885,0.009921511482756079,1.61363949724874,0.38452709197104684,0.8344665454837769,0.4517444981865696,0.5667103527534304,7.000262619801866,13608.517332518119,0.0076,0.03414061581253947,0.47773995624832766,0.0032,0.008,6300.0,0.1238199013339738,0.0,4.199418154629794e-15,1.5874816612763839e-15,0.1400773106382764,-0.03242358898631677,1.0
logit_learning,20261214,0.000492989383924239,0.01229422719742656,0.012466236794548698,0.0588521996616416,0.026345608321743857,0.021521201018130216,0.06147561336055324,-0.00858694765452863,0.022934578093121053,0.07950219993763952,0.12628143050989252,0.9300368412392813,0.622463563385151,0.18017743610534107,6.588667203792036,13518.839510742002,0.0032,0.10621554282876043,0.27579261393379473,0.0,0.0,6300.0,0.06254649926348055,0.0,4.3348832563920454e-15,1.7197717997160825e-15,0.014618983401786755,0.0009228671861265405,1.0
logit_learning,20261215,0.00026604677384329276,0.012452630777907321,0.01278868590761271,0.023955972218721533,0.011619593095931937,0.011724287945806953,0.0470798830415006,0.027215817419209296,-0.023771661293607402,0.04530799155002807,0.10312422856154706,0.843608189389037,0.42069264885736474,0.27575330402343906,6.642650552974871,13430.818991750666,0.002,0.10789448611348053,0.39930991670757676,0.0,0.0,6300.0,0.05705153669077512,0.0,2.573836933482777e-15,1.1906112459572878e-15,-0.0046847661832433345,-0.008326630292848296,1.0
logit_learning,20261216,0.0005011143420790223,0.011580594472885668,0.01827131070671492,0.0582205579938011,0.02106104968082438,-0.0044514238948409,-0.0012760997288028195,0.01645287307395364,0.006969989545187167,-0.04747449284728411,0.06196632868009329,0.9283572142567964,0.7028670253113144,0.08031135976027297,6.5414806884455565,13511.275436398795,0.0032,0.10866915706218647,0.48589773957655913,0.0,0.0,6300.0,0.053431788737666075,0.0,2.573836933482777e-15,1.4551915228366853e-15,-0.061289479459049924,0.019371968440170275,1.0
logit_learning,20261217,0.0006110716266492378,0.012495121079456823,-0.009326497594537976,0.048821039461484,0.017017275829383387,0.05063234446173371,0.0374593594527085,0.008665190147270603,-0.006368308415648962,0.16769041386482142,0.1681422846543796,0.9515619833533595,0.6897157506668495,0.14880464307390456,6.556312396045561,13590.039339208568,0.004,0.08635569355809045,0.3229826072118015,0.0,0.0,6300.0,0.06205540327780268,0.0,4.876743663441051e-15,2.3812224919145757e-15,-0.05531305395114064,0.01781653322253149,1.0
logit_learning,20261218,0.0008614541289662685,0.01477864041392808,-0.0029150991198370305,0.09870849244732267,0.031246092078384587,0.1457225952727497,0.16814923124619446,0.07151966500261697,0.12670442962491357,1.8015975775582502,0.38282317460727455,0.9588096730195054,0.6238161578620353,0.26550189403023616,6.642977771423946,13670.302682507312,0.01,0.05725435246124571,0.30279726740809165,0.0,0.004,6300.0,0.09115009342464986,0.0,4.063953052867543e-15,2.9103830456733705e-15,-0.22290944416667804,-0.019814169791639073,1.0
logit_learning,20261219,0.00016866694429352194,0.021367061619407764,-0.017736220347975302,0.11377211602761234,0.03147557207037692,0.1742523729481849,0.16849222580801865,0.055062186034576036,-0.03249157689882717,1.9140588963598564,0.37331512798812827,0.8211240005383997,0.4572563230857954,0.5754859322846884,6.984421405363056,13848.065969612371,0.012,0.033593816463076215,0.4725013678047997,0.0028,0.0128,6300.0,0.16829780540226102,0.0,3.3866275440562853e-15,2.9103830456733705e-15,0.1655745516479223,0.00036654535907548047,1.0
logit_learning,20261220,7.729036880032857e-05,0.022251078849238902,0.012897013240825662,0.15059898692871676,0.03234517997554441,0.23529063189902463,0.2118794469436845,0.0898601027218848,-0.015451497836665226,3.4840269566642155,0.4385573924786901,0.8348848551995768,0.479399064691111,0.558865515725228,7.094620026714721,13799.360746466184,0.0128,0.032452319349028126,0.47653680049087177,0.004,0.0172,6300.0,0.14088957999536067,0.0,4.7412785616788e-15,2.9103830456733705e-15,-0.04304451811561728,0.01598080401407237,1.0
logit_learning,20261221,0.00014255963874887278,0.016077457516675442,0.028355928012484488,0.10210127534042145,0.030859673431589442,0.15698222710416113,0.18587097046299728,0.028849153382451188,-0.005778755447167661,1.294671408892432,0.3403772079966651,0.8471969686441001,0.4566584708140247,0.4621230894338669,6.762571247051328,13717.574137868643,0.0096,0.06902319289483462,0.5627183013532717,0.0,0.0052,6300.0,0.14196514621991452,0.0,1.4901161193847656e-15,2.1166422150351785e-15,-0.014920580213090113,-0.002192489986756962,1.0
logit_learning,20261222,0.0003311794272465704,0.011496972512679487,0.0011752815164287492,0.047205282290673035,0.015554227846858077,-0.002488918643889613,0.006621438241249293,-0.022465975146297012,0.018475884392994614,-0.05141560074749352,-0.003192101062709377,0.8673961244575538,0.5915530419796515,0.08558416438855214,6.5681665005385454,13462.535102765685,0.0024,0.1085397981308295,0.3383070627510628,0.0,0.0,6300.0,0.04497697396520306,0.0,1.625581221147017e-15,3.042673184113069e-15,0.061631013016397014,0.007443967672231279,1.0
logit_learning,20261223,0.0004952098397360018,0.014082605081443815,0.0012446846583237762,0.07449173333085461,0.023917278376027962,0.12812511766140416,0.09763163893097401,0.019380533382546614,0.037836671857412074,0.9113357416509267,0.3061270068819027,0.9405608916032324,0.412683024942887,0.34889047521606,6.574641988864505,13689.531272742897,0.0072,0.039907191679523585,0.4294281300995906,0.0,0.0012,6300.0,0.10770455959697878,0.0,2.573836933482777e-15,3.96870415319096e-15,0.09167919744933749,0.03328175264657638,1.0
logit_learning,20261224,0.0002347181195204069,0.026187721891653568,0.023049841255222796,0.19379215374064182,0.03780990304250218,0.29777016323570166,0.2631470960667083,0.1415350693130535,-0.008531866319371636,7.38784964193532,0.5182893217367595,0.8950094939769404,0.462028041722507,0.5432492454141326,7.2098379860446435,13870.88172365154,0.02,0.06305942678979504,0.4335187913968319,0.1044,0.024,6300.0,0.17217296855580022,0.0,3.1156973405317828e-15,4.762444983829151e-15,0.3618152724873852,-0.011552367764702446,1.0
logit_learning,20261225,0.0007195842913593434,0.012121635715078695,-0.00444401433553832,0.04831093889619899,0.015422137815136313,0.05078729197142977,0.01118932889859428,0.02735719171851695,0.050005794162200363,0.19505395148544258,0.17820661251596298,0.9547062287631783,0.7107029757196228,0.12422745375705799,6.537343608297319,13542.778953543984,0.006,0.15183761577199778,0.29642777210914073,0.0,0.0,6300.0,0.0567915948538773,0.0,1.7610463229092685e-15,1.0583211075175892e-15,-0.010231967920063109,-0.0010152811562345553,1.0
logit_learning,20261226,0.0002617363523982888,0.01642371523282542,0.013126123512439317,0.10028820724666322,0.022084049676765242,0.14955525356589047,0.1416379283513991,0.04331135508980465,0.014236521793111448,1.535314027086689,0.32856968634098543,0.8626086696987061,0.46944679842022213,0.48342570980876043,6.787607147565312,13708.932421517211,0.0084,0.022953070266220864,0.42586677155147923,0.0024,0.004,6300.0,0.11443199381083313,0.0,2.4383718317205256e-15,1.4551915228366853e-15,0.014436819215625033,0.02695692119340761,1.0
logit_learning,20261227,0.0005791210048865391,0.014691316359937584,-0.004748596278933529,0.07816430041479118,0.021425298186826893,0.11096915763669503,0.10364699161425903,0.10487774968551847,0.054816110685718636,0.8302968902631647,0.30897578314274166,0.9397159428651323,0.45515983345661853,0.3619741910890481,6.635194612112847,13703.682378095848,0.0068,0.08874079569004718,0.31573131000232957,0.0,0.0024,6300.0,0.08499195667543091,0.0,6.366859782825817e-15,3.96870415319096e-15,-0.00040400223808246383,0.004267765534932581,1.0
logit_learning,20261228,0.0003405320328419322,0.01632612560405211,0.0006330951253185271,0.10659584529793265,0.03804670813319161,0.2160329095931459,0.20868437334209525,0.12238158436895485,0.06288540827446157,1.7131057641564285,0.41477992614486636,0.9355755441701322,0.4412170991753703,0.4046431851723828,6.739742979810966,13715.013761490598,0.0112,0.02849001166382344,0.30094584780086486,0.0,0.0028,6300.0,0.09246444546644694,0.0,3.251162442294034e-15,2.645802768793973e-15,0.13218727498515503,0.009375232216173588,1.0
logit_learning,20261229,0.00025731693464813645,0.013046310938292501,-0.025913297126577927,0.057681119982235185,0.020281474833388647,0.07157575629623715,0.0561896539451722,0.016275817472699357,-0.01045080069740482,0.16297207015811432,0.2113778517682585,0.917841100031089,0.4444644935405372,0.27786393241743473,6.62508388107639,13515.13373417405,0.0048,0.05927081535445635,0.3961117325935458,0.0,0.0,6300.0,0.06648606873636931,0.0,2.0319765264337714e-15,1.8520619381557813e-15,-0.050605536503265124,0.005164261314057759,1.0
logit_learning,20261230,0.00044222056820443425,0.017041086742506737,0.021418617756729177,0.0851967900242576,0.02675485349172243,0.15104069766991346,0.15803628760569566,0.07889072145504644,0.00814631652586146,1.8474841732996934,0.335729888951372,0.8938989378995128,0.4488784418095142,0.46376037693956895,6.760274450192005,13801.194699373007,0.0112,0.0297928560801289,0.3128166265983897,0.0016,0.0068,6300.0,0.11594365188440658,0.0,1.4901161193847656e-15,4.100994291630658e-15,-0.06840818789571441,-0.011209283421380865,1.0
logit_learning,20261231,1.491467950553016e-05,0.013731095400366728,-0.0020539718475324578,0.05188885919772146,0.024959621180572284,0.054266596812156245,0.08022827348108885,0.022634011846900993,-0.014630813800752322,0.1384489301234164,0.1961534417072201,0.8397742716724883,0.4307917171523543,0.37425975138406437,6.6914561469830565,13509.684940966848,0.004,0.0650243569913617,0.43064231347037873,0.0,0.0,6300.0,0.07294661598324992,0.0,2.1674416281960227e-15,3.96870415319096e-15,-0.02605638822225368,0.04372284473812595,1.0
logit_learning,20261232,0.0005041534332412066,0.023251239715300926,0.043229522015255206,0.15308608367525856,0.04137625929640249,0.3701176905198895,0.40275691281978143,0.19510639862952842,0.028623296541242627,9.939908143564145,0.5840679622921937,0.9377400506320616,0.4849819604652396,0.46141690844341166,6.946550124227867,13989.78119422414,0.0196,0.04132166305375532,0.4221481854100655,0.0848,0.0196,6300.0,0.17075585212573263,0.0,3.657557747580788e-15,3.439543599432165e-15,0.5053597178753741,0.015183684384874134,1.0
logit_learning,20261233,0.0001314386542305865,0.014809639556903136,-0.031302773818437754,0.08899934449216478,0.021139996564326403,0.09106318998538308,0.06491672729051179,-0.0025154003121533584,0.008096553076238662,0.37910203814038024,0.2192509436073813,0.8357860212408679,0.42812669333516645,0.4402357179197405,6.720440590990072,13562.950619757026,0.0048,0.08085268143709239,0.30903012969733323,0.0,0.0004,6300.0,0.08570835675576616,0.0,3.928487951105291e-15,1.4551915228366853e-15,0.002541434667882183,0.062184773749762855,1.0
logit_learning,20261234,0.00030289072527582876,0.016592539632725573,-0.018421669460147363,0.1159299600911574,0.026269420323842746,0.13255395376824386,0.14500163226400137,0.04510646069722778,0.02272612035264215,1.2211531889046583,0.34104516670224444,0.8667187205156394,0.4153315188780815,0.5024128289259605,6.788122793049293,13652.822071967548,0.0104,0.019043434128119405,0.3655595107082341,0.0,0.004,6300.0,0.10103718448343457,0.0,2.0319765264337714e-15,2.778092907233672e-15,0.0516821904625767,-0.0035491384754674266,1.0
logit_learning,20261235,0.0006505640081831199,0.01985010831048217,0.022026076677254477,0.11832687971306066,0.03924459083915635,0.2736071009389196,0.2995785852999613,0.17159897618888187,0.05639826941595304,4.998861638794207,0.5014938075188207,0.9465474880242715,0.503962097298753,0.4107809004400779,6.862105667628624,13715.316899778765,0.0152,0.060499712947120136,0.48404224054077305,0.0,0.012,6300.0,0.11091955893275074,0.0,3.3866275440562853e-15,1.98435207659548e-15,-0.24812305116671451,-0.0011027780929339572,1.0
logit_learning,20261236,0.0007952742119996678,0.011655018985335044,-0.01146800976329779,0.046638839677425714,0.016534452453923897,0.02140432452604174,-0.005632102680865258,-0.0005470962174292217,0.0010600268956568318,-0.05971291530912781,0.06616299342898657,0.9490982560155163,0.7566396322977154,0.050318552256862055,6.577683396089819,13447.150408936277,0.0032,0.13623864625076265,0.17494686390914937,0.0,0.0,6300.0,0.04070337030447857,0.0,3.522092645818537e-15,2.9103830456733705e-15,-0.030871500946350244,-0.020937134698604174,1.0
logit_learning,20261237,0.00021559332407231437,0.013395523532974846,0.006231653458280139,0.0627822013181095,0.01993170841080232,0.0439225723890246,0.055383506463904,0.03178021262789637,0.008298195049185296,0.23575791822005154,0.1980337205454039,0.8613279272544562,0.4351801246357498,0.37477344395704515,6.63514491278111,13585.911668857292,0.0048,0.06122298217752038,0.5006353274168645,0.0,0.0004,6300.0,0.08126112828702681,0.0,5.418604070490057e-15,3.439543599432165e-15,-0.05527192534300241,-0.0014751566124853509,1.0
logit_learning,20261238,0.00034809516778531454,0.012514268150757384,-0.03797581408111065,0.06412528102207679,0.022318777311994904,0.02683560763544129,0.07468766144963346,0.04288297588192912,-0.001272930315968765,0.10213637087972449,0.19604982463029397,0.9306331785133933,0.4190691028242649,0.2294464262362864,6.570867516202286,13578.635372470164,0.0028,0.10297073190132441,0.3640775963114624,0.0,0.0,6300.0,0.07127687678630368,0.0,3.657557747580788e-15,2.645802768793973e-15,0.07845307444835617,0.028605518448200706,1.0
logit_learning,20261239,0.0005355056251996036,0.015239327598146137,0.0023552654896398482,0.07217491133740744,0.021783430140443222,0.12117775949527851,0.1096410741526396,0.0522367594738008,0.03657748997683065,1.3617327602897449,0.2899123936756708,0.9046962795813499,0.4775168825938112,0.4070488455939957,6.699385989052324,13668.236027742625,0.0092,0.027518081688276994,0.35021452633976824,0.0,0.0036,6300.0,0.09569662838750648,0.0,3.3866275440562853e-15,2.248932353474877e-15,-0.04294282340659533,0.01895568938186211,1.0
logit_learning,20261240,0.00017097452243651395,0.01203868822492324,-0.02975086236639801,0.04454949637582082,0.021927619222386,0.035004893581080936,0.05613592859302537,-0.0009461225126878904,0.015237294225032566,0.09488090279480987,0.13365390227207335,0.8449183762905592,0.40984680867821727,0.25511999912049793,6.570408126206108,13539.930609078127,0.0028,0.0474683590869394,0.37967789697314214,0.0,0.0,6300.0,0.06929343121328735,0.0,3.657557747580788e-15,2.3812224919145757e-15,0.059889753014314644,0.008953803208350186,1.0
logit_learning,20261241,0.0003996914054601081,0.019805342744278368,0.03478236601146531,0.1391874327251391,0.05741619422932499,0.2724465115410663,0.2623400706429753,0.10182714371278095,-0.009619922965010044,3.6193695169169837,0.43762244883831103,0.909263250546705,0.43252183603451144,0.49786173493340236,6.94975122494019,13840.756632639132,0.0144,0.04032344201561698,0.34238113178594465,0.0108,0.0124,6300.0,0.1405855462708112,0.0,1.625581221147017e-15,3.5718337378718635e-15,0.2281509064584393,-0.010785238606763243,1.0
logit_learning,20261242,0.0004761534192681822,0.015331299578921938,0.006936449792664198,0.10044830219919781,0.03222147048417543,0.1759098659532651,0.168891152645076,0.1319441180803795,0.0652331663030423,2.449877334014304,0.38292767622581136,0.9498010595057977,0.41913309544363875,0.37544072397783373,6.668935193162541,13694.72677536884,0.0088,0.04335018355917353,0.31550573434631,0.0,0.0032,6300.0,0.0961223097007815,0.0,1.8965114246715198e-15,1.8520619381557813e-15,-0.05279767341843542,-0.023557585573827408,1.0
logit_learning,20261243,0.0005037092781002237,0.01758500290395746,0.057422730270157145,0.1366900128017446,0.04045770551569784,0.20155701223308317,0.2224974372306045,0.10693782298891277,0.05256124615729739,1.3677924802878332,0.4213025218087664,0.9137094658865271,0.45071831262043066,0.49614147443681184,6.706668996643724,13905.281874576976,0.0108,0.08606092018347981,0.2971187939778187,0.0,0.006,6300.0,0.14544870371982754,0.0,1.7610463229092685e-15,2.1166422150351785e-15,0.07977670912181564,-0.0473790485734797,1.0
logit_learning,20261244,0.0004827894521676097,0.014194990086956712,0.01931976781640784,0.06430357226904647,0.021593536970002263,0.1252923075767121,0.07759850030273982,0.06267296794140816,0.04586298355292811,1.0605638843312741,0.30607173774082186,0.93144874474602,0.4244956750694668,0.33548666368462304,6.635348997567506,13618.178436115968,0.008,0.12376534557702189,0.3799691534732179,0.0,0.002,6300.0,0.09839821298733065,0.0,3.251162442294034e-15,3.7041238763115625e-15,0.02989170079425187,0.013373045349270437,1.0
logit_learning,20261245,0.000652406296770819,0.015284951945123368,-0.004660172581910806,0.08663703124223351,0.03432457642256903,0.2456556350519689,0.2571420824459139,0.15821405252934076,0.03580506421279107,3.5488281462954303,0.41978868933683816,0.9568981164282144,0.5867965890708288,0.29360703935905297,6.657097977956624,13712.102199155754,0.0132,0.09126020154033355,0.3680959843758089,0.0,0.0036,6300.0,0.10142652425434262,0.0,2.302906729958274e-15,3.7041238763115625e-15,-0.15838931868488393,0.05206847586726737,1.0
logit_learning,20261246,0.0006045082865715351,0.013360472789220259,0.014059452705921384,0.05248844090639879,0.01827524901483077,0.051340581783971925,0.07288033948115508,0.020843644155127985,0.03422450985582202,0.45043033071956895,0.2528814207624559,0.9480378461578084,0.45198967257471573,0.2779925834197191,6.5070558290086105,13767.47069246277,0.0052,0.039665314989059876,0.349310267835678,0.0,0.0004,6300.0,0.09034851728257931,0.0,1.4901161193847656e-15,3.3072534609924663e-15,0.04019206585317634,-0.0007092196592208992,1.0
logit_learning,20261247,-2.7012563644917976e-05,0.013841141239749307,-0.04347287629813028,0.06963310739917543,0.018098085222743008,0.08897612571584493,0.07025387659837343,0.03451461296792546,0.024770654543055798,0.566049358420154,0.22690035648837642,0.8725665167315296,0.41686599424314524,0.4086159211841373,6.7051876289648815,13513.387533755622,0.0076,0.024632668494177723,0.5686351241275827,0.0,0.0004,6300.0,0.07814544130001844,0.0,3.251162442294034e-15,1.7197717997160825e-15,0.0533406278423915,-0.03080278037721849,1.0
logit_learning,20261248,0.0003948633025746961,0.013786623253982258,-0.03003964432070976,0.07619953131019701,0.028236257336119785,0.11766834455886618,0.15656610209246763,0.0441591403217249,-0.0011938019754975052,2.1785356360889327,0.297702419494113,0.9199955130298464,0.4589082602773788,0.3273066548986198,6.607939145154354,13718.654434724367,0.0076,0.1343232659068866,0.43611709221662653,0.0,0.0008,6300.0,0.07823274172636041,0.0,5.147673866965554e-15,2.645802768793973e-15,0.13680469481603125,-0.014958493658788053,1.0
logit_learning,20261249,0.00036903309357010734,0.01278805973589253,-0.04415720083739342,0.06386744002050576,0.020308709802150306,0.04239691580650061,0.0582398587294259,-0.018459122713791895,0.012924169175556909,0.06413180525203233,0.17415431625031808,0.8742538795660731,0.39964527939187144,0.3014979157888324,6.5294982743568655,13699.691290116572,0.0032,0.12271508518324674,0.29130193776749513,0.0,0.0,6300.0,0.0820461464752098,0.0,2.573836933482777e-15,2.3812224919145757e-15,-0.020552023398439867,-0.050789252513274194,1.0
logit_learning,20261250,0.000642495530918891,0.012080471423076783,0.019341677002147298,0.05070850553474103,0.01967089020912049,0.011908627299296625,0.023118120570648524,-0.025896548044421666,0.012060626324347706,0.03385256729021524,0.08829764465408595,0.9527479383640451,0.666255358306343,0.13927490621532365,6.526818536505482,13585.289348023998,0.0032,0.11611266878610249,0.24709499514170008,0.0,0.0,6300.0,0.056059719301071675,0.0,1.3546510176225143e-15,1.98435207659548e-15,0.03353044536201373,-0.008230915996684188,1.0
logit_learning,20261251,0.000407426882351913,0.028076754728237802,0.11191999213054979,0.1736567123772605,0.055139793699517436,0.47856426502204075,0.3585571464783268,0.15317211526654081,0.01886170470930559,17.66312564870311,0.6097330803627373,0.9332256198438745,0.5223521108117137,0.45299256569249574,7.073044276497772,14016.18224834139,0.0172,0.2386323926693074,0.6025382145232239,0.9336,0.026,6300.0,0.16546738887145884,1.0,2.84476713700728e-15,2.3812224919145757e-15,0.46309962720766507,-0.00498046676579975,1.0
logit_learning,20261252,0.00020813985161859775,0.01560837910373363,0.02713541760224728,0.06771278402358794,0.02230959561632998,0.07384489179203074,0.1027400447467115,0.049453633402021774,-0.023744549512066785,0.9171255901565907,0.2694691150080408,0.8366479727260869,0.4484573223643187,0.45249168056129235,6.760068235821391,13638.83185810225,0.0068,0.05078536631050685,0.391726529969894,0.0,0.0008,6300.0,0.10493685328194857,0.0,2.573836933482777e-15,3.3072534609924663e-15,0.20739105018061504,-0.04224872820831285,1.0
logit_learning,20261253,0.00014885636468723966,0.016664187137747765,-0.030209476781288623,0.07095043014705023,0.02763921831521829,0.12921532227400698,0.19601918232619786,0.061126380575838454,-0.00299757772485294,3.97217877340249,0.35315546619907,0.9000748425244578,0.428862744592567,0.4680687254483104,6.809813489674261,13627.991524932524,0.0072,0.057573431960656805,0.41402118803186727,0.0,0.0048,6300.0,0.09489650849678921,0.0,3.522092645818537e-15,3.96870415319096e-15,-0.09967907855287746,0.013848410698785903,1.0
logit_learning,20261254,0.00020634132925022292,0.01774137915944826,0.009720751266083495,0.10760886353839598,0.02895909687457206,0.13832652298905904,0.16891815750563768,0.03734244055393652,0.005347902490070485,1.4184519844417762,0.33670629633239174,0.8234752942069313,0.4589125020375373,0.5153670028532191,6.833843024798778,13729.746407383645,0.008,0.017020602979557025,0.4569815257397416,0.0,0.0036,6300.0,0.13084195716640057,0.0,2.4383718317205256e-15,2.248932353474877e-15,0.03119981631530007,0.0023804083170850337,1.0
logit_learning,20261255,0.00042208615674693597,0.014169933275850642,0.03268271892385215,0.07137437540623602,0.023594346134885674,0.15014618907849508,0.15070551747961725,0.07988377960474063,0.01093922017100151,1.5396112614303448,0.3725961261132167,0.9514458796865842,0.4369427214945622,0.3161376099578391,6.65354144808203,13585.548727776528,0.008,0.0632053421269684,0.28573171330559866,0.0,0.002,6300.0,0.08451626251141486,0.0,2.1674416281960227e-15,2.778092907233672e-15,0.08396089632147015,0.04475342712600364,1.0
logit_learning,20261256,0.0009184300751376285,0.012029663985929882,0.02078600422698454,0.07026107049654248,0.02402763453799133,0.01771235877954171,0.03437808494117034,0.04187970873035976,0.06300052565274095,0.2935999531836817,0.18073259624869656,0.9606229907944749,0.6937372507448664,0.1352714162855042,6.5100778406543816,13615.438887875485,0.0052,0.19312549903058487,0.2335584288648216,0.0,0.0,6300.0,0.05307032963193681,0.0,1.625581221147017e-15,2.645802768793973e-15,0.03602013526845029,-0.043612859122284825,1.0
logit_learning,20261257,0.000460236793739848,0.01384515281304715,-0.028071294574338646,0.06370079726559712,0.019969578821267327,0.09647955149528216,0.06253048813870901,0.05145766602621478,0.06453931732454972,0.591961879356834,0.2713708671487171,0.9410486777299117,0.42365274259631036,0.35036228679141523,6.614438334962898,13595.172246851396,0.0056,0.05088090200113196,0.21360627902718232,0.0,0.0012,6300.0,0.07842312671540208,0.0,1.8965114246715198e-15,3.1749633225527677e-15,0.03866758052181979,-0.04153073034387924,1.0
logit_learning,20261258,0.0004560988673570684,0.01504689532583007,0.027680457834235516,0.09064688620586867,0.024082263681687383,0.09284831044888814,0.16779907377922165,0.07346304197709602,0.022186748131894803,1.8402084580349927,0.318849134088196,0.9025579741735686,0.48078535437860986,0.397914441892662,6.66290038583104,13804.776880475563,0.0092,0.030966316047269855,0.3628511968215967,0.0,0.0024,6300.0,0.10850388275287282,0.0,4.063953052867543e-15,1.8520619381557813e-15,0.09520335778291812,0.03375358694556922,1.0
logit_learning,20261259,0.0003434423984854984,0.011316411668033743,-0.034441676203208295,0.034441676203208295,0.015635443522680755,-0.002542277825954216,-0.02982603901390839,-0.015383047969790785,-0.028599648203833067,0.006207850769501366,0.007274056638297618,0.9055683462639026,0.7615736310729544,0.01655242889754312,6.565041565094539,13429.294485568973,0.0036,0.2381876478944915,0.37440311953899785,0.0,0.0,6300.0,0.05387761098722832,0.0,2.573836933482777e-15,2.645802768793973e-15,0.01604989028052663,-0.012969013446350146,1.0
logit_learning,20261260,0.0001289685596221691,0.022537832494943563,-0.002042322746980168,0.14963534871826542,0.032195312747916295,0.1896386352680225,0.23020069636281076,0.08808843021772685,-0.028527746088033896,3.4943619134746973,0.4214590586149397,0.8466254741646864,0.4423421206901286,0.5661889925480272,7.099388727971045,13771.478672738718,0.0144,0.025818521931533178,0.4920830182974041,0.0088,0.0132,6300.0,0.16479167370925163,0.0,2.84476713700728e-15,1.98435207659548e-15,-0.148916807837765,-0.029530827707933017,1.0
