scenario,seed,mean_return,daily_volatility,return_acf_1,maximum_absolute_return_acf_1_20,mean_absolute_return_acf_1_20,absolute_return_acf_1,absolute_return_acf_5,absolute_return_acf_20,absolute_return_acf_50,excess_kurtosis,volume_absolute_return_correlation,volume_acf_1,order_flow_imbalance_acf_1,order_flow_imbalance_return_correlation,mean_spread_bps,mean_depth,three_sigma_tail_fraction,mean_absolute_log_price_gap,maximum_drawdown,bubble_day_fraction,crash_day_fraction,strategy_turnover,final_wealth_gini,price_cap_hits,maximum_cash_relative_error,maximum_share_relative_error,return_skewness,leverage_correlation,learning_fitness_alignment
full,20261211,-0.00010053768686730464,0.0229753373025639,-0.022676448823724774,0.1443244837985398,0.03717074182590417,0.28192102475117203,0.2500942522135963,0.13476667342047224,-0.04410489776667692,7.042906100505066,0.4621781935198398,0.8504696463504913,0.4659134856177249,0.5516078006335718,7.265229481824472,13774.532671397137,0.0196,0.03321426522352875,0.5572838841131855,0.0188,0.0172,0.0,0.24522203972437828,2.0,2.980232238769531e-15,2.9103830456733705e-15,0.29119645506312836,0.00210537335042899,1.0
full,20261212,0.00031755148594903986,0.016094120358354214,-0.018750660661062946,0.11166811677386976,0.024597960756919647,0.16648820900996655,0.2243645434976558,0.033315703273717294,-0.01004999776961235,2.0085751484769094,0.37345195636149425,0.8616660119662474,0.4496764195058206,0.5088889186500505,6.772027565928461,13707.710151114512,0.0072,0.03944954832577779,0.4257001264283409,0.0004,0.002,0.0,0.14090902255229798,0.0,1.8965114246715198e-15,7.011377337304029e-15,0.1073543575464902,0.01567905686904495,1.0
full,20261213,-5.133942489241008e-05,0.015107484309328689,-0.0005279957965663184,0.09760175899605986,0.022941694427562203,0.13951986723359155,0.14219768078127298,0.02066926955439526,0.017562841230828533,1.0113516442412225,0.33179970194837605,0.8241269155131996,0.44623643186283174,0.5266528644757819,6.811503805392971,13582.627663999016,0.0072,0.028283057743182526,0.44024401301155214,0.0,0.002,0.0,0.10692531396653648,0.0,1.8965114246715198e-15,3.3072534609924663e-15,0.046589891811725466,-0.02535125306898004,1.0
full,20261214,0.00042276832374461685,0.010886084847400262,0.008429156221334156,0.061864030293016126,0.025243399562736885,0.01997158522041986,0.047552534489521556,-0.011506231876517488,0.018371521628706335,0.07096031462480035,0.10441383709073425,0.9316937481310903,0.6482260871089897,0.16264873470985475,6.549798104442317,13460.310109625301,0.0028,0.23277520599892118,0.2443475989393532,0.0,0.0,0.0,0.05513294340452268,0.0,2.302906729958274e-15,4.630154845389453e-15,0.01931906336361526,0.005016547677977817,1.0
full,20261215,0.0002277676188048037,0.011127268256141402,0.009953351742728855,0.023753214677644574,0.01119673547839401,0.017086273172080984,0.04652952981176805,0.032423138791538915,-0.026710080503068497,0.06875242707849205,0.09778575565176294,0.8358864294378275,0.44863149138214203,0.27032227007114396,6.585423322341409,13425.483852318748,0.0016,0.19043743723752285,0.35272117752119225,0.0,0.0,0.0,0.06002048559486983,0.0,3.3866275440562853e-15,3.1749633225527677e-15,0.0047862535383193855,-0.0059015982040121285,1.0
full,20261216,0.0004363654053831038,0.010308865989997777,0.014525993604910097,0.059046709733107015,0.020776266579056242,-0.0029556193397376864,-0.0003555194014177764,0.008377473776442159,0.01055179522750507,-0.0834368073066285,0.056351487694796906,0.9333918559145038,0.7291955801128592,0.06542654344404682,6.497851594480334,13476.002168456938,0.0024,0.2536072395334563,0.43042818422645834,0.0,0.0,0.0,0.04102489422588973,0.0,4.063953052867543e-15,3.042673184113069e-15,-0.0684716105776007,0.015734212897682176,1.0
full,20261217,0.000521994126429064,0.011012457128854021,-0.017520940865074254,0.04446319206092912,0.01701653157819578,0.04050571596787532,0.027445053869816514,0.00313098216247971,-0.005342147749926653,0.12624272111218104,0.13672979511520794,0.9508128383986406,0.7008103283620222,0.1330439604483214,6.5065444581646235,13551.749405033928,0.0048,0.23651520667317208,0.29335228758445975,0.0,0.0,0.0,0.06070024390601936,0.0,1.8965114246715198e-15,2.9103830456733705e-15,-0.054247573556194,0.02118037370273321,1.0
full,20261218,0.0007540123887888139,0.012172512179763997,-0.019745946365631387,0.06988173702148791,0.026790130125565643,0.10298445161521683,0.10468420145336053,0.023385533401205753,0.10517573287752734,0.9814053510717735,0.26968374509632165,0.9540413204408791,0.6260527578321453,0.24203848830615263,6.552657411772902,13613.574904019517,0.0084,0.17588663475265234,0.25955313543145875,0.0,0.0008,0.0,0.07538442023802805,0.0,1.8965114246715198e-15,3.1749633225527677e-15,-0.13964558553883377,-0.006326058679118577,1.0
full,20261219,0.00016767034674211345,0.016608795884392277,-0.06010967835486723,0.08204967102421487,0.03399525927581616,0.18252286165847958,0.17053182133971312,0.038526572043972244,-0.02796910744033403,2.077034320543505,0.34421682388899955,0.8141243372843241,0.4506859081038631,0.5270249533865291,6.781527255529308,13828.278128950275,0.0088,0.023648773282125536,0.439871792838022,0.0004,0.0036,0.0,0.14910256804719468,1.0,4.7412785616788e-15,3.5718337378718635e-15,0.00811811224985031,-0.003683911537132195,1.0
full,20261220,5.60562267996886e-05,0.01704933414293199,-0.014805960680333937,0.14346938281171331,0.028918601121330333,0.24325569239424272,0.1741728158633141,0.055980979612387495,0.003991684557678811,2.9414591998217174,0.4050777836926158,0.8351316457358846,0.4756183513016608,0.5192965987634672,6.831719353439542,13796.062214120995,0.0112,0.024051944765826058,0.44903987807704804,0.0004,0.006,0.0,0.13277625662055348,0.0,4.470348358154297e-15,2.3812224919145757e-15,-0.061264073041725646,-0.001061349085339188,1.0
full,20261221,0.00013657705850191312,0.01348247816834196,0.013889101740040124,0.09559591578991587,0.026630047116119188,0.15685922692846277,0.1691423317928322,0.01475217720760424,-0.016220542847949812,1.3366403844597956,0.3156468181098324,0.8237133243913228,0.479205159528963,0.4200377897257841,6.662069724568742,13676.224666640395,0.0088,0.101433372230729,0.5051819910022916,0.0,0.0028,0.0,0.137638254789215,0.0,2.7093020352450286e-15,3.1749633225527677e-15,-0.040694596842298036,-0.0012126710650473287,1.0
full,20261222,0.00028602479126906,0.010290049963589024,-0.0028752428597547193,0.047988429731677815,0.015785650927617526,-0.0036472046679837606,0.009032110998956745,-0.025191998329953634,0.020329121019199863,-0.06251816089049811,-0.005880882131987839,0.8659568861054556,0.5891320971607769,0.07945329494036076,6.516043166580276,13455.158801041449,0.0024,0.2657020078345544,0.30187895563571365,0.0,0.0,0.0,0.0374767003206129,0.0,2.0319765264337714e-15,1.8520619381557813e-15,0.06506552558357974,0.007629145461508221,1.0
full,20261223,0.00045404453334463887,0.01198448873298623,-0.0027333674837148303,0.06788905688161476,0.020037669035851156,0.10380195047224584,0.0591302679890614,-0.005948764658858079,0.007897062239446829,0.4427432205890174,0.23334725924163316,0.926175478850398,0.4278113985788667,0.32680108018211,6.493905546352552,13678.816300297744,0.0048,0.1024266752429115,0.3741473661955932,0.0,0.0,0.0,0.08390788408224181,0.0,3.3866275440562853e-15,4.100994291630658e-15,0.07293172327239926,0.05421290177736676,1.0
full,20261224,0.00022307511015772974,0.02020903154369446,-0.02129245373086766,0.15617675059009192,0.028934799570061932,0.2872270953154238,0.2516093728915175,0.14893951418192253,-0.006283787061132768,5.226390002095618,0.45788323184134927,0.8818329519785334,0.43977152504469375,0.5368521764916472,7.03946170015942,13754.944775092245,0.0172,0.0285163335234373,0.34878270041386883,0.0124,0.01,0.0,0.14436257459439705,0.0,2.980232238769531e-15,2.1166422150351785e-15,0.09612024004222922,-0.017314825608735505,1.0
full,20261225,0.0006229454324916005,0.010681817318733175,-0.003552975349556063,0.047515849038418954,0.014827441650889495,0.031001375082082505,-0.0005925040029103186,0.023557523708685642,0.036957050328187045,0.10145379607329907,0.12799895460753238,0.9543006719253692,0.7232437889425439,0.11605929132514323,6.492800541533652,13503.455968518258,0.0048,0.3535452382262824,0.2694801161953514,0.0,0.0,0.0,0.04623618109982375,0.0,5.5540691722523084e-15,2.778092907233672e-15,0.013062818256712544,0.0015175558788518265,1.0
full,20261226,0.00023138285130191533,0.013824682119587886,-0.013329396866617087,0.08882205031035313,0.021528646949487366,0.13649146223937333,0.11439465678065763,0.02168143833588667,0.0063589563360454075,0.5620577655428236,0.2894520496087128,0.8475762629912568,0.47192788426702315,0.46322584536034733,6.711245126398512,13616.59662986502,0.0048,0.027968367157188267,0.39530281116356514,0.0,0.0008,0.0,0.10047904016739961,0.0,2.302906729958274e-15,3.1749633225527677e-15,-0.015516708260927504,0.008066033702606359,1.0
full,20261227,0.0005049478611128891,0.012174268819547968,-0.025562072954092383,0.056551577926215256,0.01877188496328879,0.07999260122774521,0.04795717190937818,0.08588301801191632,0.016067179913603284,0.3586788999099344,0.23586579621734538,0.93150973708636,0.4592949230273288,0.30067604340457,6.560479527834984,13618.166388620552,0.0044,0.14009348918262973,0.283009357133306,0.0,0.0,0.0,0.06888986911157668,0.0,4.876743663441051e-15,2.3812224919145757e-15,-0.012490289106259924,0.002858077442025298,1.0
full,20261228,0.00029526090663173647,0.013193514476106689,-0.0033306060693107614,0.09406010840445343,0.03319535676904618,0.14283475313028218,0.13381280494531186,0.0688790123061266,0.04140478494411202,0.971130002573064,0.3236619448354174,0.9258185860349776,0.45081904324484545,0.36944307289599915,6.622423071948334,13647.437280213326,0.008,0.0751737981362956,0.2738388391708667,0.0,0.0008,0.0,0.08036041881095701,0.0,2.980232238769531e-15,2.645802768793973e-15,0.10075079304210335,-0.006439078298496485,1.0
full,20261229,0.00021818291863521822,0.011512952965022086,-0.0402723475718551,0.05161742085031372,0.019411083210002743,0.06349677975485025,0.04503812982665872,0.008437571265201338,-0.00918868197392983,0.027699064441180976,0.1836941203197041,0.9020090855940752,0.4602364105875165,0.27238232796864875,6.571443965311662,13485.57187051191,0.0032,0.1602948893544618,0.3495727593935859,0.0,0.0,0.0,0.06717418279890852,0.0,2.4383718317205256e-15,3.042673184113069e-15,-0.04245597991168204,0.004702128520325499,1.0
full,20261230,0.0004097988086691238,0.014158727707725026,0.013768666562206789,0.0772552872885626,0.024567106584998808,0.13821552159891484,0.12229904189718445,0.05003622051791405,0.006880435125243668,1.1129776014514254,0.2835118507842124,0.8856964133155572,0.45828946827394007,0.43599002732902764,6.635098442384044,13754.259390788779,0.008,0.04163329132425363,0.28222063693961996,0.0,0.0024,0.0,0.11432725730019566,0.0,1.7610463229092685e-15,1.98435207659548e-15,-0.07630545992992001,-0.0032555136417412125,1.0
full,20261231,1.85450596037942e-05,0.012028463927168958,-0.006086647072350374,0.04858090035289765,0.02405459859302455,0.062450063250581146,0.0783532935136768,0.015264611421662952,-0.020330916989196604,0.1667406486408618,0.16400460102552408,0.8143012990966045,0.4475395028773299,0.34296907295047613,6.621932037467139,13499.732666717267,0.0056,0.14115851575333796,0.37938993817079836,0.0,0.0,0.0,0.08378665014379227,0.0,2.1674416281960227e-15,3.042673184113069e-15,-0.02149298743458455,0.04949444049385424,1.0
full,20261232,0.0004916880708279244,0.017011905252859803,-0.002103306973900813,0.09596100326128594,0.03134203170723228,0.2968308748764669,0.3340133215772234,0.13203373280115227,0.031135360912306526,6.167748830595171,0.47915460848740554,0.9180803878452923,0.47956452694207097,0.4583799289871181,6.70393863385937,13985.386559053593,0.0128,0.03365230003330756,0.3807484437083547,0.012,0.0052,0.0,0.12654997624118836,0.0,3.7930228493430395e-15,3.3072534609924663e-15,0.11344320174352265,0.017454715767998702,1.0
full,20261233,0.00011210598120450896,0.012488603900205082,-0.02396491646930723,0.09309806314347373,0.019285859654603502,0.0855568966719591,0.05827112816527578,-0.004992930141347842,0.003952657169498002,0.18529326085949016,0.17161807792961334,0.8119933489011745,0.43912552232527646,0.3960188437674213,6.631936855903275,13532.797505463284,0.004,0.14022285163791454,0.2790104567335919,0.0,0.0,0.0,0.09282340652575383,0.0,1.2191859158602628e-15,2.9103830456733705e-15,-0.0027371930460390217,0.06035617368523273,1.0
full,20261234,0.00026558807943900115,0.013726382885378863,-0.029392537656545904,0.08774456823966184,0.02377610624475325,0.12041656344719287,0.10595169641886844,0.03570382902391405,0.020959680540561607,0.8451214451880005,0.27435768595703786,0.8394028680844781,0.4271535727724679,0.4756693858702641,6.657014932730642,13616.868182948694,0.006,0.02269087252259455,0.3314253783258765,0.0,0.0016,0.0,0.09775806875496817,0.0,2.7093020352450286e-15,1.98435207659548e-15,-0.0014681884254702992,0.013115905013739977,1.0
full,20261235,0.0005682968047941138,0.015364205431090374,-0.00856315953367271,0.10570655765282545,0.032494492751409296,0.2693777154435447,0.2241669832076228,0.11710911583126521,0.03950361171952274,4.245817650197682,0.4392270842362202,0.9445241805258022,0.4905645612197872,0.37284321595201964,6.698777061160766,13697.0727659862,0.0124,0.09579145760791268,0.44253360592288116,0.0004,0.0048,0.0,0.09170558808066431,0.0,3.251162442294034e-15,3.836414014751261e-15,-0.29773982425627016,0.010179917878672699,1.0
full,20261236,0.000690837078341949,0.010427471559907139,-0.015431226651881553,0.04624686399309412,0.017330098312864046,0.022607768916429908,-0.0030008637095255302,0.0014004589003308152,-0.0013976216492964846,-0.04865818400978972,0.061597449848515826,0.9484022395483429,0.7661343633123546,0.05121196557592179,6.53660535499375,13418.405619581437,0.0028,0.3544013167570748,0.1579885310743614,0.0,0.0,0.0,0.032531641942392664,0.0,3.3866275440562853e-15,6.87908719886433e-15,-0.03397076833882175,-0.0205654905254656,1.0
full,20261237,0.0001847445727069438,0.011612352094295121,0.012481257128990475,0.05869817920293345,0.019137362858545382,0.06306286559141684,0.03938785975415208,0.03166714257474589,0.02044143174415966,0.27925839964366084,0.17404458588424113,0.8426143892627446,0.4547810590052307,0.33798188214008357,6.563906713930452,13566.048898684912,0.0056,0.10592732493406685,0.440990182135659,0.0,0.0,0.0,0.08007494435422657,0.0,2.1674416281960227e-15,2.248932353474877e-15,-0.04471888886990117,0.0006315539502012944,1.0
full,20261238,0.00029698243478100644,0.01096819404981504,-0.043122285626186814,0.05320390856001187,0.0238688029862313,0.03152926592966409,0.04707227334768916,0.028839123536971076,-0.01170436262669693,0.009156102413212963,0.14908925938586443,0.909657402374524,0.43630082122565206,0.21911500702298636,6.511975645646742,13548.096436221205,0.004,0.200919372939425,0.324081943766103,0.0,0.0,0.0,0.06900364479499155,0.0,2.4383718317205256e-15,2.778092907233672e-15,0.07557310089177031,0.030696062460582138,1.0
full,20261239,0.0004547251775121779,0.012836972573854771,-0.010680192117578853,0.05360376621624275,0.019089651343017898,0.12190990752330799,0.09487316357705158,0.04184181499482114,0.03389138635854588,0.8336151910806335,0.24667809162715784,0.8954192620658453,0.47465049540242693,0.36653247555037954,6.610542781085671,13646.135909838886,0.008,0.0914807318918478,0.30548374987292704,0.0,0.0008,0.0,0.08645105205852421,0.0,2.4383718317205256e-15,2.3812224919145757e-15,-0.05435826870557853,0.025871474526249633,1.0
full,20261240,0.00014633342297138937,0.010781751731703494,-0.029936811584943903,0.043508614118979626,0.021939905311606202,0.045882960142101116,0.058496983540639765,-0.000411232037935554,0.021494788138090797,0.07619449835654102,0.1320966817426159,0.8334673305767659,0.43216731739279823,0.25490590127174084,6.531327407268433,13508.370119734669,0.0036,0.13232575080331085,0.327936956118711,0.0,0.0,0.0,0.06400696950375306,0.0,2.0319765264337714e-15,3.1749633225527677e-15,0.05552601258925668,0.012451432037634748,1.0
full,20261241,0.0003591054863177682,0.015148469983001393,-0.005353420121456701,0.10539829333054597,0.03822253717866438,0.1570412913296809,0.15479741146025783,0.0545096481989603,-0.016984266547110057,0.9935859741380142,0.31169140908698456,0.8934990612346757,0.4174732588689535,0.4889829349163983,6.7877723517846125,13654.908473036176,0.0096,0.03458599412481433,0.29217009354322765,0.0,0.0016,0.0,0.09337164963837918,0.0,3.522092645818537e-15,4.100994291630658e-15,0.08598641192812861,0.0021008662066864772,1.0
full,20261242,0.00042443216495750065,0.012846320831775745,-0.017844131809863443,0.09194895981030493,0.030471697569349553,0.11329367894125622,0.1162586939933524,0.10212075891275481,0.04720056418055354,1.144395616213603,0.32011455396456057,0.9420568308336014,0.42902407522784025,0.3567814181684124,6.589192821357212,13649.087502177432,0.0068,0.10730099543081677,0.27809456286731826,0.0,0.0008,0.0,0.08397255481166899,0.0,3.928487951105291e-15,2.3812224919145757e-15,0.07867836157272391,-0.001879442269350114,1.0
full,20261243,0.000494090581305025,0.013087555595120882,0.013434526968243248,0.10706457452378407,0.03383129860258279,0.10221175000773745,0.11896612713656407,0.04507518692512649,0.04800248796322586,1.4060065832284137,0.2690704261029835,0.8940148924188117,0.45151290138789224,0.4197009145029037,6.5423968965290715,13805.056711474284,0.0068,0.06358095356818359,0.25754616875464154,0.0,0.0004,0.0,0.10522555485093865,0.0,3.928487951105291e-15,2.778092907233672e-15,0.1642787617281052,-0.029260429435648733,1.0
full,20261244,0.0004094575441151267,0.012085567798689665,0.0006931389283163181,0.056949067973790936,0.016840101167058415,0.07953256543514489,0.03213744082648977,0.024693273236434922,0.020216717508048765,0.48159157930072594,0.19658235326159193,0.8963285328594257,0.4409343725261468,0.3180635520183913,6.584463647403006,13517.921378549325,0.0052,0.18869418062012355,0.33339735848242946,0.0,0.0,0.0,0.08997683111819277,0.0,2.302906729958274e-15,3.96870415319096e-15,-0.03340756384746613,0.019701356842262683,1.0
full,20261245,0.000567774535384245,0.012167425363375804,-0.01958067393313344,0.0730070203301994,0.02767844147972385,0.17412134332823792,0.14924089781648922,0.09931764041248167,0.027091894451582332,1.036094167073931,0.3203406684681912,0.9519283378295462,0.597205715516044,0.25159740678583675,6.570984513325845,13609.112553843153,0.0064,0.1684175352117478,0.3394124625404493,0.0,0.0012,0.0,0.0778437767596365,0.0,1.8965114246715198e-15,2.9103830456733705e-15,-0.11244848236885857,0.06486807262831232,1.0
full,20261246,0.0005408337505214014,0.011590703343842825,0.0055330466476581465,0.057827071456036376,0.01546832181013463,0.04273534328761006,0.0632877371567821,0.015102906501505765,0.02615022337844153,0.2725795377145288,0.2198402154541492,0.9425351063796612,0.459845427642109,0.25045492587981266,6.488163014890393,13643.876120017943,0.0052,0.12590640470935222,0.3088428232820585,0.0,0.0,0.0,0.06748370294370143,0.0,4.063953052867543e-15,3.439543599432165e-15,-0.010151140792908075,-5.334779110203667e-05,1.0
full,20261247,-1.0129782876154892e-05,0.012117612863564558,-0.05795964186909532,0.05795964186909532,0.01778257587845001,0.11268675173843416,0.0796141215159359,0.03291099312935795,0.012942916177873803,0.5263256476593465,0.23112573776279535,0.8647690633652657,0.4460961841009005,0.3823767141266376,6.658402992729596,13468.490746506423,0.0052,0.059014023325273265,0.5130690503208529,0.0,0.0,0.0,0.07080413593743229,0.0,2.0319765264337714e-15,1.7197717997160825e-15,0.05720339752508864,-0.03406345093579331,1.0
full,20261248,0.00033825165006850925,0.011822582281886576,-0.018756766063859873,0.06638255198942813,0.024741198978238777,0.10720164533376494,0.11050751294460137,0.02556861392851755,-0.0016423446871613348,0.8722513243790773,0.2570817050214313,0.9110965871732902,0.47956568496120083,0.2908629941466519,6.549905046378013,13664.030259099418,0.0076,0.19936502739726145,0.3888000596408203,0.0,0.0004,0.0,0.07438789967405168,0.0,1.2191859158602628e-15,2.9103830456733705e-15,0.02511739748577756,-0.0019509283740399628,1.0
full,20261249,0.000316879375590279,0.011154352922279747,-0.04510541232387993,0.05064243190578149,0.019646449509636926,0.03375360447290568,0.04682793523574993,-0.012414221063644046,0.008082968518679814,-0.0012368516120977446,0.1284246269779058,0.8620201358214207,0.41704349216779335,0.2703636371071042,6.5029710696048735,13595.029221237313,0.0028,0.18307145460134006,0.2596646603413827,0.0,0.0,0.0,0.07524120039910143,0.0,2.84476713700728e-15,2.5135126303542743e-15,-0.043478737235745406,-0.037523994018759964,1.0
full,20261250,0.000551281026825545,0.010679707567737924,0.01833282908455193,0.04440243163136547,0.01875348806938866,0.0021028852770454856,0.026434179587119133,-0.03307274781544247,0.009528706011777887,0.013089474464774042,0.039443030745927574,0.9417303733142315,0.6735897747174336,0.13718545186317344,6.484947074251817,13550.107438271361,0.0032,0.26651124425105505,0.22427449293320423,0.0,0.0,0.0,0.05470683971277546,0.0,3.657557747580788e-15,3.5718337378718635e-15,0.021175214405197373,-0.008306999092353872,1.0
full,20261251,0.0003763134007205373,0.022508747601634904,0.12140153195327609,0.17971081149908413,0.0654046693026769,0.46170601809790934,0.3391179287521463,0.17045398764966452,0.026501679959787222,14.52620527879412,0.5776363064836774,0.9261031837498451,0.5185826916777911,0.4527557838586938,6.907663538590944,13985.059372331423,0.0132,0.17268359357682142,0.5728151612548009,0.908,0.0136,0.0,0.15375475333384636,1.0,3.3866275440562853e-15,2.248932353474877e-15,0.4332333776741375,-0.042702775563236595,1.0
full,20261252,0.0001947569078077496,0.01350780158849583,0.014947687257336306,0.06672296494177506,0.020168116253987033,0.06744310395257692,0.08461386750054375,0.03160872681222874,-0.02295043755994566,0.8829727398364304,0.2471336671164732,0.8212408813723275,0.46058031045295295,0.4237009163829723,6.682687684029596,13582.290870631117,0.0056,0.08655263403096265,0.3375583022491905,0.0,0.0004,0.0,0.11676461088603962,0.0,1.7610463229092685e-15,3.1749633225527677e-15,0.16977019955566017,-0.03335520074682672,1.0
full,20261253,0.0001335074339026459,0.013548877545555033,-0.02878122637964151,0.047029114724722806,0.02264108133973425,0.10428411000244699,0.1396007848893089,0.031087597092594083,-0.017365250632330808,1.8247550401739003,0.2878613174630302,0.8755226129617962,0.44943019064093637,0.43448640739093425,6.702263681248493,13545.614925154669,0.0048,0.07280097447512379,0.3635466699897639,0.0,0.0008,0.0,0.08799177123591662,0.0,1.625581221147017e-15,2.645802768793973e-15,-0.05967708778258671,0.005730348412117406,1.0
full,20261254,0.0001884937029244842,0.015126672388314348,-0.01853509030586295,0.0977975384541835,0.024115036129458107,0.15255255684919794,0.1808433661209436,0.05782935640556497,-0.010572609122207456,1.9289642197761783,0.3211294642075616,0.8070676576074122,0.4526714776199265,0.4840679475828946,6.752774557281117,13682.11104402706,0.0076,0.030851484489105543,0.4171567043637612,0.0,0.0024,0.0,0.12948805371584404,0.0,4.876743663441051e-15,2.1166422150351785e-15,0.03730538887158489,-0.005322127216021954,1.0
full,20261255,0.0003588958440430961,0.011657298364351767,0.021979526766347884,0.0695662791247418,0.018842729475566502,0.10873667592991637,0.10113406330703498,0.03926910666691204,-0.02608656925951614,0.6437912112350568,0.2720334262845589,0.9388032621562784,0.44950543259040615,0.2757159719153044,6.570640626853737,13544.156235779115,0.0072,0.1445335332326509,0.2418263253621642,0.0,0.0,0.0,0.07179214676182877,0.0,3.1156973405317828e-15,2.5135126303542743e-15,0.011272060946331852,0.04688311739065506,1.0
full,20261256,0.0008025903941750431,0.010374174365970719,0.01788301797163247,0.049285770499317656,0.01932202772683847,0.00035217067279114307,0.004904074095752133,0.017582290779623533,0.031646396861939534,0.0024492021220052784,0.08871854374070938,0.9556146117767833,0.7232154931338952,0.10823474336273457,6.4639178411008,13552.454639153988,0.0028,0.3542613436334075,0.2116606122049457,0.0,0.0,0.0,0.04632467404154239,0.0,4.876743663441051e-15,2.1166422150351785e-15,0.011462827269042077,-0.031096545415656218,1.0
full,20261257,0.00039259218911176605,0.011696310778941456,-0.02998732816487942,0.05627214394414834,0.018173532802597585,0.0670391567312417,0.04170556400618006,0.03818847634648407,0.027507976476104545,0.07406379072798996,0.2093743878911599,0.931204696407635,0.43346414725553445,0.31624078646929477,6.553117190777933,13527.122283435681,0.0032,0.11106557083944667,0.19344202196310323,0.0,0.0,0.0,0.06930510517571276,0.0,4.470348358154297e-15,2.645802768793973e-15,-0.009359246821158396,-0.033193419924118936,1.0
full,20261258,0.0004168123566726198,0.01264573701688742,0.016184540796448408,0.070038639819619,0.01899555689409597,0.05215972643565405,0.1335652457606573,0.039800892661811006,0.030445035962685604,0.7656326862480562,0.2564659888507075,0.8903746345169797,0.49850744642298456,0.3697048796588902,6.570715361804806,13720.813993583939,0.0072,0.07677051043818738,0.3226319632199345,0.0,0.0,0.0,0.09538441614290827,0.0,3.7930228493430395e-15,2.9103830456733705e-15,0.03537652897368733,0.018424204856858244,1.0
full,20261259,0.0002982539669931036,0.010133233643036539,-0.036470425058907935,0.036470425058907935,0.015750568907245528,-0.0018758981049685588,-0.02947399812767039,-0.014732036546191008,-0.028617794802513908,0.009514541095219986,0.014283341091859953,0.9196077049075262,0.774074875186735,0.02202264239835982,6.517253212943459,13414.515168244843,0.0036,0.4302906521860034,0.3420435391918777,0.0,0.0,0.0,0.041269375791542995,0.0,3.251162442294034e-15,3.1749633225527677e-15,0.01438547295726463,-0.014391677632013872,1.0
full,20261260,0.00012822640501096422,0.017662829425112908,-0.00942766164394414,0.13451809832640368,0.03064533829997344,0.21025692752280742,0.1973151474253706,0.055311237627528965,-0.032282109028995844,3.257240469438038,0.40871904879410353,0.8437004312133841,0.44451712939201826,0.5235621161745878,6.906503768981809,13730.832001761555,0.0108,0.023472946962241774,0.4626484554193251,0.0008,0.0068,0.0,0.14224599766494728,0.0,1.4901161193847656e-15,3.1749633225527677e-15,-0.18399155150001456,-0.02993830838114654,1.0
no_direct_news,20261211,3.030716925533845e-05,0.01769410617354351,0.00183503572986472,0.1975695152035236,0.05434137719087882,0.5665574257778624,0.5027346995947725,0.288860764807443,-0.07896890820267999,22.905884807790024,0.7299619691585884,0.9696693188624759,0.8840871044799911,0.3065439080996529,6.7537737998563205,14404.73403907787,0.0292,0.19640967366360096,0.38479005256788135,0.7016,0.0156,0.0,0.12561932915350038,0.0,2.573836933482777e-15,5.1593153991482476e-15,0.7389114915741095,-0.058446263943466546,1.0
no_direct_news,20261212,8.827744778509334e-05,0.015231264701619581,-0.04668181540930278,0.1402773983913875,0.05561323215455869,0.573471808117626,0.5853511958191665,0.31935658493993624,-0.06278264316078187,15.510935702515727,0.7349833656930175,0.9692992341531286,0.8961117456606458,0.3013525217936831,6.636131866447111,14439.885298020778,0.0332,0.24686230112509475,0.1954463538653468,0.0496,0.0124,0.0,0.10317440969768343,0.0,1.0837208140980114e-15,7.143667475743727e-15,0.1546331266601245,-0.024487764421047713,1.0
no_direct_news,20261213,-1.751260821916212e-05,0.01718185523605106,0.02417088629971731,0.26071571859360204,0.04765766228907965,0.5570464228436295,0.5753817273235301,0.35754527119030766,-0.04340164124969525,14.264994836443229,0.731169632477512,0.9723381457558977,0.8772605236999864,0.30679207925952384,6.849579024263971,14255.016996971473,0.0312,0.43717089664903486,0.23004924166839547,0.0,0.0168,0.0,0.11050005679656882,0.0,2.4383718317205256e-15,4.497864706949754e-15,0.38969920005649444,-0.048747773555295235,1.0
no_direct_news,20261214,-9.922614694788833e-06,0.015557189082716383,0.005574519150113621,0.21516281773895374,0.04725021040999088,0.5877704926756704,0.5515512437177429,0.28040736791344617,-0.08488196028419827,20.17899753987023,0.7375210035877325,0.9742430867131127,0.9093463624310273,0.26562255648610167,6.517203925149268,14597.810936213276,0.0352,1.4005590069341562,0.2354066856070398,0.0,0.0156,0.0,0.09096066194830765,0.0,2.4383718317205256e-15,1.1906112459572878e-15,-0.6147484424258007,-0.022459990580540552,1.0
no_direct_news,20261215,1.887867376020047e-05,0.015334260222219063,-0.05585798146747352,0.20629445406433108,0.05153366016029677,0.6279850813183467,0.5434646311790362,0.300473180805898,-0.08458352342991377,19.61620609563903,0.7488999277086289,0.9740601865431019,0.8978605752698856,0.2780712756336162,6.623384014984561,14459.014511496332,0.032,1.1415582457513835,0.1912918311825208,0.0,0.014,0.0,0.0937355958813142,0.0,1.8965114246715198e-15,3.3072534609924663e-15,0.2617356325059656,-0.009487623076699035,1.0
no_direct_news,20261216,-2.5366046482666248e-05,0.013752533121475268,-0.029033215527381487,0.19867983753027463,0.05264694943073821,0.6406109241257122,0.6063355361609414,0.34209394142807487,-0.07529893332414439,18.66047609604619,0.77463743484775,0.9797542534829345,0.9060536023506766,0.25550846656596715,6.44148902177209,14615.976881956694,0.032,1.5393228818057187,0.22775150540254374,0.0,0.0096,0.0,0.07853962125688185,0.0,2.7093020352450286e-15,4.630154845389453e-15,0.08847089225691002,-0.013872034015990966,1.0
no_direct_news,20261217,-2.3263291872965298e-05,0.016532487970897167,0.05425404981392894,0.256136680471949,0.05951476546383716,0.5541488264752185,0.5670592805985972,0.3333948164383042,-0.05712849821111283,17.88707734923365,0.7315846837174719,0.9730695140539962,0.8890686088458745,0.29252382643677916,6.6908885077139235,14446.932406873982,0.0316,1.487829479535027,0.2670460727219969,0.0,0.0136,0.0,0.09616003940475704,0.0,2.0319765264337714e-15,1.8520619381557813e-15,0.4944807654133712,-0.007473730194710133,1.0
no_direct_news,20261218,4.3740425555617076e-05,0.012966318743561446,-0.031715698374659554,0.17931406030167188,0.045881137537610764,0.5773627239923936,0.5920641934225782,0.3542821350051779,-0.06328680288140887,14.591508231600148,0.7599507569501148,0.9793955238198812,0.9011613223212563,0.2596187027237514,6.411610672971289,14611.101289106095,0.0368,1.0128329394764508,0.17762557445140803,0.0,0.0104,0.0,0.08664493047242017,0.0,4.3348832563920454e-15,3.1749633225527677e-15,0.14424995029004586,0.037090000389959604,1.0
no_direct_news,20261219,4.2910202194483915e-05,0.015227209153014912,-0.10675165093724805,0.17192716173282763,0.05674924922130111,0.6030434877192952,0.5816182162614869,0.2639403697124634,-0.0881524323333561,21.380863853117237,0.7441436776095942,0.9716280220089297,0.886726103519172,0.2923831386894892,6.610615629637838,14498.776485449003,0.0312,0.15085249662415023,0.22582167065701197,0.09,0.0116,0.0,0.08996733016449476,0.0,2.980232238769531e-15,3.439543599432165e-15,0.4052231257412916,-0.04887727190767171,1.0
no_direct_news,20261220,-4.397891372079812e-05,0.0174516339993221,0.04465144555828437,0.16258810948635372,0.055341160654546626,0.5436536023171682,0.5246997096990602,0.29789306706008106,-0.08369942158932053,20.158453725425574,0.696820845587197,0.9664813638454,0.8757094229935457,0.32369867715260714,6.9110847613360775,14180.279285878838,0.0288,0.21594437901013044,0.3253441601277156,0.0004,0.0156,0.0,0.12535370098510157,0.0,3.1156973405317828e-15,1.8520619381557813e-15,0.1176232494456703,0.007614531556517238,1.0
no_direct_news,20261221,4.765981110070747e-05,0.016201427595618646,0.038117302949945205,0.26513432628752404,0.04823414382358017,0.6027437014439455,0.5565969188442847,0.3397874932724687,-0.0778151437818335,15.22466947977355,0.7424538915925362,0.9693307101498123,0.8910410957229422,0.29685909933703897,6.803399446968459,14294.215360099137,0.034,0.5933674813767289,0.21518979746416067,0.0,0.016,0.0,0.10534024621569671,0.0,3.522092645818537e-15,2.778092907233672e-15,0.04661563113725562,-0.024700907281806624,1.0
no_direct_news,20261222,2.2083347506558582e-05,0.015409005568835014,0.036863539904105166,0.2595739326658204,0.05330633727376892,0.5947494770913918,0.5653404683963432,0.3260106077570455,-0.08690062503186974,17.62376039062761,0.758811560930467,0.9755528657860447,0.9026228472653082,0.273618944202198,6.657378796429757,14426.197015041387,0.0308,1.5336574069534483,0.21087241856225536,0.0,0.0104,0.0,0.0936418927519731,0.0,1.625581221147017e-15,2.3812224919145757e-15,0.931626789985478,-0.003753630170502875,1.0
no_direct_news,20261223,-1.1854497098090987e-05,0.017980981286897055,-0.01934265986468933,0.22383798956034304,0.0524597939876395,0.6057344996162517,0.5701516324529949,0.33180533061390777,-0.11035778629807823,15.535850559907065,0.7451044834678395,0.9736047723660288,0.8906976760523765,0.29784337038139047,6.853882866397926,14315.684536055744,0.0312,0.9012353112616385,0.27515043040116904,0.0,0.0192,0.0,0.1149651961921272,0.0,1.3546510176225143e-15,3.96870415319096e-15,0.25702462928376446,-0.022741985308304662,1.0
no_direct_news,20261224,6.282194983189555e-05,0.01612949839482608,-0.0739914739872338,0.1345002318459219,0.053683478740149934,0.5688418319166968,0.5564334582871606,0.2826310414056528,-0.05656837244266263,17.32434283800247,0.729579996221921,0.96954865174625,0.8637866796439276,0.32090214819562324,6.619953093585085,14464.795663396075,0.0292,0.14555396493611328,0.25524014842484166,0.328,0.0132,0.0,0.0975531625636259,0.0,4.063953052867543e-15,3.1749633225527677e-15,0.1545436856274654,-0.018979098432049,1.0
no_direct_news,20261225,-5.66768344335955e-07,0.01574016442726227,-0.05190056678599217,0.2459925525840506,0.05599948088577805,0.6024626222627506,0.5622959184271163,0.2939907777781046,-0.07463284128168078,16.886786445148772,0.7331496139289698,0.9694611343516968,0.8777450142330268,0.29916571181202345,6.743430554799915,14329.460498121187,0.0312,1.7211182702214938,0.24849385799098922,0.0,0.0124,0.0,0.10811184036653021,0.0,1.4901161193847656e-15,1.1906112459572878e-15,-0.12755944345588305,0.010697051579311608,1.0
no_direct_news,20261226,-3.7419256107605747e-05,0.015313850587467934,-0.05127106936934093,0.12496087258147953,0.04670776094837373,0.5958488287345539,0.5759907485681333,0.3371108676782892,-0.08185442176825287,15.546357572458504,0.743510521694978,0.9746071931735745,0.9038713870412057,0.27290520839350774,6.697865688103789,14405.886222440848,0.0336,0.44361829980198847,0.2992613122244048,0.008,0.014,0.0,0.09241897311459324,0.0,1.4901161193847656e-15,2.248932353474877e-15,-0.2122978263325519,-0.016115691849863504,1.0
no_direct_news,20261227,2.7170132004781423e-05,0.014068480557057493,-0.02379386654535489,0.14476637179876514,0.04706030655487986,0.6105168730082141,0.5722945992780075,0.29519308369413105,-0.06654955241429954,18.01731704930672,0.7749748458447138,0.97895540880696,0.9031982771812804,0.26419367031602103,6.45219303703611,14575.102489522927,0.0344,0.9146871021976087,0.20130201464762976,0.0,0.0104,0.0,0.09533820962339745,0.0,2.0319765264337714e-15,2.248932353474877e-15,0.6475295351716817,-0.020528951564341345,1.0
no_direct_news,20261228,2.1993315840206762e-05,0.013503456653867612,-0.0555681236345878,0.15797796982993637,0.05114717474978864,0.6171000169109594,0.5946524625162631,0.30459017297001734,-0.06938726390121548,12.833795560044571,0.7429376940732992,0.9685580151822689,0.8652490836358844,0.31763181884083297,6.550535221080235,14378.960621788996,0.0304,0.6809651323628657,0.22881023615135077,0.0,0.0088,0.0,0.10322630907339381,0.0,2.0319765264337714e-15,1.98435207659548e-15,-0.13106300230859597,0.05921792899919413,1.0
no_direct_news,20261229,-1.952539272186229e-05,0.01647284189002416,0.008301313700129216,0.17146500279969062,0.05175406250504817,0.6122970743964712,0.5774468758876623,0.3066276436419908,-0.07484241296774281,17.322591598117132,0.758026588475293,0.9739478177543973,0.8947709539124185,0.2810647621555649,6.672490925851939,14464.347265618864,0.0344,1.1188165294134647,0.3450307046072628,0.0,0.0172,0.0,0.09899181958238823,0.0,3.7930228493430395e-15,2.778092907233672e-15,-0.37707878832679015,-0.02251641996534033,1.0
no_direct_news,20261230,6.627583169161327e-05,0.013968676317186936,-0.03418070297847665,0.16271326092853552,0.03895175790633788,0.5583658636485811,0.6099132649337605,0.32258137834453116,-0.039181640329369834,15.944036600052968,0.7464203119067162,0.9714315341955975,0.8879134242322275,0.29669041468818286,6.587538015384726,14411.754266315162,0.0292,0.3382118494594385,0.23566974505324412,0.0024,0.0096,0.0,0.08917159997719182,0.0,1.2191859158602628e-15,1.98435207659548e-15,0.6554091857423716,-0.011574830984324214,1.0
no_direct_news,20261231,5.155980818655337e-06,0.017338447524489115,-0.03325947487696327,0.15313867607113146,0.05830118531906926,0.5762135995210005,0.597839897017254,0.3541790918908536,-0.028424647683125973,17.295504131408695,0.7439825559237406,0.9753497325426673,0.8991825831548754,0.2813440570780954,6.835223998642443,14369.649144877341,0.0328,0.9361099642925638,0.307547504552348,0.0,0.0196,0.0,0.1046485631176235,0.0,2.7093020352450286e-15,2.645802768793973e-15,0.46844028948986927,-0.006519783952339443,1.0
no_direct_news,20261232,8.022380347930991e-05,0.01387086691046014,0.052922085538060194,0.19648757538537862,0.05367577781413285,0.5957494123013843,0.5871607738371819,0.3289179949936029,-0.049559093212870775,16.171647873755116,0.7480826527936288,0.974113179893442,0.8798114829487796,0.30150652282914353,6.584441051440502,14397.30994820218,0.0316,0.312080536296934,0.18521172756771243,0.286,0.01,0.0,0.09197366279420116,0.0,6.2313946810635656e-15,2.3812224919145757e-15,0.7167547033880395,0.001090048960444143,1.0
no_direct_news,20261233,7.090000865839592e-05,0.014027251502939458,-0.02781115884096777,0.15904666117936073,0.04547060967009252,0.6109084201003524,0.574586584968122,0.3185741616924446,-0.0884197554307694,16.243322903994244,0.7534065566180461,0.9730010913739702,0.8981830356296883,0.27842149304816927,6.516627809775874,14535.98208905974,0.0324,0.7338097622186609,0.20783887472684648,0.0,0.0112,0.0,0.09664075527812432,0.0,3.3866275440562853e-15,2.5135126303542743e-15,0.7754186911322092,-0.030173629249070657,1.0
no_direct_news,20261234,-1.0561366427711505e-05,0.014936527106763482,0.046836446824091146,0.25112331499084717,0.05725164494106435,0.6081854549523705,0.6049878199863818,0.347720114717746,-0.06613376563823531,15.250570833024813,0.7439665529109859,0.9748706716503508,0.8939908053928741,0.28259069950977717,6.647322002707699,14424.359109900886,0.032,0.46972137282231036,0.22649274128016295,0.0,0.0132,0.0,0.09609628682983584,0.0,2.573836933482777e-15,3.3072534609924663e-15,0.3088066695035214,-0.03976944395777934,1.0
no_direct_news,20261235,1.3290714711337515e-05,0.014748583570785054,-0.04283801474377365,0.1423127085384227,0.045153343308440244,0.5997040572842061,0.5501937011913837,0.34375295043256154,-0.035135744995421284,15.365440575791123,0.7368241772345392,0.9734143124596645,0.8814268363506312,0.30226858263905265,6.614503813384509,14361.077115416523,0.0336,0.6144346434985956,0.23379078379470497,0.1004,0.012,0.0,0.09904954698847224,0.0,1.625581221147017e-15,1.7197717997160825e-15,-0.16194939633217387,0.02716228679524133,1.0
no_direct_news,20261236,2.1386905770574316e-05,0.01389152921509207,0.07321776185178225,0.18552184231287416,0.04759459765290341,0.5321788846045494,0.53516418278171,0.3323503556852767,-0.07258030232149801,19.825084280219702,0.7335051010543093,0.9742296026299435,0.897980372258476,0.2674105911911396,6.49644674498489,14583.54255341119,0.0336,2.105026336361018,0.2241110048100835,0.0,0.0132,0.0,0.08075531818564641,0.0,5.960464477539062e-15,5.820766091346741e-15,0.27540018698666485,-0.007448839321641913,1.0
no_direct_news,20261237,3.272784557776056e-05,0.014977752303075595,-0.04496859032641639,0.16378498099682248,0.045997485500290064,0.5667626276422753,0.5655726526765309,0.26857748711720214,-0.06255880105124083,21.712174650111013,0.7282520972667661,0.9765774792228079,0.8979533925187162,0.26948438773240857,6.544339354164187,14514.559649849016,0.0308,0.8216443352071386,0.23155324276567768,0.0,0.0112,0.0,0.09269847406619891,0.0,5.5540691722523084e-15,1.4551915228366853e-15,1.4373941780962438,-0.007737958429994132,1.0
no_direct_news,20261238,-5.381635361175796e-06,0.015381870010759517,0.021697027805693502,0.15079730568880012,0.06007083563050192,0.5638642880225899,0.5590747037963559,0.3363195018602228,-0.054883972200100814,16.855834706092597,0.745713498108995,0.97432498692414,0.9057224408509296,0.26655388217306375,6.580993722683971,14533.99612094146,0.0356,1.2029190958708533,0.2496517865406377,0.0,0.0144,0.0,0.09693512010541472,0.0,3.251162442294034e-15,1.5874816612763839e-15,-0.015235752704388858,0.05975952914286714,1.0
no_direct_news,20261239,1.4559691641603933e-05,0.014354730523025473,-0.054304169932729705,0.12609657819858366,0.04547323221751518,0.5819305504799872,0.5692568443138187,0.2996229686227995,-0.07349920082336124,19.553294456089915,0.7272748425683954,0.9702439295826174,0.8781227852775988,0.2979716806938603,6.560752020230459,14411.511543080158,0.0272,0.7128158036051148,0.2095226331480219,0.0,0.0084,0.0,0.09425754658883201,0.0,5.68953427401456e-15,4.365574568510055e-15,0.715099703485543,-0.03020593213400402,1.0
no_direct_news,20261240,-2.456902950874742e-05,0.01568535997521865,0.013413281876478406,0.142693566993714,0.04797623004221453,0.5219382411434835,0.5357910860740177,0.292455350324603,-0.04960375210147039,23.98999348861354,0.7228571131952738,0.9744933452335224,0.8989837373680565,0.2732645261660272,6.578818161243405,14537.06069371754,0.03,0.9909044753209537,0.26534429564316186,0.0,0.0128,0.0,0.09567633096875183,0.0,3.7930228493430395e-15,4.233284430070357e-15,1.2187929986230626,-0.003912654094547547,1.0
no_direct_news,20261241,3.5309943145380984e-05,0.015454673978644326,-0.005606834852481068,0.22528862286179874,0.05175694254846279,0.5796026418789323,0.5583846639249287,0.3372270637163227,-0.06236645324957879,13.624775818039375,0.7305206429601337,0.9735234607796321,0.8834285639729188,0.2956192255859712,6.695859780071837,14377.549938915367,0.0308,0.37947963556126363,0.278617051571993,0.0,0.0136,0.0,0.09753296323744554,0.0,1.7610463229092685e-15,3.836414014751261e-15,0.09053076996269416,0.025576212382800854,1.0
no_direct_news,20261242,7.28765257326259e-05,0.01408424183261313,0.08009166303325223,0.19727440889151163,0.06865417982395351,0.603683835396188,0.5910527199390406,0.30079802582391085,-0.08456309742815944,17.608326851276512,0.7644206909446464,0.9742525002102828,0.892595856778133,0.2808497450937428,6.462752393138247,14558.227664317328,0.0352,0.7284571863589641,0.21659685990314548,0.0,0.0092,0.0,0.0913654530111856,0.0,3.1156973405317828e-15,1.8520619381557813e-15,0.48847696893277154,0.009618701345144398,1.0
no_direct_news,20261243,5.4773577668892056e-05,0.015790099483864763,-0.035801498386096905,0.1610810557043418,0.04792196092507807,0.5784158349630734,0.5467003160770528,0.3346405537349497,-0.08912101175968527,15.203366176766398,0.7352406176879762,0.9706315281239036,0.8838390213894701,0.29881687380113625,6.715688246285818,14344.55513597225,0.0312,0.6172900649130157,0.24138500482241454,0.0108,0.0124,0.0,0.11432849596605044,0.0,1.0837208140980114e-15,2.3812224919145757e-15,0.7939174011639301,-0.0403587017945217,1.0
no_direct_news,20261244,2.1545182189042222e-05,0.01455044181218356,0.10813282072131905,0.21623815440643454,0.06077508813990462,0.6043940543517411,0.5432853193126963,0.3609281068744359,-0.0798263109702686,19.013902503763365,0.7408516529201249,0.9725916043124377,0.8896277272079546,0.2828974516363931,6.602527964442008,14450.270083642683,0.032,0.9613555458212806,0.23982495255895409,0.0,0.012,0.0,0.08838249231972961,0.0,1.3546510176225143e-15,3.1749633225527677e-15,0.7878743590241691,0.02665111350273107,1.0
no_direct_news,20261245,2.2765163550765165e-05,0.015611766843870972,-0.062362804751657945,0.15671845979039709,0.04783226127234949,0.5729840023873335,0.5197612877134297,0.337862065736978,-0.08170536692831076,21.880416362773083,0.7440218721466408,0.9737543822068189,0.8908184885779967,0.27633050244540164,6.6417902895854555,14454.750987693897,0.0292,1.0556071853627764,0.24516931318946833,0.0,0.0116,0.0,0.09566798639045504,0.0,1.625581221147017e-15,2.5135126303542743e-15,0.8307991513523866,-0.05038713654543529,1.0
no_direct_news,20261246,4.3085675327724e-06,0.015976526873853737,0.050531617990916024,0.26439254426965875,0.05534493923509824,0.49443100063280104,0.5097521141473131,0.31818619790940844,-0.05305683819651398,21.95362370837141,0.7240498579726301,0.9720151127813784,0.9027020531329695,0.28037267211421274,6.628987885996232,14477.601596106708,0.0304,1.045909463996781,0.2249535113040918,0.0,0.0152,0.0,0.09446591918752123,0.0,2.302906729958274e-15,2.645802768793973e-15,0.6974026064693276,-0.029761994313445762,1.0
no_direct_news,20261247,5.20171903093658e-05,0.012103881162469098,0.03196678945781103,0.21027872194338354,0.06187531938986747,0.5717218373341189,0.5718398115249687,0.35615106722449447,-0.05605727604148281,17.945051539583922,0.7586382334797881,0.9770229333360962,0.9057462578803996,0.2682005542229333,6.406641286936205,14608.53175715349,0.0336,0.5915615151824021,0.17831076789557254,0.0,0.0084,0.0,0.09837227385841296,0.0,4.605813459916548e-15,3.5718337378718635e-15,0.2180338921800969,0.0228574418217171,1.0
no_direct_news,20261248,5.026512108294732e-05,0.014538145250032502,0.027600963594125606,0.21692039018014175,0.04457494629027035,0.5705799470124077,0.5880705874798946,0.3252823657617308,-0.057334733325471995,16.933451434853353,0.7605177958257505,0.9738448533045913,0.8876543467563907,0.2814371272860211,6.588840467056718,14444.675867708213,0.0292,1.0060888541016688,0.22670675621720293,0.0,0.0092,0.0,0.09796935216430014,0.0,3.928487951105291e-15,1.3229013843969864e-15,0.5108148957864442,0.018265773379519464,1.0
no_direct_news,20261249,-1.45290098862084e-05,0.01638662720602681,-0.01373696007280034,0.18360689337062427,0.04838938962897564,0.5925525476049598,0.5453016521443593,0.3269018006456914,-0.08345614743782578,13.715679300744664,0.7301268830209736,0.9683030647606268,0.8789518815785478,0.3143987105974613,6.763726279045633,14284.066827280121,0.0308,1.2053644962965093,0.29628686102532165,0.0,0.0156,0.0,0.11860423656337549,0.0,2.980232238769531e-15,1.4551915228366853e-15,0.1514336295841471,-0.016943482453387535,1.0
no_direct_news,20261250,5.70932195257658e-05,0.014983830154307511,0.06550408919924486,0.19670164559058745,0.049555957182490666,0.589703040517449,0.5511495975806388,0.3103713036988547,-0.07331979355551434,20.793262050501312,0.7423200123375263,0.9726563436380268,0.906181711426497,0.2721721077497541,6.5676440941511816,14490.59666320604,0.0284,1.5114888942472398,0.2578246243673139,0.0,0.01,0.0,0.10364495396770557,0.0,2.7093020352450286e-15,2.645802768793973e-15,0.45992549913208675,-0.054354111891325274,1.0
no_direct_news,20261251,0.0001251141656176717,0.015545481429483443,0.045048274518811875,0.2311876444811014,0.05402076647476617,0.5190948327729366,0.5197980547588583,0.37961228139198944,-0.06676701310057585,16.50001756056872,0.7201972414764856,0.9687459438057633,0.8874975553995466,0.31319436930551564,6.852972662443493,14175.571649110097,0.0292,0.3819129036075269,0.23945364340836206,0.6152,0.0092,0.0,0.11029428634660055,0.0,1.4901161193847656e-15,1.98435207659548e-15,0.8515234881059656,-0.07206118634617545,1.0
no_direct_news,20261252,3.4567938338994965e-06,0.01378240611529766,0.03925592007303116,0.1949727590020022,0.06532100471981131,0.5714231908955603,0.5898619781910267,0.30207642584704764,-0.06610846008907907,18.223698226342304,0.7485656255277953,0.9798456476593368,0.908937941165142,0.24867067831595885,6.440437792761335,14642.169661332608,0.0336,0.5016451213436596,0.2299454066638732,0.0,0.012,0.0,0.0814301599248044,0.0,1.4901161193847656e-15,3.5718337378718635e-15,0.44817731947130096,-0.008232771076806906,1.0
no_direct_news,20261253,1.571666805244831e-05,0.01435065094321115,0.03625254458135489,0.16386348406497234,0.07225939717868238,0.5400332261989332,0.5802303402775948,0.3454845233210405,-0.07503738166228037,19.452528615632648,0.7429068693486427,0.9749491201031089,0.8912234281675797,0.2702747315420969,6.511410130646794,14528.506944917119,0.0316,0.6106822897914109,0.22615031096693905,0.0,0.0116,0.0,0.0870088900094641,0.0,2.84476713700728e-15,2.5135126303542743e-15,0.1793787070517613,-0.05328535280692407,1.0
no_direct_news,20261254,-1.542536213314527e-05,0.0134135833893139,-3.6704925495614444e-05,0.15153422544947726,0.05146342550776124,0.5808308471850571,0.557814902360349,0.309166912077657,-0.06884898070042694,22.029977741572303,0.7428358495028761,0.9740693268762901,0.8984789318315848,0.26152222047259066,6.387495999352028,14675.252905025167,0.0292,0.29636927236521854,0.24830185632985524,0.0,0.0088,0.0,0.08846524934365085,0.0,2.573836933482777e-15,1.0583211075175892e-15,0.8084994786150268,-0.05343700483065397,1.0
no_direct_news,20261255,-1.1184231838683445e-07,0.017000398216439748,0.1338957942142069,0.20046789725027445,0.04839703428662343,0.6205722149269389,0.5639699297871397,0.27848506049747007,-0.09916845168766387,17.863237892922157,0.7399149005026882,0.9652860327870535,0.8851056356077441,0.30783901715611234,6.718593497024435,14417.464440482105,0.0292,1.055545469449264,0.3457343690623579,0.0,0.0152,0.0,0.11116221540802518,0.0,3.1156973405317828e-15,3.7041238763115625e-15,0.6591027873704259,0.0479354994447353,1.0
no_direct_news,20261256,-1.5351177720923558e-05,0.01630755498214906,-0.003217888198736553,0.2208869441507532,0.0555023855766482,0.5914284373204758,0.5486156612167247,0.3354574881085762,-0.09566387885800513,14.357896553923066,0.7422060318763634,0.9717130597909233,0.8748064092034901,0.3123940020677538,6.734150299123968,14341.065325637066,0.0304,1.9405425491283341,0.25613226830310976,0.0,0.0136,0.0,0.10014414922782544,0.0,3.7930228493430395e-15,2.1166422150351785e-15,0.5194135711995767,-0.01615211182364343,1.0
no_direct_news,20261257,5.4544985978601805e-06,0.01535244428853158,-0.009205276914613559,0.18111635554765837,0.04637257422859821,0.5654250712199627,0.5667721352942828,0.30566720503324746,-0.07916353114342198,22.15502868059383,0.7454764396122681,0.9729182973978245,0.9012013895056178,0.27726559399842626,6.521448293708098,14547.543754519054,0.0324,0.9045164758514472,0.2497434004907899,0.0,0.012,0.0,0.10983039260842342,0.0,2.573836933482777e-15,2.3812224919145757e-15,0.46779349918547103,-0.04079042057739773,1.0
no_direct_news,20261258,4.013698303450859e-05,0.011995497825887453,0.022935469264073777,0.1471121568484695,0.061489638386537836,0.577530227365261,0.5780371603423357,0.32641683884613454,-0.05443246050487347,34.074357517061415,0.7327154274068024,0.9796238231818442,0.8994378627323953,0.24805715064619135,6.205348428988813,14795.116589314694,0.028,0.5488841703991904,0.2089944887680395,0.0,0.0052,0.0,0.06735490603316241,0.0,3.1156973405317828e-15,5.0270252607085486e-15,0.3216286019134803,-0.004550640403573237,1.0
no_direct_news,20261259,5.405190388836445e-05,0.014767080358910088,-0.002592770635678181,0.14051406746175663,0.04026230982559367,0.6121665873170126,0.5835471397923165,0.2920475598794867,-0.10089361080101458,17.567106163023112,0.750269390115122,0.9740171128814618,0.8920616161394334,0.2865420607499409,6.6091223913910015,14437.259344895325,0.0328,2.0927303519656935,0.2176815339445095,0.0,0.0128,0.0,0.10406411429120044,0.0,1.3546510176225143e-15,2.248932353474877e-15,0.8948170919919738,0.044241592688335676,1.0
no_direct_news,20261260,4.854341971846523e-05,0.013167907694861746,-0.06700946986180953,0.15131533808741843,0.05405411709445018,0.5600587471317439,0.5444822340171308,0.2939257708642234,-0.08027099861678126,18.64308674576598,0.7425336907836064,0.9723895681072302,0.870510053711685,0.29957002143473455,6.597374249868652,14390.701217227846,0.0296,0.11473727369995386,0.2826905955382918,0.2292,0.0076,0.0,0.0778216235869722,0.0,1.625581221147017e-15,2.9103830456733705e-15,0.08913001187017182,-0.00011127423739526899,1.0
no_agent_information,20261211,-9.309131581184858e-05,0.02139223013691418,0.03240626214154971,0.12375977445964818,0.039293074723495004,0.2742232197658419,0.24173403991420467,0.1273765172976825,-0.03252537410468346,7.144925273785811,0.455916718269929,0.8387003874769506,0.4897083658481268,0.5406413311772458,7.1851987600204135,13729.465946057251,0.0144,0.10993669032029811,0.5670530256798822,0.554,0.014,0.0,0.2138505536835773,2.0,3.7930228493430395e-15,3.1749633225527677e-15,0.20244500351911487,-0.006083094725829646,1.0
no_agent_information,20261212,0.00029731427908848005,0.01612090434352673,0.011270143501034866,0.11769005759762959,0.025211690432362342,0.17257461717841974,0.22278484061426526,0.038052513480165605,-0.01549364102458513,1.8529777580078859,0.3756152834230319,0.8524771502064682,0.47466741665343,0.5026190675821481,6.786194671215475,13701.341085927897,0.0072,0.06526916760260217,0.4268669273147029,0.0016,0.0024,0.0,0.13685604833179132,0.0,2.573836933482777e-15,2.778092907233672e-15,0.11594258465614801,0.01786665231039055,1.0
no_agent_information,20261213,-4.1996509683896124e-05,0.01488850673013725,0.022451610068597857,0.0897340114869792,0.024092814499875097,0.14309266985093494,0.13741544696181154,0.023692466475520188,0.021729945683309836,0.8783791358682005,0.3297692307005112,0.8180288769042481,0.4658019285626615,0.5140549106734764,6.80621516816484,13566.124048690823,0.0076,0.03398798325636198,0.4265947177678606,0.0,0.002,0.0,0.10805890763458348,0.0,1.625581221147017e-15,1.8520619381557813e-15,0.05314526079727926,-0.02015552984240173,1.0
no_agent_information,20261214,0.00042683142522997956,0.010875609101997622,0.008957885062415058,0.06095763677246973,0.025273473121585267,0.018841379244728278,0.04763477185494601,-0.010470398102216588,0.0171510382137036,0.05672964984113804,0.10277408454666452,0.9355236236584017,0.6566455051821265,0.15829567794708993,6.549014224115122,13459.037506629043,0.0028,0.22304798084250843,0.2457086687915877,0.0,0.0,0.0,0.04238313608379163,0.0,1.2191859158602628e-15,2.645802768793973e-15,0.01893042678142346,0.005671280497934371,1.0
no_agent_information,20261215,0.0002295009949043738,0.011173279753987334,0.013038289842373917,0.024807994417595722,0.01164626071881501,0.02035580473476673,0.04778739609930075,0.030909423714887196,-0.026278722479085137,0.0724557940334547,0.10321581034644643,0.8444329807085655,0.4552205835588156,0.2695245289660905,6.588689670905389,13425.377367605748,0.0016,0.1987471532821884,0.35691077098608115,0.0,0.0,0.0,0.04720432271427244,0.0,5.68953427401456e-15,3.3072534609924663e-15,0.0034764761634416743,-0.007822416820959412,1.0
no_agent_information,20261216,0.00043952529591171545,0.010316268739918146,0.014841250548940461,0.059008254616968826,0.020848400343289504,-0.0020332521684183276,-0.0012027832614907499,0.008476241864174209,0.010379799836887553,-0.07630542222499592,0.05629133432187383,0.935488365466848,0.7319637885037469,0.06655965716852169,6.498493007328492,13477.094220223165,0.0024,0.2518854329389419,0.43472450943798724,0.0,0.0,0.0,0.030889109987162433,0.0,2.0319765264337714e-15,3.7041238763115625e-15,-0.0660454143130518,0.015103295770781578,1.0
no_agent_information,20261217,0.0005304951557854235,0.011030368471331148,-0.013827557694686616,0.04569384076958823,0.01702683083952198,0.04515308299284787,0.027933306237865253,0.0032046284387434953,-0.004678222884519245,0.1259173961332425,0.14104914824389272,0.9531391264332322,0.7083402836180811,0.13070287519373935,6.506203566852508,13553.271877290183,0.004,0.2388632250742433,0.2933794893831808,0.0,0.0,0.0,0.04969200243888694,0.0,1.8965114246715198e-15,3.042673184113069e-15,-0.05246923694398588,0.020543915683415032,1.0
no_agent_information,20261218,0.0007589676356613151,0.012154432674186255,-0.006594544363713793,0.07275001555356198,0.026063331778901338,0.10232962469484298,0.10361140895575865,0.0265245290138071,0.10704719022045824,1.0489876302483276,0.2670156402832413,0.9537338732850786,0.638142524404086,0.23824606941772586,6.552518216481887,13615.025751801291,0.008,0.1740842247423884,0.25757162695134606,0.0,0.0008,0.0,0.06409516374987945,0.0,2.1674416281960227e-15,2.9103830456733705e-15,-0.13122391524458593,-0.008102289159997913,1.0
no_agent_information,20261219,0.00016211055394349075,0.016163301984126886,-0.024161216120903453,0.08243990205006657,0.030578194626182553,0.15813158042044229,0.14643001180180593,0.024849192677539378,-0.023075281064950156,1.8231177511723127,0.32331911557721915,0.7992509024003542,0.48146728077354145,0.5163883945923374,6.761420209351648,13794.447850987171,0.008,0.031396645724421086,0.4260124059228644,0.002,0.0028,0.0,0.14275914600516626,0.0,3.1156973405317828e-15,1.98435207659548e-15,0.03980313273290183,-0.0025494462518506813,1.0
no_agent_information,20261220,6.622036269552432e-05,0.016514942304935266,0.01564251655846816,0.1347500104133947,0.027919939076230756,0.23419884022701598,0.1585879917110128,0.055058830882229216,-0.00010973469204931295,2.7040130937208398,0.39587912805363756,0.8229366174683564,0.5039128196136273,0.5001163635023943,6.80721898164399,13800.078437489128,0.0128,0.03929871503866138,0.4231457730388063,0.0044,0.0056,0.0,0.12824174306011193,0.0,3.657557747580788e-15,1.4551915228366853e-15,-0.03646664587405474,0.0057007508605779085,1.0
no_agent_information,20261221,0.00014073026454881267,0.013580326442131172,0.027300447382279373,0.09466493139165333,0.028076412546878503,0.15109205331279704,0.16866409914641362,0.013731824880111642,-0.014106820225177872,1.3971771854650026,0.31514723024811514,0.8249597293755546,0.49159384691405156,0.42032842283387156,6.670784699384672,13676.27456989799,0.0088,0.11579286873563144,0.5106483606084271,0.0,0.0028,0.0,0.12203550626021697,0.0,3.7930228493430395e-15,3.5718337378718635e-15,-0.030672282958653454,-0.0057596724723690445,1.0
no_agent_information,20261222,0.00028732287251431927,0.010291321909427619,-0.0022215114888669845,0.04831573036582925,0.015785740892519228,-0.0028966600720998054,0.009200575360539606,-0.025494114232852104,0.02001465909092475,-0.06284467612635947,-0.005552644152049143,0.8675749616953529,0.5902373719018318,0.07982383005667822,6.51451205428462,13458.517045607276,0.0024,0.2642717928051436,0.3025240718956853,0.0,0.0,0.0,0.028794710528402767,0.0,2.1674416281960227e-15,2.5135126303542743e-15,0.06438415479982468,0.007668181414351244,1.0
no_agent_information,20261223,0.00044028103920898973,0.0119047143007094,0.007161462364396884,0.06525214785887257,0.019908060317253083,0.10148862319337812,0.056805266990147645,-0.005554624723342443,0.0034098053270564884,0.3557602604328336,0.22128512581339216,0.9208392408020268,0.4383873778440698,0.32297993045984175,6.495756890702415,13670.749833467173,0.0044,0.10907804279987202,0.3807608392381595,0.0,0.0,0.0,0.07845044222432418,0.0,2.573836933482777e-15,3.439543599432165e-15,0.06027903022688252,0.05266633116173849,1.0
no_agent_information,20261224,0.000217072157305029,0.019549155854831708,0.023493099443665576,0.15327415492491236,0.029294253383489642,0.2972411358600484,0.24932244456659056,0.13843356556506822,-0.0017685697288999393,4.882868863753528,0.455350744309978,0.878315398624046,0.46849161524252303,0.5229516544977802,7.008448666596799,13741.643055482238,0.016,0.04993240546931715,0.36443651958140055,0.044,0.0092,0.0,0.1429440679329863,0.0,2.1674416281960227e-15,1.7197717997160825e-15,0.030935253641422016,-0.027996605598171572,1.0
no_agent_information,20261225,0.0006334657368279035,0.010728701447557068,-0.0032154748405873457,0.047385478784933856,0.014947332669961283,0.03660848364368947,0.0008571465164369523,0.021379832715850745,0.03736163875265546,0.089709449299467,0.13893177290990544,0.9573596632115502,0.7269517860477089,0.11873580130705978,6.490283821644439,13510.483828498864,0.0044,0.3686415857432694,0.2694294615545081,0.0,0.0,0.0,0.03208910923495978,0.0,1.0837208140980114e-15,1.3229013843969864e-15,0.011497667110389305,0.001162928535280576,1.0
no_agent_information,20261226,0.00023140861858698188,0.01355955560495818,0.006189397264688253,0.09222648700505236,0.021147088681586813,0.13085445714246463,0.10474101316325525,0.016820663080009058,0.005883676920658162,0.5032174628202695,0.27710164323156006,0.836585514562014,0.48670873481830823,0.4503126451624432,6.6923503194034435,13614.941873820886,0.0048,0.03158007321847176,0.3884917852388954,0.0,0.0008,0.0,0.10293160853958727,0.0,1.625581221147017e-15,3.7041238763115625e-15,-0.012591591330927241,0.01267606075667178,1.0
no_agent_information,20261227,0.0005074846714226418,0.012209789740619254,-0.015951579187577804,0.055896199722152234,0.0185237534016739,0.08061990470021112,0.051760099797006,0.08598345038140012,0.015379402289325108,0.34255417031265667,0.23773135861375197,0.9311291632421507,0.4664114063564934,0.301472442372669,6.561339371664567,13618.29669570241,0.006,0.15224421496963017,0.28320965845062995,0.0,0.0,0.0,0.06077402897490569,0.0,6.2313946810635656e-15,2.645802768793973e-15,0.0020757222578022933,0.0030752429572167275,1.0
no_agent_information,20261228,0.00029959733949118785,0.012977496902982647,0.0121692904464864,0.09754008682435188,0.03288436590509207,0.14150691143799646,0.1274707955482946,0.06545032124991876,0.03865042007968388,0.8921764714861276,0.3144174459837488,0.9240688343711052,0.46287431496617915,0.3547921992700715,6.614068655929021,13643.103354806351,0.0072,0.0672558976500138,0.26755269144503635,0.0,0.0008,0.0,0.07263029128359766,0.0,5.0122087652033025e-15,2.1166422150351785e-15,0.11273580586773137,-0.006692992520331027,1.0
no_agent_information,20261229,0.00022261079572913545,0.011574941794502792,-0.03740515109776349,0.05029961436498116,0.01953116630809957,0.06677940920988974,0.05052698740673544,0.009244104258182975,-0.008834260728305563,0.05074930502487529,0.1894961583711956,0.9085875075476494,0.4650175345713043,0.2739716108036945,6.574826675564373,13489.615942894572,0.004,0.1720767542829107,0.35262601355969003,0.0,0.0,0.0,0.05505953873007918,0.0,1.4901161193847656e-15,4.100994291630658e-15,-0.04969022446170312,0.003949206047235804,1.0
no_agent_information,20261230,0.00039860922147195055,0.013790526232613752,0.031672734885804285,0.07793648328215469,0.025587177797315886,0.13392256225548552,0.12019019238741531,0.04151937427605519,0.008492497078352429,0.958685778163693,0.2706159130899582,0.8793144677810083,0.47370672815096065,0.41916792452597984,6.6209998701513015,13735.932606338214,0.008,0.0574360836576709,0.2827961607103462,0.0152,0.0016,0.0,0.1064606358511766,0.0,2.573836933482777e-15,2.9103830456733705e-15,-0.07845076580288338,-0.0021386972467795713,1.0
no_agent_information,20261231,1.931319984754829e-05,0.012074940782193577,-0.0027343699054158625,0.046638200258982486,0.02415079931966168,0.06630017778988315,0.07512417969062264,0.01774473373131996,-0.019916249963317225,0.19226199712856884,0.16558429947813513,0.826744124201694,0.45391145587454823,0.3455582957455349,6.623901151959487,13502.947271334391,0.0052,0.14928755376109604,0.3890554613836771,0.0,0.0,0.0,0.06955013115421638,0.0,1.7610463229092685e-15,3.836414014751261e-15,-0.012374241110149875,0.05150728852083245,1.0
no_agent_information,20261232,0.00045852365791342287,0.01681999161759064,0.030737081676128975,0.10509655913969683,0.033274326610871714,0.28692380685299934,0.3240647607844336,0.1277427158371667,0.022572992271663494,6.546348411176906,0.4797968624877016,0.9100062424829592,0.5008493345952084,0.44925099881099356,6.699189113059676,13996.184765932074,0.0132,0.053359131587181106,0.3842192758760836,0.0712,0.006,0.0,0.13347778102736463,0.0,2.7093020352450286e-15,1.8520619381557813e-15,0.2162129156516059,0.00994373797461383,1.0
no_agent_information,20261233,0.00011505329495993487,0.012583173031342886,-0.019295880271523902,0.09318618046810694,0.019326327553044486,0.08935454174162244,0.06394017644218088,-0.0035877818924918365,0.007203624848742181,0.2006528649660373,0.1770174002766865,0.8237814276380002,0.45080382985212775,0.39599272469467606,6.637351148666907,13531.98978494156,0.0044,0.1565373275420552,0.28238331298789854,0.0,0.0,0.0,0.07497034265739977,0.0,4.470348358154297e-15,2.5135126303542743e-15,0.0018089977328226581,0.05558462331967179,1.0
no_agent_information,20261234,0.00026422905292558063,0.013571584545161237,-0.012143549429427197,0.08442794895380135,0.023697916552779908,0.12094620375673715,0.10772241373730053,0.03137191022485851,0.02188587723935689,0.8147253464922266,0.2697808560228565,0.8332265310186914,0.44666979021619485,0.46049096430123926,6.65315954659676,13613.40834749668,0.006,0.022717530516240914,0.3313402123113973,0.0,0.0016,0.0,0.0944676756649212,0.0,3.3866275440562853e-15,2.5135126303542743e-15,0.005504900258926594,0.008399692353458494,1.0
no_agent_information,20261235,0.0005629103023395125,0.015073315083426924,0.019183258369882595,0.10391268280353538,0.034374082666892826,0.26385476731354446,0.22283125587576982,0.10624302102677938,0.03154888734683685,4.0503033307735095,0.4298478781703192,0.9408017709270438,0.5052015529169845,0.36565855018636156,6.688495007003012,13694.265333401521,0.0128,0.1083628013689357,0.4421101181781547,0.002,0.004,0.0,0.08282108390985132,0.0,3.7930228493430395e-15,3.1749633225527677e-15,-0.30240613947397915,0.0027761241176065743,1.0
no_agent_information,20261236,0.000694434034218293,0.010443257380497303,-0.014810368451695055,0.046145731742689204,0.017196854528966486,0.023156797299172714,-0.001842540343727292,0.0018630404021367686,-0.0023393052153462233,-0.04639707510071078,0.06932319547616685,0.95160419583921,0.7710702735487063,0.05224894098973678,6.539359905843878,13416.838715162565,0.0028,0.35438950254261925,0.1579868933508224,0.0,0.0,0.0,0.024888561123613817,0.0,4.063953052867543e-15,1.5874816612763839e-15,-0.03518349999021042,-0.01937738454152124,1.0
no_agent_information,20261237,0.0001860773700988471,0.011570968363224363,0.015054985457583563,0.057604354593019325,0.01942119902736174,0.062414632212634734,0.04097883897871915,0.030776009018880033,0.02003143989063184,0.2626104368501019,0.1680800450722933,0.8500820727059307,0.4590818615963138,0.3306138851774576,6.564223567581556,13559.64377225105,0.006,0.09373523385974149,0.44629925741205756,0.0,0.0,0.0,0.06889786228240102,0.0,2.84476713700728e-15,3.5718337378718635e-15,-0.04075030591281318,0.004569549034502308,1.0
no_agent_information,20261238,0.00030555764566781216,0.01098017778173245,-0.04120493110574492,0.05480483730216831,0.023563184708289275,0.031656079824284304,0.049047820334510245,0.030754536530008182,-0.011866988177813958,0.0168064337425049,0.15175539090173093,0.916928945604546,0.44591546333634885,0.21414254813947348,6.510927438332902,13548.320424480284,0.0036,0.2060525697449414,0.32581992298723905,0.0,0.0,0.0,0.05575420162200717,0.0,1.4901161193847656e-15,2.3812224919145757e-15,0.07439406195768072,0.028409188565152503,1.0
no_agent_information,20261239,0.000465568824948322,0.012870776774168067,0.003468955184944315,0.05556184934924247,0.019316725829764382,0.12848361227756297,0.09990002562873287,0.04366689497278891,0.03287733080888259,0.9441425812386268,0.2514671665901441,0.8977683260027265,0.4879131182880339,0.36184603139507454,6.611829633820993,13651.049748791567,0.0092,0.09749779713023625,0.3023810805426117,0.0,0.0008,0.0,0.07301461583646396,0.0,2.4383718317205256e-15,4.630154845389453e-15,-0.027237973622750947,0.023197587921708812,1.0
no_agent_information,20261240,0.00014858689521222317,0.010782889009872232,-0.029148702106949025,0.043143040101591174,0.021916608610182582,0.046649131684434346,0.05822657587333824,-0.0023978812763539308,0.02218872025408949,0.06532459037598981,0.1304590495126066,0.8454241621790484,0.4362117405149615,0.2497258416466486,6.5305020877914375,13507.537763489121,0.0032,0.13173867924635155,0.33508966939158524,0.0,0.0,0.0,0.05391704291655741,0.0,3.657557747580788e-15,2.248932353474877e-15,0.05846090474564281,0.011929126552608794,1.0
no_agent_information,20261241,0.00034809315364726353,0.015237801588615249,0.015185570926278154,0.10585717116938152,0.04068267744645587,0.16110356004583987,0.1545410629447108,0.05792133903705543,-0.02687271129830102,1.141244480551613,0.3229022405455359,0.8852407586608171,0.4365160903548439,0.4823416410128303,6.799494821661966,13668.096521941674,0.0112,0.04355922077956105,0.2841291824925727,0.0,0.0016,0.0,0.10230778827192544,0.0,2.1674416281960227e-15,5.0270252607085486e-15,0.09863986285318253,-0.0027715236105609465,1.0
no_agent_information,20261242,0.0004200544876980288,0.01267151549145366,-0.0019019060829963072,0.09502158439374851,0.028428092802943013,0.09367066586844211,0.10511818765933527,0.09199450740102899,0.03796609243442073,0.8370055780528523,0.29781954522392334,0.9381755079581162,0.43740092559278154,0.3544869779262332,6.58779604976477,13627.177569370926,0.0072,0.11025258204609836,0.2787201330872138,0.0,0.0004,0.0,0.07312011318141698,0.0,4.199418154629794e-15,4.365574568510055e-15,0.06721834249232364,-0.0054990441855733195,1.0
no_agent_information,20261243,0.00048499768788076307,0.013070613469743303,0.029970493431440315,0.10545746899566596,0.03424549944841179,0.1033041681821325,0.11637117381814299,0.044059972747119605,0.042447561861383196,1.168717834595399,0.2645922544082963,0.8897334213273813,0.4655626357266081,0.42045150315322616,6.547740981759885,13794.450751748109,0.0064,0.07644134727742617,0.26031908595421693,0.0,0.0004,0.0,0.10044652386642672,0.0,5.824999375776811e-15,4.497864706949754e-15,0.12730174698739483,-0.025635428469242928,1.0
no_agent_information,20261244,0.0004197477505461528,0.01213078031757073,0.004449496649838261,0.058012821667917616,0.016899029110779902,0.0799239158080666,0.030217748485869608,0.024488361612108548,0.02164567046786495,0.5309131678038188,0.20053399527736443,0.9032353452582819,0.4478241657043608,0.31411136208757007,6.584467408410168,13523.497505360354,0.0052,0.19034378683236708,0.3384134552104968,0.0,0.0,0.0,0.07077691672519859,0.0,5.5540691722523084e-15,3.3072534609924663e-15,-0.018957734362626592,0.01653804867457794,1.0
no_agent_information,20261245,0.0005750140136108492,0.012208816980728178,-0.0066623359490016925,0.07276469444446461,0.027236815520162196,0.18041181435293782,0.15706598322475407,0.10218145384862962,0.024306746160145516,1.1188705115492823,0.3260024134728366,0.9529493428830841,0.6055903857017618,0.2500579016183814,6.577767460708894,13609.604965807646,0.0084,0.16903848834431395,0.33803025020691524,0.0,0.0012,0.0,0.06573420753376658,0.0,2.0319765264337714e-15,1.8520619381557813e-15,-0.09367854752992041,0.06615357513629536,1.0
no_agent_information,20261246,0.0005356023682288167,0.011504232494920535,0.012898584141766268,0.05983454514936861,0.015984056128485694,0.040355358912473514,0.058360686172880455,0.01147925305890956,0.025860545661166245,0.24906136386960798,0.21313487570387007,0.9430265267057831,0.4714883959993951,0.2394896147099106,6.4917445401953975,13627.993455415779,0.0048,0.11848457616658566,0.31283693689228864,0.0012,0.0,0.0,0.06519724205418487,0.0,1.8965114246715198e-15,2.3812224919145757e-15,-0.00975927847376787,0.002801390659605455,1.0
no_agent_information,20261247,-8.718847483248382e-06,0.012021796507319146,-0.04920967387011978,0.054215756161222206,0.01698576011975812,0.10674170866971068,0.07461887594344101,0.027058102066408515,0.019114425696958263,0.47363124520301936,0.22337252769358387,0.8628697310780464,0.4555975722986316,0.37357907849883293,6.6550414495720815,13465.9043872488,0.0052,0.052699808119514045,0.5114913091183034,0.0,0.0,0.0,0.07218428234609586,0.0,1.8965114246715198e-15,2.5135126303542743e-15,0.049328956797636284,-0.03315247250536664,1.0
no_agent_information,20261248,0.00034691791999959454,0.011954393369506823,-0.014649281049825512,0.06608458531972046,0.025158698794095873,0.11298046048777012,0.11932573635686704,0.03263845169931743,-0.004860148053163632,1.008615037193663,0.26728268733821464,0.9173399262887907,0.48175034255801746,0.2948096224690263,6.554552522690739,13680.04716265173,0.0076,0.2150136056392841,0.39454524211377995,0.0,0.0004,0.0,0.05547125744230508,0.0,1.8965114246715198e-15,3.96870415319096e-15,0.05143010457291328,-0.0024423158154566276,1.0
no_agent_information,20261249,0.00032519081224604386,0.011146199004081623,-0.0415249095029021,0.04949009243595555,0.019230408552231758,0.03214481323422187,0.043342028449873116,-0.013359828311202407,0.009224639066223339,-0.01146711222421537,0.12480188830888582,0.8722167937838281,0.4256367232164344,0.2639491481571814,6.5015881062986915,13594.919775129134,0.0024,0.18046840882963494,0.2642157269603066,0.0,0.0,0.0,0.05735036013367223,0.0,2.1674416281960227e-15,2.9103830456733705e-15,-0.04223687522430098,-0.03647139810368249,1.0
no_agent_information,20261250,0.0005583243684609389,0.010700946304219625,0.020581509868965647,0.04544351798699338,0.019013479243486453,0.0017117025049225585,0.028304109851808642,-0.03438582231586726,0.010182372398099363,0.009946506195126048,0.04395338487149194,0.9447733099662978,0.6807025270387349,0.13778498620134044,6.48475839029784,13553.165286930358,0.0028,0.2713510881680985,0.22428086474933073,0.0,0.0,0.0,0.042901407302971206,0.0,2.7093020352450286e-15,5.556185814467344e-15,0.023727817290741852,-0.01054547781595298,1.0
no_agent_information,20261251,0.0003290424019307423,0.02134617869008906,0.12869630396033077,0.17014636942144434,0.06369015145837553,0.44333037641075546,0.35520018539354664,0.14311700504327937,0.021397323714802706,14.341282412719575,0.5659057634141866,0.9223318080479478,0.517023002319624,0.45507852267605303,6.8725257126476595,13988.398338969922,0.016,0.20973204027444095,0.5348593554829328,0.8848,0.012,0.0,0.1773685986907254,2.0,2.1674416281960227e-15,1.4551915228366853e-15,0.1970208388770522,-0.033527085665978444,1.0
no_agent_information,20261252,0.0001981665366492006,0.0136095328526396,0.028505819954261918,0.06251428032356723,0.02173701713460518,0.07973226336825867,0.09109717495980156,0.03537699973144692,-0.024706086937765666,1.3444516913382323,0.2640240487979312,0.8234967066971395,0.4770121818431055,0.4192559777246832,6.686887251698337,13603.025402648878,0.0064,0.0973891921232213,0.3475371939927735,0.0,0.0008,0.0,0.09964731517180225,0.0,2.573836933482777e-15,5.1593153991482476e-15,0.21890476173436704,-0.03444324159023268,1.0
no_agent_information,20261253,0.00013103415208066274,0.013369155162805775,-0.013863977822663333,0.04830887526615961,0.021884086419648462,0.09800944986268623,0.13502138483981338,0.02427652486324438,-0.015021614840583859,1.6962076785544182,0.2781082771452393,0.8726410717303774,0.4648471171378178,0.4208667501696362,6.692354062566276,13541.02445639387,0.0048,0.06583316353778922,0.37073822037189763,0.0,0.0008,0.0,0.08096235101647653,0.0,1.3546510176225143e-15,2.1166422150351785e-15,-0.049200531658938715,0.0011678198592534198,1.0
no_agent_information,20261254,0.00019645502840881193,0.015036165422507016,0.0044304109146582095,0.10017948831366308,0.02494421519620473,0.14986542587922924,0.17705623693256117,0.0554554759696917,-0.010891473493969558,1.8504786158906805,0.3192466713826074,0.8057361648167451,0.4763716849277397,0.47134089040919047,6.749652724683276,13687.338869121746,0.0084,0.04179256349686386,0.40358134575131155,0.0,0.002,0.0,0.1240712460118214,0.0,1.625581221147017e-15,4.762444983829151e-15,0.04972388269487139,-0.005481659935006748,1.0
no_agent_information,20261255,0.0003661579148561685,0.011734985713577867,0.027343601137023003,0.07402094471400852,0.019702644553903283,0.11772067169724808,0.11101436450954373,0.041288265317040676,-0.024306828264091373,0.7252822307760769,0.2813597898268984,0.9394736900777038,0.4569096476763152,0.275283903805074,6.573454599738634,13547.911382846254,0.0072,0.15738702400912663,0.24938035481222265,0.0,0.0004,0.0,0.0601990753124817,0.0,2.84476713700728e-15,1.5874816612763839e-15,0.013390110899736924,0.05161588651674348,1.0
no_agent_information,20261256,0.0008114844950553408,0.010406394012729572,0.017669480132420895,0.04908288587450384,0.019423210069848675,-0.0010378359084455824,0.003863988329054779,0.01748864503355207,0.03286730201742352,0.019039349446568377,0.09282691266767744,0.9573550287686491,0.7293148994525274,0.10820089720257489,6.462000524916904,13559.8518256459,0.0028,0.36512612972897307,0.2116441441253255,0.0,0.0,0.0,0.036195916937164174,0.0,5.960464477539062e-15,4.630154845389453e-15,0.01445006653230887,-0.02848209804647106,1.0
no_agent_information,20261257,0.0003909667921685827,0.01161694692300182,-0.021323122182032736,0.05727194794842791,0.01814245048289883,0.06465993788218545,0.03952037178821557,0.03419381071444356,0.026014112241626128,0.05334126365599179,0.19728013928091206,0.9297546371318977,0.4400302225384721,0.30694103351349344,6.552585411291493,13522.769615220774,0.0028,0.11151933244682548,0.1934907207726756,0.0,0.0,0.0,0.0621213381269643,0.0,3.522092645818537e-15,3.042673184113069e-15,-0.0088089731035979,-0.03206822404462455,1.0
no_agent_information,20261258,0.00040866545778304867,0.012636288620418292,0.029758459344431856,0.06907309006291139,0.019977727285474096,0.05671964090653541,0.13568753685562915,0.03848380297544447,0.02743416501456343,0.8102097029777231,0.2562954394525565,0.8903585309586487,0.5097092345317681,0.36579641912856214,6.56801059158895,13729.71169253793,0.0072,0.08631902876224301,0.32941751326938395,0.0,0.0,0.0,0.08961273949222814,0.0,2.7093020352450286e-15,3.439543599432165e-15,0.052618056912287235,0.02193500711095725,1.0
no_agent_information,20261259,0.00029931852645157555,0.010132874738907763,-0.0363117612125892,0.0363117612125892,0.01572693419308383,-0.0018730015519588536,-0.02942433383066333,-0.01473967244525864,-0.028491597552261223,0.009097990103883458,0.014940919194699321,0.9171589423416185,0.7782382103049971,0.022330668541509228,6.516685102229115,13415.612974863676,0.0036,0.42867473338394685,0.34206629218698215,0.0,0.0,0.0,0.02632342904334206,0.0,2.980232238769531e-15,1.4551915228366853e-15,0.01446909516911295,-0.014437780700150303,1.0
no_agent_information,20261260,0.00011640996324521638,0.017379282497589476,0.028124087926474556,0.12269523582907962,0.03308917797264606,0.20775980647159542,0.18763915794953348,0.05149986621554517,-0.030720067566335146,3.462039897015324,0.40365435840184866,0.8344010197860992,0.4788527560362855,0.5092863855792041,6.892135804382147,13734.87449688335,0.0116,0.03377082280353327,0.4493619942515136,0.0028,0.0068,0.0,0.13632248809481395,0.0,2.0319765264337714e-15,5.0270252607085486e-15,-0.19457761485894223,-0.019792610363300565,1.0
no_information_channels,20261211,7.384852517279583e-06,0.016858100881670206,0.012151874885342289,0.15406162074413712,0.04808949792750977,0.5607932683309768,0.5320244400791321,0.37913651978868723,-0.04177670913078847,11.71664396362541,0.7423400149891215,0.9748876699369994,0.8795222867793273,0.2973746682382067,6.881284211747418,14198.22159467589,0.0364,0.16650184975120988,0.2604139521180885,0.5432,0.018,0.0,0.1095684505524186,0.0,3.7930228493430395e-15,1.7197717997160825e-15,0.29372171653366846,-0.019792511322193566,1.0
no_information_channels,20261212,1.9864297306699897e-05,0.01700088942183718,-0.04416468461210766,0.12061222846357349,0.04724592618991137,0.5765207745245391,0.5439820554546277,0.28927267290457537,-0.08655099470457726,16.35031430181108,0.7255675721242694,0.9716676006016998,0.884483987379858,0.3024537626503854,6.832679418137651,14245.314522180954,0.0324,0.3619543728127664,0.2454235154690807,0.0244,0.0172,0.0,0.11600779936812744,0.0,3.7930228493430395e-15,3.7041238763115625e-15,0.035844322980346996,0.004184119112427336,1.0
no_information_channels,20261213,-8.255192317968962e-06,0.016162236724950492,0.0374554847358218,0.2953237308578382,0.05468678339452725,0.574152807646574,0.5964694655856398,0.33091824553320903,-0.05993928201927494,21.024441117238574,0.7396714270148596,0.9751693727849896,0.8922581223286901,0.27460356649246764,6.612130976842455,14475.396757201692,0.028,0.38442319536933617,0.22941725495685228,0.0,0.0144,0.0,0.09006210550731053,0.0,3.3866275440562853e-15,2.5135126303542743e-15,0.26614203858079477,-0.04095120256263066,1.0
no_information_channels,20261214,2.0165366504637204e-05,0.01505789051508414,0.014121033641842194,0.15475689200702694,0.04269227955418265,0.5614680007356339,0.5683351164108694,0.2780797864920996,-0.08445796903811399,15.460469382919108,0.7333636609400065,0.9727469175326788,0.9061410707799996,0.2855046860934441,6.681853551298131,14362.71128115529,0.0332,1.3952981027319578,0.22882636142757418,0.0,0.0136,0.0,0.09099092942335885,0.0,3.251162442294034e-15,2.645802768793973e-15,-0.2949383783490388,0.022118256816006092,1.0
no_information_channels,20261215,1.6559547223861414e-05,0.01572787087350413,0.10670875992036097,0.1833630763276951,0.06276954707881394,0.6039148847758414,0.5625075040076134,0.3504041474472641,-0.06077023444258197,13.181515591175827,0.7516744029334466,0.9723345792896423,0.9011003195056442,0.28783161992331713,6.767203429367093,14309.592798082525,0.0332,1.1768787679440702,0.22720078506735175,0.0,0.0132,0.0,0.10384899176896356,0.0,2.7093020352450286e-15,2.645802768793973e-15,0.32531751698132877,-0.020774579009285914,1.0
no_information_channels,20261216,3.3797540788019734e-05,0.01420234824052143,0.00960128383290156,0.22225859115268348,0.0545638497346555,0.588362141618318,0.5653948282107334,0.3500267547570947,-0.07434103214602991,16.625344595584306,0.7551133251300722,0.9744843358795164,0.9080824728839015,0.26437619001211027,6.560750223165692,14503.190833463168,0.0328,1.522747045589318,0.2328781859401755,0.0,0.01,0.0,0.09247679197966563,0.0,1.0837208140980114e-15,1.98435207659548e-15,0.5967940143147844,0.01521728943059006,1.0
no_information_channels,20261217,1.9663957291420787e-05,0.016470401922256454,0.059543768297226955,0.2500051813027134,0.0588300359549702,0.5789206452523202,0.5830532118379385,0.3363812696502731,-0.09358725348402447,14.98188218259601,0.7468108416404097,0.9742003697118781,0.8905036722816314,0.30052454570693277,6.817669519938716,14277.686633636717,0.0352,1.481820225549781,0.2537313177768882,0.0,0.0172,0.0,0.09966529563905846,0.0,2.302906729958274e-15,2.778092907233672e-15,0.4484008494317908,-0.01449657342907235,1.0
no_information_channels,20261218,5.132528425834515e-05,0.016151132192479916,0.01210692874911389,0.2166686642656128,0.05062915482974443,0.5798516172983561,0.6179179097905094,0.3219661363779043,-0.08298538339258565,13.324103988584952,0.7574485070550971,0.9755280024211588,0.9051337652484139,0.27569230665710914,6.73553555086195,14395.094208041042,0.0364,1.1200005062830969,0.23235732048508795,0.0,0.0168,0.0,0.1031177528408731,0.0,4.605813459916548e-15,4.233284430070357e-15,0.4871763484201145,-0.004451711698571914,1.0
no_information_channels,20261219,6.223435157734763e-05,0.015788726726389066,-0.03987102787454013,0.17620126625428537,0.05885407570584515,0.6052836366962753,0.5826166121813734,0.31871925015330116,-0.05545225030469052,20.084758808454634,0.737012202856561,0.9682517553886943,0.885382123599545,0.2970342380339659,6.545026903931759,14539.440133840144,0.0292,0.2434870218875254,0.2287907057404862,0.0664,0.0124,0.0,0.09445800610362198,0.0,3.1156973405317828e-15,1.5874816612763839e-15,0.5277850285915809,-0.011997707664195017,1.0
no_information_channels,20261220,4.3903446916464614e-05,0.01404059888388557,-0.0052910437019599256,0.249362109145682,0.05406013878850113,0.5904672845353314,0.5618776805961766,0.29017589323984405,-0.07865811491398492,18.239265847587248,0.7495125954992466,0.9725696303230856,0.8924765583384637,0.285743966571913,6.486723374660841,14473.3684760864,0.032,0.15926623180459837,0.23381685090313897,0.0224,0.0072,0.0,0.09715117178399968,0.0,4.7412785616788e-15,1.5874816612763839e-15,0.3679644961238849,0.025725718284514584,1.0
no_information_channels,20261221,6.174510013001786e-05,0.016194722065403584,0.04740870119673727,0.23877105726509892,0.0503294860530634,0.6090446033484288,0.6003110263050917,0.32548410448425313,-0.07833875012758722,16.109632615041257,0.7677259798485996,0.9730756425504402,0.9058038465685793,0.2780642273238491,6.6566384798379925,14476.366161841983,0.0336,0.5892425329526917,0.22088417543177463,0.0,0.0164,0.0,0.09954336931436236,0.0,2.573836933482777e-15,1.5874816612763839e-15,0.1588944635814761,0.007960677426775942,1.0
no_information_channels,20261222,4.033809470934848e-05,0.014684384585074373,0.022708308126778834,0.23525976171811894,0.05001345308825256,0.5620823118249701,0.5646374544915451,0.28726400370991634,-0.08942556691576377,15.258621014777258,0.7380870777803837,0.9714973073217316,0.8770563655451263,0.30585081375985435,6.574411153122741,14414.254735365885,0.0328,1.565299463622398,0.18910952760904132,0.0,0.008,0.0,0.09212900398549184,0.0,2.7093020352450286e-15,1.7197717997160825e-15,1.0447120857218526,0.03342967141947305,1.0
no_information_channels,20261223,-7.256203197373062e-05,0.020002342174998317,0.02791921986264173,0.18266183127804217,0.047057199657747004,0.5770423947213343,0.5690433998818132,0.3397536002971891,-0.07916350443632074,15.56193231515708,0.7305830541589421,0.9690431286678237,0.8786410245587686,0.3128723009454058,7.081179662507738,14154.151340247672,0.0296,0.9934437071630984,0.3922058182826962,0.0,0.0268,0.0,0.12302879738390171,0.0,1.8965114246715198e-15,1.8520619381557813e-15,-0.02810674353525651,0.03101618673119203,1.0
no_information_channels,20261224,1.4752230754499607e-05,0.015991000679103595,-0.04455396136164262,0.2226472019969637,0.07348554448364214,0.6084024373105977,0.5844542845222906,0.3091768987082046,-0.05942832934627195,17.599873804130183,0.7569510659610332,0.97655723158293,0.9025686326308051,0.26373611382020545,6.609620831560906,14461.835786096906,0.0288,0.22488049949193692,0.227384874670035,0.4384,0.014,0.0,0.09649113895337558,0.0,1.4901161193847656e-15,1.98435207659548e-15,-0.3681677723978672,0.014345913721400866,1.0
no_information_channels,20261225,6.803399721590679e-05,0.013645214423322125,0.015994994916491603,0.15600265880219183,0.047946770441479526,0.5806458971255014,0.5528859353284872,0.35140218429610864,-0.06637105571910674,16.494408242282457,0.7355435867921494,0.9728274826424781,0.9038408167544939,0.2815645822713999,6.5693626400418035,14432.07756235122,0.0296,1.6980101987670726,0.20390589095010925,0.0,0.0072,0.0,0.09623336044652375,0.0,3.522092645818537e-15,3.3072534609924663e-15,0.3347737116840236,0.0027436922921357946,1.0
no_information_channels,20261226,1.3436581506060464e-05,0.014524184080810833,0.0895822828166589,0.23094184786382294,0.04784736864543407,0.5701017649263699,0.5863276954049499,0.32048361513072227,-0.0598011016957447,17.041298246662713,0.7484866550815046,0.9773713061484889,0.8982020202887023,0.2700310403133736,6.56896915221197,14472.600833100298,0.0312,0.4250468699056064,0.2547905653711183,0.0036,0.012,0.0,0.08965388464333057,0.0,1.7610463229092685e-15,3.1749633225527677e-15,-0.19838015936238299,-0.02062577663634459,1.0
no_information_channels,20261227,-8.664137594355736e-06,0.015200416354926137,0.01655672909721528,0.13365398236829526,0.04649746428902819,0.557031402941085,0.572923400254464,0.31316987276959046,-0.07266358067394962,20.213269636409887,0.7556602728958429,0.9785308982548206,0.9114878483631017,0.2610973197203056,6.505679933385615,14582.138580918761,0.0316,0.9397455078262448,0.2520112311507602,0.0,0.014,0.0,0.09144801964021587,0.0,3.657557747580788e-15,2.3812224919145757e-15,0.4666049231733122,-0.029185779617732995,1.0
no_information_channels,20261228,-8.639794733084827e-06,0.016321839842846377,-0.08661267196614092,0.18368082076216133,0.0563735375257722,0.6213526958115693,0.5827704064720044,0.3561502231454211,-0.04754796629851497,16.357555689852045,0.7570572295513832,0.9747369863842189,0.908105270298369,0.261668400848087,6.662329401655485,14466.326070839452,0.032,0.7424040797382597,0.3156971306560068,0.0,0.0136,0.0,0.09164953915422891,0.0,1.625581221147017e-15,2.9103830456733705e-15,0.15864444237331846,-0.0057508777419166155,1.0
no_information_channels,20261229,3.7232410435354166e-05,0.014846659598921353,0.05858103771137616,0.19910423494791277,0.04896562305100745,0.5397522186152316,0.5544369320813081,0.3590568508060129,-0.06887693469697771,19.43191769017025,0.7445366717268254,0.9788094374288339,0.900204611671109,0.2689279470060206,6.540470730839738,14542.220089186934,0.0328,1.0470594280792556,0.22808142949365928,0.0,0.0128,0.0,0.089110500557394,0.0,4.063953052867543e-15,5.820766091346741e-15,0.46075437059265084,0.0036152158058616493,1.0
no_information_channels,20261230,-9.283728527243795e-06,0.01707549495513927,0.0022557077059549356,0.1592748122970668,0.05205887123194143,0.5608517405588056,0.5475842494089503,0.34949660892215767,-0.059959966523152664,16.424888088416704,0.7238490101844233,0.9693295772759322,0.8840047493599373,0.30854641342687145,6.908211854832575,14146.900722604067,0.0272,0.49860062107428793,0.24357361294908142,0.0,0.016,0.0,0.10736572782894149,0.0,4.876743663441051e-15,2.248932353474877e-15,0.8964565912679795,-0.0031540007543973798,1.0
no_information_channels,20261231,2.571874976968509e-05,0.01575575974104257,0.09362859433935154,0.23508083459703855,0.052688598483766225,0.5672909259714258,0.5616345560189286,0.3528436051720392,-0.054382944984320926,16.32096270549259,0.7310449994153567,0.9726484975665332,0.8999137640483718,0.2874559837817923,6.738065018753182,14328.902701542107,0.03,0.9294955551929012,0.27552003519334745,0.0,0.0136,0.0,0.09553203002928234,0.0,2.1674416281960227e-15,2.248932353474877e-15,0.588866620144843,-0.0010426442321284956,1.0
no_information_channels,20261232,1.561400777475228e-05,0.015938663867569442,0.038880786777436054,0.1928625541511808,0.050772636383689417,0.5657829206159651,0.5975183548746371,0.32954062621285485,-0.08678152297153252,15.380907808858549,0.7493808984804158,0.9726102547132695,0.8875799869057744,0.29713652589026157,6.737356773293045,14349.224536080916,0.0348,0.4244746989089758,0.24192732641966275,0.3096,0.0152,0.0,0.10539171673313574,0.0,2.4383718317205256e-15,3.7041238763115625e-15,0.7108492760434318,-0.01888427633125663,1.0
no_information_channels,20261233,6.774662442031172e-05,0.015329278000171746,-0.009062070411545421,0.16986134902113467,0.04741578620797342,0.5627352023777543,0.5291068820961446,0.3106889233054279,-0.0785778740886195,16.97627725922955,0.733060800684006,0.9748361239537996,0.9055979087323673,0.2784295897567422,6.65089799470905,14423.411706981587,0.0312,0.7736269608987539,0.2152087714635318,0.0,0.0112,0.0,0.10087664731237855,0.0,2.4383718317205256e-15,3.439543599432165e-15,0.4071917440169081,0.05118735336978308,1.0
no_information_channels,20261234,3.49110625295701e-05,0.014549126207620961,0.009859985617634572,0.19120902384604652,0.04021573277678661,0.6100395797441059,0.5882909700896157,0.36365366653024556,-0.03184345014237156,17.414211535859398,0.7399680285741954,0.9737566461773524,0.8985000146247523,0.2885840903386006,6.665747750288332,14308.844093648819,0.0316,0.4253834189118323,0.21999036753037027,0.0,0.01,0.0,0.10097580851985755,0.0,1.3546510176225143e-15,2.1166422150351785e-15,0.7699239092228349,-0.018308327243844236,1.0
no_information_channels,20261235,-9.622998365170333e-07,0.015261469715900243,0.030841485646749094,0.13932175749746434,0.05169734515233276,0.5883744043071533,0.6012127262691863,0.34474757238502096,-0.07437067803353059,12.507516956029471,0.7648828503024333,0.9728285248947361,0.9050186078637705,0.28127630936987424,6.663254051177337,14427.241189371896,0.0368,0.6914375192662882,0.27450837185564725,0.1704,0.0144,0.0,0.10290502159708792,0.0,2.980232238769531e-15,2.248932353474877e-15,-0.03797150816298238,-0.018268017250020155,1.0
no_information_channels,20261236,1.1807144922770618e-05,0.01597838155969229,0.035877743348568324,0.1843082748498853,0.04943349118074686,0.5858655000897653,0.5443704355836817,0.3281833680697364,-0.08917353910595034,16.74927473826464,0.7477675286329376,0.9721346528922429,0.8918277494870271,0.2879875328935787,6.674058085298656,14424.188707232513,0.0316,2.153363419454639,0.256124665002037,0.0,0.0136,0.0,0.09787601012777514,0.0,1.8965114246715198e-15,2.645802768793973e-15,0.1900292961227125,-0.00520256087725698,1.0
no_information_channels,20261237,-1.6291273638003644e-05,0.01598916577334843,-0.0359930605974264,0.13213562908087573,0.047242030661467406,0.5632723122781079,0.5481825414987329,0.33342993913147256,-0.08121683010309047,17.17261847548466,0.7258612763246179,0.9733613409792206,0.8950649242703036,0.29574213130046034,6.67946874941617,14424.068379951053,0.0312,0.920036584009269,0.2431604727901574,0.0,0.0144,0.0,0.10379591487233863,0.0,1.625581221147017e-15,5.688475952907042e-15,0.4998545998127962,-0.0005655525324634737,1.0
no_information_channels,20261238,1.7289838313498863e-05,0.01548188936759916,-0.028669359280057077,0.13203784657213613,0.03612568073125398,0.5790292190153135,0.5570545897402994,0.2982378140504418,-0.08295804434496476,14.661657307042663,0.7333318769207722,0.9692688809623775,0.8898290960005913,0.29955318070674797,6.701539827105625,14315.248668644657,0.0292,1.2353041997980072,0.22347157382715088,0.0,0.0112,0.0,0.10234475694535239,0.0,2.980232238769531e-15,2.645802768793973e-15,0.4292023452622221,-0.020512215479703444,1.0
no_information_channels,20261239,-9.89846665708818e-06,0.018006255520937525,0.011883801710070025,0.15539642913527885,0.039257903949368726,0.5309427464825206,0.5310769720754821,0.3542801154925177,-0.02385107686876036,9.922929434110793,0.7159199790848739,0.9676327864964059,0.8637534416534438,0.3424940857090463,7.157580464143288,13890.49872664775,0.03,0.8040224658462121,0.25621925553189184,0.0,0.0172,0.0,0.12598395562296139,0.0,1.8965114246715198e-15,1.7197717997160825e-15,0.2967691370790019,-0.002241387104258868,1.0
no_information_channels,20261240,7.648104231363568e-05,0.015739722611797576,0.05070643221122833,0.16636076904314387,0.05172604242119473,0.5228787637394383,0.5418152361132507,0.2577113668554298,-0.11152002494022861,19.41920703933262,0.7201420003963703,0.9695612197648289,0.8968669677697101,0.29928132386989,6.711821879704251,14322.659518423941,0.0276,1.0673776793738439,0.2344549315449328,0.0,0.0108,0.0,0.10646658056069302,0.0,2.302906729958274e-15,6.614506921984933e-15,0.7419528293159868,0.01902458325318967,1.0
no_information_channels,20261241,3.690345655303808e-05,0.015839895024846874,0.03483558581163106,0.1454512460202836,0.051612655896359036,0.5925966953149616,0.5327721137324172,0.3657719809644226,-0.0785267933239611,15.148299451567638,0.7509744035384565,0.9762695124897267,0.8961087005494165,0.28803541142466466,6.761139000523476,14309.330058727488,0.0332,0.3991368856216113,0.23021001266406727,0.0,0.0124,0.0,0.10192287489767726,0.0,3.1156973405317828e-15,3.1749633225527677e-15,0.12956242665076148,0.051087635670512645,1.0
no_information_channels,20261242,1.439781933276052e-05,0.015674150568270317,0.07936768137470633,0.17007613362550397,0.056193678296964436,0.5854424867574743,0.6045502770181422,0.25733132188264674,-0.07410022646675891,24.75885365974974,0.7414561318694437,0.9739195388334835,0.9030771127606864,0.27463739006583304,6.467793489744294,14622.772046545118,0.028,0.8078138477490363,0.25772156358739184,0.0,0.0124,0.0,0.10312079504481919,0.0,2.0319765264337714e-15,1.1906112459572878e-15,1.0693327121095757,-0.012800197697531598,1.0
no_information_channels,20261243,-9.917976478402579e-06,0.020737269848198188,0.10100629327505664,0.24185552104727293,0.06467711251817955,0.520144314007417,0.4738101809914064,0.3124929158914216,-0.07835185181408613,19.160972476072537,0.7205325856088411,0.9718075290468463,0.9028005766438496,0.29396975786693497,7.0592614118099695,14215.921657831148,0.0308,0.6969379093428834,0.30847820613504495,0.014,0.0224,0.0,0.15563943311814432,0.0,1.7610463229092685e-15,1.4551915228366853e-15,0.8592220146846655,-0.07535641262718669,1.0
no_information_channels,20261244,2.7949148259028077e-05,0.016007256728981633,0.031844763500648576,0.18460052948492367,0.05291541352488571,0.5547795410054284,0.5400319358238117,0.32378636697575214,-0.042443068416424354,16.48600676807743,0.7454820403382697,0.9717204697032555,0.8866478112511482,0.30467854906248854,6.641149016846251,14431.042464293347,0.0328,1.0148279072236286,0.2667606672128361,0.0,0.0136,0.0,0.11189294876468292,0.0,1.3546510176225143e-15,1.8520619381557813e-15,0.7291169719449517,-0.03778835927712475,1.0
no_information_channels,20261245,7.286065654900611e-05,0.01706341860191629,-0.03465680369341011,0.16861716817757985,0.04823499173693284,0.5515761857809642,0.5509957070600074,0.3032456716422087,-0.07486745165579703,17.18694381341201,0.7353351253884517,0.9692090929008137,0.8994133624998308,0.2952152336897131,6.761216207720624,14345.639055299622,0.0328,1.1950088444638407,0.2719351228633595,0.0,0.0164,0.0,0.12468546437425632,0.0,5.283138968727805e-15,2.3812224919145757e-15,0.5640354293145541,0.06871122799879457,1.0
no_information_channels,20261246,-1.448993006048127e-06,0.018639865387836452,0.12382904414643987,0.2148391579577845,0.059445638794223585,0.5559907723684906,0.5496286838464374,0.2774198388431284,-0.08820836975933159,19.59545290735128,0.7153741317241482,0.9678996541304574,0.9048479893762897,0.3010084333362045,6.827509930809643,14330.718784574341,0.0304,1.1739731702065581,0.29552557442618643,0.0,0.0176,0.0,0.12492272571078478,0.0,2.980232238769531e-15,1.4551915228366853e-15,1.3506555090801893,0.02686330982870133,1.0
no_information_channels,20261247,6.777928965698266e-05,0.016853459482515196,0.051824920254883146,0.19044459304812256,0.05344234776270566,0.5729177917078687,0.5588658417536001,0.3119455111449787,-0.08052025031766825,17.098177250131073,0.7409892960848433,0.971605064306863,0.888464581620647,0.2965618416154142,6.676236565439238,14462.762376423469,0.032,0.858575032417689,0.27539480910857983,0.0,0.0144,0.0,0.12106314554488473,0.0,3.522092645818537e-15,2.778092907233672e-15,0.07583690512227981,0.03352850478023986,1.0
no_information_channels,20261248,9.541707402869903e-06,0.018270336142919487,-0.03475495250470559,0.21663693118461663,0.0506107028709095,0.5557628166496607,0.5827515168127528,0.33540091701426694,-0.06988424452271533,12.076671590642034,0.7279984146478806,0.972657574541318,0.8790774230682378,0.3084483324817677,7.062579931087233,14122.19782120995,0.0304,1.1272367980216147,0.28149877810445234,0.0,0.02,0.0,0.09794424829043269,0.0,2.7093020352450286e-15,4.100994291630658e-15,-0.10495047937380052,0.004527320082605363,1.0
no_information_channels,20261249,3.243369153034479e-05,0.01694055548642555,0.10261616337636136,0.2700624974471664,0.06011818435059213,0.6015255582383168,0.586557622457479,0.2975207947954264,-0.0896554025713417,14.008480019770008,0.7362688960205178,0.9691194057013338,0.8873077574055744,0.3098759555886288,6.769115987520621,14306.982388894556,0.03,1.2395852487786783,0.2712225349812185,0.0,0.014,0.0,0.12199072909213826,0.0,2.573836933482777e-15,1.8520619381557813e-15,0.0926385378570767,0.034375700761066615,1.0
no_information_channels,20261250,1.4815841141483332e-05,0.0149002266634747,0.03449911701360465,0.25511582426718726,0.04775114933786295,0.5422375503751775,0.5579030101642732,0.30031968046075036,-0.0657351634689506,17.598899138802597,0.7248527355799235,0.9755481145734199,0.8914602583842265,0.28779842161641306,6.702308131408637,14271.999587159806,0.0308,1.462907424785779,0.23025482642750572,0.0,0.0104,0.0,0.09618700823436344,0.0,5.147673866965554e-15,6.085346368226138e-15,0.4587391811849244,0.013329982344303293,1.0
no_information_channels,20261251,-3.867706106019e-05,0.01653510253661213,0.14730785081738784,0.19730108090497314,0.06084974728962918,0.5642984475502162,0.5550694526161709,0.30971071985540566,-0.08537432248240255,15.95316603201303,0.7197780510046271,0.9705948312179967,0.8918129426578023,0.31087467605381364,6.848250053792841,14264.684317824465,0.0324,0.4827132108060652,0.2984143717033405,0.6004,0.016,0.0,0.102987501191657,0.0,3.251162442294034e-15,1.7197717997160825e-15,-0.003192114204922109,-0.008931250188604333,1.0
no_information_channels,20261252,-5.445199897004471e-06,0.02024033398393499,0.058417116731820345,0.17792599350813937,0.05168859485403351,0.5654453447794542,0.5590486641151262,0.26757353582058296,-0.08748527889067402,17.379929658805885,0.7295077827907467,0.9691948424686568,0.8928041987013056,0.2971215549236036,6.95186102929636,14271.686928612346,0.0304,0.7434071338560573,0.32234831647710327,0.0,0.0224,0.0,0.14241237058913558,1.0,2.302906729958274e-15,2.3812224919145757e-15,0.4407632448425571,-0.052863695396492806,1.0
no_information_channels,20261253,-1.3686968929957644e-05,0.013558640688176119,0.05534503635476823,0.15837337460442,0.07324099074407008,0.5536498226114575,0.5942472031021815,0.32172988343355446,-0.0702674209729585,25.921471814573685,0.742576965589284,0.9756461679371717,0.895243588233068,0.2573469853700431,6.414561882682486,14610.219303736392,0.0292,0.5718888482237495,0.23498739085298126,0.0,0.0088,0.0,0.07399073826469182,0.0,1.8965114246715198e-15,2.1166422150351785e-15,0.08497508269131963,-0.01763260164595391,1.0
no_information_channels,20261254,6.0007190523164767e-05,0.015438815922038685,0.06592691853659022,0.24954850768191894,0.08531930594295561,0.5874912189071992,0.5974126518348836,0.3529394401452102,-0.007185181790716341,20.104276067011252,0.7498881234272686,0.977867329001563,0.8958801749851134,0.28032755190778474,6.715339759763896,14341.09822927223,0.0304,0.3262327308769659,0.23050745379796678,0.0,0.01,0.0,0.09056844852072454,0.0,2.4383718317205256e-15,3.042673184113069e-15,0.7901319470414515,-0.0390190692749572,1.0
no_information_channels,20261255,-1.7667084069246643e-05,0.017104193329975467,0.13362053565566884,0.18466076097800418,0.05693913961512744,0.5609734993885618,0.512927462577981,0.282243347816985,-0.09085904010396573,13.315362777575832,0.7260430125461306,0.9673920562299421,0.8833221147624789,0.3163616037747879,6.852179036981351,14218.74607864863,0.03,1.1261900852681757,0.2902673788250275,0.0,0.0156,0.0,0.12110679412681269,0.0,2.4383718317205256e-15,2.3812224919145757e-15,0.6896361936240046,0.033519241648287575,1.0
no_information_channels,20261256,5.064498971132671e-05,0.016503184055454125,0.0037960930692628888,0.21246670490220954,0.04645909415375092,0.6143201476641621,0.5383256467040424,0.3014110009256874,-0.08435765073203752,14.860514739506762,0.7566838190058203,0.9763535275307305,0.8828430185592091,0.29463350848859243,6.707632204229263,14403.980401942712,0.0308,1.933830156686321,0.22975575502457424,0.0,0.016,0.0,0.10318675961706192,0.0,2.7093020352450286e-15,2.5135126303542743e-15,0.6305143117421244,0.03429820508679693,1.0
no_information_channels,20261257,1.0124937089774377e-05,0.015149379130302024,-0.03005039165943243,0.14764183173722106,0.04608386598520872,0.5563198707769624,0.5830433709690895,0.3017714136608339,-0.09501001928529121,17.956195502526402,0.7395762719517681,0.9734008189530697,0.895082716468628,0.2775292261884126,6.690441964912073,14390.912687930733,0.0284,0.8879428759228409,0.2561768483293819,0.0,0.01,0.0,0.09886501239431356,0.0,2.980232238769531e-15,2.3812224919145757e-15,0.6095713396891853,0.0040499073768079106,1.0
no_information_channels,20261258,6.0372513076018565e-05,0.016251140811481844,-0.006191055987396769,0.14801625814192065,0.0529986071996784,0.5522692057079565,0.5637885697074589,0.32457592646776007,-0.047867187509739534,20.858208854979733,0.7311237548642149,0.9749413455106933,0.9061500236226988,0.278235079261818,6.707535886956564,14411.103318866608,0.034,0.7113389823764463,0.23728468203330488,0.0,0.0152,0.0,0.10410437655905835,0.0,3.251162442294034e-15,3.042673184113069e-15,-0.1632847936627722,-0.02420153658051479,1.0
no_information_channels,20261259,5.0946586793707384e-05,0.015468596964599643,-0.017254602700469125,0.15904666533043096,0.04979034954812255,0.5538736685669798,0.5526179535976241,0.2720455080482042,-0.08204351765395053,16.197337877033775,0.7196875671825518,0.9685601889601645,0.8748841923438239,0.31192013565752336,6.676260356829892,14332.494730183167,0.0312,2.133269629858557,0.2505116477063124,0.0,0.014,0.0,0.10396526730967937,0.0,3.251162442294034e-15,2.3812224919145757e-15,-0.2683640816225849,-0.0648419933510348,1.0
no_information_channels,20261260,-4.779782723097341e-05,0.016831352746999196,-0.016749066593385206,0.14655609867151023,0.055832672190619534,0.5681322771714195,0.6010599855528345,0.3359023740477963,-0.06280562347675979,14.146526500620357,0.7414644063190992,0.9735446900848275,0.8931532074984239,0.28738706305902023,6.825455171161077,14297.695131738574,0.0364,0.230711013068583,0.28936928636224724,0.0856,0.018,0.0,0.09505007634252083,0.0,1.625581221147017e-15,3.1749633225527677e-15,0.37976370374168894,-0.047389878547491354,1.0
value_only,20261211,-0.00010486594629583656,0.011459733803565547,-0.09015206011074403,0.09015206011074403,0.013738349811718517,0.04675585484379773,0.029533503186743196,0.0048822216847879425,0.004725147578711668,0.02156056046932253,0.31528966681190773,0.5635477216227088,0.39754463083067054,0.437851318230872,6.595963159262828,13427.821552020634,0.0028,0.008135519057719313,0.5146776107500319,0.0,0.0,0.0,0.004717143681027158,0.0,5.283138968727805e-15,5.688475952907042e-15,-0.06071269730961774,-0.011345456183472965,1.0
value_only,20261212,0.0003347615091334752,0.010842881900809646,-0.06128506077086404,0.06128506077086404,0.018504970790154045,0.043531940131848496,0.015562820309719073,-0.017943045185599357,-0.025035511830763687,0.1296105300552064,0.18856581940266803,0.637530357076865,0.49940721802487714,0.3472468449658311,6.534435410706505,13472.037406838384,0.004,0.022641863141817306,0.40219639284226916,0.0,0.0,0.0,0.004183049911785197,0.0,1.625581221147017e-15,1.7197717997160825e-15,0.023739721138419243,-0.009238886796771975,1.0
value_only,20261213,-6.023126052389216e-05,0.01050519695665197,-0.03848688967038677,0.03848688967038677,0.0167478129928765,-0.012594742812806654,0.02239328873482594,-0.015214385025149279,-0.05882244668664209,-0.010466910668859963,0.11195925167076339,0.6268877615233074,0.4772463221196473,0.3320423016677955,6.528726292337004,13421.852904815685,0.0028,0.03281655172902099,0.41974501776837336,0.0,0.0,0.0,0.004375339535198863,0.0,4.063953052867543e-15,2.1166422150351785e-15,-0.015974275296924335,-0.018028598245245626,1.0
value_only,20261214,0.0004031958225439748,0.01024443992353023,0.028542916340274553,0.04972441921034532,0.019341090602104503,-0.022710020632883438,0.0017476629505498234,-0.0310230864489567,0.0002898531571771838,-0.0016561202636871108,0.023693235954384762,0.9438664779542785,0.890973552167918,0.014873553780202104,6.533589691553467,13385.919739634333,0.0028,0.2478602165984978,0.23968796650548152,0.0,0.0,0.0,0.003575491772505268,0.0,4.063953052867543e-15,3.1749633225527677e-15,-0.009900940696397192,0.030856037265420213,1.0
value_only,20261215,0.00022627077127996317,0.0103101619094151,0.02270709637538654,0.03437440087796258,0.011258947322275793,-0.01100557709676631,0.0210963554236698,0.028387082999497416,-0.014901026650742616,-0.11123630161999287,0.02411122944805179,0.9369156921828423,0.9042019125872738,0.001370342168286193,6.545025234455487,13367.566963532487,0.0024,0.18513475274261082,0.3512835762699751,0.0,0.0,0.0,0.0033520639634203597,0.0,3.657557747580788e-15,3.96870415319096e-15,0.02897443521585934,0.011778839239342372,1.0
value_only,20261216,0.00042788308395814913,0.010063153513679606,0.021700605199195,0.04821176953642703,0.02070115649200995,-0.005322046489422401,0.0007052183818679246,-0.003621325864755485,0.006452714331932453,-0.12333707685538098,0.0065230664110024275,0.9673322667297227,0.9239983788332404,-0.04410573564146571,6.521591213454752,13387.502344368482,0.0016,0.27875723325894014,0.4217594556310107,0.0,0.0,0.0,0.00387379044983005,0.0,2.7093020352450286e-15,2.778092907233672e-15,-0.06594459834161355,0.0125886277497879,1.0
value_only,20261217,0.0005107696681739057,0.01022726493789697,-0.009457202953481299,0.040312057086230285,0.013403692044127346,-0.02781500882892742,0.00310471220156553,-0.018901689471351416,-0.008365557141102181,-5.1356458949047834e-05,0.026020352885247112,0.8650218668719923,0.8720362872860896,0.03540499468251805,6.524658432910085,13404.291551594008,0.0032,0.24956228243728493,0.2951948772032873,0.0,0.0,0.0,0.003411418953748191,0.0,2.1674416281960227e-15,2.778092907233672e-15,-0.02924855097554468,0.019021315466501362,1.0
value_only,20261218,0.0007449496407401942,0.010307439856362607,-0.03368283192710772,0.060164931838788537,0.022330205725555465,-0.00614389105760178,-0.023646998587942367,-0.024520890916413445,0.021455717793298912,0.06551789816089348,0.011890525798758815,0.86386700119465,0.776512740907885,0.1208050693086788,6.509397320974978,13427.69179460792,0.0024,0.178687891536047,0.23017762887328996,0.0,0.0,0.0,0.0031384275909593917,0.0,1.625581221147017e-15,3.5718337378718635e-15,-0.0170112189011735,-0.026981100177171913,1.0
value_only,20261219,0.0001563854743731273,0.011292079635146633,-0.04523791084986489,0.04523791084986489,0.014249628101853715,0.019482339523309116,0.03208802088786617,0.004148158642421376,-0.00674616656050912,0.24498225056249945,0.2698432634863215,0.5486298800330193,0.4295087786163557,0.4053442922052531,6.565020625721955,13468.818261319077,0.0032,0.015287525611197669,0.4383380013388247,0.0,0.0,0.0,0.005322701117586259,0.0,2.4383718317205256e-15,2.9103830456733705e-15,0.059859579455942,0.00864133817101416,1.0
value_only,20261220,4.270592679160892e-05,0.010882290054461913,-0.04249014245676078,0.04249014245676078,0.017475180400542543,-0.005131426411503799,0.005138438231227368,0.01711086567300935,-0.02576267235320024,0.13728944122258335,0.2462266613846817,0.47631708450123983,0.4400046706787657,0.389072374655961,6.5579201129698355,13454.719744220969,0.0028,0.013254137443749888,0.43832495068529653,0.0,0.0,0.0,0.004245510957083587,0.0,2.0319765264337714e-15,3.836414014751261e-15,-0.086438164987092,0.019304313585690545,1.0
value_only,20261221,0.00013651124247296415,0.010323005333868724,-0.013887093671343182,0.03468466803425865,0.01182673979873539,-0.0017177866869671934,-0.00010646400720321691,-0.00596395663006295,-0.02689302015353721,0.0919168409747142,0.0629497644955182,0.8328427718025874,0.7484159360079247,0.17573947348892596,6.467528533640905,13541.625768191761,0.0028,0.06586040723850789,0.47529667618554317,0.0,0.0,0.0,0.0052304508691232154,0.0,3.1156973405317828e-15,2.3812224919145757e-15,-0.08057475311438257,0.005852055447918083,1.0
value_only,20261222,0.00028413701567544045,0.01018410069734939,0.004876100775100285,0.04656729625907953,0.01652035684852442,-0.015281578390230312,-7.956181997934325e-05,-0.021426968857503996,0.007653755411756032,-0.024115638762891578,0.016664484713969207,0.954751244026458,0.8935594393731183,-0.004734119896162906,6.529164574635734,13412.671548741993,0.0028,0.2832942197026843,0.3005429451780872,0.0,0.0,0.0,0.003243124815925702,0.0,3.1156973405317828e-15,3.439543599432165e-15,0.07331123024818771,0.008853747753748845,1.0
value_only,20261223,0.0004371694323959147,0.010355454722503448,0.0029370394691608983,0.03977176898034135,0.015753859449738554,-0.026436371857859606,0.012216454633104577,-0.03505305211011675,0.008389327679242177,0.05541965064472976,0.06348373375631279,0.8529009555118855,0.8709008036906926,0.07441436062997368,6.515543837521255,13437.12213728208,0.0016,0.12516909131949724,0.36870947656966147,0.0,0.0,0.0,0.0036200846527891795,0.0,2.4383718317205256e-15,2.3812224919145757e-15,0.011993597745604288,0.01909954872194066,1.0
value_only,20261224,0.00023442744926289904,0.01129064265046439,-0.07999694320399768,0.07999694320399768,0.019487548914075958,0.03281846325412261,-0.01299056452759613,-0.0035760837041073665,0.01255514102407051,-0.03670651813854553,0.28584917073197985,0.5526114824100967,0.38797721627332615,0.4221863625850291,6.557926549407718,13445.925012837943,0.0024,0.011069083521425103,0.29610090696960367,0.0,0.0,0.0,0.0039933655565540516,0.0,1.7610463229092685e-15,3.3072534609924663e-15,-0.06846255845006623,0.0006504877647334901,1.0
value_only,20261225,0.0006231623052167439,0.01024050301610704,0.0008593451122778232,0.03318549366831326,0.016188518746398352,0.008625072893000602,-0.015569336038302113,0.012927553668134303,0.02937885524577111,0.01827104250754452,0.023210569052771197,0.8996517878149806,0.8894854729269829,0.030858579905712998,6.512515471094784,13423.406644587141,0.0048,0.30777804929715646,0.27284070235350766,0.0,0.0,0.0,0.003803916113112038,0.0,4.063953052867543e-15,3.836414014751261e-15,0.033965503478930216,-0.003990006924388137,1.0
value_only,20261226,0.00021920547342309683,0.010484604571058351,-0.018572759126140443,0.038038679782225165,0.016924858451263968,0.012871740283766293,0.0404880453108896,-0.04443789332682202,-0.006715944651515379,-0.008426942101611878,0.13305206346189535,0.7659795271156382,0.6352775893186803,0.2375487554471177,6.533563398200726,13451.712235904208,0.0024,0.050947024759584895,0.3758353943142012,0.0,0.0,0.0,0.0050762188185340396,0.0,1.625581221147017e-15,2.645802768793973e-15,0.010045012308205316,-0.006133179037250598,1.0
value_only,20261227,0.0005068157918647267,0.010353911957111668,-0.019390867306111583,0.031074602110222584,0.01563178212651969,0.020197146767872043,-0.02259871856883251,0.05711158341751676,-0.008396058664648572,-0.037043812227940176,0.0576002437254348,0.8494832600573314,0.8432905016806176,0.07967169617245277,6.525896459236321,13423.864774194544,0.002,0.14626049851981265,0.28419263647601933,0.0,0.0,0.0,0.004546196024879379,0.0,1.625581221147017e-15,3.439543599432165e-15,0.022113169030115017,-0.022752991075947606,1.0
value_only,20261228,0.0002896623458970293,0.010563126674473228,-0.043019704191938506,0.043019704191938506,0.016038232258876545,0.025322574755001916,-0.00892883989921293,0.021244450532517896,0.003531554156605456,0.07713255010019804,0.11507673179446089,0.8202837317532896,0.7461690617305643,0.16365398138545564,6.529367449063656,13451.283528179192,0.004,0.09564369598082523,0.26322619536574077,0.0,0.0,0.0,0.00428571532410249,0.0,2.4383718317205256e-15,2.1166422150351785e-15,-0.010843456669206586,-0.020833518026559014,1.0
value_only,20261229,0.00021430327974997674,0.01042944398634043,-0.037748113959641706,0.037748113959641706,0.014353329361792923,0.007743910852291454,0.0327521367394019,0.009828750426388384,0.010483562638964314,0.024274047751751127,0.0112782612457197,0.8246374912512784,0.8859394160525126,0.02797728665064999,6.517602478538778,13436.005228097334,0.0044,0.17093449470339833,0.34511956228375107,0.0,0.0,0.0,0.003955576921816029,0.0,2.1674416281960227e-15,3.7041238763115625e-15,-0.0033689301131533908,-0.009900797303069486,1.0
value_only,20261230,0.00038790023748677915,0.0107636023362478,-0.045424710297105514,0.05823221439014439,0.022072080292905895,0.006236287875031788,0.0003502458690086399,0.036162966411583106,-0.005206104742673715,0.15316577432397604,0.10533898424914628,0.7323470971533942,0.7071685204405219,0.21948579469526963,6.53402531272004,13476.128572557924,0.0028,0.05728283276525641,0.2500394575297519,0.0,0.0,0.0,0.004812210206821321,0.0,3.522092645818537e-15,3.439543599432165e-15,-0.0199152464550136,-0.00355649530219195,1.0
value_only,20261231,1.7038819492602997e-05,0.010372816932087988,-0.014212213975399166,0.0482136341595584,0.02082802944883414,0.001014639541873066,0.03294674751292264,0.02722652816751669,0.010631647452194814,0.05066908884878485,0.01902298447871401,0.7835924040244568,0.9129548846166498,0.02429234858180407,6.535284294083045,13426.015071435115,0.0052,0.1258384906837373,0.3588125846693292,0.0,0.0,0.0,0.004280330618088524,0.0,4.876743663441051e-15,3.96870415319096e-15,-0.001555858455876455,0.044823819203329056,1.0
value_only,20261232,0.0004855258848890507,0.011318073327762412,-0.0390524435479068,0.06435713142539734,0.018692522259857285,0.024164564290374654,-0.003477536249342918,0.0051971623243987596,0.018478275944591758,0.1988054690445935,0.21046109013904424,0.7917915055947451,0.5825462650739627,0.3334588221845913,6.580096884627351,13416.167409026088,0.0032,0.03847658745045823,0.3492408565246994,0.0,0.0,0.0,0.004739966489417435,0.0,2.0319765264337714e-15,2.248932353474877e-15,0.029319901341787295,-0.006945816409006389,1.0
value_only,20261233,0.00011202807032140285,0.010271675344995582,-0.008056992967237522,0.03089959694554651,0.012671632441666658,0.04187434359347973,-0.01713467222442154,0.00299084666324232,-0.003773176475734597,-0.152055499138688,0.03392270197759955,0.7214588548313414,0.8353587623888183,0.08444903773245348,6.512341716854024,13441.6118737948,0.0016,0.10174200675779008,0.27192394612284465,0.0,0.0,0.0,0.0052140584273716595,0.0,5.283138968727805e-15,2.645802768793973e-15,-0.08828783974526808,0.002569440959406775,1.0
value_only,20261234,0.00024117917439263117,0.010295363297628706,-0.04114135204139767,0.04114135204139767,0.019546723426563294,0.02616364052889796,-0.028065617382548307,-0.01824246884474483,0.010678051992923366,0.017300631999458638,0.07592300883710672,0.8127269439842594,0.6362933409884881,0.24866338734958238,6.499842741501167,13466.261069333708,0.0024,0.05524159162038629,0.3036433367908655,0.0,0.0,0.0,0.004908220089161253,0.0,2.84476713700728e-15,3.439543599432165e-15,0.07495507455484458,0.017005112676989557,1.0
value_only,20261235,0.0005573411430687034,0.010812792081692765,-0.05012607849535835,0.05012607849535835,0.017108125823818585,0.005257123989881731,0.020711224307532385,0.006851139028050783,-0.02153489013063392,-0.02579348237864698,0.18948968878890493,0.7811141201404467,0.7475462643590779,0.17696886625684755,6.535541728448,13448.922261050619,0.0028,0.10153466032274809,0.41539160785018137,0.0,0.0,0.0,0.003224323326557643,0.0,4.470348358154297e-15,3.042673184113069e-15,0.02250807547585848,0.01177457760217217,1.0
value_only,20261236,0.0006816680673464631,0.010229278425643272,-0.0027425598005316448,0.04962724327628983,0.016688430693346468,0.01712015890650268,-0.0024526194939330577,-0.01663176472433321,-0.012169586671017255,-0.0793317005321339,-0.00996941768753561,0.9660523744475191,0.8759101138384511,0.012717158806833082,6.542282469702887,13375.536068753769,0.0024,0.37681994722470624,0.16052588714893068,0.0,0.0,0.0,0.0025663306553396215,0.0,3.7930228493430395e-15,2.5135126303542743e-15,-0.01079821854520049,-0.023079803526564725,1.0
value_only,20261237,0.0001733899891307516,0.010016752983153436,0.004437899471159413,0.04473848907811662,0.014355551275188732,-0.007534440496625194,-0.017173375526604355,0.01652777678833957,0.045960839348532734,-0.06679603202041395,-0.002720687651649789,0.8359635496576989,0.8955054880486043,0.027098819010382042,6.482169268332962,13456.351030621141,0.002,0.12089015687719339,0.412192560487444,0.0,0.0,0.0,0.005035961502195985,0.0,2.1674416281960227e-15,2.645802768793973e-15,0.017987528272675888,0.02567977340150329,1.0
value_only,20261238,0.0002830729549060617,0.010151566630687394,-0.02338753822205392,0.034241645242950806,0.01801212149803654,-0.02888213860671786,0.02031277406220517,0.00693202741535676,-0.017526187708400896,-0.04240694587220428,0.045603346526296495,0.8915361321888018,0.8487376538759014,0.06351268377116316,6.492453781883651,13476.008925275397,0.0024,0.19434341662117832,0.3167870713449801,0.0,0.0,0.0,0.00310099086159088,0.0,1.4901161193847656e-15,4.762444983829151e-15,0.07037938371886972,-0.0034264979545690173,1.0
value_only,20261239,0.0004342517948338841,0.010521478898797426,0.002339881475197225,0.038772832345131784,0.013110478319570027,0.026666470926768965,0.012366941863182546,-0.0006101125557102663,-0.00013312221976902324,-0.013027062224823638,0.04262098818424113,0.8156649456058198,0.7543122136074473,0.1522146631792808,6.522160848479421,13453.82158187351,0.004,0.09449929925627007,0.27121930547476014,0.0,0.0,0.0,0.004048142079567718,0.0,1.2191859158602628e-15,5.820766091346741e-15,-0.026589270183632753,0.020092985412956614,1.0
value_only,20261240,0.00013567667320658926,0.009981746709241082,-0.03813481899898353,0.03813481899898353,0.015453364338312427,0.02206206106993276,-0.004595263168550154,-0.007979518184251933,0.0062512097826795746,-0.05451534285569304,-0.009731858942060238,0.9022946892860038,0.8983552003340092,0.011068149925891857,6.510385058379398,13414.244453820953,0.0024,0.15527168771347843,0.31372858097351985,0.0,0.0,0.0,0.0031419583889114033,0.0,2.302906729958274e-15,3.3072534609924663e-15,0.045998241773841826,0.00028867414514498603,1.0
value_only,20261241,0.0003417334616886023,0.010778543772027858,-0.00577663569316397,0.029326816543188822,0.010880651977124327,0.028551921962211166,0.03879128730408869,0.012127910135854793,-0.011644237414981693,0.03681355961349819,0.1901537062927195,0.7448652260053389,0.668100212823038,0.26419634282907717,6.534702801079846,13439.1039808108,0.0036,0.046864716519748495,0.28736737083629005,0.0,0.0,0.0,0.004087847058054761,0.0,4.3348832563920454e-15,3.5718337378718635e-15,-0.007802307890655061,0.023882315787693963,1.0
value_only,20261242,0.0003997542454352384,0.010531705394374232,-0.044615357719102904,0.044615357719102904,0.0211158125646081,-0.03593641551570342,-0.00946386309096753,0.03834941121559863,0.028239767479385447,0.04204085880243502,0.12370812682421743,0.8259275118007596,0.8146335535245591,0.1265142970419302,6.483566109478051,13509.703007913184,0.0036,0.12466307233259873,0.27904401928446054,0.0,0.0,0.0,0.0037594540521959097,0.0,1.2191859158602628e-15,2.1166422150351785e-15,0.014426544705020928,0.013895256490131415,1.0
value_only,20261243,0.0004924599988144518,0.01036989270758517,-0.010014964805127816,0.0461676618515185,0.015624169463645499,-0.009192907046310888,0.04066962239389948,-0.004884033286263252,0.015961303967106967,0.037806151127467214,0.10784588881136085,0.8126523474262939,0.7891130199745414,0.1454562217721592,6.5151991744361,13471.46932083973,0.0036,0.08514412557407677,0.22615010644124733,0.0,0.0,0.0,0.004321062363132233,0.0,2.0319765264337714e-15,2.5135126303542743e-15,0.030563460445587203,0.014258856741209936,1.0
value_only,20261244,0.0003970934531485181,0.010483182570087353,-0.0278882379045154,0.04963004325362481,0.013604245281765964,0.03146255786203235,-0.016270035974643847,-0.021182344750113463,-0.004970034309945428,-0.024005095758205197,0.033983631156469254,0.8952792248570612,0.8747616998193237,0.03331316044757781,6.5433230207373665,13397.033335843927,0.004,0.15404096834970626,0.3110788562664003,0.0,0.0,0.0,0.003824550635586954,0.0,3.7930228493430395e-15,1.98435207659548e-15,-0.03069756201741466,-0.01767531388171052,1.0
value_only,20261245,0.0005345771009763304,0.010077378715200275,-0.03620658512756829,0.04361460929334563,0.019973849307862373,0.041433312606932976,-0.024509656995150876,0.023882823582689932,0.01268517723223661,-0.09022784176112486,0.052072742061802714,0.8906270471119855,0.8501980498347593,0.07894458641391645,6.488573048260754,13478.229728947257,0.0012,0.1862153719316238,0.3050000129991379,0.0,0.0,0.0,0.003618231942223993,0.0,4.199418154629794e-15,2.5135126303542743e-15,-0.009161744591016305,0.046959647548906754,1.0
value_only,20261246,0.0005225246441906009,0.010339307839594561,-0.011933877267826687,0.054283979117075845,0.015302318511065343,-0.046558537828973304,-0.013116863218940792,0.003914963360789778,-0.012083979111811588,0.24482286633279893,0.040154469642019464,0.8892157726306837,0.8411129259903772,0.08527389511633238,6.484198484316981,13485.439716734767,0.0048,0.17125661517381346,0.29275991822175107,0.0,0.0,0.0,0.004226958223048527,0.0,5.960464477539062e-15,1.7197717997160825e-15,-0.008050968791019119,0.006764708572393241,1.0
value_only,20261247,-8.30093371252012e-06,0.010125512185787148,-0.03396540669205751,0.03417447810882005,0.01581686864406986,0.012716692094669529,0.0026412491717343533,-0.0023375868072163905,0.005162722152591411,0.11546810334272806,0.03269489129128968,0.8608056619227114,0.835931096306589,0.08906767783137955,6.507357785105379,13453.72178810364,0.0032,0.10196897179763201,0.4888447006635721,0.0,0.0,0.0,0.0035679188466204437,0.0,4.7412785616788e-15,2.1166422150351785e-15,0.033433989823998894,-0.003764737093341566,1.0
value_only,20261248,0.0003245245020487989,0.010134378713511494,0.001974881828037119,0.04117088102485374,0.016531311208290055,0.0175145611487112,-0.028319100429717494,-0.0036769888238553108,-0.0040811045792512575,0.003164573228644496,0.02442389743091228,0.8700705352945984,0.8983682868347458,0.018200802570626347,6.461815182109353,13512.294314685274,0.0032,0.16460244678550784,0.37152312476830596,0.0,0.0,0.0,0.00390863947250919,0.0,1.8965114246715198e-15,2.778092907233672e-15,-0.023313726793556304,-0.008691987927335753,1.0
value_only,20261249,0.00029943789159302516,0.010153306665607506,-0.01391205075646205,0.05096544582997392,0.018634704064933512,0.01147789313337655,0.039060482297425446,-0.0038289132859275305,0.015410012339609274,-0.02014600323942206,0.011706259185781394,0.833050026526429,0.8602698644276304,0.0510524759503106,6.505602168908386,13442.090157503248,0.0012,0.17843140399832724,0.2510973622620044,0.0,0.0,0.0,0.003984969877411926,0.0,2.980232238769531e-15,1.5874816612763839e-15,-0.05465995316446279,-0.02068859828036541,1.0
value_only,20261250,0.0005444301611429434,0.010255009971389239,0.017261742494287975,0.04107238697600883,0.01628324115511698,0.010778685067667946,0.0031478753818982366,-0.03357582258300468,-0.014277621022565166,0.075136105689106,0.01012272582456644,0.9108682484302896,0.852027249494261,0.04220787853284184,6.501963345663576,13449.209422181595,0.0052,0.2642442199198907,0.2270064375533718,0.0,0.0,0.0,0.0028803118264355554,0.0,2.302906729958274e-15,4.233284430070357e-15,0.01989546244735739,-0.0034225724531474423,1.0
value_only,20261251,0.00033693000737388556,0.01211745553625818,-0.09256731571560614,0.09256731571560614,0.025729931591169607,0.11399610933320048,0.11431629028963733,-0.001640641736422364,0.018833558962262114,1.857842665190133,0.3764521522602183,0.7408226931434759,0.4391856401223716,0.4532743479056587,6.568225287309297,13609.605422401055,0.0076,0.023502601805936267,0.5296512590579519,0.0,0.0016,0.0,0.005462787409435066,0.0,4.876743663441051e-15,3.1749633225527677e-15,-0.07640684256281882,0.008855630983282696,1.0
value_only,20261252,0.00019907039833518035,0.010704519633315776,-0.01901236137275977,0.02939155020304911,0.013467445684743265,0.009717270734970324,-0.0211824714144515,0.04076456520721761,-0.024985305430633348,-0.04693270193364496,0.07575875372269442,0.8027692518035201,0.743377178295379,0.1671156017118241,6.542203833658791,13414.739196985875,0.0012,0.06400719359937221,0.3173219377484666,0.0,0.0,0.0,0.005018362402225751,0.0,3.251162442294034e-15,2.3812224919145757e-15,0.030084696058485384,0.015677481749015728,1.0
value_only,20261253,0.00012819023850134387,0.010389942603983734,0.0058112999930473004,0.0284261345255076,0.011984855749395142,-0.01777138857588748,0.025983128517502525,-0.0023062941519691902,-0.015005076002490894,-0.09399361103163884,0.03187069343345369,0.8385595001618407,0.7466730748773721,0.1422408333533623,6.543466918659725,13377.288311600021,0.0024,0.07948310431135547,0.35393497753889447,0.0,0.0,0.0,0.004174915467620055,0.0,1.2191859158602628e-15,6.085346368226138e-15,0.006639536905713428,-0.011219963177328582,1.0
value_only,20261254,0.00016100251698467077,0.011016278023732663,-0.011067532331681403,0.04431087402412353,0.015341898870230849,0.0023664122516752688,0.010018259617510208,-0.004898121891682761,-0.0025475336421250734,-0.021745327168236184,0.09411979366526871,0.6656546905643638,0.45999483148714376,0.3444909864612862,6.567072784598218,13403.602510298082,0.0016,0.03328750049562427,0.41400581220311894,0.0,0.0,0.0,0.00445656902794811,0.0,2.84476713700728e-15,2.645802768793973e-15,0.011404350582479737,-0.01373318881992648,1.0
value_only,20261255,0.00034313370582576857,0.009950623219601464,-0.0023933560773181854,0.046677161974758546,0.015624848119142132,0.00901221527910874,-0.025971347016588812,-0.008272283723584448,-0.03152501029313677,0.06821007021547176,0.051017020107889964,0.9012107472240727,0.8289959670516189,0.08725323321289512,6.50362816430929,13429.965884066134,0.0028,0.1600937831584542,0.24238065721880542,0.0,0.0,0.0,0.004412943236411282,0.0,3.7930228493430395e-15,2.248932353474877e-15,-0.035257363765423,0.03306752683011234,1.0
value_only,20261256,0.0007922568800569831,0.009922746011703228,0.01564300174718943,0.035335767317489004,0.015475623326670036,-0.019662677226806872,-0.020671139425772377,0.01730332699407498,0.005681790655005396,-0.06728839333429137,0.007048561494445682,0.8305851185349565,0.8935170073665673,0.0008410231064647826,6.489102922525099,13445.879630467423,0.0024,0.33642321275916975,0.21303334831233345,0.0,0.0,0.0,0.002833792895269527,0.0,1.625581221147017e-15,2.3812224919145757e-15,-0.00595177668958654,-0.019483162966657752,1.0
value_only,20261257,0.00038262787060685285,0.01024879675188247,-0.017831828208153547,0.03702890858637308,0.01977758600277484,-0.007196208695245218,-0.010237778397139402,0.01966078425486321,0.0065936652585418054,-0.10251571893699785,0.06228207077323633,0.8716956338464661,0.7905983199054489,0.12180899698944467,6.514559565874881,13447.626208430613,0.0016,0.14058015768494225,0.1945352811039146,0.0,0.0,0.0,0.0038366424442748404,0.0,1.7610463229092685e-15,5.423895676027645e-15,0.04686600666530041,-0.01617754565476768,1.0
value_only,20261258,0.00042599675324211895,0.010532564790484632,-0.01233118703271698,0.049266401737828126,0.019321384774865464,-0.016357393886275266,0.0646830711527405,-0.016892528779642788,-0.011886113117893131,-0.06219928888189585,0.0904438317066263,0.8614643415801322,0.8170605111103391,0.13265608006696925,6.531916446125264,13437.529733350664,0.0012,0.09560505388765823,0.2863042249841472,0.0,0.0,0.0,0.004225827471796562,0.0,4.063953052867543e-15,3.1749633225527677e-15,-0.04251239812420095,0.016676068618885917,1.0
value_only,20261259,0.00029748334742751793,0.01010737365127714,-0.022950263733284425,0.03460567335918928,0.01471375435104336,-0.001449896839138278,-0.026940967874407463,-0.017310390996977072,-0.02536348762565834,0.020602757824675688,-0.028340475875046147,0.9615282562495608,0.8900004020372788,0.01411846529228836,6.530751783656641,13385.906016451541,0.0036,0.38364228493662733,0.34463384392573093,0.0,0.0,0.0,0.0031077552636973316,0.0,3.3866275440562853e-15,1.8520619381557813e-15,0.020196133549452395,-0.01159058562012043,1.0
value_only,20261260,0.00012404287669328228,0.011022296635548401,-0.06865794644443012,0.06865794644443012,0.02116254656595497,-0.00408209028132021,0.0118018193673369,0.005901177036331341,0.026591072671619576,0.2691523547898358,0.2425054030556111,0.6108656642411261,0.4338190327108994,0.3835980093832287,6.546981681797123,13468.935535781646,0.0036,0.021716794766757797,0.4592573924736273,0.0,0.0,0.0,0.00393257367379829,0.0,1.4901161193847656e-15,2.645802768793973e-15,-0.05366956599019037,0.0008969098201633083,1.0
trend_only,20261211,-0.0021012116460990453,0.0754421022863521,0.23341815146507106,0.23341815146507106,0.04520184783559287,0.7426113128613466,0.6829561190936277,0.51423062986391,0.2543243775135406,2.7189155467822177,0.7541150276201768,0.917143466026846,0.8383837273872984,0.43601908186540433,9.41315809712271,13978.688869129961,0.0004,1.215971842648608,0.9996305236114236,0.0004,0.1296,0.0,0.6678611264332448,237.0,3.7930228493430395e-15,2.645802768793973e-15,0.19277933440600878,-0.02704200076427204,1.0
trend_only,20261212,0.00034454229852646313,0.01419701308879973,0.01886974526846894,0.08571922099213755,0.020078198582587737,0.26924595763174625,0.20775341207355724,0.020257321449055104,-0.03453850862257907,4.149733513877724,0.4105359819159308,0.799416622752371,0.6304837389185753,0.38964611937060584,6.609879485423638,13895.536836129668,0.0104,0.2345044410713923,0.39479283100569473,0.998,0.0032,0.0,0.020772400214962516,2.0,4.7412785616788e-15,1.3229013843969864e-15,0.2536035672111381,0.03161623437007968,1.0
trend_only,20261213,-3.5551668973682736e-05,0.013876318836432481,0.01706921626981987,0.060402730252045206,0.02821026270874973,0.20763964393137027,0.20336163057664722,0.03379805481913679,0.009145343277466874,2.8712564885613787,0.3873913054518938,0.8176893274807937,0.6163534407298717,0.41483592271508096,6.691316722308419,13782.205733334482,0.0124,0.22857417340615424,0.4540631674089892,0.9996,0.002,0.0,0.027605185759346673,0.0,2.7093020352450286e-15,4.233284430070357e-15,0.2669922280682902,0.0037595366663168567,1.0
trend_only,20261214,0.00041698315861186437,0.010607325882106253,0.00832744567889212,0.043927635257650824,0.018177319300843996,-0.0031327049705668756,0.002734643427465999,-0.02453630921968921,0.006928182452302109,0.05618720645555664,0.06483352065428763,0.891299470134138,0.7111967278598824,0.11369436558758697,6.53062844064505,13441.08401361489,0.0012,0.16397613210014556,0.2581621046468273,0.0,0.0,0.0,0.006948926298924407,0.0,1.4901161193847656e-15,2.3812224919145757e-15,0.011823068038822925,0.02079353160563678,1.0
trend_only,20261215,0.00023789770679756542,0.011027344015918797,0.02248378040647202,0.05204587881351886,0.01515046270988002,0.05344974737282733,0.0266131863904443,0.038243263888470394,-0.03931573067719626,0.05010932107665056,0.17262423721555512,0.8384410372867346,0.6129632678304747,0.21188622724936826,6.552021806211378,13484.479060071415,0.0028,0.13850850727968658,0.3550938403393423,0.0,0.0,0.0,0.006337715643122355,0.0,1.625581221147017e-15,1.3229013843969864e-15,-0.0008031351165124363,0.0035533210880510186,1.0
trend_only,20261216,0.0004478627954202949,0.0103998482933639,0.006601521479809359,0.05927531290519051,0.020707559181307376,0.013865681380152133,0.01617522172764282,0.020346219939403075,0.03366698486597763,-0.07482700289073829,0.13329619351675057,0.9011263459344027,0.7643664652866449,0.03477159667079562,6.518388840160465,13453.451223842698,0.0028,0.25316921026908856,0.43105706111099773,0.0,0.0,0.0,0.008130355842648207,1.0,3.3866275440562853e-15,4.365574568510055e-15,-0.08439014580035624,-0.004536015812555597,1.0
trend_only,20261217,0.0005544555912657981,0.011765400846732738,-0.023026308788509916,0.058294505097604025,0.020757825464694103,0.12827695031358355,0.09638991753905107,0.012918561483796663,0.015518352012549735,1.0531335955771661,0.28225712964673594,0.9153905233553501,0.732107920137918,0.1757756206308043,6.547808366807664,13594.76844097869,0.008,0.37230981764722976,0.2908030973413782,0.0,0.0004,0.0,0.014211849929762987,0.0,2.1674416281960227e-15,2.5135126303542743e-15,-0.10835338546361786,-0.001265051448412766,1.0
trend_only,20261218,0.0008067800976337562,0.01760471717587311,0.08906877577580749,0.13402035838841694,0.04146110019100744,0.45694547890811255,0.4229834984734888,0.1968918270139923,0.007977347457594923,30.21478253057849,0.5798635358797473,0.921376011220648,0.7370181955334412,0.23843897065347677,6.599167727255718,14023.274725768471,0.0164,0.3615188799626893,0.37092231309409696,0.0,0.0084,0.0,0.027488775125187104,6.0,2.7093020352450286e-15,5.423895676027645e-15,1.2439434740081072,0.0182209675359624,1.0
trend_only,20261219,0.00021869522085655362,0.021095737148633324,0.0032530014745933886,0.12377692029456953,0.041660082075101884,0.43681368309566454,0.3756326159353532,0.1624056317351631,-0.05223632747784143,12.0130567690194,0.5631146712067662,0.8523182213864716,0.7297238614180159,0.3856702593864982,6.796025143195516,14458.741746459358,0.0244,0.059793511084919974,0.4800068111953485,0.1648,0.0168,0.0,0.05839826645906854,1.0,2.7093020352450286e-15,3.5718337378718635e-15,0.7402624301566065,-0.015145521967391771,1.0
trend_only,20261220,7.72771566163243e-05,0.01955811432700679,0.024816894830693187,0.24067307892972215,0.03894344081372582,0.3826930298580148,0.3745499196470748,0.13927417134146627,-0.03589761808198022,19.73419767606019,0.5446272980226057,0.8468336096288469,0.7287907249235305,0.3630305749392854,6.776921286135021,14331.866976765654,0.0172,0.09255713896618825,0.5293965276428987,0.4096,0.0116,0.0,0.028419859795357105,0.0,2.980232238769531e-15,4.497864706949754e-15,0.2490960855405425,0.019877430410452798,1.0
trend_only,20261221,0.00030315002411562516,0.018538967535775983,0.09122062504821837,0.1421152553850626,0.046359825180229644,0.3763962010517319,0.3534494072635194,0.08756080253725486,-0.05046592365805875,17.886623723766313,0.5585660705232184,0.8403393483191233,0.6916593807518736,0.4128105753311954,6.851766278022602,14074.952498158213,0.0156,0.3360559865072847,0.4891437723180466,0.0,0.0076,0.0,0.07872765677175586,8.0,2.4383718317205256e-15,2.1166422150351785e-15,0.38248929887603555,-0.0020294671328924627,1.0
trend_only,20261222,0.00028831651241242786,0.010253159543428852,-0.010934694719153851,0.049263589333619344,0.01703946800708708,-0.005948326786778304,0.009179204242963089,-0.022678430546247193,0.01829134019206467,-0.029165664917261136,0.0139150786011377,0.8651300033256603,0.7269081598857191,0.05984617210994848,6.490879818309785,13501.474262986952,0.0032,0.2994245593576281,0.31477334691166736,0.0,0.0,0.0,0.005885798508057594,2.0,3.3866275440562853e-15,5.688475952907042e-15,0.0779557972280422,0.009084117576596405,1.0
trend_only,20261223,0.0004444438737994929,0.015943440104408638,0.07261684264839571,0.17645121320997917,0.060450201580289534,0.41882241285801564,0.3811989677310511,0.06828230139094311,-0.038882483299623516,33.60550559450294,0.5177136319274526,0.8853409883487133,0.6412732849879605,0.33165988834986354,6.591769230251715,13979.538469787318,0.0088,0.26624848879701396,0.40901982567700057,0.0,0.0028,0.0,0.02176433299752456,5.0,2.302906729958274e-15,3.5718337378718635e-15,0.043577551203159565,0.07308161595643632,1.0
trend_only,20261224,0.00019014786415279586,0.021799563121769464,0.02912327525568586,0.1409836842914151,0.03954847909520021,0.37029845843020326,0.2983961027937135,0.11628400512413521,-0.045638826807603415,18.35121863430885,0.5906140161596963,0.8494603752381015,0.7117675109472077,0.3937607670385828,6.816727439198429,14387.089883470624,0.02,0.08845064472641279,0.4786237391328154,0.392,0.0152,0.0,0.03389167383551683,2.0,3.522092645818537e-15,1.4551915228366853e-15,0.3314769108386335,-0.0016052307628780169,1.0
trend_only,20261225,0.0006331396203154845,0.01115350160724197,-0.013881455698355047,0.05520695244186534,0.023067818763520577,0.11049794924823138,0.10161698363614735,0.046392709467501285,0.02238840868711472,2.7043122585529087,0.2941580694574394,0.9297171330352485,0.7494560747239484,0.10739595000441375,6.517662101408583,13539.040016014116,0.0076,0.3447296034776905,0.26777523464119435,0.0,0.0016,0.0,0.006625308504464522,0.0,3.522092645818537e-15,3.1749633225527677e-15,-0.29490966566559124,-0.023775593129477465,1.0
trend_only,20261226,0.00021404539967125727,0.020675979666403853,0.0993945071773664,0.1224425606261221,0.04023563437097777,0.4202064107498179,0.3800092874744018,0.14039283111459988,-0.034588122679453104,15.194597341943016,0.5938735494643972,0.8577080430773617,0.7318815277189169,0.403146999320618,6.842140939363601,14307.74584922967,0.02,0.2956057126827947,0.424326210088647,0.0,0.0156,0.0,0.06360155938086431,2.0,4.3348832563920454e-15,2.248932353474877e-15,0.23741984134296226,-0.0033815244785129184,1.0
trend_only,20261227,0.00052301489662086,0.011995611108943656,-0.04863159255848952,0.04863159255848952,0.018039360929042132,0.19772604838903335,0.10778717477552274,0.07379848362438723,-0.0019291428832806897,4.55128703022962,0.3460775141452884,0.9109570131778039,0.7166800513580552,0.143322333009452,6.542853702409479,13663.360085122657,0.0072,0.08800654582931536,0.2822037204154746,0.3768,0.0012,0.0,0.00962472811177184,2.0,4.063953052867543e-15,1.98435207659548e-15,0.3384227394816708,0.02438742312134868,1.0
trend_only,20261228,0.0003026996516903406,0.014227207280557765,-0.0444801636789428,0.1569322156084255,0.04253671806216669,0.2762488191876345,0.2352524730347116,0.11697593840936761,-0.01000983833926592,15.396757059304889,0.4428267401035708,0.9006900755835763,0.6570361378257694,0.25754843954913875,6.542849837700272,13988.066504198707,0.0132,0.07949812648386533,0.31355549880074196,0.4668,0.0036,0.0,0.010875957329006036,0.0,3.3866275440562853e-15,1.0583211075175892e-15,0.3808696938874871,-0.04351401059320651,1.0
trend_only,20261229,0.00021646446809808423,0.011840206880257562,-0.037208487609173335,0.05126285056954901,0.019194262209139726,0.14592993617865604,0.13235398169525883,0.040330258607538784,-0.011676981619807257,3.0597458556765345,0.25178335432406834,0.8641637999482327,0.6740536244037229,0.20192245216089388,6.486433539840368,13776.150635145545,0.006,0.1557253141819383,0.36021478654402483,0.0,0.0008,0.0,0.01743314321168099,2.0,1.7610463229092685e-15,1.5874816612763839e-15,0.04180205876224272,0.05946566140640314,1.0
trend_only,20261230,0.0003756629057415385,0.020543738904208676,0.08589529327534064,0.13767883004421144,0.051313480263088664,0.4409014855605187,0.37235793334122586,0.10801955703262858,-0.03650214131219767,17.84641963274524,0.5732679725712212,0.8639495111941561,0.7256136038025214,0.3723810447102938,6.820507059563531,14263.323855405748,0.0208,0.18155563590557047,0.3716263230815009,0.0048,0.0144,0.0,0.04388186460927157,3.0,3.251162442294034e-15,1.5874816612763839e-15,0.44003843269011866,0.031077519500281193,1.0
trend_only,20261231,1.1475370905523974e-05,0.013200457984322705,0.008184812937769915,0.07061821876250735,0.02872446647484938,0.2048243196313177,0.21820401010849622,0.05974982186846119,-0.04519298525697217,3.827270833788063,0.3233201132607727,0.7902781965847484,0.614068384312698,0.31428995747016164,6.5924601818970485,13823.877850620813,0.0108,0.20680239777534362,0.430925643056426,0.0,0.0028,0.0,0.023069096081784757,0.0,2.980232238769531e-15,3.7041238763115625e-15,0.08290149813405134,0.04204477987380329,1.0
trend_only,20261232,0.0005497110083280773,0.016146898328042204,-0.021924945441592892,0.09461365051617851,0.030236482660015884,0.36659410226409445,0.3478264061841682,0.10784238216826823,0.007907142075033256,20.03223408670347,0.4997255136418288,0.8919956838009158,0.6857651336243179,0.3128294287820671,6.550910876515903,14116.282204796538,0.014,0.2759631000806303,0.4123835422606914,0.9932,0.006,0.0,0.046280660456557765,6.0,3.1156973405317828e-15,5.953056229786439e-15,0.6182508675889004,0.04199000479694489,1.0
trend_only,20261233,0.00012251092540335122,0.01389054403131841,0.023388453436638375,0.14396769533216047,0.03311381443911684,0.24332386294186334,0.20478907882595138,0.033018271425989926,0.01750364469602996,5.343673772072233,0.40253911068556186,0.8247938691466754,0.6147099986990555,0.35804851596855725,6.655879744738712,13748.624483131134,0.0104,0.1247608924800315,0.3058809593884537,0.0,0.0024,0.0,0.011692448710393766,0.0,2.7093020352450286e-15,1.1906112459572878e-15,0.3715279519261021,-0.06581796408060404,1.0
trend_only,20261234,0.0002738112642059402,0.017253978877778096,0.005365030987736197,0.11589319023299753,0.03381405175152163,0.3868824314622705,0.3232854484994755,0.13738516820326155,-0.023821880665703222,12.237332017131529,0.5064450601200619,0.8168783627265459,0.7104741089140719,0.38708980740030474,6.780301046785741,14105.890667679287,0.018,0.10370451257593245,0.320134598666562,0.0,0.0096,0.0,0.0443148863269176,4.0,2.1674416281960227e-15,1.3229013843969864e-15,0.5914218370990433,0.029990039482084507,1.0
trend_only,20261235,0.0005664874086057772,0.021298584433081254,0.027393894995608077,0.1366133063534087,0.052747617138307855,0.48785493570366867,0.49075439667312887,0.21090614586497836,-0.016217777897276235,27.6626698872241,0.5859353940880296,0.9243311379526954,0.7434445889691161,0.3031361897809247,6.740290245197197,14190.643667960083,0.0172,0.19027022275816985,0.6494595179811213,0.0012,0.0116,0.0,0.030031050871133447,2.0,1.7610463229092685e-15,1.8520619381557813e-15,0.215806400108486,-0.04466482659006067,1.0
trend_only,20261236,0.0006882748844978867,0.010367314005884627,-0.015692508170876706,0.04809252306911804,0.018653579720279034,0.018989597801193907,0.01916323172270112,-0.009900907099300199,-0.010655560226809024,-0.020397349665951303,0.0827532189982919,0.8957835413731117,0.7731392348942988,0.024090247805575445,6.518967167480579,13452.036521596056,0.0032,0.3036304547663981,0.1578800201387799,0.0,0.0,0.0,0.006128680131267217,0.0,7.992441003972834e-15,1.3229013843969864e-15,-0.025414245938164003,-0.023011295253063845,1.0
trend_only,20261237,0.00016801307841180063,0.011537097300211347,0.039504059950143916,0.05177770660499648,0.02157709025252005,0.0998716045332751,0.03717516880719654,0.05852974860987492,0.032566653185572655,0.7153253138268463,0.22879543845205452,0.8414971818453771,0.6147666427122842,0.29103677674762807,6.548449558493175,13599.307724568569,0.0084,0.030174715892938627,0.4450437611885161,0.0,0.0,0.0,0.02468892086916652,3.0,2.4383718317205256e-15,1.98435207659548e-15,0.07234816923484866,0.015407106448294808,1.0
trend_only,20261238,0.00030394637220068963,0.011229367556702204,-0.04510887620942731,0.06954102121838857,0.025290249038002345,0.05791520687617742,0.05626045833939956,0.05876295053814149,0.009760719733997381,0.478758438967847,0.19985045979537078,0.8620131880902968,0.5982765196326545,0.23167606813616382,6.509956644547675,13597.227045922202,0.0068,0.26279874302156747,0.3205879369029514,0.0,0.0,0.0,0.012952824353148706,0.0,3.1156973405317828e-15,2.645802768793973e-15,0.12233691826154532,0.0033868949211687017,1.0
trend_only,20261239,0.0005074992610584136,0.013864165246266468,-0.01645909700719135,0.06767979472435234,0.021993771931247498,0.27667526413965987,0.21886852295658613,0.038133557494746506,0.020021139057151076,6.1464720242860285,0.3986080938594161,0.868889732963288,0.6885739864712701,0.3023221480941119,6.617893335703631,13834.78623280303,0.0108,0.06117753765605307,0.3074750918149136,0.03,0.0028,0.0,0.01544745203874176,2.0,1.7610463229092685e-15,1.98435207659548e-15,0.4532574303995483,-0.03134641969999617,1.0
trend_only,20261240,0.0001410737455556209,0.011754463032687736,0.002644470753734629,0.05695756830878285,0.017393379295677334,0.14775328400305507,0.10415136931626773,0.05068390120586576,0.034076008751371296,0.7747219206684473,0.2704400191780731,0.8201696336449383,0.6059899144203936,0.2874099192436049,6.570492290259785,13657.512154463137,0.0092,0.198785356984765,0.34940254971374884,0.0,0.0004,0.0,0.011738708148464339,0.0,1.7610463229092685e-15,1.4551915228366853e-15,-0.017137511353177193,-0.005901795665081825,1.0
trend_only,20261241,-7.95350114370251e-05,0.039668649941420164,-0.041664139898427585,0.16081298438447228,0.05853181561194065,0.650503509946986,0.5863382647573899,0.2037456921129164,-0.05545414079423156,13.192292644827887,0.6755296547875014,0.8912158418799222,0.8507514800206036,0.37303615854081756,7.423161552508359,14741.588014496043,0.0332,0.9905430444977669,0.7929023141733776,0.0,0.0372,0.0,0.4860877253110538,52.0,2.84476713700728e-15,4.233284430070357e-15,0.13487147952582826,-0.11437826658283574,1.0
trend_only,20261242,0.00040330986887224257,0.017380032524477368,0.04229396624465028,0.128456311877336,0.04052544448104934,0.48954488916390665,0.40000292705913837,0.09227421688092362,0.027336814096105395,29.193926399302192,0.6097585395262979,0.9081942452022257,0.6547884714522493,0.28662613968719425,6.606277223264595,14035.776252089114,0.016,0.24177541900682922,0.39552357136408733,0.0,0.0084,0.0,0.017817776268082897,3.0,4.605813459916548e-15,5.953056229786439e-15,0.8247414930315669,0.023036994127113325,1.0
trend_only,20261243,-0.0031313238256538965,0.14380297786553137,0.13453070332046815,0.13453070332046815,0.05285357154008238,0.5631174793155324,0.5239723997476567,0.3254717578422251,0.0485470034968641,-1.2420849029882084,0.6389506163947625,0.7799010455310184,0.7214510880786261,0.6824145928121571,13.967223656225514,12757.123782888644,0.0,7.442324803510117,0.9999984561097446,0.0,0.378,0.0,0.47092719592835874,1017.0,1.3546510176225143e-15,1.0583211075175892e-14,0.10246722017919294,0.01222259066080935,1.0
trend_only,20261244,0.000425582095304609,0.01213743000661753,0.033977633759779156,0.06897975146471862,0.02624359402090713,0.1270908206440508,0.12625343812320317,0.07300722855480124,-0.008329332480429009,2.0119492513077075,0.29151216904123917,0.863876443352334,0.6720723037557724,0.2284345275530799,6.588195495168146,13599.142819374118,0.0076,0.07983932565686946,0.3279510615782638,0.0,0.0016,0.0,0.008021220086675829,0.0,2.7093020352450286e-15,3.7041238763115625e-15,-0.10609071196618934,-0.016168769682254683,1.0
trend_only,20261245,0.0005576014059245591,0.012985237261660136,-0.016954790843398612,0.067798322472338,0.02604850268019047,0.34627369752782666,0.2580665886921717,0.09209139895731681,0.04501510153744453,13.122951748861123,0.44817174617103717,0.9209451338272037,0.7343277771978884,0.19854357174886747,6.524982918923314,13784.741534398729,0.0088,0.11956755974384636,0.37482133859914435,0.0068,0.0028,0.0,0.012288206408117341,0.0,3.522092645818537e-15,2.778092907233672e-15,-0.4096397294541198,0.040613420349538465,1.0
trend_only,20261246,0.0005427925069402299,0.012110230715821136,-0.02377926579763708,0.07117715572015157,0.022536889365018766,0.20000168161384646,0.10799832944722902,0.08306977315972912,-0.019654179508841005,7.06535507420983,0.3437170932393858,0.9179795810038492,0.6905431941032331,0.19788035342140306,6.479377114947017,13749.973020426225,0.0076,0.09681036736271754,0.3494671329050806,0.0672,0.0016,0.0,0.01407022810719405,1.0,5.824999375776811e-15,3.3072534609924663e-15,0.3346819917431052,0.003760219479867831,1.0
trend_only,20261247,2.3623887610549233e-05,0.014257134747575003,-0.0151799028355995,0.08486991081663459,0.022138905457800225,0.2692533606672479,0.23381261730970015,0.019869210844753488,-0.017159698117385724,3.2198270736471173,0.43033654906220964,0.8092339060040282,0.6363009326909227,0.4060799383256947,6.7364441477420804,13746.779845692721,0.014,0.22532108577836607,0.5232153151231811,0.0,0.0048,0.0,0.048475634289232516,7.0,7.044185291637074e-15,3.1749633225527677e-15,-0.034933413892188604,-0.010515785027547188,1.0
trend_only,20261248,0.0003291199993680475,0.013736937851672888,0.07520602420904228,0.1569834280604469,0.04019853771002077,0.32275296569851175,0.28735998166841453,0.11436829583142942,-0.013584889684056758,6.908344194300479,0.4397914456119621,0.8760271727791761,0.6721209161440156,0.2779885487910797,6.53445477157928,14004.798980893222,0.0132,0.321962110370812,0.4507394888721603,0.0,0.0036,0.0,0.018453576378860026,0.0,3.7930228493430395e-15,3.836414014751261e-15,0.0019946827399129675,-0.03241157385519839,1.0
trend_only,20261249,0.00034468020206152516,0.01093358824804844,-0.021492906577400724,0.050782648489236644,0.01975046271519194,0.052031921104219406,0.04580841816447459,0.03733789256973117,0.012271211551460794,0.12618863754576637,0.14124649011397225,0.8605176745151963,0.6285208685710548,0.1903970764538128,6.505368015935013,13575.77807457614,0.0028,0.11185458551576943,0.2791418717267947,0.0,0.0,0.0,0.015407902726505496,1.0,1.625581221147017e-15,2.645802768793973e-15,-0.0628698239136231,-0.007879933863793615,1.0
trend_only,20261250,0.0005569477458895168,0.010983197867519683,0.03138200977394022,0.05391311723129648,0.021470188261377286,0.11860168546069284,0.08713576978104856,0.006842881582064603,0.011508406033699613,1.14606603129117,0.17747355972936096,0.8929386249547544,0.7203170472478698,0.1324355567363618,6.464795439346447,13683.48225363062,0.0052,0.29462487438004903,0.22230178524793287,0.0,0.0,0.0,0.011995426070016357,0.0,4.063953052867543e-15,1.98435207659548e-15,0.07086800155935688,-0.009705660449256076,1.0
trend_only,20261251,0.00028870829678594634,0.022177065044288242,0.038602268078926034,0.1291287351399293,0.0523430544755754,0.4511138345002471,0.43870214166142274,0.12339973596325378,-0.01761880955583454,25.59704763881724,0.5934468712878364,0.8973440577988422,0.7263612885385897,0.3496435950837883,6.665841556787888,14373.506828942618,0.0188,0.40340911536028945,0.6274757060736342,1.0,0.0136,0.0,0.050972435409801786,7.0,2.4383718317205256e-15,3.439543599432165e-15,0.5471888775068997,-0.05790760337343658,1.0
trend_only,20261252,0.00018103102583492793,0.016682686811621047,0.034322853451196476,0.0963746290654618,0.035261093630985244,0.34595407478931534,0.2791426549099321,0.11844404193565537,-0.0013988726635304975,6.019324532927236,0.5164321974621046,0.8126646341563343,0.6379518932416351,0.3979323020891826,6.694938329517715,14104.2936522174,0.0176,0.16915822551409873,0.3920300704378952,0.0,0.008,0.0,0.02606775414867779,1.0,3.928487951105291e-15,2.248932353474877e-15,-0.26968737924507313,-0.012649975142827518,1.0
trend_only,20261253,0.00011785288887791943,0.019031650601504704,0.06501113750569532,0.09939145632523011,0.03753448546557525,0.29698441174371387,0.3362767218769559,0.1208181813409962,-0.027320193748854485,18.147687663383508,0.5310632589147976,0.8249778771239111,0.691686805153948,0.39390867418947345,6.870075783009772,13984.316411050406,0.0164,0.31050632235279746,0.39238462233820603,0.0,0.0116,0.0,0.032460295041670806,2.0,3.3866275440562853e-15,1.98435207659548e-15,1.1613730818482295,-0.04258892704791876,1.0
trend_only,20261254,0.00025443328208793405,0.01572189997254299,-0.0787067213609034,0.0787067213609034,0.03235170751501382,0.330579171196623,0.29229393539407533,0.09163333231651227,-0.0384994745466724,5.406429064195656,0.5018813338079825,0.8194243964458429,0.5987198138200206,0.37855522744652315,6.728920456020276,13940.979280749503,0.0136,0.20094713702950734,0.420306627109716,0.992,0.0064,0.0,0.01829976651453724,1.0,1.4901161193847656e-15,2.9103830456733705e-15,0.10207984269464374,-0.012299790171284197,1.0
trend_only,20261255,0.0004226746705788177,0.011709988924236024,0.0452982370644925,0.058885078826176884,0.023371049131949255,0.16174064669400398,0.08087031806759525,0.04688832276626013,0.011958915225710158,1.3032520268265433,0.31599793029320156,0.8693587433788857,0.660354278786122,0.27477571916926763,6.4673032417846095,13771.65579440256,0.0088,0.23203581332717912,0.2901110521634276,0.0,0.0,0.0,0.020604929974312514,1.0,2.1674416281960227e-15,2.9103830456733705e-15,0.1477095771144487,0.07310949916078255,1.0
trend_only,20261256,0.0008131491969118045,0.010187390888456872,0.013531314555183034,0.04215648606636138,0.014992938360703858,0.01269741776702152,-0.015605590863752083,0.0183179711899478,0.008536360111059226,-0.0999394423886999,0.09982145703308412,0.9079422998012393,0.7396063019603101,0.09110040921672798,6.437085681245101,13589.855501545506,0.0032,0.28030017659005296,0.2108908789838866,0.0,0.0,0.0,0.006723531733198618,0.0,1.3546510176225143e-15,3.439543599432165e-15,-0.007252460715890296,-0.012081508391660795,1.0
trend_only,20261257,0.0003894460636547304,0.011962898073386016,-0.01017088479746459,0.08114628241643801,0.02884747024658189,0.16666413565777313,0.1483717447469611,0.09585449649943967,-0.02328869913056864,4.5981265105232785,0.35126709054301586,0.9054026317677892,0.690883218285774,0.19018137255901815,6.519303716904739,13742.618178616298,0.0088,0.09131721321289292,0.18894480457671592,0.4356,0.0016,0.0,0.0095125845301538,0.0,5.283138968727805e-15,2.1166422150351785e-15,0.10710028748792552,0.004920063546166759,1.0
trend_only,20261258,0.0004483286850752897,0.01428840296865116,-0.0016958003048968442,0.07312369432510754,0.0316836224002215,0.295242179297852,0.2763591091032038,0.093860495383576,0.052068317635447614,5.60440146326879,0.44262822384852596,0.8537239326705613,0.6817300014811949,0.3299704632268132,6.5633330622413215,13993.032837795627,0.0112,0.17351261632207202,0.36134628872925134,0.0,0.0028,0.0,0.017548267561756647,2.0,1.7610463229092685e-15,3.3072534609924663e-15,0.20872222594521994,0.026237857155192564,1.0
trend_only,20261259,0.0002971905098786067,0.010120871947089483,-0.0363319991443282,0.0363319991443282,0.01539913359112168,-0.006238659147021711,-0.026798780534919516,-0.017897693909051646,-0.023413561039754695,0.030603945911511943,-0.001783728057406629,0.7522712283602601,0.7733921940303867,0.026881364068543405,6.518459557652336,13413.39165844117,0.004,0.5007104488076427,0.339923481103764,0.0,0.0,0.0,0.00488411639904518,0.0,3.1156973405317828e-15,2.1166422150351785e-15,0.016166383877347073,-0.014455509739999034,1.0
trend_only,20261260,0.0001579866705736368,0.01683255578676106,-0.03846436208253996,0.11755829476133714,0.042767180765707236,0.30283137801498927,0.29563694118465744,0.07646876879874263,-0.022828080842372304,18.004158873322137,0.506471047431058,0.8241381291893036,0.6622033636468482,0.36816268764946025,6.685648601384226,14222.290184287584,0.0144,0.2012334565232195,0.4380917349099127,0.9932,0.0064,0.0,0.01933961654337457,6.0,1.7610463229092685e-15,2.1166422150351785e-15,0.9305009550016652,-0.0355265737028848,1.0
noise_only,20261211,-0.0001085776541502021,0.012678813687413042,-0.023332775853373983,0.05856808754726726,0.02317336414061104,0.1442816539813864,0.06156819560238,0.014616555419274598,0.009524723711903684,2.4886603588933154,0.3354221165583147,0.8155070371999277,0.42748157749714605,0.3376067727490211,6.483524904435109,13756.794509924004,0.0088,1.1045118389925375,0.48264705323056656,0.0,0.0016,0.0,0.49378520291754224,72.0,5.5540691722523084e-15,1.4551915228366853e-15,0.26723203469032125,0.019907580331304978,1.0
noise_only,20261212,0.00029449640797045646,0.01270921313754815,-0.034730439046138394,0.06437354323126518,0.024857606384476767,0.15627994815298246,0.10250945353594088,-0.009316519785333686,0.04714425326592491,1.4127222555229748,0.35709732284501955,0.8011850227512946,0.3642327811275502,0.3283873578257001,6.4847727865036795,13752.255997157163,0.01,3.161313397364384,0.38457876077839315,0.0,0.0012,0.0,0.6903268221039449,293.0,4.063953052867543e-15,2.5135126303542743e-15,-0.04728368953102497,0.03455693274071018,1.0
noise_only,20261213,-7.658652023651236e-05,0.014485017964808928,-0.0952681433494758,0.0952681433494758,0.02731362672395023,0.3137823089908063,0.12162437178301472,0.051131433762055103,0.03989526794092321,5.355925596140217,0.5115163167720058,0.8281202017063324,0.44598094367279406,0.3860663185378889,6.4593987791160785,13906.924658779499,0.012,2.6123403332931767,0.4654190420344734,0.0,0.0036,0.0,0.5661018772759892,164.0,1.625581221147017e-15,3.3072534609924663e-15,-0.019013268850537984,-0.056113807312441456,1.0
noise_only,20261214,0.00046005974209982356,0.012441865509695518,0.0003541839850622318,0.09662833945660732,0.030810749186206132,0.16706590626391543,0.12763135513663348,0.05944508665635248,0.019334331724445247,1.2523713291253493,0.3251688870969725,0.8399149057481163,0.4370170982483552,0.31500421535595524,6.48144844667331,13771.383794071964,0.0088,2.778659773721372,0.2444498814254089,0.0,0.0016,0.0,0.5591514654979108,147.0,1.4901161193847656e-15,2.778092907233672e-15,0.023581191700319498,-0.00013826908967576326,1.0
noise_only,20261215,0.00028278427457378743,0.030141330843141138,-0.009131601531238348,0.13543016195904858,0.041465704442190957,0.514543203849698,0.49988086146512306,0.24076250860348053,0.09197486975657979,12.86748488728432,0.7208242181136013,0.8936750718334678,0.3685529706507972,0.42906603273390176,6.8619164137991895,14247.588147410512,0.026,5.540380423260916,0.4314605503898178,0.0,0.0344,0.0,0.9631195344990744,697.0,2.302906729958274e-15,4.100994291630658e-15,-0.12144832783628526,-0.0241658774483082,1.0
noise_only,20261216,0.00047762289991993434,0.016080885307405347,0.03799388503697588,0.18317483664441356,0.04932623005004465,0.3773770246538755,0.28996543809334846,0.21952584957250565,-0.004966828632227641,19.639422360453782,0.6181236754634226,0.9204618959258531,0.37129648551952593,0.2139077111317674,6.547588663693852,14010.850874513822,0.018,1.0810611231817115,0.44030040791440384,0.0,0.0068,0.0,0.28092219212085223,28.0,2.0319765264337714e-15,5.1593153991482476e-15,1.1614646026790778,0.010058776740089715,1.0
noise_only,20261217,0.0005570965044059526,0.013126452444528376,0.007927100528704057,0.15069356676446458,0.0312396987300108,0.2649475820038341,0.21187641692575598,0.008164839936841103,0.026661050381813527,12.201250123618797,0.45635726995903797,0.8971350970428205,0.47331236379861874,0.19240656437810494,6.4795964904347105,13796.151663974124,0.0092,1.5140458858738814,0.3003322802771372,0.0,0.0032,0.0,0.40189216660789606,81.0,2.1674416281960227e-15,1.3229013843969864e-15,0.7921064161625664,-0.0273866142813122,1.0
noise_only,20261218,0.0007890697137728079,0.012127795701585066,-0.006728703968763414,0.07420733134248822,0.023936544166422775,0.08720848820071159,0.07835743807120787,0.014898362107749115,0.07913565289309875,2.067238272466927,0.3395978843291579,0.8647485318840957,0.4518307608193618,0.24824870239195423,6.447513914487805,13752.453462282741,0.0076,1.984715823202159,0.2593347524944627,0.0,0.0016,0.0,0.5760352198089194,126.0,2.4383718317205256e-15,4.233284430070357e-15,-0.1645821121078255,-0.023905736041863284,1.0
noise_only,20261219,0.00014569034326753522,0.013102874208972642,-0.015254836194160943,0.07955390331325468,0.02034636180954607,0.1950880748990163,0.12006254725120312,0.07572076640660493,0.007754698243408821,2.229534986476647,0.41532917726656354,0.7900537569906354,0.3725552614288685,0.3251841479498062,6.431045033765459,13858.002764267407,0.01,3.8570276376547614,0.41187132529760984,0.0,0.0016,0.0,0.699356753412004,231.0,5.0122087652033025e-15,2.3812224919145757e-15,0.001502197087529025,0.0005192245643505047,1.0
noise_only,20261220,5.1548593709336375e-05,0.01298807200941777,-0.06757944952819595,0.06757944952819595,0.02185022886877934,0.22167314217776102,0.06176870575296406,0.08224050518479278,0.0406836687468011,3.3587588714756373,0.38225827446990013,0.7984420396214289,0.4168687970496066,0.3493894681677208,6.470859545986358,13834.778233820904,0.0072,2.8433321180397373,0.4292942131201033,0.0,0.0016,0.0,0.5708244892198799,261.0,2.302906729958274e-15,3.3072534609924663e-15,-0.2420785308652266,-0.012866790470385863,1.0
noise_only,20261221,0.00013151621934819104,0.014146552734645863,-0.01662177683408489,0.08571629980455213,0.027816501002175052,0.2675665718291712,0.23325675169934165,0.05648468648107733,0.07555179330581513,8.56894235282216,0.4935044894513387,0.7960134686240321,0.4112363303872348,0.34022154703736546,6.383592774077416,14076.001565997767,0.012,3.599061161984181,0.48360759187836755,0.0,0.0036,0.0,0.7404837187830497,559.0,2.0319765264337714e-15,3.1749633225527677e-15,0.3289171916072565,-0.021150582796927567,1.0
noise_only,20261222,0.00029248137594959137,0.012200957363904849,0.020296989759463906,0.1066838544353787,0.030628123055291456,0.15360566067867634,0.10810932907228239,0.07133731529751168,0.025377087788904337,1.8096239034383945,0.3503645711271221,0.8181611104483711,0.43953099973443854,0.253824537746831,6.531489146210031,13658.505178332693,0.0076,2.5306299773130805,0.3212256899331478,0.0,0.0004,0.0,0.44965603555903066,141.0,2.4383718317205256e-15,4.89473512226885e-15,0.29968968200333357,-0.026383200792498493,1.0
noise_only,20261223,0.0004508695604378864,0.011600447496561646,0.0035175628464027883,0.05595246699572536,0.01807174489985632,0.09287787025176625,0.04033352317923276,0.0055712923254087445,0.01156223166366456,0.45658035423909915,0.27344690436665303,0.8273958290902456,0.40590635147874804,0.25894312756448706,6.4295096648146774,13728.977816213519,0.0048,3.276425339307693,0.3931267894309777,0.0,0.0,0.0,0.6030425345514059,219.0,3.3866275440562853e-15,2.3812224919145757e-15,0.011474405769707739,0.03284610647916674,1.0
noise_only,20261224,0.00018976214496754568,0.012549064780641358,-0.03244456870052663,0.09467155673539301,0.01900385892279819,0.15139246509551196,0.06372457710396066,0.05256831359669055,0.04506542859142291,1.8259839816840762,0.3478855438654493,0.8219433591666719,0.3884456815017397,0.31575920636742144,6.451498020798581,13783.12018257085,0.0088,2.1961602395752218,0.2799090336700514,0.0,0.0012,0.0,0.5726157708374593,234.0,6.637789986350319e-15,4.89473512226885e-15,0.15604159468957843,-0.029779617707012755,1.0
noise_only,20261225,0.0006522814996289245,0.012391632511564958,-0.0064264077151802886,0.09306272390770631,0.027560622638638184,0.2062747472866791,0.08049754857390685,0.0890735959891072,0.04912068380796981,2.6586289988903467,0.3885138175350239,0.8479490943774853,0.46060632159880094,0.28144993158767945,6.386570521652993,13893.696367404613,0.01,2.9171510978308826,0.2679938489404463,0.0,0.0008,0.0,0.47752389354442526,104.0,2.7093020352450286e-15,2.3812224919145757e-15,-0.10724020196276024,0.023312937047008334,1.0
noise_only,20261226,0.00022161028136362564,0.012134910837761088,0.01309859898010997,0.05580895934999332,0.01975425757698656,0.162383968243023,0.06942510901347801,0.02893249388388234,0.04780286714771151,1.2496720006257505,0.3431631704504805,0.8338610965110422,0.43749602969227974,0.28384986402725415,6.4556336435793265,13753.357418649897,0.0076,1.9297232402030218,0.3779664226064783,0.0,0.0008,0.0,0.4558792913354781,225.0,3.7930228493430395e-15,3.96870415319096e-15,-0.03531091277532686,0.013091400475350096,1.0
noise_only,20261227,0.0005046789428712699,0.013162988217855071,0.019489861592464963,0.11561502539989399,0.026156918852198802,0.1636720205267865,0.11978652340094284,0.17914635027066458,0.06294713567003896,6.550666986298841,0.40234488925734546,0.8287976369307366,0.4308554111286424,0.316438051699819,6.445802103654707,13843.672069026186,0.0092,3.984931386789946,0.29050016962128133,0.0,0.0012,0.0,0.5313246352891576,136.0,4.199418154629794e-15,2.1166422150351785e-15,0.5588455089439369,-0.01416926734919972,1.0
noise_only,20261228,0.0003021311753475748,0.012578379105312046,-0.015373221968218696,0.07853974866325811,0.02325423833629621,0.20591605237828692,0.1389878017683742,0.05856823279785442,0.038550081531611526,1.9420739584546372,0.37574429354260325,0.8658396965758375,0.4471479280355886,0.26511939656252953,6.505918902411862,13741.91053598336,0.008,1.506272062104243,0.2758390997262268,0.0,0.0008,0.0,0.4372573919552454,94.0,1.3546510176225143e-15,3.1749633225527677e-15,0.16581233219103353,0.023151072458922988,1.0
noise_only,20261229,0.00021317487098885382,0.012525681282198782,-0.02789049406781913,0.07089331533828003,0.024969208701987256,0.15738726030141956,0.08548283301281508,0.03749652729396833,0.0162089218749004,1.107506105309235,0.3437318706084746,0.8154545578294895,0.4111271531819986,0.31276173450241196,6.458501987076134,13783.541601208759,0.0088,3.4641480615040985,0.3614785758594362,0.0,0.0008,0.0,0.7038842725215877,276.0,1.625581221147017e-15,3.7041238763115625e-15,0.004844760158468853,-0.016316477209527704,1.0
noise_only,20261230,0.0003861815118623878,0.01453279326906689,-0.04004189743115803,0.06905910671606848,0.03521675376801507,0.30430257672334715,0.17915091568285957,0.10540151218005481,0.07378183757010966,7.090489088946207,0.5021058566203328,0.8539056318457855,0.4092980104799421,0.3191883300710351,6.41844229115895,13993.480291986507,0.0136,3.4893906591765496,0.24977825595939118,0.0,0.0052,0.0,0.7361827807176138,259.0,3.657557747580788e-15,3.5718337378718635e-15,0.1323812632866067,0.023532142270191018,1.0
noise_only,20261231,3.1068719025103334e-05,0.012928475571475672,-0.006805940358748266,0.05944032180874162,0.02639175618814294,0.13214248671301862,0.07555584334687028,0.045034305497559685,0.014174953295412704,1.7016160532559583,0.3564954966715183,0.787421705723563,0.3895518958552619,0.3400098455030676,6.466942678240952,13820.691111616865,0.0084,3.9106131096393684,0.3888280544759608,0.0,0.0016,0.0,0.7009082130895465,237.0,3.3866275440562853e-15,2.1166422150351785e-15,-0.05959012889247797,0.002391719148800604,1.0
noise_only,20261232,0.00044317413348981383,0.012588000965419404,0.010072717938803327,0.06536377634839113,0.021055049596129936,0.13928937554920504,0.048437303648910454,0.021459599118763124,0.04614047969537981,0.6606779013527775,0.3370028578029456,0.8308082923795798,0.40987238407857035,0.31248469769198234,6.474231033249847,13772.692165683928,0.006,1.6235267769202795,0.344098436528967,0.0,0.0004,0.0,0.5432348766623201,161.0,3.251162442294034e-15,3.3072534609924663e-15,0.04257161927721386,-0.042392209416683924,1.0
noise_only,20261233,0.00012201565784572797,0.012231523490734302,-0.04485485252771196,0.04692243686951312,0.017362761556037477,0.14769347548301653,0.00458451626010331,0.0018427190759159726,0.02043903613652678,1.4439416157223608,0.2880925480318442,0.7949427912211952,0.42711282417548063,0.3087749810148479,6.4808851182867215,13721.146167556557,0.0064,2.2210611867277446,0.279871748214768,0.0,0.0012,0.0,0.5316337177786492,141.0,3.3866275440562853e-15,2.778092907233672e-15,-0.010465001810301812,0.024027538310808477,1.0
noise_only,20261234,0.00024182621214659096,0.013475402131897405,-0.053123447527247826,0.08848048383362081,0.020910674024247455,0.2664345889071797,0.11293135308644166,0.029436176121263105,0.0196225518723948,6.359757635813562,0.4485263111350269,0.8359874695509429,0.41803627407399213,0.34509343575795975,6.451790618228445,13866.595818733109,0.0136,2.458312162864335,0.3053998778932654,0.0,0.0036,0.0,0.669915527677174,249.0,2.302906729958274e-15,3.3072534609924663e-15,-0.2153388445938701,0.014471191672653356,1.0
noise_only,20261235,0.0005789472629988678,0.013618431601899876,-0.0056227388139383876,0.07015103189512595,0.023098015146803937,0.1592299049967747,0.14099974285643924,0.08121783312089056,0.08875413611219721,3.1847827152125534,0.42791412680979435,0.8590852373351087,0.4374699453716196,0.309954996001254,6.4489829260932705,13848.360145957493,0.0104,2.4774998237532975,0.4310927550043874,0.0,0.0024,0.0,0.5166823038846695,142.0,2.980232238769531e-15,2.778092907233672e-15,0.11182974807443945,0.02572712515944804,1.0
noise_only,20261236,0.0007364777339342741,0.011866224944672064,0.004829820411611546,0.04377473674696976,0.016252675866926046,0.13517721553011464,0.05667712449555159,0.03781511642206072,0.04568263621438403,2.0340338113283076,0.322075903925044,0.8288352576953294,0.4224623070586838,0.24012085706251346,6.468089708732117,13693.316307048713,0.0064,3.7498920754620353,0.16262347190959325,0.0,0.0004,0.0,0.5451705364197508,247.0,2.84476713700728e-15,5.0270252607085486e-15,-0.07798108876709757,-0.021474633357439463,1.0
noise_only,20261237,0.00019414959967398922,0.011467965480930197,0.01943157360996876,0.05744768765599981,0.01943745405117325,0.07051986336458524,0.0543677328446041,0.04280397191826917,0.044850630323043886,0.5726295416991065,0.2589926642143251,0.8183701342651786,0.4395037235534942,0.25247969045605967,6.437943564961228,13725.13150407592,0.0028,1.8256287956056492,0.44403729418967897,0.0,0.0,0.0,0.4569142649314779,175.0,3.657557747580788e-15,2.248932353474877e-15,0.060329768239489844,-0.034687854292961624,1.0
noise_only,20261238,0.000306606649450128,0.0132533825202308,-0.038148746571027764,0.10590516140719723,0.03736654810942264,0.16257859707728636,0.15628401180951998,0.07910883529311735,0.05270987991383067,2.3946500810785434,0.42660492542598044,0.8424646291696385,0.37490439698965305,0.32720348903857255,6.431926895967242,13898.778410501634,0.0108,3.6383775950366792,0.3345152345622574,0.0,0.0024,0.0,0.6767876952108156,400.0,2.0319765264337714e-15,3.439543599432165e-15,-0.040905204681878464,0.02810690982714756,1.0
noise_only,20261239,0.000512907536830853,0.019951129497606523,-0.04196779272038846,0.15785671957585,0.03669575882127624,0.3169437507637497,0.2983953038927407,0.11905321247672686,-0.015189886424364616,15.503451212709873,0.5333740346775683,0.9131151244119706,0.5726412732510076,0.37319753257235033,6.805597915141423,14034.027848850577,0.0152,0.3608441031505091,0.32513231157146916,1.0,0.0132,0.0,0.057960593975184604,9.0,1.7610463229092685e-15,2.1166422150351785e-15,0.5694335393180485,0.019461744905566857,1.0
noise_only,20261240,0.00015900124023508866,0.011759607878087103,-0.031943139393759375,0.0745822236913715,0.02092893840066479,0.13817768397460078,0.08677175152982744,0.04584055811285846,0.03256587536341789,0.9018290917458862,0.30845950706273423,0.8248188990766901,0.41553371580430304,0.29438858674455737,6.459030857912852,13712.024231550915,0.0052,2.733047026122136,0.3392511765314169,0.0,0.0004,0.0,0.645856217035137,227.0,3.928487951105291e-15,3.042673184113069e-15,0.08716164064865646,0.015296395307005491,1.0
noise_only,20261241,0.00034223115058990635,0.012927031885781893,-0.01467647670140012,0.06314394816586208,0.022382573304146697,0.20757673957746284,0.10205010764652604,-0.0018020868989684633,0.06782620941086707,2.4555596956807433,0.38011127411044426,0.7780928964237726,0.33407596275044726,0.351414779485419,6.489126396654809,13768.464768918779,0.0108,3.704516340288562,0.26029242090358184,0.0,0.0032,0.0,0.7719814809412822,261.0,1.4901161193847656e-15,1.8520619381557813e-15,-0.15883341516794172,0.03546646545639642,1.0
noise_only,20261242,0.0004348207305221183,0.01321027985199232,-0.05234911060175475,0.1089739733458306,0.028753719115020122,0.17904439802655547,0.12955531945134974,0.10894451330408132,0.044259063127472915,2.728592357894575,0.3907444667405868,0.8128281612646296,0.31583443965025204,0.344305321555111,6.465947663415284,13846.714369486714,0.0092,4.104282385078753,0.2839793188067221,0.0,0.002,0.0,0.8847924569168333,273.0,3.657557747580788e-15,2.778092907233672e-15,-0.23634451432364004,-0.005417831238700907,1.0
noise_only,20261243,0.0022060068116021396,0.09407191267913446,0.09673512741033086,0.10703241629450698,0.046743024195563324,0.8988488476368415,0.9002503329187763,0.8848167549984035,0.8723514553957828,1.2882927166093197,0.8967976132173341,0.9492716922013896,0.44039349449206944,0.4476530721179532,8.502297942242118,14204.748118602887,0.0,3.9574371476941947,0.8902230579261773,0.0,0.1272,0.0,0.668916510933856,1295.0,3.1156973405317828e-15,5.688475952907042e-15,0.044757418265972654,0.010196623384138775,1.0
noise_only,20261244,0.00043753657274737566,0.012089198963140792,0.012563562785757538,0.05377302206511983,0.018296403744617357,0.13490198630915548,0.049066606013127616,0.023440587981545073,0.038309617209335706,0.8863406925942008,0.3245605251518038,0.8131787759718141,0.42727875223428646,0.25083088020419925,6.4792643343137035,13682.583574969929,0.0064,1.9073198612408486,0.335587104682482,0.0,0.0004,0.0,0.5181673150862438,128.0,1.3546510176225143e-15,1.5874816612763839e-15,0.08221608049438346,-0.008988114097816842,1.0
noise_only,20261245,0.0012168493639485903,0.07282174609259479,-0.01018023489585828,0.12407671830137522,0.039133240746675735,0.7326418478120914,0.7198979906930252,0.581008742933993,0.5241477418912968,3.3571275290055,0.8177206302815406,0.9350952033468279,0.38453108852410295,0.4605893960584463,8.098307235082515,14137.843036463208,0.0028,5.775406112640093,0.6842586608520786,0.0,0.0984,0.0,0.9820868635349072,1030.0,2.0319765264337714e-15,2.3812224919145757e-15,-0.05928476214306404,0.015608102691334044,1.0
noise_only,20261246,0.0005381544225016373,0.012258894343035643,-0.020184665830904034,0.07253066734928496,0.022466676737973958,0.11845765738418484,0.0911762175795355,0.03391040659391258,0.04139725835890872,5.285168552860901,0.35365189520332974,0.8472755188754695,0.42757298761539275,0.24391202355164873,6.444660599369535,13751.001488922375,0.0092,2.649369783592847,0.2988127434704979,0.0,0.0012,0.0,0.5893799520951499,214.0,2.4383718317205256e-15,2.778092907233672e-15,-0.35412513225076264,0.015204458691623781,1.0
noise_only,20261247,-8.076195620374093e-06,0.013385613178515459,0.01011290243693929,0.11229546101176,0.026224724716687985,0.2242959935880335,0.14415492001147082,0.08293062670008686,0.032481793361807,2.8951489075096033,0.44005359023314694,0.818632392463919,0.4230290333648526,0.3637198408264779,6.440726895592488,13888.38588001605,0.012,2.7006039070252883,0.517980986202249,0.0,0.004,0.0,0.5008953654011166,111.0,2.4383718317205256e-15,4.762444983829151e-15,-0.14462383359752284,-0.022438127725068806,1.0
noise_only,20261248,0.0003486770404048738,0.01466743934528538,-0.05609186853845209,0.11325394923950684,0.03797642499521603,0.25884475710840266,0.1841782714217485,0.09879688147337984,0.04858130238880006,8.28983688043425,0.4708557932102963,0.843073138374683,0.4015737500596767,0.369373025216857,6.471940821716891,13958.832920877605,0.0148,3.678740485434796,0.4018015227507522,0.0,0.004,0.0,0.7019676734414986,260.0,3.251162442294034e-15,3.1749633225527677e-15,-0.16329044877349239,-0.04954864405090882,1.0
noise_only,20261249,0.0003424969480350047,0.013040623087502144,-0.06452424631028547,0.0888080797066223,0.024100580607469974,0.18876835909646592,0.1397575954043897,0.025618167082889703,0.006754290648319169,3.8775467394476903,0.41519590789416183,0.8944199638501539,0.4686929158971964,0.23508214840153985,6.461063379566415,13945.126366894705,0.0128,1.125159387607484,0.273982265021691,0.0,0.0004,0.0,0.2879828054486169,43.0,3.251162442294034e-15,1.8520619381557813e-15,0.5389896585586452,-0.002869015592666312,1.0
noise_only,20261250,0.000575755788041006,0.012135147314037623,-0.011911570947089735,0.09122100554711174,0.02574489532982882,0.173928864394627,0.14489546321469923,0.01522089290251392,0.022923821724201602,5.242207496798594,0.3563854139437473,0.8539668761971714,0.41553778850240874,0.24944515494642658,6.441815622781057,13763.69769088662,0.0048,3.0826351711332873,0.22771395135908434,0.0,0.0012,0.0,0.6369099337066093,271.0,3.3866275440562853e-15,1.98435207659548e-15,0.2945551215613367,-0.04429012039860258,1.0
noise_only,20261251,0.0007716704316307123,0.09664719289515818,0.07314317877628908,0.12878610094729198,0.04273590281905847,0.7840432729757685,0.7746454734626413,0.7375179427728068,0.7253695114850768,0.8785758136609911,0.799136750560293,0.9444028866620754,0.3875372310827017,0.48470933050137277,8.94263221351169,14156.697984351946,0.0,4.442975388059179,0.9863911661238886,0.0,0.1536,0.0,0.9702662481117037,1261.0,2.573836933482777e-15,4.233284430070357e-15,-0.04522912586376673,-0.008991870830185014,1.0
noise_only,20261252,0.00018639944933862047,0.013521418892387173,0.03472176053682311,0.13644840496593597,0.03371086103169516,0.1561446066151033,0.15307708941904036,0.06681013734093084,-0.004869032678871081,4.3649085923280815,0.4115870905165412,0.829634094973647,0.4573765387384556,0.3001857288912592,6.504978232678914,13806.186869821846,0.0088,1.3886229741904756,0.3352171816771453,0.0,0.002,0.0,0.4710215871018977,89.0,6.366859782825817e-15,1.3229013843969864e-15,0.32188382910845487,-0.034319516666587155,1.0
noise_only,20261253,0.00013384960063002706,0.013033039102699035,0.035775313773071214,0.08387319211960248,0.03344921680315559,0.20247529410480433,0.11850504794742332,0.10264794637539824,0.08921665275022472,2.74576586289829,0.4508349612788666,0.8097176702978914,0.4094765418304462,0.34526610452671963,6.466396885645449,13804.817175055927,0.01,3.781689748348645,0.3707552038412356,0.0,0.004,0.0,0.583802265548673,203.0,5.960464477539062e-15,3.836414014751261e-15,-0.3881382775240207,-0.004387904445486065,1.0
noise_only,20261254,0.00018096356093245199,0.01336361419993338,-0.0007160410559342109,0.06146410725904151,0.022807859502246043,0.14039567864619312,0.07114740015067246,0.01378008979460096,0.08427703132225209,2.5853101666569067,0.3851492031408839,0.8249077171761219,0.40263319567202244,0.3421745853535704,6.473945711874827,13800.507899004624,0.01,3.251038858702195,0.40321894225329447,0.0,0.0024,0.0,0.6332113140793347,265.0,3.3866275440562853e-15,2.778092907233672e-15,-0.09670139822356702,0.02025196074404503,1.0
noise_only,20261255,0.0003994927401419968,0.022395704038384135,0.05518398712556754,0.15345483180228903,0.06506741025539728,0.4478889187101761,0.39559585684121823,0.3533764301400547,0.09661352573546483,17.967337877942995,0.6588353389600986,0.956556780823116,0.47851061987307575,0.3421254324571875,6.8760097780268445,13853.065956670935,0.0248,0.059355777774126456,0.3542980410570735,0.1836,0.0196,0.0,0.09150238739400951,10.0,5.0122087652033025e-15,1.5874816612763839e-15,0.9717081788926706,-0.0050103667169072085,1.0
noise_only,20261256,0.000831618164782591,0.011318928923531623,0.027890126388612494,0.08116119571236263,0.024230998793337764,0.07379333009363626,0.06238316307580151,0.024852564068102965,0.06586939900543676,0.54651965943048,0.2909052667066881,0.8119213530657123,0.43280654844702066,0.24024977276538098,6.442531782549497,13675.854735975809,0.0072,3.528952301209944,0.21011080365745138,0.0,0.0004,0.0,0.5607095153491424,163.0,2.573836933482777e-15,2.1166422150351785e-15,0.03409697120464409,-0.059733700953905455,1.0
noise_only,20261257,0.0004900102557954998,0.017149245245883495,-0.010315422053965136,0.13479758838751252,0.031524033461775,0.329702879340803,0.2910616897471478,0.16023717222095138,0.01990406872286336,16.17364570574,0.5863552805984373,0.9422107949376832,0.39018297896226234,0.2535772185902898,6.560666010980416,14060.298196898311,0.0192,0.19636279373584367,0.29390722076758635,0.0,0.0072,0.0,0.17363906475425117,20.0,2.4383718317205256e-15,3.439543599432165e-15,1.1500463430987393,-0.012746443994681984,1.0
noise_only,20261258,0.0004144542750274214,0.014830188332515468,-0.06921255614406951,0.11262960340142517,0.039930587602079994,0.308294501922655,0.26807174972858855,0.17239660247768623,0.04955375279177968,7.6948752142342585,0.4929609037552588,0.8211791908441194,0.43529408929648294,0.33240636683783864,6.494716539176088,13951.323033516424,0.0136,2.8034604740966804,0.2910511449577047,0.0,0.0056,0.0,0.6675753938839724,529.0,2.573836933482777e-15,4.233284430070357e-15,-0.4469895608729383,0.02782595470673371,1.0
noise_only,20261259,-0.003173248000052104,0.1910945015115243,0.0015592092806063413,0.10940081867746897,0.02751147791979197,-0.004159638590401286,-0.012344417028602565,-0.023686056869472415,0.012919548195864224,-1.9093952146401512,0.16873696927336906,0.2284835911647834,0.3816998841040537,0.7562729092089545,15.379495390996084,13163.505237159674,0.0,11.446230457510804,0.9998836844287857,0.0,0.4892,0.0,0.2427134061534093,2954.0,1.8965114246715198e-15,4.233284430070357e-15,0.03272870512746672,0.03600884434603817,1.0
noise_only,20261260,9.672398574593562e-05,0.013171782434316895,-0.08293252584279417,0.08293252584279417,0.02824528309455489,0.17545418556659148,0.1694650964459724,0.06664504348386877,0.0293418809092524,4.430859205360549,0.4275952244425847,0.8236388211835812,0.37757268401183375,0.3329170901645048,6.462111668116413,13797.225792960406,0.0108,2.3300218729394304,0.433910734822472,0.0,0.0016,0.0,0.6220116243013125,366.0,1.8965114246715198e-15,2.1166422150351785e-15,-0.08297737461965893,-0.01170880923859576,1.0
no_logit,20261211,-0.00010053768686730464,0.0229753373025639,-0.022676448823724774,0.1443244837985398,0.03717074182590417,0.28192102475117203,0.2500942522135963,0.13476667342047224,-0.04410489776667692,7.042906100505066,0.4621781935198398,0.8504696463504913,0.4659134856177249,0.5516078006335718,7.265229481824472,13774.532671397137,0.0196,0.03321426522352875,0.5572838841131855,0.0188,0.0172,0.0,0.24522203972437828,2.0,2.980232238769531e-15,2.9103830456733705e-15,0.29119645506312836,0.00210537335042899,1.0
no_logit,20261212,0.00031755148594903986,0.016094120358354214,-0.018750660661062946,0.11166811677386976,0.024597960756919647,0.16648820900996655,0.2243645434976558,0.033315703273717294,-0.01004999776961235,2.0085751484769094,0.37345195636149425,0.8616660119662474,0.4496764195058206,0.5088889186500505,6.772027565928461,13707.710151114512,0.0072,0.03944954832577779,0.4257001264283409,0.0004,0.002,0.0,0.14090902255229798,0.0,1.8965114246715198e-15,7.011377337304029e-15,0.1073543575464902,0.01567905686904495,1.0
no_logit,20261213,-5.133942489241008e-05,0.015107484309328689,-0.0005279957965663184,0.09760175899605986,0.022941694427562203,0.13951986723359155,0.14219768078127298,0.02066926955439526,0.017562841230828533,1.0113516442412225,0.33179970194837605,0.8241269155131996,0.44623643186283174,0.5266528644757819,6.811503805392971,13582.627663999016,0.0072,0.028283057743182526,0.44024401301155214,0.0,0.002,0.0,0.10692531396653648,0.0,1.8965114246715198e-15,3.3072534609924663e-15,0.046589891811725466,-0.02535125306898004,1.0
no_logit,20261214,0.00042276832374461685,0.010886084847400262,0.008429156221334156,0.061864030293016126,0.025243399562736885,0.01997158522041986,0.047552534489521556,-0.011506231876517488,0.018371521628706335,0.07096031462480035,0.10441383709073425,0.9316937481310903,0.6482260871089897,0.16264873470985475,6.549798104442317,13460.310109625301,0.0028,0.23277520599892118,0.2443475989393532,0.0,0.0,0.0,0.05513294340452268,0.0,2.302906729958274e-15,4.630154845389453e-15,0.01931906336361526,0.005016547677977817,1.0
no_logit,20261215,0.0002277676188048037,0.011127268256141402,0.009953351742728855,0.023753214677644574,0.01119673547839401,0.017086273172080984,0.04652952981176805,0.032423138791538915,-0.026710080503068497,0.06875242707849205,0.09778575565176294,0.8358864294378275,0.44863149138214203,0.27032227007114396,6.585423322341409,13425.483852318748,0.0016,0.19043743723752285,0.35272117752119225,0.0,0.0,0.0,0.06002048559486983,0.0,3.3866275440562853e-15,3.1749633225527677e-15,0.0047862535383193855,-0.0059015982040121285,1.0
no_logit,20261216,0.0004363654053831038,0.010308865989997777,0.014525993604910097,0.059046709733107015,0.020776266579056242,-0.0029556193397376864,-0.0003555194014177764,0.008377473776442159,0.01055179522750507,-0.0834368073066285,0.056351487694796906,0.9333918559145038,0.7291955801128592,0.06542654344404682,6.497851594480334,13476.002168456938,0.0024,0.2536072395334563,0.43042818422645834,0.0,0.0,0.0,0.04102489422588973,0.0,4.063953052867543e-15,3.042673184113069e-15,-0.0684716105776007,0.015734212897682176,1.0
no_logit,20261217,0.000521994126429064,0.011012457128854021,-0.017520940865074254,0.04446319206092912,0.01701653157819578,0.04050571596787532,0.027445053869816514,0.00313098216247971,-0.005342147749926653,0.12624272111218104,0.13672979511520794,0.9508128383986406,0.7008103283620222,0.1330439604483214,6.5065444581646235,13551.749405033928,0.0048,0.23651520667317208,0.29335228758445975,0.0,0.0,0.0,0.06070024390601936,0.0,1.8965114246715198e-15,2.9103830456733705e-15,-0.054247573556194,0.02118037370273321,1.0
no_logit,20261218,0.0007540123887888139,0.012172512179763997,-0.019745946365631387,0.06988173702148791,0.026790130125565643,0.10298445161521683,0.10468420145336053,0.023385533401205753,0.10517573287752734,0.9814053510717735,0.26968374509632165,0.9540413204408791,0.6260527578321453,0.24203848830615263,6.552657411772902,13613.574904019517,0.0084,0.17588663475265234,0.25955313543145875,0.0,0.0008,0.0,0.07538442023802805,0.0,1.8965114246715198e-15,3.1749633225527677e-15,-0.13964558553883377,-0.006326058679118577,1.0
no_logit,20261219,0.00016767034674211345,0.016608795884392277,-0.06010967835486723,0.08204967102421487,0.03399525927581616,0.18252286165847958,0.17053182133971312,0.038526572043972244,-0.02796910744033403,2.077034320543505,0.34421682388899955,0.8141243372843241,0.4506859081038631,0.5270249533865291,6.781527255529308,13828.278128950275,0.0088,0.023648773282125536,0.439871792838022,0.0004,0.0036,0.0,0.14910256804719468,1.0,4.7412785616788e-15,3.5718337378718635e-15,0.00811811224985031,-0.003683911537132195,1.0
no_logit,20261220,5.60562267996886e-05,0.01704933414293199,-0.014805960680333937,0.14346938281171331,0.028918601121330333,0.24325569239424272,0.1741728158633141,0.055980979612387495,0.003991684557678811,2.9414591998217174,0.4050777836926158,0.8351316457358846,0.4756183513016608,0.5192965987634672,6.831719353439542,13796.062214120995,0.0112,0.024051944765826058,0.44903987807704804,0.0004,0.006,0.0,0.13277625662055348,0.0,4.470348358154297e-15,2.3812224919145757e-15,-0.061264073041725646,-0.001061349085339188,1.0
no_logit,20261221,0.00013657705850191312,0.01348247816834196,0.013889101740040124,0.09559591578991587,0.026630047116119188,0.15685922692846277,0.1691423317928322,0.01475217720760424,-0.016220542847949812,1.3366403844597956,0.3156468181098324,0.8237133243913228,0.479205159528963,0.4200377897257841,6.662069724568742,13676.224666640395,0.0088,0.101433372230729,0.5051819910022916,0.0,0.0028,0.0,0.137638254789215,0.0,2.7093020352450286e-15,3.1749633225527677e-15,-0.040694596842298036,-0.0012126710650473287,1.0
no_logit,20261222,0.00028602479126906,0.010290049963589024,-0.0028752428597547193,0.047988429731677815,0.015785650927617526,-0.0036472046679837606,0.009032110998956745,-0.025191998329953634,0.020329121019199863,-0.06251816089049811,-0.005880882131987839,0.8659568861054556,0.5891320971607769,0.07945329494036076,6.516043166580276,13455.158801041449,0.0024,0.2657020078345544,0.30187895563571365,0.0,0.0,0.0,0.0374767003206129,0.0,2.0319765264337714e-15,1.8520619381557813e-15,0.06506552558357974,0.007629145461508221,1.0
no_logit,20261223,0.00045404453334463887,0.01198448873298623,-0.0027333674837148303,0.06788905688161476,0.020037669035851156,0.10380195047224584,0.0591302679890614,-0.005948764658858079,0.007897062239446829,0.4427432205890174,0.23334725924163316,0.926175478850398,0.4278113985788667,0.32680108018211,6.493905546352552,13678.816300297744,0.0048,0.1024266752429115,0.3741473661955932,0.0,0.0,0.0,0.08390788408224181,0.0,3.3866275440562853e-15,4.100994291630658e-15,0.07293172327239926,0.05421290177736676,1.0
no_logit,20261224,0.00022307511015772974,0.02020903154369446,-0.02129245373086766,0.15617675059009192,0.028934799570061932,0.2872270953154238,0.2516093728915175,0.14893951418192253,-0.006283787061132768,5.226390002095618,0.45788323184134927,0.8818329519785334,0.43977152504469375,0.5368521764916472,7.03946170015942,13754.944775092245,0.0172,0.0285163335234373,0.34878270041386883,0.0124,0.01,0.0,0.14436257459439705,0.0,2.980232238769531e-15,2.1166422150351785e-15,0.09612024004222922,-0.017314825608735505,1.0
no_logit,20261225,0.0006229454324916005,0.010681817318733175,-0.003552975349556063,0.047515849038418954,0.014827441650889495,0.031001375082082505,-0.0005925040029103186,0.023557523708685642,0.036957050328187045,0.10145379607329907,0.12799895460753238,0.9543006719253692,0.7232437889425439,0.11605929132514323,6.492800541533652,13503.455968518258,0.0048,0.3535452382262824,0.2694801161953514,0.0,0.0,0.0,0.04623618109982375,0.0,5.5540691722523084e-15,2.778092907233672e-15,0.013062818256712544,0.0015175558788518265,1.0
no_logit,20261226,0.00023138285130191533,0.013824682119587886,-0.013329396866617087,0.08882205031035313,0.021528646949487366,0.13649146223937333,0.11439465678065763,0.02168143833588667,0.0063589563360454075,0.5620577655428236,0.2894520496087128,0.8475762629912568,0.47192788426702315,0.46322584536034733,6.711245126398512,13616.59662986502,0.0048,0.027968367157188267,0.39530281116356514,0.0,0.0008,0.0,0.10047904016739961,0.0,2.302906729958274e-15,3.1749633225527677e-15,-0.015516708260927504,0.008066033702606359,1.0
no_logit,20261227,0.0005049478611128891,0.012174268819547968,-0.025562072954092383,0.056551577926215256,0.01877188496328879,0.07999260122774521,0.04795717190937818,0.08588301801191632,0.016067179913603284,0.3586788999099344,0.23586579621734538,0.93150973708636,0.4592949230273288,0.30067604340457,6.560479527834984,13618.166388620552,0.0044,0.14009348918262973,0.283009357133306,0.0,0.0,0.0,0.06888986911157668,0.0,4.876743663441051e-15,2.3812224919145757e-15,-0.012490289106259924,0.002858077442025298,1.0
no_logit,20261228,0.00029526090663173647,0.013193514476106689,-0.0033306060693107614,0.09406010840445343,0.03319535676904618,0.14283475313028218,0.13381280494531186,0.0688790123061266,0.04140478494411202,0.971130002573064,0.3236619448354174,0.9258185860349776,0.45081904324484545,0.36944307289599915,6.622423071948334,13647.437280213326,0.008,0.0751737981362956,0.2738388391708667,0.0,0.0008,0.0,0.08036041881095701,0.0,2.980232238769531e-15,2.645802768793973e-15,0.10075079304210335,-0.006439078298496485,1.0
no_logit,20261229,0.00021818291863521822,0.011512952965022086,-0.0402723475718551,0.05161742085031372,0.019411083210002743,0.06349677975485025,0.04503812982665872,0.008437571265201338,-0.00918868197392983,0.027699064441180976,0.1836941203197041,0.9020090855940752,0.4602364105875165,0.27238232796864875,6.571443965311662,13485.57187051191,0.0032,0.1602948893544618,0.3495727593935859,0.0,0.0,0.0,0.06717418279890852,0.0,2.4383718317205256e-15,3.042673184113069e-15,-0.04245597991168204,0.004702128520325499,1.0
no_logit,20261230,0.0004097988086691238,0.014158727707725026,0.013768666562206789,0.0772552872885626,0.024567106584998808,0.13821552159891484,0.12229904189718445,0.05003622051791405,0.006880435125243668,1.1129776014514254,0.2835118507842124,0.8856964133155572,0.45828946827394007,0.43599002732902764,6.635098442384044,13754.259390788779,0.008,0.04163329132425363,0.28222063693961996,0.0,0.0024,0.0,0.11432725730019566,0.0,1.7610463229092685e-15,1.98435207659548e-15,-0.07630545992992001,-0.0032555136417412125,1.0
no_logit,20261231,1.85450596037942e-05,0.012028463927168958,-0.006086647072350374,0.04858090035289765,0.02405459859302455,0.062450063250581146,0.0783532935136768,0.015264611421662952,-0.020330916989196604,0.1667406486408618,0.16400460102552408,0.8143012990966045,0.4475395028773299,0.34296907295047613,6.621932037467139,13499.732666717267,0.0056,0.14115851575333796,0.37938993817079836,0.0,0.0,0.0,0.08378665014379227,0.0,2.1674416281960227e-15,3.042673184113069e-15,-0.02149298743458455,0.04949444049385424,1.0
no_logit,20261232,0.0004916880708279244,0.017011905252859803,-0.002103306973900813,0.09596100326128594,0.03134203170723228,0.2968308748764669,0.3340133215772234,0.13203373280115227,0.031135360912306526,6.167748830595171,0.47915460848740554,0.9180803878452923,0.47956452694207097,0.4583799289871181,6.70393863385937,13985.386559053593,0.0128,0.03365230003330756,0.3807484437083547,0.012,0.0052,0.0,0.12654997624118836,0.0,3.7930228493430395e-15,3.3072534609924663e-15,0.11344320174352265,0.017454715767998702,1.0
no_logit,20261233,0.00011210598120450896,0.012488603900205082,-0.02396491646930723,0.09309806314347373,0.019285859654603502,0.0855568966719591,0.05827112816527578,-0.004992930141347842,0.003952657169498002,0.18529326085949016,0.17161807792961334,0.8119933489011745,0.43912552232527646,0.3960188437674213,6.631936855903275,13532.797505463284,0.004,0.14022285163791454,0.2790104567335919,0.0,0.0,0.0,0.09282340652575383,0.0,1.2191859158602628e-15,2.9103830456733705e-15,-0.0027371930460390217,0.06035617368523273,1.0
no_logit,20261234,0.00026558807943900115,0.013726382885378863,-0.029392537656545904,0.08774456823966184,0.02377610624475325,0.12041656344719287,0.10595169641886844,0.03570382902391405,0.020959680540561607,0.8451214451880005,0.27435768595703786,0.8394028680844781,0.4271535727724679,0.4756693858702641,6.657014932730642,13616.868182948694,0.006,0.02269087252259455,0.3314253783258765,0.0,0.0016,0.0,0.09775806875496817,0.0,2.7093020352450286e-15,1.98435207659548e-15,-0.0014681884254702992,0.013115905013739977,1.0
no_logit,20261235,0.0005682968047941138,0.015364205431090374,-0.00856315953367271,0.10570655765282545,0.032494492751409296,0.2693777154435447,0.2241669832076228,0.11710911583126521,0.03950361171952274,4.245817650197682,0.4392270842362202,0.9445241805258022,0.4905645612197872,0.37284321595201964,6.698777061160766,13697.0727659862,0.0124,0.09579145760791268,0.44253360592288116,0.0004,0.0048,0.0,0.09170558808066431,0.0,3.251162442294034e-15,3.836414014751261e-15,-0.29773982425627016,0.010179917878672699,1.0
no_logit,20261236,0.000690837078341949,0.010427471559907139,-0.015431226651881553,0.04624686399309412,0.017330098312864046,0.022607768916429908,-0.0030008637095255302,0.0014004589003308152,-0.0013976216492964846,-0.04865818400978972,0.061597449848515826,0.9484022395483429,0.7661343633123546,0.05121196557592179,6.53660535499375,13418.405619581437,0.0028,0.3544013167570748,0.1579885310743614,0.0,0.0,0.0,0.032531641942392664,0.0,3.3866275440562853e-15,6.87908719886433e-15,-0.03397076833882175,-0.0205654905254656,1.0
no_logit,20261237,0.0001847445727069438,0.011612352094295121,0.012481257128990475,0.05869817920293345,0.019137362858545382,0.06306286559141684,0.03938785975415208,0.03166714257474589,0.02044143174415966,0.27925839964366084,0.17404458588424113,0.8426143892627446,0.4547810590052307,0.33798188214008357,6.563906713930452,13566.048898684912,0.0056,0.10592732493406685,0.440990182135659,0.0,0.0,0.0,0.08007494435422657,0.0,2.1674416281960227e-15,2.248932353474877e-15,-0.04471888886990117,0.0006315539502012944,1.0
no_logit,20261238,0.00029698243478100644,0.01096819404981504,-0.043122285626186814,0.05320390856001187,0.0238688029862313,0.03152926592966409,0.04707227334768916,0.028839123536971076,-0.01170436262669693,0.009156102413212963,0.14908925938586443,0.909657402374524,0.43630082122565206,0.21911500702298636,6.511975645646742,13548.096436221205,0.004,0.200919372939425,0.324081943766103,0.0,0.0,0.0,0.06900364479499155,0.0,2.4383718317205256e-15,2.778092907233672e-15,0.07557310089177031,0.030696062460582138,1.0
no_logit,20261239,0.0004547251775121779,0.012836972573854771,-0.010680192117578853,0.05360376621624275,0.019089651343017898,0.12190990752330799,0.09487316357705158,0.04184181499482114,0.03389138635854588,0.8336151910806335,0.24667809162715784,0.8954192620658453,0.47465049540242693,0.36653247555037954,6.610542781085671,13646.135909838886,0.008,0.0914807318918478,0.30548374987292704,0.0,0.0008,0.0,0.08645105205852421,0.0,2.4383718317205256e-15,2.3812224919145757e-15,-0.05435826870557853,0.025871474526249633,1.0
no_logit,20261240,0.00014633342297138937,0.010781751731703494,-0.029936811584943903,0.043508614118979626,0.021939905311606202,0.045882960142101116,0.058496983540639765,-0.000411232037935554,0.021494788138090797,0.07619449835654102,0.1320966817426159,0.8334673305767659,0.43216731739279823,0.25490590127174084,6.531327407268433,13508.370119734669,0.0036,0.13232575080331085,0.327936956118711,0.0,0.0,0.0,0.06400696950375306,0.0,2.0319765264337714e-15,3.1749633225527677e-15,0.05552601258925668,0.012451432037634748,1.0
no_logit,20261241,0.0003591054863177682,0.015148469983001393,-0.005353420121456701,0.10539829333054597,0.03822253717866438,0.1570412913296809,0.15479741146025783,0.0545096481989603,-0.016984266547110057,0.9935859741380142,0.31169140908698456,0.8934990612346757,0.4174732588689535,0.4889829349163983,6.7877723517846125,13654.908473036176,0.0096,0.03458599412481433,0.29217009354322765,0.0,0.0016,0.0,0.09337164963837918,0.0,3.522092645818537e-15,4.100994291630658e-15,0.08598641192812861,0.0021008662066864772,1.0
no_logit,20261242,0.00042443216495750065,0.012846320831775745,-0.017844131809863443,0.09194895981030493,0.030471697569349553,0.11329367894125622,0.1162586939933524,0.10212075891275481,0.04720056418055354,1.144395616213603,0.32011455396456057,0.9420568308336014,0.42902407522784025,0.3567814181684124,6.589192821357212,13649.087502177432,0.0068,0.10730099543081677,0.27809456286731826,0.0,0.0008,0.0,0.08397255481166899,0.0,3.928487951105291e-15,2.3812224919145757e-15,0.07867836157272391,-0.001879442269350114,1.0
no_logit,20261243,0.000494090581305025,0.013087555595120882,0.013434526968243248,0.10706457452378407,0.03383129860258279,0.10221175000773745,0.11896612713656407,0.04507518692512649,0.04800248796322586,1.4060065832284137,0.2690704261029835,0.8940148924188117,0.45151290138789224,0.4197009145029037,6.5423968965290715,13805.056711474284,0.0068,0.06358095356818359,0.25754616875464154,0.0,0.0004,0.0,0.10522555485093865,0.0,3.928487951105291e-15,2.778092907233672e-15,0.1642787617281052,-0.029260429435648733,1.0
no_logit,20261244,0.0004094575441151267,0.012085567798689665,0.0006931389283163181,0.056949067973790936,0.016840101167058415,0.07953256543514489,0.03213744082648977,0.024693273236434922,0.020216717508048765,0.48159157930072594,0.19658235326159193,0.8963285328594257,0.4409343725261468,0.3180635520183913,6.584463647403006,13517.921378549325,0.0052,0.18869418062012355,0.33339735848242946,0.0,0.0,0.0,0.08997683111819277,0.0,2.302906729958274e-15,3.96870415319096e-15,-0.03340756384746613,0.019701356842262683,1.0
no_logit,20261245,0.000567774535384245,0.012167425363375804,-0.01958067393313344,0.0730070203301994,0.02767844147972385,0.17412134332823792,0.14924089781648922,0.09931764041248167,0.027091894451582332,1.036094167073931,0.3203406684681912,0.9519283378295462,0.597205715516044,0.25159740678583675,6.570984513325845,13609.112553843153,0.0064,0.1684175352117478,0.3394124625404493,0.0,0.0012,0.0,0.0778437767596365,0.0,1.8965114246715198e-15,2.9103830456733705e-15,-0.11244848236885857,0.06486807262831232,1.0
no_logit,20261246,0.0005408337505214014,0.011590703343842825,0.0055330466476581465,0.057827071456036376,0.01546832181013463,0.04273534328761006,0.0632877371567821,0.015102906501505765,0.02615022337844153,0.2725795377145288,0.2198402154541492,0.9425351063796612,0.459845427642109,0.25045492587981266,6.488163014890393,13643.876120017943,0.0052,0.12590640470935222,0.3088428232820585,0.0,0.0,0.0,0.06748370294370143,0.0,4.063953052867543e-15,3.439543599432165e-15,-0.010151140792908075,-5.334779110203667e-05,1.0
no_logit,20261247,-1.0129782876154892e-05,0.012117612863564558,-0.05795964186909532,0.05795964186909532,0.01778257587845001,0.11268675173843416,0.0796141215159359,0.03291099312935795,0.012942916177873803,0.5263256476593465,0.23112573776279535,0.8647690633652657,0.4460961841009005,0.3823767141266376,6.658402992729596,13468.490746506423,0.0052,0.059014023325273265,0.5130690503208529,0.0,0.0,0.0,0.07080413593743229,0.0,2.0319765264337714e-15,1.7197717997160825e-15,0.05720339752508864,-0.03406345093579331,1.0
no_logit,20261248,0.00033825165006850925,0.011822582281886576,-0.018756766063859873,0.06638255198942813,0.024741198978238777,0.10720164533376494,0.11050751294460137,0.02556861392851755,-0.0016423446871613348,0.8722513243790773,0.2570817050214313,0.9110965871732902,0.47956568496120083,0.2908629941466519,6.549905046378013,13664.030259099418,0.0076,0.19936502739726145,0.3888000596408203,0.0,0.0004,0.0,0.07438789967405168,0.0,1.2191859158602628e-15,2.9103830456733705e-15,0.02511739748577756,-0.0019509283740399628,1.0
no_logit,20261249,0.000316879375590279,0.011154352922279747,-0.04510541232387993,0.05064243190578149,0.019646449509636926,0.03375360447290568,0.04682793523574993,-0.012414221063644046,0.008082968518679814,-0.0012368516120977446,0.1284246269779058,0.8620201358214207,0.41704349216779335,0.2703636371071042,6.5029710696048735,13595.029221237313,0.0028,0.18307145460134006,0.2596646603413827,0.0,0.0,0.0,0.07524120039910143,0.0,2.84476713700728e-15,2.5135126303542743e-15,-0.043478737235745406,-0.037523994018759964,1.0
no_logit,20261250,0.000551281026825545,0.010679707567737924,0.01833282908455193,0.04440243163136547,0.01875348806938866,0.0021028852770454856,0.026434179587119133,-0.03307274781544247,0.009528706011777887,0.013089474464774042,0.039443030745927574,0.9417303733142315,0.6735897747174336,0.13718545186317344,6.484947074251817,13550.107438271361,0.0032,0.26651124425105505,0.22427449293320423,0.0,0.0,0.0,0.05470683971277546,0.0,3.657557747580788e-15,3.5718337378718635e-15,0.021175214405197373,-0.008306999092353872,1.0
no_logit,20261251,0.0003763134007205373,0.022508747601634904,0.12140153195327609,0.17971081149908413,0.0654046693026769,0.46170601809790934,0.3391179287521463,0.17045398764966452,0.026501679959787222,14.52620527879412,0.5776363064836774,0.9261031837498451,0.5185826916777911,0.4527557838586938,6.907663538590944,13985.059372331423,0.0132,0.17268359357682142,0.5728151612548009,0.908,0.0136,0.0,0.15375475333384636,1.0,3.3866275440562853e-15,2.248932353474877e-15,0.4332333776741375,-0.042702775563236595,1.0
no_logit,20261252,0.0001947569078077496,0.01350780158849583,0.014947687257336306,0.06672296494177506,0.020168116253987033,0.06744310395257692,0.08461386750054375,0.03160872681222874,-0.02295043755994566,0.8829727398364304,0.2471336671164732,0.8212408813723275,0.46058031045295295,0.4237009163829723,6.682687684029596,13582.290870631117,0.0056,0.08655263403096265,0.3375583022491905,0.0,0.0004,0.0,0.11676461088603962,0.0,1.7610463229092685e-15,3.1749633225527677e-15,0.16977019955566017,-0.03335520074682672,1.0
no_logit,20261253,0.0001335074339026459,0.013548877545555033,-0.02878122637964151,0.047029114724722806,0.02264108133973425,0.10428411000244699,0.1396007848893089,0.031087597092594083,-0.017365250632330808,1.8247550401739003,0.2878613174630302,0.8755226129617962,0.44943019064093637,0.43448640739093425,6.702263681248493,13545.614925154669,0.0048,0.07280097447512379,0.3635466699897639,0.0,0.0008,0.0,0.08799177123591662,0.0,1.625581221147017e-15,2.645802768793973e-15,-0.05967708778258671,0.005730348412117406,1.0
no_logit,20261254,0.0001884937029244842,0.015126672388314348,-0.01853509030586295,0.0977975384541835,0.024115036129458107,0.15255255684919794,0.1808433661209436,0.05782935640556497,-0.010572609122207456,1.9289642197761783,0.3211294642075616,0.8070676576074122,0.4526714776199265,0.4840679475828946,6.752774557281117,13682.11104402706,0.0076,0.030851484489105543,0.4171567043637612,0.0,0.0024,0.0,0.12948805371584404,0.0,4.876743663441051e-15,2.1166422150351785e-15,0.03730538887158489,-0.005322127216021954,1.0
no_logit,20261255,0.0003588958440430961,0.011657298364351767,0.021979526766347884,0.0695662791247418,0.018842729475566502,0.10873667592991637,0.10113406330703498,0.03926910666691204,-0.02608656925951614,0.6437912112350568,0.2720334262845589,0.9388032621562784,0.44950543259040615,0.2757159719153044,6.570640626853737,13544.156235779115,0.0072,0.1445335332326509,0.2418263253621642,0.0,0.0,0.0,0.07179214676182877,0.0,3.1156973405317828e-15,2.5135126303542743e-15,0.011272060946331852,0.04688311739065506,1.0
no_logit,20261256,0.0008025903941750431,0.010374174365970719,0.01788301797163247,0.049285770499317656,0.01932202772683847,0.00035217067279114307,0.004904074095752133,0.017582290779623533,0.031646396861939534,0.0024492021220052784,0.08871854374070938,0.9556146117767833,0.7232154931338952,0.10823474336273457,6.4639178411008,13552.454639153988,0.0028,0.3542613436334075,0.2116606122049457,0.0,0.0,0.0,0.04632467404154239,0.0,4.876743663441051e-15,2.1166422150351785e-15,0.011462827269042077,-0.031096545415656218,1.0
no_logit,20261257,0.00039259218911176605,0.011696310778941456,-0.02998732816487942,0.05627214394414834,0.018173532802597585,0.0670391567312417,0.04170556400618006,0.03818847634648407,0.027507976476104545,0.07406379072798996,0.2093743878911599,0.931204696407635,0.43346414725553445,0.31624078646929477,6.553117190777933,13527.122283435681,0.0032,0.11106557083944667,0.19344202196310323,0.0,0.0,0.0,0.06930510517571276,0.0,4.470348358154297e-15,2.645802768793973e-15,-0.009359246821158396,-0.033193419924118936,1.0
no_logit,20261258,0.0004168123566726198,0.01264573701688742,0.016184540796448408,0.070038639819619,0.01899555689409597,0.05215972643565405,0.1335652457606573,0.039800892661811006,0.030445035962685604,0.7656326862480562,0.2564659888507075,0.8903746345169797,0.49850744642298456,0.3697048796588902,6.570715361804806,13720.813993583939,0.0072,0.07677051043818738,0.3226319632199345,0.0,0.0,0.0,0.09538441614290827,0.0,3.7930228493430395e-15,2.9103830456733705e-15,0.03537652897368733,0.018424204856858244,1.0
no_logit,20261259,0.0002982539669931036,0.010133233643036539,-0.036470425058907935,0.036470425058907935,0.015750568907245528,-0.0018758981049685588,-0.02947399812767039,-0.014732036546191008,-0.028617794802513908,0.009514541095219986,0.014283341091859953,0.9196077049075262,0.774074875186735,0.02202264239835982,6.517253212943459,13414.515168244843,0.0036,0.4302906521860034,0.3420435391918777,0.0,0.0,0.0,0.041269375791542995,0.0,3.251162442294034e-15,3.1749633225527677e-15,0.01438547295726463,-0.014391677632013872,1.0
no_logit,20261260,0.00012822640501096422,0.017662829425112908,-0.00942766164394414,0.13451809832640368,0.03064533829997344,0.21025692752280742,0.1973151474253706,0.055311237627528965,-0.032282109028995844,3.257240469438038,0.40871904879410353,0.8437004312133841,0.44451712939201826,0.5235621161745878,6.906503768981809,13730.832001761555,0.0108,0.023472946962241774,0.4626484554193251,0.0008,0.0068,0.0,0.14224599766494728,0.0,1.4901161193847656e-15,3.1749633225527677e-15,-0.18399155150001456,-0.02993830838114654,1.0
no_activity_persistence,20261211,-0.00010261838289230135,0.022985133236586804,-0.019646652624199023,0.14114826297252256,0.03772946954970974,0.28102276757544775,0.255646672054351,0.1435742826903715,-0.04046516656644159,7.25435603493651,0.46669186099825755,0.8557252843699348,0.47070949560291486,0.5476654830937803,7.260201756405438,13784.555135583692,0.0192,0.03047124099313233,0.5583412300678696,0.0156,0.0176,0.0,0.24424506882739738,2.0,4.063953052867543e-15,2.1166422150351785e-15,0.29225529366272796,0.003455927059336621,1.0
no_activity_persistence,20261212,0.0003165216753869718,0.016155914156150135,-0.016765352015423833,0.11293156587124131,0.025702864991810563,0.16688825189636614,0.22574405512036505,0.033427491395330355,-0.011966475218904742,2.342601660979473,0.3797342699651665,0.8618500980089993,0.4508791888561263,0.5084655822900239,6.768831476845508,13710.83216910013,0.0072,0.04199649103734329,0.42398989010245014,0.0004,0.002,0.0,0.14212561634004128,0.0,2.0319765264337714e-15,2.248932353474877e-15,0.07084142135672046,0.016225701841459217,1.0
no_activity_persistence,20261213,-5.1482157507660275e-05,0.015132144266759491,-9.071191282535897e-05,0.09829054030425866,0.02357894777617473,0.14123655301470645,0.14390658491387154,0.02620464086258339,0.019398176218090927,1.004730097349106,0.3318972139819423,0.8246172616558833,0.446830777375532,0.527380491287531,6.813402533154774,13580.84223799735,0.0076,0.029384076025641723,0.44034498303351066,0.0,0.002,0.0,0.10739079829061637,0.0,2.84476713700728e-15,1.8520619381557813e-15,0.04062518153853729,-0.021521404077867644,1.0
no_activity_persistence,20261214,0.00042312558409336384,0.010903626951731235,0.0070811027503014205,0.06150481513086502,0.02521444705517064,0.020983780253148673,0.04971333783240655,-0.010133497323921553,0.018960003070489572,0.07719667921991924,0.10752327201982789,0.9323593410618523,0.6471652262104388,0.16454164489430723,6.55003390306179,13462.449520462582,0.0028,0.23206719735774822,0.24450037010859627,0.0,0.0,0.0,0.05534120614463389,0.0,3.928487951105291e-15,1.8520619381557813e-15,0.020560216564664426,0.005647070701300346,1.0
no_activity_persistence,20261215,0.0002278719313720341,0.011121600403706378,0.009964149719613433,0.023346848843339194,0.011179851697126653,0.01664895852144818,0.04525992448067221,0.0321240187267203,-0.02758608382843927,0.0678676885059728,0.09724758943657112,0.8369895302953184,0.45053536812771033,0.2691595889294624,6.585613093826586,13423.68418878075,0.002,0.1876149756650176,0.3526602688649514,0.0,0.0,0.0,0.0591933315296993,0.0,4.605813459916548e-15,2.5135126303542743e-15,0.003703975290846961,-0.0052485851587586235,1.0
no_activity_persistence,20261216,0.00043631780621781395,0.010310044754187033,0.014746383259185479,0.058910280633658246,0.020758609453881548,-0.0027768479897472774,0.00011678940499132925,0.00827768894067167,0.010575195175894204,-0.08144715784934808,0.05705761423814248,0.9334582139215244,0.7296117310295196,0.06505288469667557,6.498528636507212,13474.796138400248,0.0028,0.25201776299199097,0.4302065935298762,0.0,0.0,0.0,0.04099918195573693,0.0,2.4383718317205256e-15,2.1166422150351785e-15,-0.06724924488249456,0.01605325535425044,1.0
no_activity_persistence,20261217,0.0005219911419639423,0.01101703551515613,-0.01784397933450589,0.04446409750864425,0.01703175180226937,0.041063182344336785,0.027416705885095448,0.0042607795909662995,-0.004584723970700529,0.1265379560215587,0.13528476107463108,0.9499697358927854,0.7007307604542784,0.13357476971604645,6.504722875662782,13555.503058855253,0.0044,0.2387725309807941,0.2933416971114108,0.0,0.0,0.0,0.061113428164001116,0.0,2.7093020352450286e-15,2.9103830456733705e-15,-0.051688341233937875,0.02076130631280014,1.0
no_activity_persistence,20261218,0.0007544405732970233,0.012139583888861093,-0.020771893626194825,0.06898151674503568,0.02696682937395633,0.09927879856284036,0.10194077917443092,0.02074639217428652,0.10539560995443763,0.9237204852042118,0.26653152553941856,0.9535650872748093,0.6269270277197083,0.24039496181105685,6.549255641760925,13613.53305115977,0.0088,0.17259371360127945,0.26151057650829224,0.0,0.0008,0.0,0.07491817992508443,0.0,3.251162442294034e-15,1.3229013843969864e-15,-0.14428506934996216,-0.0078030843321574795,1.0
no_activity_persistence,20261219,0.0001689870743671431,0.016590596696706417,-0.06294393663421315,0.08042222113126761,0.03311744151885469,0.17846127667271747,0.15919242579820228,0.032063065986997076,-0.028091492143055008,2.023259122762669,0.34344945997567383,0.8175636003715584,0.4474392785258054,0.5292220042279132,6.778612446576755,13829.624498311534,0.0092,0.021807972776142655,0.4401450069371119,0.0004,0.004,0.0,0.14841486347607935,1.0,2.84476713700728e-15,4.762444983829151e-15,0.027332266550133773,-0.006900027639752704,1.0
no_activity_persistence,20261220,5.5046425825346644e-05,0.016977944084593657,-0.011832302228749354,0.14592430347691343,0.028596908248486617,0.23839769536056413,0.16866871290430305,0.056870383229481083,0.008635888280360077,2.905689683318415,0.40023320269474466,0.8294972498509524,0.4781720836526689,0.5188705990282311,6.823337922767977,13789.743467361523,0.0104,0.024491726104132035,0.4495708578176243,0.0004,0.0056,0.0,0.13307098427438535,0.0,2.302906729958274e-15,1.4551915228366853e-15,-0.04805488925540909,0.00010966150207713061,1.0
no_activity_persistence,20261221,0.0001376092263298041,0.013398339422401406,0.010157206220289382,0.09006044497063594,0.025644907272974516,0.14933468553458298,0.16455068709832146,0.016820637442987105,-0.014942445473167561,1.2842806772198543,0.3109307930740047,0.8270449011735298,0.4727351371516283,0.417745812147399,6.664349014654528,13660.21737057556,0.0096,0.0839326000175759,0.5050540294116056,0.0,0.002,0.0,0.13071305224071872,0.0,2.7093020352450286e-15,1.3229013843969864e-15,-0.06168103816103372,-0.002462092986762968,1.0
no_activity_persistence,20261222,0.0002860331570963119,0.010289804939613201,-0.0027139903143849013,0.047811891230359733,0.015764251177057688,-0.0033967359148701056,0.008942768020642554,-0.02533767561080458,0.02050333232269335,-0.06260524991488658,-0.005415455529372757,0.8657606815296304,0.5856764626463863,0.07974349464137356,6.515726542556475,13455.84773776485,0.0024,0.26524137730946024,0.30186961842704607,0.0,0.0,0.0,0.03780261955543507,0.0,5.418604070490057e-15,2.1166422150351785e-15,0.06521941480517544,0.007701312309160262,1.0
no_activity_persistence,20261223,0.0004544230063534474,0.01198205492967856,-0.0029805099806770757,0.06707675571293731,0.020338673653684428,0.1047008604531201,0.061317778183335926,-0.004830201138292023,0.006814902631128278,0.4470966817530826,0.2367999693774531,0.9266932627931865,0.4269036433609166,0.3256669006859115,6.498164670163547,13673.477239524054,0.0052,0.10114586298425463,0.3747703454329484,0.0,0.0004,0.0,0.08393077875122246,0.0,3.657557747580788e-15,1.7197717997160825e-15,0.06719803475880184,0.05476690584670702,1.0
no_activity_persistence,20261224,0.0002227396953485293,0.020402809363726016,-0.02825826370278908,0.16268800690206467,0.028158505229524528,0.30380657592950233,0.27154427456748936,0.1520956670993291,-0.0091226049657886,5.836729488071857,0.47084698867008296,0.8819920648762474,0.4411188505095141,0.5283671159794684,7.04158620211672,13798.823554917339,0.018,0.025378497163271646,0.3521892173066421,0.012,0.0108,0.0,0.14355114789264056,0.0,2.1674416281960227e-15,3.96870415319096e-15,0.14423158872772524,-0.016821776503217707,1.0
no_activity_persistence,20261225,0.0006228806126844141,0.010682387879166066,-0.0035996772707199993,0.04725536603184061,0.014755190966976764,0.03074006645908024,-0.0009679533883077938,0.02240509099560067,0.03758258226133155,0.0930699602373477,0.1278752249560182,0.9539145634040301,0.7209467258358235,0.1162740606243628,6.491343772844005,13504.927171475745,0.0048,0.3553982950299381,0.26946322297775493,0.0,0.0,0.0,0.0462591686902869,0.0,2.573836933482777e-15,2.5135126303542743e-15,0.015326473588052834,0.0010105960909444441,1.0
no_activity_persistence,20261226,0.0002324544915311737,0.01378640587198046,-0.015391708040582028,0.08809638253319688,0.02117749812202651,0.14001736997858416,0.11730800298524513,0.022320948560338078,0.0020943527125834014,0.5708973890071638,0.28782860066453164,0.8469361182101156,0.47110035289174385,0.4614690828231646,6.708454352659916,13626.329384523264,0.0048,0.02504943295716868,0.3959690719878429,0.0,0.0008,0.0,0.09670465905821901,0.0,2.4383718317205256e-15,1.4551915228366853e-15,-0.01837356112166527,0.010079851578195626,1.0
no_activity_persistence,20261227,0.0005045657907302502,0.012144849584347603,-0.0266044956061508,0.055347483925014505,0.018825320217811938,0.0786752500176202,0.044376739357953526,0.08516863502029487,0.01927781711012306,0.29792954059964627,0.23014885952404177,0.9317002994913153,0.45960627344867355,0.30042605393613664,6.550576802082889,13628.58836743207,0.0044,0.13681493051897556,0.2830074684835455,0.0,0.0,0.0,0.06839407409826204,0.0,3.657557747580788e-15,2.248932353474877e-15,-0.005275234562085039,0.004587187789421115,1.0
no_activity_persistence,20261228,0.00029467388408605937,0.01322178380475369,-0.005847278726168061,0.09566058469563965,0.03332017854588973,0.14432411330939343,0.13305393131821514,0.07001372561153292,0.042606474141310545,1.014243370740485,0.32343434694070344,0.9244171884747975,0.4470829210726471,0.3722899089279362,6.620332740751846,13652.975780162305,0.008,0.07636670149828757,0.274113751376592,0.0,0.0008,0.0,0.0807802986974191,0.0,1.8965114246715198e-15,3.3072534609924663e-15,0.0944824079011183,-0.0061288398453537086,1.0
no_activity_persistence,20261229,0.00021820240925370235,0.011516218470050632,-0.03971535046696718,0.0526316085028281,0.019483710740198522,0.06348347350584962,0.04631503117232767,0.008530580302845758,-0.009375970470513683,0.03359613899714731,0.18457226531342877,0.9023483570031348,0.45978639353216644,0.2723227642115422,6.571215256382491,13486.664146176281,0.004,0.1594304011099242,0.3497965796011202,0.0,0.0,0.0,0.06678578152127779,0.0,1.8965114246715198e-15,3.96870415319096e-15,-0.04376430380180169,0.00602350212364097,1.0
no_activity_persistence,20261230,0.00040945893364166997,0.014188025421994821,0.01445064462344103,0.07765708871780218,0.024724244159894763,0.14478349171241814,0.12742849935820202,0.051166680820722114,0.0033122518014874623,1.1035203879713835,0.29158920836364366,0.8872775173298183,0.46133879419730395,0.43494484964613245,6.6435870938219725,13744.838723588287,0.008,0.04154383868385665,0.28192463416472047,0.0,0.0024,0.0,0.1153157342722766,0.0,1.8965114246715198e-15,3.1749633225527677e-15,-0.08220414593000107,-0.005301259170792201,1.0
no_activity_persistence,20261231,1.8551051963765274e-05,0.01204838565569824,-0.006149541429855877,0.04756968387888726,0.02406677318050321,0.06008456098229871,0.07831341566304766,0.014405446698034344,-0.02005417537424887,0.1684767401940488,0.16333858628258718,0.8144212614590968,0.4446419663293937,0.3448519631864187,6.623063940724398,13500.945149413705,0.0048,0.14273130848977994,0.37957759846984407,0.0,0.0,0.0,0.08410503949890091,0.0,6.2313946810635656e-15,3.5718337378718635e-15,-0.020507573892216777,0.04881483235010802,1.0
no_activity_persistence,20261232,0.0004909915623531145,0.017083764737391597,-0.0045531593086963066,0.09715272162914812,0.032950156545523586,0.29753175208385074,0.334332995869635,0.13102001646627753,0.023381604993918195,6.471122254073725,0.4794008528292198,0.9180493654805414,0.48049672513014935,0.4568430890535042,6.708528694041171,13980.786498692652,0.014,0.032567268986972986,0.37916154565275684,0.008,0.0056,0.0,0.1287220475327009,0.0,4.470348358154297e-15,1.8520619381557813e-15,0.13071626776905165,0.025618982969298484,1.0
no_activity_persistence,20261233,0.00011192529527467023,0.012516647813986466,-0.024842894725552515,0.09233613994937978,0.01927157913742244,0.08405095229201426,0.05794702748393856,-0.007362645198899316,0.001656950302541174,0.19583047308588863,0.17256859532894311,0.8143143419128717,0.43528458425126176,0.39867963224860686,6.633495396055254,13532.993281173354,0.0048,0.14121744419708815,0.2792482217999528,0.0,0.0,0.0,0.09313498003956044,0.0,3.251162442294034e-15,1.8520619381557813e-15,-0.006814891305373749,0.06163344666365334,1.0
no_activity_persistence,20261234,0.0002649714552962738,0.013786097323068394,-0.03047021676591491,0.0874224718091944,0.023701352148834363,0.12231748084408427,0.10581199207602633,0.03909714787888181,0.01696652241406822,0.7791155791076272,0.2758202811836988,0.8411793507032603,0.4258030772770481,0.4774878018049747,6.674303124903101,13595.86212044979,0.0064,0.026017543827362873,0.3319922069332413,0.0,0.0012,0.0,0.10001486403832116,0.0,1.2191859158602628e-15,2.5135126303542743e-15,0.005070643154232826,0.013069358107406982,1.0
no_activity_persistence,20261235,0.0005703454797271416,0.015231653607497378,-0.0069674126540927445,0.10496548781603349,0.03191278580625252,0.25580092827724604,0.21774961442093899,0.11155328757196979,0.04366098372474011,3.6861647834490867,0.4315463170586314,0.9444550836692365,0.49207568502428417,0.37327173570045385,6.695022701701505,13682.831154272468,0.012,0.09289823710799536,0.44111573379602464,0.0004,0.0052,0.0,0.09063618923344063,0.0,3.522092645818537e-15,3.1749633225527677e-15,-0.2627514481309131,0.00810272832238871,1.0
no_activity_persistence,20261236,0.0006909413606991279,0.010428571671812008,-0.015602520047311587,0.04642360604441201,0.01728187216086759,0.022555672429022657,-0.002657906373991857,0.001235390333499035,-0.0011237096909103167,-0.04974811175092997,0.06181448876317387,0.9485845031760516,0.7637223211240455,0.05185881824799443,6.536600450427262,13417.62825901698,0.0028,0.3523889379887747,0.1579934582894693,0.0,0.0,0.0,0.03238481432006024,0.0,5.68953427401456e-15,1.4551915228366853e-15,-0.034299194935412246,-0.020609335363478153,1.0
no_activity_persistence,20261237,0.00018398786337455597,0.011566822044181614,0.011548620742105059,0.05990690309776987,0.01872243099814759,0.06042529864385296,0.036419552072328595,0.030542392961114592,0.019566397663476946,0.26328741864965544,0.16683901494124942,0.8423289730343256,0.45292168662426224,0.33445512286842577,6.559712845312034,13566.29856252153,0.0056,0.0984378269427606,0.4409742952119712,0.0,0.0,0.0,0.07792193007535864,0.0,1.2191859158602628e-15,1.98435207659548e-15,-0.044055412350679286,0.0008278997941895759,1.0
no_activity_persistence,20261238,0.0002969826196049208,0.01096721679569924,-0.042463169601226626,0.05386718210691381,0.02407217106738644,0.029918387096548104,0.04636331605908227,0.030240301057425402,-0.012610273065562594,0.009142288201480664,0.14788522194254755,0.9101464693392173,0.43456999686031,0.21871043271659174,6.511829569934324,13548.090138561323,0.004,0.20107430237789853,0.32413883252891396,0.0,0.0,0.0,0.06880105836741213,0.0,1.7610463229092685e-15,3.3072534609924663e-15,0.07549371353183303,0.030965298088831066,1.0
no_activity_persistence,20261239,0.00045517036154817597,0.012813691388696879,-0.008916434826670334,0.053098416105972594,0.019402054657965746,0.12034209040718545,0.09163839629404143,0.04022554778794547,0.0357548362408727,0.7905290964616309,0.2458544025057878,0.8958598848805679,0.47531462454885565,0.3651750782634586,6.608104211547427,13642.42189302133,0.008,0.08980072341018347,0.304742569956284,0.0,0.0012,0.0,0.08581344038969485,0.0,2.980232238769531e-15,3.7041238763115625e-15,-0.054288182224473666,0.02308305107124959,1.0
no_activity_persistence,20261240,0.00014602019240367206,0.010796344699566005,-0.029882031698426122,0.043268040348911956,0.02211898584406695,0.046406946431032756,0.057959013829072,-0.0005790835107908234,0.021304460986069314,0.08461940377697008,0.13194143453133006,0.8334954152334153,0.42819595000347227,0.25731128390751506,6.530994590484273,13511.12428874149,0.0036,0.13551171347684837,0.3283996657113346,0.0,0.0,0.0,0.06516952059868819,0.0,1.4901161193847656e-15,3.96870415319096e-15,0.05571843116439077,0.012112547707015694,1.0
no_activity_persistence,20261241,0.00035898452937611544,0.015211721608729203,-0.008681666884597655,0.1033340141891859,0.03844253139204483,0.15450956260497206,0.15712911975038352,0.05219607604129359,-0.013913969362680417,1.0364687392204637,0.31741179985937173,0.8945595980939987,0.41797051086553355,0.48953903003946664,6.7981099485622085,13650.887235177488,0.0092,0.03465182311908372,0.2917555367219592,0.0,0.002,0.0,0.09419802858683801,0.0,1.4901161193847656e-15,2.9103830456733705e-15,0.09872872819270809,0.000899842380013802,1.0
no_activity_persistence,20261242,0.00041930903243448547,0.012858859264454812,-0.017801401612269088,0.0930525028196931,0.030651366266638343,0.11405954055906796,0.12438010419647728,0.10196573034708221,0.04826342080660434,1.0022032015584417,0.31958723039778375,0.9409212706042885,0.4289847666476176,0.3610995877734657,6.591027022427208,13645.923115351934,0.008,0.11518423217223842,0.2780653198772025,0.0,0.0008,0.0,0.08658735063607881,0.0,4.199418154629794e-15,2.3812224919145757e-15,0.05734007494535815,-0.001451537891906618,1.0
no_activity_persistence,20261243,0.0005026085722496528,0.013431564322052118,0.009405328936469193,0.1255211795048059,0.03576134860641434,0.11917854991362911,0.14474352522067138,0.07170315442895357,0.05773283308047933,1.7503701449838402,0.30243167293350315,0.9044323387134819,0.4449781410673968,0.42763333593320574,6.5831831574552435,13759.767529181128,0.0084,0.06554092974907164,0.25794201611310297,0.0,0.0008,0.0,0.1100536165790873,0.0,4.605813459916548e-15,4.762444983829151e-15,0.15912171668673186,-0.02372459893050199,1.0
no_activity_persistence,20261244,0.00040989292141485015,0.012108012827790492,-0.00021526154582411403,0.05745301661994197,0.017295077666620022,0.08094779729664191,0.03668744730659228,0.026368353957480953,0.020937289605956935,0.4418655687883408,0.20240602127882384,0.8983208920010213,0.43963406589027976,0.3195433498325913,6.591073790184974,13510.105263998223,0.0052,0.18990158564615442,0.33297017994909484,0.0,0.0,0.0,0.09062495834412032,0.0,3.3866275440562853e-15,3.96870415319096e-15,-0.04010850735651363,0.01831829533084915,1.0
no_activity_persistence,20261245,0.0005676255012284365,0.012262707137977611,-0.016665416074611004,0.07318519900890015,0.02836093045215146,0.18243238338972861,0.15424020994842758,0.10552005369673308,0.02777967515530218,1.2193184839765872,0.3263169227603901,0.9523792380568705,0.588208136236629,0.2556126783307405,6.575736573289812,13619.527551223797,0.008,0.18389547159104697,0.33690165690626017,0.0,0.0016,0.0,0.08196888522815926,0.0,2.302906729958274e-15,3.042673184113069e-15,-0.11823638005895955,0.06362802625013095,1.0
no_activity_persistence,20261246,0.0005393938892788303,0.011608558192042899,0.0029058223522916045,0.05716461980283386,0.015426253796086784,0.040853854012719217,0.06217748922540044,0.010905996533631848,0.02697696174049692,0.2786669113441489,0.21775018471694793,0.9428126505009091,0.4524061411222258,0.25472327195721417,6.4781531368239085,13665.58908022283,0.0048,0.1298284546775505,0.3085144315107975,0.0,0.0,0.0,0.069595825100496,0.0,2.302906729958274e-15,4.233284430070357e-15,-0.004416166257190003,-0.001820504732950124,1.0
no_activity_persistence,20261247,-9.512141980963307e-06,0.012128279986400632,-0.05795097266245031,0.05795097266245031,0.017912020599001367,0.11616643298949846,0.07981453564977581,0.03269941334294509,0.011764253866464621,0.5424916157117425,0.23244678732131058,0.8636868064123329,0.4477447384986671,0.38262341237523717,6.655018058564151,13473.157870472616,0.0048,0.06094156911892602,0.5124888601717368,0.0,0.0,0.0,0.07107049294542489,0.0,1.625581221147017e-15,1.98435207659548e-15,0.05603076894085416,-0.03414158369056171,1.0
no_activity_persistence,20261248,0.0003386945977506439,0.011815958693335227,-0.019112473044335127,0.06473459156455919,0.024526490417520662,0.10599696517414592,0.10958745462689079,0.022836586795085077,-0.003479255438849789,0.8678366681755536,0.25734314033023453,0.9109233254437769,0.48349448319209093,0.2895354899134688,6.548602590466234,13669.662098890072,0.0072,0.19774904285383182,0.3888746764596793,0.0,0.0004,0.0,0.07420252665633376,0.0,1.2191859158602628e-15,1.1906112459572878e-15,0.025925699691588013,-0.0011230017068369783,1.0
no_activity_persistence,20261249,0.00031707465625313916,0.011168188353526856,-0.04568484900283761,0.05019119716106144,0.01965640197214753,0.03552726572099395,0.04692451495701795,-0.010686370936571269,0.007275744962017304,-0.002098671494900728,0.12906697436511183,0.861120040814116,0.4112938243197154,0.2731085570681794,6.502496990283014,13597.82633777663,0.0032,0.18511151454856928,0.2594969179810801,0.0,0.0,0.0,0.07601585457902038,0.0,5.147673866965554e-15,2.645802768793973e-15,-0.042637553925561296,-0.03775478233899471,1.0
no_activity_persistence,20261250,0.0005512448618173725,0.01068354750278672,0.01819858867131009,0.04388330959879832,0.018711265027248822,0.0016230582255705576,0.025905262278066835,-0.03314377834715097,0.009172534546896934,0.00949125406098883,0.04041744326828764,0.9425022364988201,0.669514913307289,0.13857907945195622,6.484662146879533,13549.706895895815,0.0032,0.2674998902781694,0.22428909473726777,0.0,0.0,0.0,0.054828011431562684,0.0,2.7093020352450286e-15,3.439543599432165e-15,0.020260539546370707,-0.008204312933241928,1.0
no_activity_persistence,20261251,0.0003764318741953499,0.02269907956744991,0.12679465443967644,0.1860147621686177,0.06574435709876052,0.4516138642847962,0.3435106326841036,0.18442980342628273,0.031160316001713737,14.745819697487452,0.5749200405850143,0.9283903409693466,0.5139026549443639,0.45221734028829935,6.936665368800972,13961.1458678222,0.0136,0.17110467642999425,0.5704959906048711,0.9072,0.0156,0.0,0.15480864186594645,1.0,3.1156973405317828e-15,1.5874816612763839e-15,0.539683263457946,-0.032035102735889574,1.0
no_activity_persistence,20261252,0.00019478807229594394,0.013519286779982794,0.015299984038065791,0.06715930923740633,0.020168793494003127,0.06767605283527682,0.08355136146073583,0.03195015167550328,-0.02225123619229924,0.9323202939532393,0.24782301003485432,0.8199535530315055,0.4585796389769299,0.4243862876349462,6.681772377591539,13581.588048909902,0.0056,0.08693176326771793,0.3378123661962731,0.0,0.0004,0.0,0.11662882583592715,0.0,1.625581221147017e-15,1.5874816612763839e-15,0.17840461957429857,-0.03373001993053863,1.0
no_activity_persistence,20261253,0.00013328577271542094,0.013538717980268572,-0.027806038004268657,0.047245773247573376,0.02275793006796555,0.10423558998843888,0.13614366804360375,0.03132829921554205,-0.015956304403321204,1.7463250931708298,0.28561743061288175,0.8730323499749754,0.44997251711639596,0.4357277347133565,6.699161557554705,13547.762245188484,0.0048,0.07541541569925563,0.3633540041658263,0.0,0.0008,0.0,0.08863146174357417,0.0,2.0319765264337714e-15,1.4551915228366853e-15,-0.041770717720989975,0.004047804357928387,1.0
no_activity_persistence,20261254,0.0001876662856274127,0.015160313562229535,-0.017264636198240948,0.0990160610386512,0.0243347982714376,0.15302696265811053,0.18065235850628814,0.05802278703782673,-0.009327327787267914,1.9074473455081087,0.32271860236451944,0.8052320363086795,0.44980076308882094,0.4860692964820768,6.757297060957553,13677.17275000951,0.0076,0.0328053051805946,0.4161930382300225,0.0,0.0024,0.0,0.13028316107585547,0.0,3.1156973405317828e-15,3.7041238763115625e-15,0.03548595195519311,-0.006350528591606298,1.0
no_activity_persistence,20261255,0.000358526040721582,0.011642219632255884,0.022365440577858407,0.07045756835907938,0.018899477416878006,0.10909584565937085,0.1026453038574231,0.038069564736765635,-0.027044883774184982,0.6365742938604955,0.2702040069203818,0.9380529242869691,0.45105250912236927,0.2753757417272029,6.56937919044902,13545.549116524286,0.0072,0.14594239093912584,0.24217608723021233,0.0,0.0,0.0,0.07194747717489158,0.0,3.251162442294034e-15,1.8520619381557813e-15,0.005880095534052737,0.04813139219537819,1.0
no_activity_persistence,20261256,0.0008024323544886765,0.010373648293073141,0.017970233176266226,0.04896117154981269,0.0191026097190668,0.0005878099517944844,0.005301437328030945,0.017958060225549376,0.03143057662031165,0.00903580434503981,0.08871341188071569,0.9560980662595442,0.7216186488556106,0.10800207235488776,6.462277157350403,13556.544023556578,0.0028,0.3547402586560067,0.21165751769399177,0.0,0.0,0.0,0.04694385105487808,0.0,2.573836933482777e-15,2.5135126303542743e-15,0.01051622247135395,-0.030465350409721224,1.0
no_activity_persistence,20261257,0.00039170720286422133,0.011715423012595117,-0.031019077926907522,0.055836950686118644,0.01773007522139316,0.06705493864767664,0.04613000976454909,0.03913620159127398,0.02610696883805389,0.04545536725874033,0.21191645218813238,0.930113486143964,0.4323263017043612,0.3193172187863741,6.555912714976591,13522.241207481187,0.0032,0.1139297447687512,0.19349855934921845,0.0,0.0,0.0,0.07041844808063003,0.0,2.1674416281960227e-15,2.3812224919145757e-15,-0.004027875367803485,-0.03218672687647622,1.0
no_activity_persistence,20261258,0.00041709332066637475,0.012560550031226757,0.016986659607693185,0.06884950135063708,0.018194455434130914,0.04759069352493064,0.1290533935031526,0.03129889953932409,0.03015056504316092,0.6463821525378268,0.24985288848209242,0.8906323948013978,0.4969713498193727,0.3668331453081444,6.5596946323178775,13731.055727055716,0.0064,0.06913256552646686,0.3237990626452051,0.0,0.0,0.0,0.09292508375432407,0.0,5.960464477539062e-15,1.8520619381557813e-15,0.03276441285708429,0.020547951573499906,1.0
no_activity_persistence,20261259,0.0002982972325876073,0.010132537535692493,-0.036436975470712105,0.036436975470712105,0.01573149120615502,-0.0017187947770851179,-0.02944953396665125,-0.014609106657075365,-0.0287361294165497,0.009461992404934616,0.015068603119022908,0.9191607479247383,0.7732535345941907,0.021902285825638912,6.516541538576053,13416.005974058837,0.0036,0.43120271560599205,0.3420227191573849,0.0,0.0,0.0,0.04155145957989492,0.0,1.3546510176225143e-15,2.1166422150351785e-15,0.014534171301304332,-0.014304481157738998,1.0
no_activity_persistence,20261260,0.0001266621717305842,0.01774240118276946,-0.008844043188591144,0.13626575555008097,0.03004512265121772,0.21345036373077972,0.19912849435795904,0.055754513333075705,-0.035008001585551105,3.38241894474091,0.4169964474786921,0.8478870949514341,0.446756113730255,0.5207880531253398,6.9143644724719895,13733.99139860794,0.012,0.024654296405418687,0.4612931816205942,0.0008,0.0068,0.0,0.1434655172551702,0.0,3.251162442294034e-15,3.042673184113069e-15,-0.21557056299246796,-0.03135184437066595,1.0
independent_signals,20261211,-9.395261996718105e-05,0.011081584869634942,-0.04398785712680653,0.04625740411144424,0.01929466165592456,0.03767607896639667,0.022824790532313177,-0.00039506395380763365,0.016948911096496613,-0.09501722927543188,0.029947914655300455,0.8259445529287721,0.6978826947544747,0.2648397487999316,6.556736761068305,13417.559238794685,0.0016,0.013114450116424032,0.5227313619398323,0.0,0.0,0.0,0.018910823375136943,0.0,2.4383718317205256e-15,3.3072534609924663e-15,0.010954130472076535,-0.005773872998885702,1.0
independent_signals,20261212,0.0003175860873270963,0.010620638790940311,-0.04791918034724256,0.04791918034724256,0.018279131951957083,0.009196114377736373,0.011202358560067667,-0.03162916252660353,-0.007712132951497183,0.1418045028689039,0.015427324670851953,0.8914160679064647,0.6862871566423605,0.18321233792213043,6.515735685081251,13483.569365530511,0.0048,0.02204786262641435,0.40719113925518313,0.0,0.0,0.0,0.01752276103364414,0.0,2.7093020352450286e-15,1.7197717997160825e-15,0.033569486500667114,0.004005046266222294,1.0
independent_signals,20261213,-6.0691512434576114e-05,0.010482418204640152,-0.022401413274357,0.056064003760747064,0.021481219017084236,0.012257836433444778,0.014322671259967534,-0.02113470262983873,-0.052004063255928504,-0.0020958450575641052,0.04271592094356769,0.846336817536976,0.7241023104309523,0.20629138186146365,6.520910262853544,13445.982064940688,0.002,0.04898958157189869,0.41263955082376125,0.0,0.0,0.0,0.024385247856014258,0.0,2.0319765264337714e-15,5.556185814467344e-15,0.0032743699756680256,-0.014702267394337899,1.0
independent_signals,20261214,0.0004085853949052197,0.010285204448946737,0.018112707847811722,0.0503487087865366,0.01843166458521877,-0.01640946728068887,0.002589505313508668,-0.027370594302055063,0.0012978927275699948,-0.02291473103099717,0.0011408559303156568,0.9719725104927842,0.7719449223991818,0.048300783816846056,6.53263219276095,13391.416488745359,0.0028,0.26690525902424844,0.23732227016748475,0.0,0.0,0.0,0.028734525206714823,0.0,3.251162442294034e-15,1.98435207659548e-15,-0.014679178363652259,0.017109156316797755,1.0
independent_signals,20261215,0.0002288738932359518,0.010355800749407769,0.011725119438883873,0.04048236363382099,0.010433035347857845,-0.001968154366990532,0.017677313691790493,0.036046925937033444,-0.014178011385944765,-0.087925345346346,0.023400858241965077,0.9299037452109625,0.6640135633549432,0.04137630887711366,6.543597296316481,13374.320133978239,0.0028,0.2042862348249673,0.3650599087213713,0.0,0.0,0.0,0.03209765253350616,0.0,2.980232238769531e-15,6.3499266451055354e-15,0.03313969206068093,0.010913028929761828,1.0
independent_signals,20261216,0.00043318592654953994,0.01007678272302849,0.00988946410269105,0.05428570086282363,0.021252947883277487,-0.003939699230074077,0.00302691758524635,-0.00293561134585843,0.0059020308708345685,-0.13463351658579636,0.023665760850976634,0.9771067988698175,0.8530246303238751,-0.036580380163184954,6.519169288995828,13395.477753314544,0.0016,0.28269567367408077,0.428491344202518,0.0,0.0,0.0,0.025230226036980996,0.0,4.3348832563920454e-15,2.1166422150351785e-15,-0.06116355930650825,0.01325603797246958,1.0
independent_signals,20261217,0.0005117438528638676,0.010185242490228999,-0.016014898672652135,0.040361779206097,0.012855840960800263,-0.03211342298634574,-0.004171952164398905,-0.017686848604853526,-0.011158754531824387,-0.017086267592006266,-0.008621531854161884,0.9822882858393717,0.8243997207186469,0.011711400724006322,6.519735219269171,13408.039961350645,0.0028,0.272646580078564,0.29305664499227635,0.0,0.0,0.0,0.02878398826240547,0.0,4.605813459916548e-15,1.8520619381557813e-15,-0.028164284501970026,0.012756433260863015,1.0
independent_signals,20261218,0.000737873415532949,0.010256580470238339,-0.03845304108843525,0.0616673000982352,0.023962976257929848,-0.012760567438720564,-0.02798464690305023,-0.021461653627132475,0.03089688996237364,0.03458587438991456,-0.010701648272181275,0.9745315654388707,0.8289065132289637,0.03297613964982333,6.5087790884448244,13428.396964873224,0.0016,0.21791493510799978,0.2488938807253458,0.0,0.0,0.0,0.029580473061637358,0.0,2.302906729958274e-15,3.439543599432165e-15,-0.023630134044679767,-0.025893154613516756,1.0
independent_signals,20261219,0.00014983149416215297,0.01088585254119049,-0.012855821871337526,0.03674877998621155,0.015382062501392305,0.03329330881711968,-0.0063145606228834725,0.0028619950427351912,-0.005313921526625233,0.13921210825165486,0.032709988590779115,0.8596266321632583,0.6875222324987644,0.23471664537874015,6.542961158163658,13446.373830911309,0.002,0.030736474575011486,0.4320725328307661,0.0,0.0,0.0,0.015582248696647927,0.0,4.3348832563920454e-15,3.1749633225527677e-15,0.09449480503424795,0.023413651166173183,1.0
independent_signals,20261220,4.498991702772237e-05,0.010627753159211262,-0.001953442368065196,0.05057343055304564,0.015600261732982911,-0.010763151338176244,0.008231499281589902,0.030814414642174777,-0.016204924151109874,0.027476983799108012,0.031341241881799375,0.8245543570882881,0.7101621127614055,0.21235423266696443,6.553220579875145,13420.42130752759,0.0016,0.028972742201235645,0.44853899754669446,0.0,0.0,0.0,0.019248972655142138,0.0,2.573836933482777e-15,2.645802768793973e-15,-0.10059565444850332,0.027735936551595723,1.0
independent_signals,20261221,0.00012345148837608413,0.010327625525461803,-0.010120962074953787,0.0378576615284088,0.013486840805785083,0.030836013963444955,-0.002238453898942384,-0.016351736307739208,-0.0063810099269046225,0.03480272578631549,0.04626738730849042,0.8897751100305322,0.7203427052345168,0.12733580309385126,6.479189942534351,13517.623649272638,0.0028,0.11059708310810051,0.49849966810705615,0.0,0.0,0.0,0.02553102970842036,0.0,2.302906729958274e-15,2.645802768793973e-15,-0.07247229519679448,0.010489394255487795,1.0
independent_signals,20261222,0.0002864021783021123,0.010188462370153322,-0.008853486275141109,0.04818245544875359,0.01654026675080193,-0.015360879132963816,0.0012787788833038601,-0.022436579779120534,0.009680147867981492,-0.025301906604063173,-0.023723171465487542,0.9628516898896317,0.7613588813610117,0.032965700426696685,6.527685001218496,13414.738040858265,0.0024,0.2840545047673907,0.3015889816718864,0.0,0.0,0.0,0.021789502653836612,0.0,3.522092645818537e-15,2.645802768793973e-15,0.0687016785808759,0.006308772113648403,1.0
independent_signals,20261223,0.00043911970171341965,0.010340663353176792,0.002192177688302638,0.0387344127765953,0.015981552416870805,-0.019379503500828142,-0.012120787496418182,-0.011797277388158377,0.0005965773906398806,0.025792087045242607,-0.010839516499086045,0.9614966341331612,0.6343263960281543,0.10454912148828538,6.517805479638204,13428.870949732696,0.002,0.1464385712149523,0.3787851508691622,0.0,0.0,0.0,0.031174379849671086,0.0,2.980232238769531e-15,2.9103830456733705e-15,0.02225517551477093,0.019982202810057813,1.0
independent_signals,20261224,0.00023232742613834317,0.011031394551516013,-0.049408805374234886,0.049408805374234886,0.017464908342550888,0.0443665748627969,-0.00970003019525274,-0.008846888284672618,-0.018807730044376865,-0.11840295112688981,0.04711300116914856,0.8932240696198233,0.6765982832854317,0.2541666718269963,6.558640379218323,13416.55911303607,0.0024,0.019852289338552164,0.311292747908661,0.0,0.0,0.0,0.016858422012858254,0.0,3.3866275440562853e-15,1.3229013843969864e-15,-0.00047085327912909633,-0.0078399170042357,1.0
independent_signals,20261225,0.0006280580436851352,0.010239468801037125,-0.012308546392252118,0.03505262951601133,0.017602133082054057,0.006388289023936697,-0.017108551475574132,0.019010750859156,0.03120302672144919,0.013746978989578995,0.028255912894206887,0.9821839334945722,0.7835428351245458,0.047772091079147566,6.516869417802337,13413.660771171719,0.004,0.31564585707801396,0.26968122200406863,0.0,0.0,0.0,0.022313572932181724,0.0,3.3866275440562853e-15,1.1906112459572878e-15,0.025349743052194038,-0.005313484030386951,1.0
independent_signals,20261226,0.00021093008783452518,0.010367874040954222,-0.0019429320100042113,0.03934008994250123,0.016901828472147655,0.004378803176129229,0.04402396268962898,-0.04682843068512269,-0.00024693804828544003,-0.13272742553044647,0.031176908281965492,0.9004574518443059,0.7181239298346193,0.13169748279923657,6.544091077403205,13412.829312046191,0.0012,0.08247535701253486,0.37457075433453524,0.0,0.0,0.0,0.03171775050313985,0.0,2.302906729958274e-15,4.233284430070357e-15,0.00019357859794376963,-0.0032712403416924663,1.0
independent_signals,20261227,0.0005068126974732373,0.01035705464725694,-0.02320348857237043,0.03695407774562952,0.014464825587810898,0.0012634231367307108,-0.0233779896664731,0.05370993984701486,-0.01346629690969427,-0.0044753587233952175,0.03549471926713646,0.9672186015348422,0.7208925072789876,0.04882786805613785,6.527644849018029,13419.25262105753,0.0028,0.14585218432489025,0.285337029303239,0.0,0.0,0.0,0.026512141707852432,0.0,3.251162442294034e-15,2.3812224919145757e-15,0.011713450343987285,-0.019369195172793324,1.0
independent_signals,20261228,0.0002830767214960961,0.010449483296225914,-0.04600915958638982,0.04600915958638982,0.013714960741758889,0.03361462514765503,-0.019461275355984263,0.03076328274308657,0.006964513492568537,0.06385365219318828,0.06124727942055638,0.9580852208229742,0.6350586129382173,0.10256813349315594,6.529377864062568,13444.409947782504,0.0032,0.1226518557956764,0.2609992636763514,0.0,0.0,0.0,0.030005944053716815,0.0,2.4383718317205256e-15,1.98435207659548e-15,0.012199918320694184,-0.016135909950323307,1.0
independent_signals,20261229,0.00021843154244896752,0.010471369369156856,-0.04651560704250012,0.04651560704250012,0.013825072907183716,0.013229771617211544,0.0334609262338007,0.00813472815174933,0.014234514939341669,-0.0006622378977141352,0.005308805237432082,0.9595196301955136,0.6391357072676359,0.08028487673100584,6.524680347168006,13424.188867974279,0.004,0.17533993795349187,0.3528565866766592,0.0,0.0,0.0,0.031592041796910664,0.0,4.199418154629794e-15,4.365574568510055e-15,-0.0020670091030499578,-0.0015855339322607387,1.0
independent_signals,20261230,0.0003810225446710742,0.010567458343504994,-0.024242778576700978,0.0584503838888928,0.019294808318148716,-0.00029953313778858436,-0.008935370106315671,0.016534236304549397,0.0008043944568653855,0.18455482066068818,0.009749869985942917,0.9297807812073697,0.7071821128087893,0.14891359024379158,6.526543421226913,13465.56549535577,0.0032,0.07829704929287919,0.2457207153941895,0.0,0.0,0.0,0.037971583643854556,0.0,2.573836933482777e-15,5.0270252607085486e-15,0.02940997143913472,-0.0038653209872030613,1.0
independent_signals,20261231,1.564026455849188e-05,0.010436249593571223,-0.013940860528789473,0.0532580278641361,0.020402605931557006,0.014070373388820334,0.03316281526571697,0.022741529951156428,0.01020192262128023,0.08803361567170098,-0.014950803861429956,0.8927313850854242,0.6496549711933807,0.08041259013044577,6.532254686391946,13441.067046048627,0.0048,0.1474648303321394,0.37398716739320825,0.0,0.0,0.0,0.032147653464318804,0.0,3.7930228493430395e-15,2.3812224919145757e-15,0.0010332646074185333,0.058252392935250086,1.0
independent_signals,20261232,0.00046033784503276924,0.011190937039688523,-0.01929957586534595,0.060666115652734796,0.020735741440770533,0.02962086594295477,-0.005616551049000849,0.020109821302680724,-0.008525826276618973,0.18538181996945013,0.07930183538798447,0.9492867897058,0.714717264578425,0.2077206825582138,6.5772992147939835,13409.990447066713,0.0032,0.06132594967191632,0.3629981346824299,0.0,0.0,0.0,0.030986804246114774,0.0,2.7093020352450286e-15,4.762444983829151e-15,-0.0005064880962722895,-0.02296585595871779,1.0
independent_signals,20261233,0.00011576110036516134,0.010339012036130244,-0.006818148488080823,0.031212037163960052,0.012497274277871184,0.044638561791204116,-0.01481725583221902,0.0035236304251137582,-0.0025475629889931254,-0.10904499922657918,-0.0018955332047958932,0.9024824407796946,0.6752897419679222,0.07590146602677765,6.514428025686664,13451.936867452454,0.0016,0.13275737671587132,0.2886867603307499,0.0,0.0,0.0,0.031755593205798016,0.0,2.1674416281960227e-15,2.5135126303542743e-15,-0.0891245524237872,0.01068557676293006,1.0
independent_signals,20261234,0.00023342089935723322,0.010221521283928076,-0.035031627270583815,0.04316903348700865,0.02009483249230282,0.037539473702360424,-0.016129571457802055,-0.022337231502184123,-0.00860391683684786,0.024497029412666738,0.028079387054863014,0.8897458714384516,0.7184887110143741,0.13947991929021442,6.498848421526683,13457.524532139578,0.0028,0.07590343758541843,0.30771501113018307,0.0,0.0,0.0,0.03231041806595014,0.0,1.2191859158602628e-15,2.248932353474877e-15,0.08050576742581338,0.016353499510112748,1.0
independent_signals,20261235,0.0005638051774095772,0.01071534993921088,-0.029964053087533637,0.05212102895108366,0.01642837895654936,0.00732544938472254,-0.010222088602094427,0.02530735082029624,-0.017981984164071055,-0.0920440731704768,0.05091087721267109,0.9708686823276338,0.7393669547303797,0.1143710545464587,6.524113370783959,13442.232256697762,0.0024,0.10709784640417654,0.40982151465455363,0.0,0.0,0.0,0.02856119177939953,0.0,1.7610463229092685e-15,5.423895676027645e-15,-0.0004331371833696494,0.03163760133461802,1.0
independent_signals,20261236,0.0006894481115878119,0.010232668328797753,-0.012813221131427285,0.04857728396258465,0.016788426032515354,0.016702913671298166,-0.0023685815367765124,-0.01614254407693786,-0.007721263031923374,-0.07374153060708233,-0.006301562744369822,0.9831977230967849,0.8259499900644954,0.012690537182038634,6.53932938293622,13384.438289012063,0.0024,0.3917324608177002,0.15832938154182485,0.0,0.0,0.0,0.020808603862346953,0.0,2.0319765264337714e-15,2.645802768793973e-15,-0.008143559667025568,-0.018737635408996364,1.0
independent_signals,20261237,0.00017207372827126016,0.010058031225841792,-0.0058217051068540195,0.05290870868023026,0.013000537668121504,0.012096403082589654,-0.018738557464206617,0.01780124357567112,0.05891576273384479,-0.024671483459303367,-0.00461062837293966,0.9091729500671157,0.6452753998947597,0.08037544503948571,6.47481195431201,13475.149627239442,0.0012,0.13863324739863778,0.42598615927069217,0.0,0.0,0.0,0.02962162682177749,0.0,5.418604070490057e-15,3.042673184113069e-15,0.01697184983887098,0.03231599977195757,1.0
independent_signals,20261238,0.0002941743571059888,0.010173324028719417,-0.03309486424875452,0.03587780807966422,0.018761678716000825,-0.03582642197236559,0.024859974081164023,0.016559471388899002,-0.014968542442867301,-0.043820136974772605,0.03500217805866604,0.9625092393726847,0.6403433051153377,0.05763643697783986,6.494006484855618,13472.664638490116,0.0024,0.20760471828930094,0.3196522291607993,0.0,0.0,0.0,0.032061329120348425,0.0,2.84476713700728e-15,1.4551915228366853e-15,0.0816005018664978,-0.004281169120544469,1.0
independent_signals,20261239,0.0004440059802673751,0.010457903192854206,0.007649147840796966,0.03826478865501406,0.012889127841964998,0.02592608832104969,0.00391687274315861,-0.003924566908406197,-0.0001577016154741059,0.024300774364576228,0.009679460567124865,0.944262307353487,0.7130747243541655,0.10116499740712556,6.515289232640007,13453.14622759312,0.004,0.11190410638478464,0.27936830856275097,0.0,0.0,0.0,0.0357628989015073,0.0,2.4383718317205256e-15,2.778092907233672e-15,-0.015177169163350823,0.020160593756434225,1.0
independent_signals,20261240,0.00013834748049573663,0.010022311207813944,-0.049865737638547084,0.049865737638547084,0.017504044591349455,0.029909720485519556,0.002314123481278076,-0.008763312589226385,-0.0009706738772111546,-0.06612894808820835,0.03583626099481649,0.9262775024146623,0.6439590297453933,0.07253243987486559,6.510277230370842,13422.039352971238,0.0024,0.17115146284900462,0.32430259754730917,0.0,0.0,0.0,0.030176900897809222,0.0,3.251162442294034e-15,1.8520619381557813e-15,0.034113247826653724,0.005040351650098189,1.0
independent_signals,20261241,0.00033514984016025124,0.010557128370846845,0.01605294364379312,0.03430503272123954,0.015099179725364334,0.04698537497213726,0.025963973051834063,0.006813939876791276,0.0032573953489048874,-0.03523710681528902,0.05043133449428627,0.931586330584601,0.6694996720196114,0.15295350604358898,6.529140504458131,13425.229267873823,0.0028,0.054244993562648905,0.2984028117067271,0.0,0.0,0.0,0.026000621709382887,0.0,2.84476713700728e-15,2.1166422150351785e-15,0.025040923756695803,0.00317346734593598,1.0
independent_signals,20261242,0.0003930727565087945,0.010435726785401252,-0.040631561288599884,0.043573066786217925,0.02106753513748818,-0.03915194819437915,0.001473397566528874,0.03764365338812972,0.01575841907880248,0.037170160330200375,0.018841629013635366,0.9688859818569587,0.6353557115046332,0.12431814648988349,6.493358089051087,13483.00626071561,0.0036,0.1365152646512085,0.2812533283343116,0.0,0.0,0.0,0.030878509959777478,0.0,2.7093020352450286e-15,1.4551915228366853e-15,0.03392517953208998,0.010610145111020751,1.0
independent_signals,20261243,0.0004925814944557221,0.010339181361616098,-0.009917094001013734,0.0619108442665202,0.014449948918595024,0.01040300712083036,0.0426883077891923,-0.0009415221008772717,0.008537893901797815,-0.009901078003092145,0.026346651126842913,0.9528212039443265,0.693287149152659,0.14633041356387075,6.511108271367042,13472.005090392071,0.0028,0.10180752286829074,0.24073231678575768,0.0,0.0,0.0,0.03008637736269204,0.0,2.7093020352450286e-15,3.1749633225527677e-15,0.027193328129085842,0.011016997590667803,1.0
independent_signals,20261244,0.0004013491116132094,0.010535546538651703,-0.03300753905203026,0.05333692349905408,0.012795805827061121,0.025649427486668524,-0.011509934187141597,-0.027386470201574423,-0.01620799538507918,-0.025269965710897235,0.018178115001116435,0.9551074106905101,0.6798605997961137,0.053718425063289894,6.549252198625126,13389.746560212336,0.0036,0.1830273698817955,0.3249182754207274,0.0,0.0,0.0,0.03537936799839536,0.0,2.0319765264337714e-15,2.5135126303542743e-15,-0.03996142664506259,-0.014977564080332722,1.0
independent_signals,20261245,0.0005411342030398342,0.010100430094576928,-0.04337505022745159,0.044139582858156105,0.020260726561452273,0.039236878190004466,-0.028031375795026223,0.029296166418600073,0.01583964569030151,-0.07728837491605756,0.020035130035231233,0.9781447824575227,0.7982225123106698,0.06966047256491686,6.496580911877338,13459.416695577696,0.0016,0.19013313993148753,0.3282776965168698,0.0,0.0,0.0,0.025750576457165275,0.0,1.8965114246715198e-15,2.1166422150351785e-15,-0.021727668187420716,0.05287176529613274,1.0
independent_signals,20261246,0.0005265406770261073,0.01042822380221621,-0.023093770340755795,0.04421896742474822,0.01673537555175802,-0.04125683813260838,-0.004185537986857368,0.004490311307115035,-0.007375554341611958,0.18887981695523504,0.03373024778237543,0.9740733403140851,0.6717579292514793,0.074854727679323,6.498109980778155,13470.425870603913,0.004,0.19625739631228117,0.3183410550923177,0.0,0.0,0.0,0.0321565248270097,0.0,3.3866275440562853e-15,3.96870415319096e-15,-0.028664048430029756,0.005913429419375411,1.0
independent_signals,20261247,-1.1064237247367715e-05,0.0101576308852077,-0.0329390869718664,0.039514917094868145,0.01637032647916132,0.011821055404854007,-0.004605568469943694,-0.004001989107140895,-0.0005460828126279056,0.08501092237374008,0.0008116906991476279,0.9147785579517786,0.6872034285827642,0.09400381633863202,6.50533257108373,13455.161847504938,0.0032,0.1295717485995498,0.5003307910028906,0.0,0.0,0.0,0.02546697358959471,0.0,3.3866275440562853e-15,3.042673184113069e-15,0.03463234928539563,-0.00013472862409425975,1.0
independent_signals,20261248,0.0003284706209937536,0.010187596217065855,-0.002875545317813288,0.04935568493386377,0.01814358745683673,0.021982679800062636,-0.029091405501762972,-0.004641504038577656,-0.00246544151496797,-0.006136426384135252,0.03617912464187716,0.9616933390464867,0.703293276198577,0.062442876848666555,6.464445822464573,13512.147378030491,0.0032,0.18281998710395828,0.3863072111457855,0.0,0.0,0.0,0.03415747899499233,0.0,2.302906729958274e-15,2.5135126303542743e-15,-0.0467843995600426,-0.011309227641087008,1.0
independent_signals,20261249,0.0003016381185895479,0.010211991488363225,-0.02250496590705101,0.043317300479560436,0.018087514373543973,0.010733903644560562,0.036394800601245565,-0.011392594840235038,0.00989365058643014,-0.021680234067132265,-0.009744439961003028,0.9398543794430012,0.6408180890606338,0.07690982371990063,6.515157057679908,13432.891549182135,0.002,0.20093389102388204,0.26283645755545026,0.0,0.0,0.0,0.03104382716212628,0.0,2.302906729958274e-15,1.5874816612763839e-15,-0.05391912036230961,-0.017139018387905006,1.0
independent_signals,20261250,0.0005508534094690368,0.01028081044200432,0.0006526549659106868,0.03702974511913391,0.014833091449614758,0.008200041488692609,0.005340461776363952,-0.03613277790187828,-0.009071861084518813,0.07701638432627611,-0.03222071142261108,0.9769829555793382,0.7996669425082469,0.04940409274277057,6.5031724446056165,13450.549551979238,0.0044,0.2760505359507375,0.22432464376851913,0.0,0.0,0.0,0.025431697441952172,0.0,2.7093020352450286e-15,2.645802768793973e-15,0.02407982327435051,-0.005184430769372527,1.0
independent_signals,20261251,0.0003222985997465162,0.011390855465649212,-0.053392793586515,0.05706231415412339,0.024145266457265106,0.006752242178826926,0.011250488830334469,-0.01582265314412792,0.0019672347392601535,0.13624481588660364,0.10832371270180371,0.947430815395555,0.7053419001095406,0.26525092067206374,6.5579680110795024,13470.697671287751,0.0032,0.03883398490580833,0.5428638057612962,0.0016,0.0,0.0,0.024794538703910796,0.0,6.095929579301314e-15,4.100994291630658e-15,0.060055100623516024,0.004432368986722019,1.0
independent_signals,20261252,0.00019463810896168995,0.01065072308950665,-0.008894516144166273,0.03199029504817976,0.014502707836269346,0.025158707038047023,-0.01969212032935124,0.038725025263088214,-0.023267202037624477,0.008688789196104274,0.039066585404982465,0.8873146079283311,0.7126224545407199,0.10908230051014865,6.531653138722806,13431.491117802698,0.0028,0.0797608661959056,0.333042544354925,0.0,0.0,0.0,0.0343435110460657,0.0,2.1674416281960227e-15,1.1906112459572878e-15,0.026475767576070404,0.008206480674132759,1.0
independent_signals,20261253,0.00012188641873821418,0.010304776939438013,0.009336261297610676,0.040820219838396496,0.014436842671099053,-0.00019065864437410493,0.006466592656445248,0.018594430216945294,-0.012062243596250381,-0.008281422190849597,0.003161062635013116,0.924997358110589,0.6938859539534552,0.11564078237576557,6.534149369508414,13385.34073763606,0.0016,0.10855938129694409,0.3694042689414323,0.0,0.0,0.0,0.028235779039033737,0.0,4.3348832563920454e-15,4.100994291630658e-15,-0.019510967978431108,-0.007166489368968136,1.0
independent_signals,20261254,0.00015425091248122164,0.010837475382662474,-0.004909361494981562,0.04112611455056708,0.012143061478699004,-0.0025225230356698486,0.007448224999267761,-0.0022566883998347987,0.016246562779378734,-0.020705960093609033,0.02109745795627996,0.8365131547865696,0.7033927424804213,0.12716801165455344,6.553497161230474,13400.331661093847,0.0016,0.07104509223902919,0.40961259065907774,0.0,0.0,0.0,0.02823301237180975,0.0,1.4901161193847656e-15,2.3812224919145757e-15,-0.031033992837548964,0.0059025401738471,1.0
independent_signals,20261255,0.00035170181295634926,0.009939263319663933,-0.004413994027191335,0.04946236507493519,0.018384598081396024,0.011627139706411872,-0.03197128505062816,0.0024672184970791675,-0.03743557057904252,0.06609245183947898,0.010923473602320771,0.9717238331458942,0.6720224400891818,0.06888338966705952,6.505372457266354,13429.017367485345,0.0028,0.17290247649908375,0.24230513199219417,0.0,0.0,0.0,0.03171507626626635,0.0,2.4383718317205256e-15,3.836414014751261e-15,-0.012486945137147518,0.018509986559674597,1.0
independent_signals,20261256,0.0007995997658283063,0.009954772639371315,0.0041419141774811105,0.03307768990776035,0.01459493235803149,-0.011205854666490508,-0.020903438212157812,0.018902934105423385,0.003995875235336829,-0.06328721798162817,-0.021549768632551904,0.9819363275228012,0.8095242850484264,0.02754661749062631,6.493276440061699,13441.24816881968,0.002,0.3573748129927968,0.2116525919455472,0.0,0.0,0.0,0.02391833853169656,0.0,3.657557747580788e-15,1.98435207659548e-15,0.0015272252250611927,-0.017977564362942535,1.0
independent_signals,20261257,0.00038268133554456333,0.010178414473014765,-0.016721797946764153,0.04092374441540526,0.019787072334000864,-0.007542576259766357,-0.024102941426965802,0.014082344986781266,0.012839667307195773,-0.061124116043560495,0.023247641357867124,0.9658175822065915,0.6747270506738116,0.07084504482681091,6.508260418145754,13441.017876684016,0.0028,0.14833660514087943,0.1924010083404526,0.0,0.0,0.0,0.03130238631736071,0.0,1.8965114246715198e-15,3.7041238763115625e-15,0.04190219609664742,-0.016634667602799705,1.0
independent_signals,20261258,0.00041127776108363425,0.010485140792886025,-0.006256328465746745,0.041057756416557394,0.02003925209094639,-0.021057689287812653,0.05965666119196014,-0.002930411711869522,-0.0035005254883910927,-0.06914897184407076,0.022517410198801123,0.9429174367388014,0.6639582004530302,0.13315837234012134,6.5249450788883525,13440.07301238985,0.002,0.11017689097990428,0.3001182567189421,0.0,0.0,0.0,0.028623503270881256,0.0,2.4383718317205256e-15,2.248932353474877e-15,-0.0346811754952414,0.011551314937950023,1.0
independent_signals,20261259,0.000299374351483846,0.010106550891095658,-0.03325963342778609,0.03481909041582192,0.015123457354005785,-0.0018198890761274786,-0.025631351839364467,-0.016838180458886024,-0.026266648112706383,0.018185720629471547,0.004220578304352087,0.9676743922678328,0.8045240960777784,0.013084545249789315,6.5292347609004215,13388.977599362397,0.0036,0.39214557069284667,0.3423132208806914,0.0,0.0,0.0,0.01985065157259891,0.0,1.8965114246715198e-15,1.4551915228366853e-15,0.018388381184789138,-0.011925104068554007,1.0
independent_signals,20261260,0.000128246756539183,0.010683673741181326,-0.034217662617758604,0.05266654286263538,0.016266404835616526,-0.0004927053611459081,0.0008154069462798634,-0.02688367616625695,0.016232931760588605,0.08294223539056134,0.047365560040670884,0.8637007455111735,0.7202284833517872,0.1780928435855286,6.5245885163321375,13473.28407999455,0.0028,0.04097601802052477,0.45604751482421546,0.0,0.0,0.0,0.01734904367967549,0.0,2.573836933482777e-15,1.98435207659548e-15,-0.04151596552843041,0.024318256333611264,1.0
fixed_participation,20261211,-9.625124469848992e-05,0.02274223224131306,-0.041166662979943286,0.14425249196629436,0.03612137142366035,0.19540551162049144,0.18533015372977957,0.10262602951472104,-0.029335664093307522,4.8794953806566115,0.4158281447143732,0.8357288286810313,0.3636849345745278,0.6035598530066464,7.174009886124546,13775.265467854893,0.012,0.02867510347047102,0.5438347706767029,0.0056,0.018,0.0,0.25632970897313423,0.0,2.84476713700728e-15,3.3072534609924663e-15,0.33925689577143214,-0.007851712394317768,1.0
fixed_participation,20261212,0.0003211403580273302,0.016945153993448196,-0.05897787794148149,0.10057925920597469,0.0257097573399658,0.14110166401264698,0.20068270271825633,0.04580970611775094,0.0009373028875772982,1.4606365064302054,0.37244059762448495,0.8511599419527824,0.3466676168062206,0.5619891695252289,6.7991782985356854,13691.008814139339,0.0064,0.03189431073232619,0.4251786059343714,0.0,0.0024,0.0,0.1640871738645564,0.0,2.0319765264337714e-15,2.3812224919145757e-15,0.06635537129607366,0.009650793469204322,1.0
fixed_participation,20261213,-5.289800953579977e-05,0.01587541783113831,-0.03303220374252042,0.099108225162859,0.02537814503212752,0.11685743396460795,0.12308992802869761,0.028410627088458842,0.027942086775395572,0.8445402984201493,0.33115139360444334,0.8093037469057087,0.3524904795145906,0.5756707352747314,6.834217829043011,13561.838549598091,0.0064,0.026059980341093494,0.44234922856270853,0.0,0.0016,0.0,0.12516028717026528,0.0,4.063953052867543e-15,1.1906112459572878e-15,0.04727945548465444,-0.02491579567829332,1.0
fixed_participation,20261214,0.00042381732169761505,0.011023489140569222,0.0008398872591770977,0.06221763571159363,0.024852266370296184,0.02215610319622093,0.05339937792435014,-0.0017326316683928932,0.020383073122353837,0.11502481092886718,0.11876816705731562,0.9388612523115739,0.5857306955175996,0.18094513667391526,6.550097045323209,13476.419360398748,0.0032,0.23667132727019335,0.2442482996619708,0.0,0.0,0.0,0.061096089731027536,0.0,2.0319765264337714e-15,1.7197717997160825e-15,0.02499312815622785,0.005866980911439963,1.0
fixed_participation,20261215,0.00022865477971044363,0.011243364083780487,-0.0002974430208656388,0.02445748628419949,0.01051195796409145,0.013331259987359137,0.04780743483589641,0.028999572668583776,-0.02651831053426947,0.08793219865345536,0.10483997906779166,0.8446189463876815,0.38511253038462867,0.29072421703329243,6.589327934465466,13431.634257395697,0.0028,0.18716007136646917,0.350769773819661,0.0,0.0,0.0,0.06366587269442348,0.0,2.1674416281960227e-15,1.7197717997160825e-15,-0.0013114088547257637,-0.010497899073736003,1.0
fixed_participation,20261216,0.0004365887779620735,0.010345988574637671,0.010236128087449272,0.06066098757630189,0.020472604696747436,-0.004167672148451222,-0.00046651346822666973,0.009324396666356358,0.010354688125547046,-0.07881018197228107,0.06418026957556235,0.9393653776096956,0.6847660637061438,0.0723889909203536,6.493594101363704,13488.514519245777,0.0024,0.24879375548527313,0.4304996549979331,0.0,0.0,0.0,0.04440680827413268,0.0,6.773255088112571e-15,2.248932353474877e-15,-0.06738725093419178,0.015965305661067162,1.0
fixed_participation,20261217,0.0005237859686742855,0.011174513459769244,-0.0262096111063556,0.04622849884848327,0.017895897091851198,0.03975651040006577,0.034791522090637635,0.007955390271505549,-0.0037058587149036573,0.13078656668808408,0.15277762548952997,0.9547903387164016,0.6450668446765024,0.15323584638198937,6.500345650852371,13570.97821855765,0.0036,0.2352307517067898,0.29331904736675185,0.0,0.0,0.0,0.06630499065635442,0.0,3.1156973405317828e-15,2.1166422150351785e-15,-0.04872673130292501,0.01579719077804759,1.0
fixed_participation,20261218,0.0007556777712903773,0.012469976810135504,-0.03950515992011056,0.06579660001426635,0.02845005571300066,0.09517751344556277,0.10225332739214556,0.03428491629617953,0.11105893992307872,0.9092239654895748,0.2894811593697969,0.9578929957288016,0.557319909762167,0.2688004270057458,6.54628183542603,13633.168923132995,0.008,0.1700304022012318,0.26365373755192056,0.0,0.0008,0.0,0.08503674626057767,0.0,4.605813459916548e-15,4.100994291630658e-15,-0.16467171000413058,-0.008656028085248263,1.0
fixed_participation,20261219,0.0001673797808125535,0.017547394443598693,-0.09160044428646769,0.09160044428646769,0.030437507129834403,0.11900665985023348,0.11191435785915416,0.02277867146066225,-0.024185820099083075,0.9641405057538535,0.30754497330860786,0.785216236433865,0.33519394229467747,0.5954373048411228,6.792296561562794,13798.332536881382,0.0076,0.02095901665771998,0.4422190630533753,0.0004,0.0044,0.0,0.17893149753220516,0.0,3.251162442294034e-15,3.439543599432165e-15,0.06448697892926324,0.0033244276169708048,1.0
fixed_participation,20261220,5.526091589013369e-05,0.017993738011797954,-0.04699899742437401,0.1387594776314865,0.03173331764954106,0.20330709930930613,0.13682884835747605,0.029699081675024462,0.008922713212878566,1.995700063044895,0.3827692507990124,0.7975295375889155,0.3709270725103646,0.5804930000814306,6.86513656397624,13745.72696086229,0.0096,0.0247324287452693,0.45086178603739546,0.0,0.0068,0.0,0.1571543836391649,0.0,2.0319765264337714e-15,2.645802768793973e-15,-0.041557741324993264,-0.004445105807363523,1.0
fixed_participation,20261221,0.00013820699198382905,0.013786402626571187,-0.014204413904693387,0.0885983795548819,0.026214101404504437,0.12905593141983424,0.15058471395458878,0.01503917176716577,0.00028343246807256727,1.148877254763656,0.30289309397303943,0.8220374606780335,0.37311440658797557,0.4625428708545545,6.6755406041157865,13646.98119927608,0.0088,0.06960385147622483,0.504004112476603,0.0,0.0028,0.0,0.14275456888839333,0.0,2.302906729958274e-15,3.042673184113069e-15,-0.05580325494877673,0.0009280523280866326,1.0
fixed_participation,20261222,0.0002863332754947507,0.01031073228456677,-0.0049786611785595505,0.04821024593746676,0.015954703356438914,-0.0017326634891802113,0.010248582357075391,-0.026345236708908495,0.022623586200276758,-0.06257573088496216,-0.0012020488403006106,0.8721912027338786,0.5331511558170938,0.08756009034391649,6.515416440143341,13458.547451494986,0.0024,0.2676021236308318,0.30179018312964867,0.0,0.0,0.0,0.041579724064985335,0.0,2.980232238769531e-15,2.248932353474877e-15,0.0653027895996729,0.007432027050712988,1.0
fixed_participation,20261223,0.0004580895577174847,0.012453607344322661,-0.031058453140415644,0.06553726162093867,0.023192815335083446,0.10319681632845347,0.06588923360488054,0.00690289440128073,0.027227719852593174,0.5474061556937171,0.2717161872673271,0.9351326192758317,0.3420776315053983,0.363832205032433,6.502236863233933,13684.00121736878,0.0064,0.09540659176045392,0.3746140600088974,0.0,0.0,0.0,0.09625254566312336,0.0,1.8965114246715198e-15,2.3812224919145757e-15,0.09784355294489391,0.05140891424063317,1.0
fixed_participation,20261224,0.00023183507762281863,0.021280171460906612,-0.05182483232601489,0.1612025058822783,0.029310069570859278,0.24762943137738255,0.21926410874294594,0.11787651735679658,0.022968015173548025,3.9603193560134855,0.4416183526532915,0.863728998385165,0.33537217519443124,0.5935214292814796,7.048114366187878,13724.852472124398,0.0136,0.03148942585399511,0.35510580792447466,0.0104,0.0092,0.0,0.16957160884129308,0.0,3.1156973405317828e-15,3.439543599432165e-15,0.036418471828524486,-0.028355286140470153,1.0
fixed_participation,20261225,0.000624166227081048,0.010750575949997758,-0.009460693827688669,0.04654071010649127,0.015343141005976455,0.033382813015463524,0.0026299254284337828,0.02061233329341265,0.04232151674374571,0.09961922427749315,0.14622044966537037,0.9585829298753988,0.6672045198322016,0.12090826027001036,6.4888795337517955,13512.91761990985,0.0036,0.3435969409454609,0.26949383870515564,0.0,0.0,0.0,0.050051992935957745,0.0,2.1674416281960227e-15,3.1749633225527677e-15,0.01858123991158398,-0.00041852655691831416,1.0
fixed_participation,20261226,0.00023020154294028537,0.0144239258301055,-0.04241146525744155,0.08234847005311927,0.02237305964709846,0.12852110555558968,0.1060878497734679,0.036212509247340624,0.005615936839200546,0.5163749146284737,0.2900100859413801,0.8477234469164423,0.383886225820646,0.5078800081686852,6.727007441206269,13613.31249106561,0.006,0.0275662842363993,0.39856297478752456,0.0,0.0008,0.0,0.11576230491889783,0.0,2.4383718317205256e-15,1.8520619381557813e-15,-0.013616089983868667,0.0019722233596477655,1.0
fixed_participation,20261227,0.0005008347129859693,0.012572902582154459,-0.052403269308730314,0.060752379756358034,0.02105706672748591,0.08492759647663456,0.056891337522550024,0.09400337025458352,0.032738758648412365,0.31023131708409624,0.25631552918985784,0.940867876491473,0.3807484262528655,0.34449274898482,6.554070344066968,13641.43015164057,0.0056,0.1424989483067145,0.2830414829589688,0.0,0.0,0.0,0.07832981531429994,0.0,4.063953052867543e-15,2.3812224919145757e-15,-0.0024863472003979693,0.00703017914731953,1.0
fixed_participation,20261228,0.0002952532638698308,0.013726636286589156,-0.026156425288121395,0.0965371775583647,0.033182129216372286,0.13837556998574543,0.131196305557453,0.07844973017099553,0.054191127964319866,0.9168487545232797,0.3359375206396083,0.9288008672224609,0.36415356895847384,0.41599473345842053,6.637504000298909,13629.46073429355,0.0076,0.0780971494788972,0.2740608597317453,0.0,0.0008,0.0,0.09251220326933463,0.0,4.199418154629794e-15,3.96870415319096e-15,0.061691163719917334,-0.005558466653038168,1.0
fixed_participation,20261229,0.00021913024165245466,0.011729562321607084,-0.05101471539453521,0.057178009822472065,0.021041935755095977,0.06692580723966335,0.055695050062244546,0.012192060966725577,-0.0012139878166722176,0.07128492182115487,0.20688617351247918,0.909737982351381,0.3922329385939829,0.29832359084963583,6.5744314841248235,13501.421552578511,0.0048,0.15952359770505123,0.34947408416960435,0.0,0.0,0.0,0.07246527875592457,0.0,2.0319765264337714e-15,3.96870415319096e-15,-0.05144441554147062,0.008246357187858322,1.0
fixed_participation,20261230,0.00041864614193091115,0.014599506015205918,-0.0192349362948691,0.07147608128626176,0.024530169709184535,0.09127433582540995,0.10156479989818142,0.04831963535470927,0.015869029219928266,0.8004915482016091,0.27076642304629484,0.8918883880646007,0.37380524377351027,0.480543092574493,6.638499594361115,13720.165920296278,0.0072,0.04319170961771378,0.2799370064186145,0.002,0.0024,0.0,0.12174075646880533,0.0,3.3866275440562853e-15,2.645802768793973e-15,-0.07271098987585968,-0.003538620548614811,1.0
fixed_participation,20261231,1.968751766320729e-05,0.012216254037053027,-0.019311996558774785,0.04953786073195037,0.024944004624406872,0.04901226506124752,0.07634647292065407,0.015193910207623675,-0.01917778815699655,0.12417454922352045,0.16345586146052624,0.8212798863011028,0.3685311260351927,0.37398256391680706,6.627571892470479,13493.656100409942,0.0044,0.1243153270318004,0.37703753188947164,0.0,0.0,0.0,0.08952139857288799,0.0,2.980232238769531e-15,4.89473512226885e-15,-0.011650663714180508,0.04558098469291558,1.0
fixed_participation,20261232,0.0004904593225375237,0.01828571310238258,-0.04474198372659995,0.11780089933591556,0.034857803075638884,0.2637814734835671,0.2976976720319954,0.14212169456720092,0.0754854696268487,3.1931690634999264,0.48047062032268945,0.916553333592861,0.35677087180628764,0.5238995286395329,6.795578652317079,13904.374386638809,0.0136,0.031765248975288034,0.3619425618221096,0.0044,0.0064,0.0,0.1687978243037973,0.0,2.84476713700728e-15,1.8520619381557813e-15,0.13995500585796888,0.020159254123145835,1.0
fixed_participation,20261233,0.00011174593987042165,0.012902682369566452,-0.044237410952271905,0.09212622340671424,0.019579558930261306,0.07221883262547087,0.0521749490963309,-0.010748839358499657,0.003350838454650638,0.18326379368791113,0.178225791653989,0.8180933714217004,0.3594643088020519,0.4401056372626471,6.6458920344216175,13532.495825465932,0.0036,0.13805448057414588,0.28143785737903815,0.0,0.0,0.0,0.10518860341389646,0.0,1.7610463229092685e-15,2.248932353474877e-15,-0.001189216584579441,0.06092881110978852,1.0
fixed_participation,20261234,0.0002662526662587723,0.014460429204418162,-0.052501570594575796,0.09720350556684887,0.024222148771532923,0.09833397704853422,0.09551982798028433,0.04702387104966428,0.028860075497139294,0.6907691817128421,0.27428204487541236,0.8361536119955738,0.3311128050596239,0.5268640004536601,6.687580734155169,13607.170443207615,0.0068,0.028876470421458158,0.3305527951416284,0.0,0.0012,0.0,0.11724002031831193,0.0,5.5540691722523084e-15,2.3812224919145757e-15,0.016145316414861104,0.01666351326457197,1.0
fixed_participation,20261235,0.0005658219760290219,0.01612373802305864,-0.03263652636482161,0.09896031984943261,0.033811081210456465,0.23683706884471667,0.20584750350750558,0.1373055812606479,0.07609507199476484,3.570173208129243,0.4425020833767524,0.9474769771313067,0.4063664239070492,0.4194916488541038,6.703925523167799,13708.24925757885,0.0136,0.09981531188611116,0.44741785803477896,0.0,0.0068,0.0,0.10667269775313737,0.0,3.522092645818537e-15,1.98435207659548e-15,-0.25786310070604973,0.008258352547809973,1.0
fixed_participation,20261236,0.0006918426618000076,0.010466767996350384,-0.01836208915972638,0.04453574078576024,0.017498284105397215,0.023401637518810393,-0.0022309415688221952,0.002484297870027826,0.0015710171123803742,-0.0365752212977668,0.0747812184812632,0.9528156787325206,0.7163832452890581,0.054266845237697925,6.535486815372378,13424.758557761606,0.0028,0.3523711951496741,0.1579635771845752,0.0,0.0,0.0,0.03490836843713141,0.0,2.84476713700728e-15,1.8520619381557813e-15,-0.0352893440321672,-0.020700874673893165,1.0
fixed_participation,20261237,0.00018468228767658487,0.011856516843962188,-0.003698119858283447,0.05802683596594377,0.01864363700988885,0.05351724183315471,0.03710570582308505,0.03929037334167029,0.022170455732979585,0.26348135635793213,0.17872549549757671,0.8494506283419566,0.37685509586112625,0.37344953062818603,6.569835831106991,13570.441120342635,0.0052,0.10862919432896634,0.4421624348523431,0.0,0.0,0.0,0.0927173645800341,0.0,2.4383718317205256e-15,3.439543599432165e-15,-0.03988182304010436,-0.0031490514282841737,1.0
fixed_participation,20261238,0.0002978163704968818,0.01110026291249944,-0.04959850200655279,0.05538357127911206,0.024570226903590953,0.03429061628816628,0.04421184467893225,0.036383614687525066,-0.010037286624798723,0.025504982761793915,0.16664185275052326,0.9182370611292928,0.366992250349426,0.24068718868108124,6.515662813403601,13550.267000742382,0.004,0.1953083427580183,0.3239315620718948,0.0,0.0,0.0,0.07347685986383357,0.0,3.7930228493430395e-15,2.1166422150351785e-15,0.08049987156733711,0.031651529867160494,1.0
fixed_participation,20261239,0.0004572265287479169,0.013217480121772823,-0.03207799324997909,0.05763539525321456,0.020050022748766168,0.10972602908273033,0.08266458955262639,0.051590090365372224,0.041370939089320026,0.6904668696874685,0.2531625794039951,0.9023029099116976,0.39837587831982635,0.4055904507665824,6.61605133761675,13650.091523397065,0.008,0.08751234578442377,0.3048156312405951,0.0,0.0008,0.0,0.09626928214398234,0.0,4.199418154629794e-15,3.5718337378718635e-15,-0.049656008255087446,0.023029975236339505,1.0
fixed_participation,20261240,0.00014688071753174653,0.010956528307575188,-0.0404595092548926,0.04226694985478315,0.022852965049111856,0.05128821011849046,0.060752896545089544,-7.530247098665927e-05,0.02263819422576754,0.10760556193424797,0.14147573797230176,0.8389963276393533,0.3596060771883466,0.2869398342587038,6.532873542279289,13526.750727580244,0.0032,0.13671037381264478,0.3284263904982728,0.0,0.0,0.0,0.07435983422454528,0.0,3.3866275440562853e-15,1.7197717997160825e-15,0.060788487516998224,0.012853024665148403,1.0
fixed_participation,20261241,0.00036045780061589775,0.015822617287768303,-0.03630124512193188,0.10770064434256464,0.03914420570932268,0.12085283918280043,0.12044325263563645,0.04359980026256463,0.010300739938037207,0.7366268816195953,0.31479256841668163,0.9013687828165803,0.32462165307336827,0.5380904938000256,6.796296760882894,13629.480544577216,0.0064,0.03519224372484568,0.29140135272855117,0.0004,0.0016,0.0,0.11115722138530026,0.0,2.1674416281960227e-15,1.8520619381557813e-15,0.09350699388355259,0.007061022476919339,1.0
fixed_participation,20261242,0.00041833913897341795,0.013276115882736639,-0.03074807117122182,0.08628640567597348,0.030809047007726843,0.11097083068500267,0.1278523367280144,0.1111016937568276,0.07604459703033402,1.0563940842309663,0.33360470077355464,0.945131097189019,0.3537010939845939,0.3978755125646231,6.588613079164329,13653.814000526216,0.0072,0.11773251021563724,0.2778018676163657,0.0,0.0008,0.0,0.09762809672839556,0.0,1.0024417530406605e-14,2.9103830456733705e-15,0.031507990279630735,-0.012937949553697247,1.0
fixed_participation,20261243,0.000490188393834983,0.013831787326705825,-0.013297479157792377,0.11710196659323747,0.033586038028332085,0.09151442095238914,0.11043465838622137,0.05049632326351113,0.06455016232333462,1.1059226631188057,0.289083120216992,0.8937391368389844,0.3592077717781181,0.47517524987630616,6.548678065211359,13836.716654722986,0.0072,0.0759990881772277,0.2593643471925987,0.0,0.0008,0.0,0.1326319709726813,0.0,2.4383718317205256e-15,1.8520619381557813e-15,0.1490795595950616,-0.03145470978994187,1.0
fixed_participation,20261244,0.00041099332711391057,0.012331566528423748,-0.011421489138340913,0.0571233160268751,0.018125385375964788,0.08082966070420844,0.03813436460064529,0.03887599452525519,0.023274283350471957,0.41534391868928644,0.21484432248649768,0.9041638119514324,0.36909357269684756,0.3487863621263582,6.588173821906076,13532.88030565367,0.0052,0.18509109329108614,0.3342641295061466,0.0,0.0,0.0,0.0986510612461382,0.0,1.3546510176225143e-15,5.820766091346741e-15,-0.04716757741510555,0.018626025779292447,1.0
fixed_participation,20261245,0.0005665947479847077,0.01257394087845401,-0.043417766019556894,0.07323152676497996,0.029047394410655618,0.16447508370904182,0.1510266099803676,0.11172004738230389,0.04401164249326762,1.0938537074457253,0.33496853889770073,0.9561358345333372,0.5144651493938414,0.2828251796285907,6.5653809628771,13626.378498497272,0.0084,0.18283494390085844,0.3362129377048175,0.0,0.0012,0.0,0.08978288427708403,0.0,1.8965114246715198e-15,1.8520619381557813e-15,-0.11940371576010693,0.056862332819124534,1.0
fixed_participation,20261246,0.0005436766711248552,0.011940522554796586,-0.021800367414713803,0.05358190767702845,0.016434134667552315,0.0416079801258545,0.06639427498760354,0.019161946617494784,0.03558507279624318,0.405693026688529,0.23946774122815526,0.9491116282246483,0.37978226840252327,0.28549182467775336,6.480794087453231,13674.347622841171,0.0048,0.12934580537312423,0.30944418353742065,0.0,0.0,0.0,0.0814970694243633,0.0,2.980232238769531e-15,3.3072534609924663e-15,-0.0005707412783828033,-0.0014976684287216515,1.0
fixed_participation,20261247,-8.59369697762844e-06,0.012423973537263613,-0.074517091176492,0.074517091176492,0.01965527241458935,0.11136274121636389,0.08415505518661633,0.03186240304571896,0.017750514815807052,0.574944714789206,0.23888616997853931,0.8716270379567093,0.37171817793184103,0.41319017743276865,6.6655803821767305,13482.748784597266,0.0052,0.053989549677778394,0.5143291795648657,0.0,0.0,0.0,0.0809701285682014,0.0,2.7093020352450286e-15,3.96870415319096e-15,0.05235985975662807,-0.032706667696037126,1.0
fixed_participation,20261248,0.0003412525451598544,0.011972078093748808,-0.03651389467215254,0.06834230339431674,0.025095087789777558,0.10101419720107288,0.10306212927628426,0.027274315724067057,0.0047290421847330354,0.7376600179203043,0.2610641366855784,0.9160014074063074,0.41681065716570936,0.3110750891874252,6.547975373260953,13660.215176511982,0.0068,0.18209516509558168,0.3878229982127738,0.0,0.0004,0.0,0.07942174572839433,0.0,3.1156973405317828e-15,3.5718337378718635e-15,0.021063736439801535,-0.008142278274822176,1.0
fixed_participation,20261249,0.00031777090132915545,0.011317966241131922,-0.055926479932291384,0.055926479932291384,0.01921948354307649,0.03181931284750875,0.04524496366948737,-0.007449990858972872,0.009315244409371799,0.014876953848624641,0.14165082190426226,0.8728264706371655,0.33290293183548963,0.29717139626446065,6.500514548679568,13615.58059199237,0.0028,0.17873163505112885,0.25902481101189134,0.0,0.0,0.0,0.0834831927827211,0.0,2.0319765264337714e-15,4.762444983829151e-15,-0.027934722483082316,-0.039946303817336784,1.0
fixed_participation,20261250,0.0005512739788804566,0.010762178910420089,0.011807350524847248,0.04602483448854103,0.018565977403264385,0.002441680222398894,0.02575709165807677,-0.03348742920583627,0.012393027653954235,0.011399365120448923,0.055207102743323876,0.9481590359628871,0.6134029201124371,0.1489444693024102,6.481071066379959,13563.0396601497,0.0036,0.26849097139418493,0.22425701535033482,0.0,0.0,0.0,0.05973610444256039,0.0,2.84476713700728e-15,2.3812224919145757e-15,0.016395954302562004,-0.009171897964470517,1.0
fixed_participation,20261251,0.0003735291838174678,0.023683937469144545,0.07688518898808447,0.184929140710778,0.0577275949555634,0.3982281327167054,0.3014856289949849,0.17202173657007921,0.07425356889253527,10.339318005501703,0.5524232761921264,0.9343800920985862,0.4362104684331044,0.4991470886806274,6.960204000907428,13927.39574793475,0.0148,0.149935942728654,0.5732301645219298,0.8856,0.0188,0.0,0.17804495777170892,1.0,2.573836933482777e-15,3.439543599432165e-15,0.2866524189231516,-0.03813311547112624,1.0
fixed_participation,20261252,0.0001959544046106682,0.013916239784531298,-0.009218188836452677,0.07252451128751525,0.019943149972200626,0.03546891820885503,0.06784160574666695,0.026688142027964063,-0.015199631507158183,0.6370320575387103,0.2361338482602451,0.8103786186405305,0.37481191735737396,0.4690082021248335,6.682254841556897,13574.852568873193,0.0048,0.080266703028597,0.3394403315059926,0.0,0.0004,0.0,0.12903138384714086,0.0,2.1674416281960227e-15,2.3812224919145757e-15,0.14491324263537778,-0.0325219200307635,1.0
fixed_participation,20261253,0.00013685027561743227,0.013997552983962516,-0.05224276454369744,0.05224276454369744,0.02420969399378577,0.0916666968811681,0.1230365017145995,0.035868240390916926,-0.0075469843585076,1.4637634548737566,0.2924386370677398,0.8763310188828161,0.3645497036826858,0.47627753084171937,6.709838524778615,13536.872502703685,0.0048,0.06876149196260008,0.363812024736482,0.0,0.0008,0.0,0.09965563400404243,0.0,1.0837208140980114e-15,3.5718337378718635e-15,-0.06558385088849686,0.006355129317756734,1.0
fixed_participation,20261254,0.00019252628520724998,0.015809489863553385,-0.04439845020003306,0.09677934322076524,0.025139607683723513,0.13617310023953622,0.16470931455512727,0.05092970415597253,0.004622202941315224,1.455413927469066,0.3224640713976133,0.7887556155762606,0.3524165102729361,0.536756924750709,6.791314124719753,13644.091869551577,0.0076,0.02663369926948349,0.41617010733476,0.0,0.0024,0.0,0.14840954547650753,0.0,3.657557747580788e-15,1.4551915228366853e-15,0.04667357553445268,-0.011918430000603582,1.0
fixed_participation,20261255,0.00036134429991824425,0.011979296269227138,0.0038701863381777964,0.07331823068308368,0.01893408459992608,0.10318646653542467,0.10956790261441218,0.052433267478657494,-0.005419832455272202,0.6974759453942512,0.2890143021064015,0.9419313618735446,0.38410837151252697,0.30777503817188867,6.578306141513258,13547.351242032137,0.0068,0.14389984081977067,0.2408953457105557,0.0,0.0,0.0,0.07867907788983453,0.0,2.0319765264337714e-15,1.5874816612763839e-15,0.01583012354522162,0.042056375914028936,1.0
fixed_participation,20261256,0.0008033510215661821,0.010460714857302173,0.010668439031361015,0.05019881745149363,0.018491450812489228,-0.00013627035803305196,0.0044746424372077,0.021206497234428866,0.033405338210260226,0.014621456773518116,0.10928026404524782,0.9618755827360929,0.6736008604301454,0.11790638814137826,6.456648318168275,13569.761136375451,0.0024,0.3521522490043214,0.21166367827482424,0.0,0.0,0.0,0.05033827458887341,0.0,1.625581221147017e-15,4.233284430070357e-15,0.02130922060666889,-0.030998061618020628,1.0
fixed_participation,20261257,0.0003934858505554651,0.012081504320841258,-0.05587609391821821,0.05587609391821821,0.019405105438702268,0.06862152801875415,0.05029699107719707,0.05123010438882115,0.030704948428245084,0.11984232392448879,0.23705972871773545,0.9377774196499825,0.3528846162743188,0.35464944614663396,6.551414842858941,13551.843531770175,0.004,0.1099132708372948,0.19284212090160158,0.0,0.0,0.0,0.0779783204090605,0.0,2.4383718317205256e-15,3.3072534609924663e-15,-0.011984860355017094,-0.035136691125095924,1.0
fixed_participation,20261258,0.0004206039013963828,0.012996061716482201,-0.0049261566625578845,0.07478533844504014,0.017666838831975624,0.0488471958865039,0.13182066775306445,0.03768856476246998,0.034740471262181695,0.7377278599893193,0.268410169016682,0.892781851273993,0.4093600220557027,0.40601151821507303,6.580588727665835,13727.138874742974,0.0068,0.06905894871895116,0.3215680344227887,0.0,0.0004,0.0,0.10523592577973195,0.0,2.0319765264337714e-15,4.762444983829151e-15,0.02671484812107933,0.018207904254482155,1.0
fixed_participation,20261259,0.00029825729007879075,0.010136721805833807,-0.03772837296353772,0.03772837296353772,0.01588663905933361,-0.002442680994753244,-0.029180936895693253,-0.013909694663459399,-0.028831408985548285,0.00985414872337298,0.013438057327945178,0.9199974577976968,0.7120948984453784,0.025117680676552078,6.515053706646895,13419.229791720196,0.0036,0.426859764101528,0.3420454288841518,0.0,0.0,0.0,0.04346607503562172,0.0,2.7093020352450286e-15,1.8520619381557813e-15,0.014269131466110889,-0.014402662653168042,1.0
fixed_participation,20261260,0.0001323011561734333,0.018719756675670517,-0.04433949907930112,0.1344946352349257,0.030670739300679355,0.1619974131577698,0.16460818177762965,0.050704494030419114,-0.01965534084777035,2.368132999280668,0.38543919705315016,0.8246662376057647,0.3353311609210951,0.5807920316580417,6.961117172826496,13683.635090075219,0.0108,0.024214173903750132,0.4595628857724139,0.0008,0.0072,0.0,0.16869849811592696,0.0,1.4901161193847656e-15,2.1166422150351785e-15,-0.15505297505916638,-0.026864710889235824,1.0
fixed_liquidity,20261211,-0.0001293538887215842,0.01839182605147469,-0.005549598173297839,0.13136886597825498,0.029511866326550423,0.0900177030300299,0.05447043421351233,0.012280984317204004,0.010858668746090943,0.3442382511582065,0.29061187423487683,0.7805159472244392,0.43575894320681857,0.6164630179356151,5.690960387726206,16000.0,0.004,0.020317217574668308,0.5315644346054778,0.0,0.0044,0.0,0.20707506741523551,0.0,4.3348832563920454e-15,2.645802768793973e-15,0.06790469466111726,0.031948256796559965,1.0
fixed_liquidity,20261212,0.00031422991275189,0.014191533039035628,-0.016241977361355908,0.09659660562537141,0.022790679111663693,0.0969892749928713,0.09762422419531579,0.0022335090859704836,-0.008720887393561663,0.5330524820217457,0.26237091918764593,0.8330544291572264,0.4467179457147597,0.4907146513337587,5.533756594832573,16000.0,0.004,0.04245716844390303,0.4069093789470074,0.0,0.0008,0.0,0.11703248505170505,0.0,5.0122087652033025e-15,1.1906112459572878e-15,0.043700253960839326,0.011985726362675754,1.0
fixed_liquidity,20261213,-5.918065051490338e-05,0.01342745032522706,-0.0009753319137964511,0.0568891014085832,0.019928633929858983,0.08230239413667345,0.039432599133524156,-0.006591410923383943,0.04469873638535617,0.32690123121157066,0.23358046065883994,0.784110913619468,0.44407955206772637,0.5019220126789593,5.5073130699976485,16000.0,0.0044,0.050466512644377653,0.42819304710153294,0.0,0.0004,0.0,0.0964292101844717,0.0,2.980232238769531e-15,3.1749633225527677e-15,0.015581216348385279,-0.027008566500430042,1.0
fixed_liquidity,20261214,0.000424965806917853,0.010666467068026538,0.011169881666520736,0.054287375699795255,0.022658563159972833,0.00020439976440733766,0.025843442360373732,-0.015564427094752814,0.013906100228902563,-0.005894759873066757,0.06491766725870791,0.9301903903087427,0.6474637058238947,0.14426913219521795,5.408659993718645,16000.0,0.0028,0.24511856239551524,0.23868994266602095,0.0,0.0,0.0,0.05178352028304678,0.0,3.1156973405317828e-15,2.778092907233672e-15,0.010968641061561738,0.006044919687033728,1.0
fixed_liquidity,20261215,0.00023243247344264013,0.010829187114817373,0.012814908441335354,0.026703014489713243,0.010861461124301721,0.007082961968400587,0.03320573803599115,0.02600637366588585,-0.0235749139632762,0.013957963534213746,0.06275492811238266,0.8289123710006557,0.44856778361420574,0.23337713621019598,5.415864256174862,16000.0,0.0012,0.1949912849186295,0.3573114482634263,0.0,0.0,0.0,0.056869024673440904,0.0,2.84476713700728e-15,2.3812224919145757e-15,0.015449410226389562,-0.002381751383587239,1.0
fixed_liquidity,20261216,0.0004384853342009215,0.010239493599143196,0.015211788475819284,0.05727403324111044,0.020944315278392318,-0.006583518850316321,-0.004736518924066122,0.00806594658913537,0.011320534875702953,-0.10734440964662939,0.04190346761986254,0.9341250744039259,0.7293182473492784,0.054331137800541794,5.394142115372781,16000.0,0.0028,0.27739940085685966,0.436437818821096,0.0,0.0,0.0,0.03961942912643135,0.0,1.3546510176225143e-15,3.7041238763115625e-15,-0.06902699423846313,0.016570950998836726,1.0
fixed_liquidity,20261217,0.0005267441669141633,0.010780640109386857,-0.014073784371192518,0.04864106632568158,0.015612137693271706,0.01324572632775106,0.008945655485425016,-0.008027947443363548,-0.011425123281563943,0.04949914178252568,0.09607992310949774,0.9491943441386607,0.6993633537751967,0.11751595061401832,5.413585045870922,16000.0,0.0028,0.25257870926941367,0.2947933652949857,0.0,0.0,0.0,0.05706925936230789,0.0,3.522092645818537e-15,4.365574568510055e-15,-0.05919322922001427,0.020021593991407245,1.0
fixed_liquidity,20261218,0.0007572303413652619,0.01144728531232204,-0.028024511960135775,0.05494924559755399,0.02441820090525793,0.03482079423359137,0.027297663997242753,-0.009682256936308363,0.07817421143948547,0.3236147409484911,0.17373162721175195,0.9509429390892932,0.6227077794258302,0.21952054575974914,5.436541047268561,16000.0,0.0048,0.18767974257952616,0.2410218958661683,0.0,0.0004,0.0,0.06989541678810118,0.0,3.7930228493430395e-15,2.3812224919145757e-15,-0.13564624745022166,-0.014840907718538753,1.0
fixed_liquidity,20261219,0.00015815305923554774,0.01462983249936491,-0.036259199556437485,0.06219955470723274,0.02183522371412364,0.058487823129274225,0.04529410263812925,-0.00441813795580819,0.002241872686317185,0.40758014647231766,0.21319916814190457,0.7879810289871096,0.43756938894600306,0.526736069689169,5.554467515809789,16000.0,0.0072,0.027606840674713497,0.43238440607896267,0.0,0.0,0.0,0.12393550297016231,0.0,7.992441003972834e-15,1.8520619381557813e-15,0.09242049621786484,-0.003755853033014366,1.0
fixed_liquidity,20261220,4.749026474930425e-05,0.014699551452483436,-0.007956251720387839,0.10010940692829272,0.025613638115458342,0.12669625796368708,0.04003206572931726,0.020730825944686237,0.03141068514520333,0.5052849024769319,0.27658455816891564,0.783925544367477,0.46668852547977885,0.5224797612092276,5.553181834773711,16000.0,0.0044,0.026849793907492772,0.45240215076720536,0.0,0.0008,0.0,0.10930815104373526,0.0,1.3546510176225143e-15,3.7041238763115625e-15,-0.06846694965208,0.019968700998883714,1.0
fixed_liquidity,20261221,0.0001289021205806563,0.012141610925982892,0.022578093596919382,0.059035486134793806,0.02090259512953235,0.0757995180014327,0.06517850236539179,-0.03681158593177324,0.0004485383285118742,0.38275373445303273,0.1736707258931974,0.793441480676998,0.4693708786438816,0.38775066218968063,5.459902128331024,16000.0,0.0044,0.09437118978280719,0.49142686367912547,0.0,0.0008,0.0,0.11438951010744391,0.0,2.84476713700728e-15,1.8520619381557813e-15,-0.06591031698652622,-0.021529973666186426,1.0
fixed_liquidity,20261222,0.0002903137183888081,0.01025686121177072,-0.0006607215285828721,0.04843714878209446,0.015783601457402978,-0.0067204952558343285,0.005642289756337619,-0.023915215863607963,0.018989753444792923,-0.05410445392183316,-0.014158921364182968,0.866852692671538,0.586404524863887,0.06846849403977781,5.394427076188649,16000.0,0.0024,0.27821180099262455,0.30455152585304646,0.0,0.0,0.0,0.036846627877849425,0.0,1.3546510176225143e-15,1.7197717997160825e-15,0.06684885540136211,0.008154138598525287,1.0
fixed_liquidity,20261223,0.0004512973951213798,0.011631624932397845,-0.0038784400213453516,0.04613568950259923,0.015760160665866253,0.061768321625380714,0.0208799951398339,-0.01701002560267008,0.010887743305070911,0.20609840644619748,0.18328332734962074,0.9218432869126086,0.4249243246926464,0.3129828072505141,5.443434764003109,16000.0,0.0048,0.13751946313924548,0.3787113765418708,0.0,0.0,0.0,0.08535170519265955,0.0,3.1156973405317828e-15,5.0270252607085486e-15,0.060134006511228244,0.04714877834500382,1.0
fixed_liquidity,20261224,0.00021204994770575994,0.016516792883219524,-0.01462693833287377,0.12285994762136448,0.021832060622756045,0.09331533480487371,0.07433013922474799,0.0512970437268132,0.01720842130502278,0.3550465299912773,0.2891013436368099,0.8390463745792682,0.42270350431668496,0.5746495998621275,5.62090424736946,16000.0,0.0044,0.02553313254078795,0.3220280154278209,0.0,0.0016,0.0,0.12806657108607844,0.0,2.302906729958274e-15,2.5135126303542743e-15,0.07437945168728025,-0.024586559161954145,1.0
fixed_liquidity,20261225,0.0006319253951739018,0.01049592344288269,-0.0033463746022589736,0.038091692085967736,0.014302543777644066,0.01660324234422181,-0.019813490887614228,0.018942013439062124,0.03626225520938944,0.033543082813315195,0.07991005467808408,0.9533684707576267,0.7291256083845616,0.10015915525216701,5.402987147794288,16000.0,0.004,0.3037905503143404,0.27052091387731103,0.0,0.0,0.0,0.03700288093681037,0.0,2.7093020352450286e-15,1.5874816612763839e-15,0.02697794727109235,0.0033537519327671308,1.0
fixed_liquidity,20261226,0.00021909862192408483,0.012658517481640333,-0.00886528480959761,0.06406670746054074,0.020242933287204133,0.06173762096153602,0.03919241419676581,0.009488075895240736,0.009101197767522206,0.036253168202985186,0.1823162236526092,0.8166996076286631,0.46951001841677836,0.43993617486254466,5.482248775809407,16000.0,0.0028,0.06808055035368359,0.37696222294016024,0.0,0.0,0.0,0.10688815403968399,0.0,3.251162442294034e-15,3.1749633225527677e-15,-0.021840306394348506,0.007717123852778743,1.0
fixed_liquidity,20261227,0.0005063459205578102,0.011567746939690761,-0.02107098299428073,0.041780026688854985,0.01703018290595488,0.037564739005548665,0.002646567053185268,0.07210728642866941,0.013229990374494368,0.043149830272882994,0.16441451091921586,0.9290224275332526,0.45393115140633866,0.27417086797198137,5.442341115416581,16000.0,0.0036,0.15575054717762501,0.2836452526928498,0.0,0.0,0.0,0.06663571410060998,0.0,3.251162442294034e-15,2.5135126303542743e-15,-0.004985348443628342,-0.003866815030489223,1.0
fixed_liquidity,20261228,0.00028813754761356414,0.012326990186615394,-0.0033721907376641977,0.0744331257981581,0.02371741555753095,0.09577700697032428,0.054211099385735866,0.04601727979224291,0.024022672661020154,0.271193822916302,0.2445048582207176,0.9147179934237831,0.4502165109165086,0.3509563866567705,5.46449428038746,16000.0,0.0052,0.11059457036083009,0.27043446486058187,0.0,0.0,0.0,0.08008920109823547,0.0,3.1156973405317828e-15,4.100994291630658e-15,0.042136858527745236,-0.01455320573879786,1.0
fixed_liquidity,20261229,0.0002158431762328515,0.011151528402889743,-0.041174243500889995,0.0450433371633537,0.01713645577158018,0.045887699261718554,0.017701594730440966,-0.0001230551235797443,0.0009827431658328946,-0.06145036281303673,0.12337533766889915,0.8942615601562542,0.46009347664577666,0.24213717425518752,5.427773038130433,16000.0,0.0028,0.17991685556558504,0.35128069035993326,0.0,0.0,0.0,0.06212309888477896,0.0,1.625581221147017e-15,3.7041238763115625e-15,-0.06176276097779003,0.007585341837092965,1.0
fixed_liquidity,20261230,0.0003955871793465107,0.013083341685976739,0.009858367956846647,0.07119197955447823,0.020735709237849217,0.05474833124829891,0.035437889641129754,0.02188943221091538,0.015148172585242765,0.46459285158862196,0.19754345489106706,0.8691026448965299,0.45745953137282275,0.4229551243543155,5.495077904926917,16000.0,0.0056,0.06692319227920393,0.2629235616943323,0.0,0.0004,0.0,0.11494887650478902,0.0,4.470348358154297e-15,1.3229013843969864e-15,-0.08587560255423644,-0.003345479072583387,1.0
fixed_liquidity,20261231,2.1201135065116717e-05,0.01140784302648827,-0.008495079035419585,0.050078330153672176,0.020985413215574754,0.023498640996977956,0.04312558487883001,0.013026785673296935,-0.012644243593149192,0.024362694674399332,0.09415831979828612,0.8000552727483659,0.4455172702172387,0.29588050321554543,5.437270088910067,16000.0,0.0032,0.14318942050420244,0.3745729689637348,0.0,0.0,0.0,0.07334408247788327,0.0,4.3348832563920454e-15,1.8520619381557813e-15,-0.017028905800977098,0.04150747502793212,1.0
fixed_liquidity,20261232,0.00045236811383678557,0.01502873047815418,0.00794899339123327,0.076391638875488,0.02318350455728797,0.1356864881182144,0.13225302236988631,0.07385690475019445,0.09418911377972368,1.004969921412977,0.3443936601433106,0.9032912478701102,0.4576600063758419,0.4900090362277551,5.558487456674952,16000.0,0.0052,0.05750825300290178,0.3691206623862191,0.0,0.0012,0.0,0.1329484463900965,0.0,4.063953052867543e-15,3.3072534609924663e-15,0.09271119414969678,-0.007009346238507471,1.0
fixed_liquidity,20261233,0.00011847638577328255,0.011648601769258516,-0.016618475239611873,0.06262822180336824,0.016950095742257594,0.05156111118879342,0.0004687207316560695,-0.01619676112992747,0.00866947627873956,-0.08582054715998133,0.09003057676717943,0.8016045518123768,0.4371749939284529,0.343163001105807,5.445893554477879,16000.0,0.0012,0.12563636869866582,0.2788371277703907,0.0,0.0,0.0,0.08107688161006088,0.0,3.251162442294034e-15,4.497864706949754e-15,-0.03693905709154076,0.06070526634604082,1.0
fixed_liquidity,20261234,0.00024189147737849624,0.012714226799695732,-0.011274333958078713,0.06414474303532207,0.02224479059766562,0.0747391572370926,0.04502220700481675,0.028947676376670336,0.02651804795301624,0.33975345863812123,0.19069231789753943,0.8100658326549136,0.4326352345753185,0.447902088516254,5.481321315329682,16000.0,0.0056,0.06950171113589995,0.3241857792310049,0.0,0.0004,0.0,0.09561680238423853,0.0,5.283138968727805e-15,2.5135126303542743e-15,0.02624039158950498,0.023393125244598724,1.0
fixed_liquidity,20261235,0.0005679483538726405,0.013521363425560649,-0.008265090758324859,0.0660044606804378,0.026856333908884134,0.1236638047181978,0.10779703909099977,0.07288319878242783,0.07162328104129244,0.7658509094577748,0.3260124187202743,0.9402418809668266,0.4784133521199122,0.3724477160359729,5.503943773395121,16000.0,0.008,0.11102958595031837,0.43266434957627653,0.0,0.0016,0.0,0.08505623503699833,0.0,6.502324884588068e-15,3.042673184113069e-15,-0.0668274751698181,-0.00042314972533584054,1.0
fixed_liquidity,20261236,0.0006993422473912595,0.010367536840230751,-0.012195853381693105,0.046205335199774704,0.016963688738234478,0.018187817145279974,-0.0049511008802693305,-0.0055317913071093626,-0.0020467887724764295,-0.05602306979925942,0.03680864502564881,0.9479519881096659,0.764775958171015,0.046257517094618485,5.399404028529296,16000.0,0.0032,0.3718735088445757,0.1587378923455558,0.0,0.0,0.0,0.033363515265627086,0.0,3.928487951105291e-15,2.645802768793973e-15,-0.032782648902525,-0.02332342399011333,1.0
fixed_liquidity,20261237,0.00018339556517909443,0.011036629146070395,0.007179190646739394,0.05340803096755656,0.017009482371587274,0.01452342976346217,-0.006462952010437404,0.02304791510319227,0.016575189879301427,0.060902207294899036,0.09024973526876638,0.8228580156448736,0.4567906315338962,0.3042987268104978,5.422767260550532,16000.0,0.0028,0.13650577557405857,0.4333905625321106,0.0,0.0,0.0,0.07889446869606642,0.0,2.7093020352450286e-15,2.3812224919145757e-15,-0.020510738135742997,0.005292488463961986,1.0
fixed_liquidity,20261238,0.0002998258025820199,0.010688884611806702,-0.03677445917787462,0.043268479926871654,0.021795863249997806,0.010314586046247713,0.027399522977436985,0.020653779938635396,-0.011765220908028581,-0.024897622455764434,0.11045747041790756,0.9077796324465577,0.43676538769017687,0.1855148781565672,5.409658351789551,16000.0,0.0032,0.20097917673671595,0.3228049015093294,0.0,0.0,0.0,0.06351407712470403,0.0,3.7930228493430395e-15,2.1166422150351785e-15,0.07903717030226586,0.02275948830370256,1.0
fixed_liquidity,20261239,0.00045059790764294866,0.011814447596674708,9.535948959689876e-05,0.0398197974836327,0.01703146467371478,0.04920944771754657,0.018034220830345078,-0.0032549967088682653,0.039866695279188666,0.09597024379220809,0.1385128485964653,0.885123991211377,0.47437567856221635,0.33050416063454974,5.450852835741997,16000.0,0.004,0.11076888112727397,0.2931238300787612,0.0,0.0,0.0,0.08110848645059976,0.0,2.4383718317205256e-15,1.5874816612763839e-15,-0.07284735946903065,0.028733048989129123,1.0
fixed_liquidity,20261240,0.0001437362403310658,0.010554037685655314,-0.023909517144770756,0.04153212763475999,0.019873633550063535,0.03781387578610446,0.03664694522362476,0.000969140426490144,0.024392512516283934,-0.02435910980838507,0.10127254984144683,0.8217816269202453,0.43254650459839294,0.2317063146063047,5.404159781369588,16000.0,0.0028,0.17295355186522288,0.3314889081203788,0.0,0.0,0.0,0.06464758797364656,0.0,2.84476713700728e-15,6.085346368226138e-15,0.05894213314219023,0.010920960551541532,1.0
fixed_liquidity,20261241,0.00033357524476982904,0.013601785950432072,0.010836810926304076,0.0836877808408882,0.029005392993489993,0.049031244719381875,0.028016363025432776,-0.010281519165734367,-0.00013251465329083132,0.031476557521011195,0.2043640041226899,0.8711471371857589,0.406562315048982,0.49093753903713844,5.516704436214508,16000.0,0.0024,0.06092678221006043,0.29295064966448014,0.0,0.0,0.0,0.10281978310898121,0.0,2.1674416281960227e-15,4.497864706949754e-15,0.0302444857087054,0.0026434335646562416,1.0
fixed_liquidity,20261242,0.0004152435167683901,0.011898752392455084,-0.010084423308243221,0.0766880980302157,0.026786992246003116,0.027399643843366794,0.03132423594461035,0.048398688198173716,0.04224797336600263,0.3267742054097864,0.19976600182410284,0.9339680433213646,0.4264558666353965,0.3346109781897751,5.452088424631534,16000.0,0.0048,0.13286748877395912,0.27974486353835337,0.0,0.0,0.0,0.07914919616484717,0.0,2.1674416281960227e-15,2.645802768793973e-15,0.04051576094271859,0.009478613612625933,1.0
fixed_liquidity,20261243,0.0004934603642034219,0.012338785196247235,0.020638962793872354,0.09021613871427976,0.02465737005432811,0.05476189154421544,0.06394506301951948,0.032876904725107264,0.06008029335781027,0.3207071255920333,0.20984530374010174,0.8889753471242996,0.44367059197525993,0.4091688288313636,5.4684876206862985,16000.0,0.0052,0.09355178540790024,0.25404321668495056,0.0,0.0,0.0,0.10116965752154239,0.0,4.605813459916548e-15,5.820766091346741e-15,0.05707826424513798,-0.016465805095622718,1.0
fixed_liquidity,20261244,0.000413515002959516,0.011480842684573073,-0.007246606219434966,0.05102474308128684,0.014156065323987641,0.056617808173386484,0.005294147294214007,-0.0015590318784225194,0.008419492343811858,0.17220033944752178,0.1395480315348096,0.8955823671181814,0.44350433559314967,0.2652361105603339,5.4375591065598075,16000.0,0.0052,0.1609223266738843,0.33042328219521033,0.0,0.0,0.0,0.07499412788110438,0.0,1.625581221147017e-15,1.98435207659548e-15,-0.04967020114590764,0.011612177519576576,1.0
fixed_liquidity,20261245,0.0005568054355272664,0.01131867508940281,-0.02930172767676043,0.054730821078231996,0.022853915828412404,0.07333133853976877,0.048787506262730616,0.04197533855650208,0.03033527026079704,0.0924942302186591,0.20534990165635117,0.9496563303715839,0.5890738065873646,0.2342100050201938,5.431383924399194,16000.0,0.0032,0.18997114720952796,0.3303888499944776,0.0,0.0,0.0,0.06850007299395577,0.0,2.573836933482777e-15,2.248932353474877e-15,-0.05600372922099969,0.06497942317441724,1.0
fixed_liquidity,20261246,0.0005359528751214512,0.01130455403920962,0.001007644365689402,0.04647195169986724,0.01498509883863231,0.01558911143108741,0.03247939106324404,0.01125391429237016,0.013002622449656222,0.24085044910941944,0.17157982659674595,0.9397499656147564,0.45178977187772723,0.23408871060111644,5.431619641180228,16000.0,0.004,0.17305135709559247,0.3106131168904086,0.0,0.0,0.0,0.0780561971292093,0.0,2.84476713700728e-15,2.5135126303542743e-15,-0.0057596050886776365,0.0023009237740939893,1.0
fixed_liquidity,20261247,-8.795998894599322e-06,0.011426568259560578,-0.03769027260085646,0.04492602439473551,0.01378831596547912,0.04951647175616974,0.022277217415732797,0.007790121104360982,0.021224292507064528,0.09369432533928057,0.13664658378876832,0.832409957640936,0.4512793553697317,0.35623962309415225,5.435731481377648,16000.0,0.0032,0.12418595321570333,0.5046621901605477,0.0,0.0,0.0,0.07533957680509618,0.0,2.573836933482777e-15,1.5874816612763839e-15,0.02997277026741594,-0.021615674345281628,1.0
fixed_liquidity,20261248,0.0003373737821510126,0.010977951674969672,-0.017140457753712913,0.057047759712687086,0.021030914966682683,0.04661260764538429,0.017494012721526283,-0.0002241953368667771,0.002316546010697549,0.05244555964020048,0.14992399119299596,0.9064762810525866,0.4842273710631582,0.24059864255952837,5.419638909518661,16000.0,0.0048,0.1740576693603564,0.3902892823755537,0.0,0.0,0.0,0.05935003467778266,0.0,2.7093020352450286e-15,1.98435207659548e-15,-0.039928684580132344,-0.013731592303901674,1.0
fixed_liquidity,20261249,0.0003169107037786624,0.0108400200663001,-0.03447575553010356,0.04528300178591823,0.018441298718472977,0.0170534060421915,0.0334388591015395,-0.014304706356155494,0.014770424388646744,-0.05488287072866527,0.0910094443577146,0.8599598377804334,0.4166321711125952,0.23662194088162208,5.41597463671438,16000.0,0.002,0.18233074137493258,0.2612758222000685,0.0,0.0,0.0,0.06472527518231463,0.0,2.302906729958274e-15,1.7197717997160825e-15,-0.04505738588159658,-0.034154139288450985,1.0
fixed_liquidity,20261250,0.0005613337798697994,0.010532097551758136,0.01794088153185778,0.04084120024702948,0.017972858501374055,-8.738695016212393e-05,0.016164740336764006,-0.03137422926097138,0.0031901746727777715,0.012114451914829072,0.01393378381846573,0.9424619926101521,0.677380058000212,0.11760918263163458,5.405040619816965,16000.0,0.0036,0.2608874621435324,0.22524973866253295,0.0,0.0,0.0,0.04983128506272805,0.0,3.3866275440562853e-15,6.085346368226138e-15,0.027081735654439786,-0.006202954809299067,1.0
fixed_liquidity,20261251,0.00031028942444743206,0.019626631100180116,0.06955775854148741,0.15455407395910317,0.04554404858538074,0.23580678762572427,0.17688655536412531,0.09851590402079671,0.0808654934916762,1.9257874747446984,0.45330146863919085,0.9146758920233659,0.4685259368800884,0.5621961670642635,5.704495052669875,16000.0,0.0112,0.04046306854142187,0.5499866027929805,0.0116,0.0096,0.0,0.1957332985637834,0.0,2.573836933482777e-15,1.5874816612763839e-15,0.08084220100274753,-0.022967127884637426,1.0
fixed_liquidity,20261252,0.00019006775882401,0.012319307981217055,0.014813552012729254,0.05718991016263322,0.0170118313460968,0.010506843197185126,0.021403820201148015,0.0072339777341007515,-0.010483115098687053,0.1068027416676478,0.14389180731402662,0.7911692590300706,0.45848278367235157,0.3791632176649593,5.471101131215457,16000.0,0.0036,0.08625627690307856,0.3381587235332377,0.0,0.0,0.0,0.09775616524688191,0.0,1.7610463229092685e-15,1.8520619381557813e-15,0.04680631350423003,-0.028586397049311877,1.0
fixed_liquidity,20261253,0.00013280150308221826,0.012340865308400121,-0.009201120888377552,0.04362166865616299,0.01902531651145923,0.05170286487770071,0.06756455046406838,0.017913552758181985,-0.0032108965029327597,0.2623744411831699,0.18976625698632404,0.8613557238517952,0.4468158274387722,0.40370923660796615,5.468945639502703,16000.0,0.0028,0.09277309216912116,0.36462374189195923,0.0,0.0004,0.0,0.08123578639999551,0.0,2.0319765264337714e-15,3.3072534609924663e-15,-0.0721658142481395,0.009318025245115947,1.0
fixed_liquidity,20261254,0.00016945080221867528,0.013432526733058186,-0.0029015242703062777,0.06997663893638931,0.01826004486405913,0.06546357809408042,0.06586462753130756,-0.01362421686330874,0.016243192991059384,0.2168669941962702,0.19100876181490495,0.7594136627554706,0.4468640128586231,0.4661477915827091,5.5092817209889295,16000.0,0.0024,0.05089949484135709,0.41748301725985226,0.0,0.0004,0.0,0.11493244404505543,0.0,4.470348358154297e-15,3.7041238763115625e-15,0.022370503140869236,-0.004732397900975613,1.0
fixed_liquidity,20261255,0.0003586982777478621,0.011031752184575735,0.020265364014076248,0.05667701060476495,0.014514347827605075,0.046974670013621045,0.025510733370583762,0.010514060171170854,-0.02041305055898464,0.11774701431837853,0.18491415558098145,0.9342173083304632,0.44407630112010094,0.2525114613014139,5.419681403814339,16000.0,0.0032,0.16479258062991192,0.2421712739096884,0.0,0.0,0.0,0.06700776637426276,0.0,1.625581221147017e-15,4.497864706949754e-15,-0.016615117033742632,0.039248599175347114,1.0
fixed_liquidity,20261256,0.0008123027983622585,0.010228709852118873,0.018340007590693815,0.04430610343809025,0.01789312174954502,-0.00939814872461444,-0.00991783670716661,0.016120039087834274,0.024002051113486914,-0.05182752492061482,0.05539299356632189,0.9553113975314835,0.7236023042501271,0.09303740753974343,5.394563513781051,16000.0,0.0032,0.3339132321828287,0.21195249920773485,0.0,0.0,0.0,0.043132909978048195,0.0,2.0319765264337714e-15,3.836414014751261e-15,0.011141906297918752,-0.029507374120308835,1.0
fixed_liquidity,20261257,0.0003953808627304035,0.011208966861464711,-0.022797867816912055,0.05934401054815444,0.017135472807576567,0.03359863699789035,0.012623739775615424,0.033223545579127885,0.01672781823020405,-0.04452558118346195,0.1490037177218202,0.9250033160725488,0.43607157251928225,0.28476575827938816,5.42913424669808,16000.0,0.0024,0.14539072275267062,0.19405908072084987,0.0,0.0,0.0,0.06849519811555127,0.0,2.84476713700728e-15,2.778092907233672e-15,0.0025124515134723638,-0.03190444470757931,1.0
fixed_liquidity,20261258,0.00041234558039791907,0.011903007823869124,0.013279638173034425,0.04118472472791194,0.016031325478920617,-0.0002905352483963202,0.06839870120720867,0.017050906888059148,0.03164949343935156,0.15895923861374905,0.1763704663722934,0.876882212442726,0.4920359875346721,0.34809025133169236,5.454413952347096,16000.0,0.004,0.11466834882814174,0.3039583662695736,0.0,0.0,0.0,0.09067896087679017,0.0,2.4383718317205256e-15,1.7197717997160825e-15,-0.015307663444428707,0.009553512739512712,1.0
fixed_liquidity,20261259,0.00030250865865128206,0.010119838521806966,-0.0327543323247883,0.03367633937183251,0.015440580910767346,-0.0016731284652583356,-0.028876569341159394,-0.015453378442439861,-0.027848316760379997,0.011812543897779637,0.008838064007227574,0.9124659047384445,0.7824601128322912,0.015283646367126364,5.389156991465746,16000.0,0.0036,0.3739582982502067,0.3434070162663354,0.0,0.0,0.0,0.03391402834066315,0.0,3.522092645818537e-15,1.5874816612763839e-15,0.016621322029071916,-0.013175665258023618,1.0
fixed_liquidity,20261260,0.00013318676415163927,0.014957819222705563,-0.019068665248575513,0.08262457617860418,0.020772199333346578,0.07172199724523534,0.04945997323510726,-0.001180739734271831,0.006274993227202332,0.33248402358432205,0.24087057743875498,0.8080182564891083,0.42744490267148216,0.5332130746774134,5.56453998691419,16000.0,0.0048,0.030430952915293727,0.4560499103164676,0.0,0.0032,0.0,0.11731204775093307,0.0,3.522092645818537e-15,2.248932353474877e-15,-0.07897150600952915,0.00582456979249065,1.0
liquidity_stress,20261211,-0.00016302358119776628,0.03358610779823985,-0.10114356173827133,0.16974121579661422,0.038341011359807484,0.43609819389870097,0.33610402046981613,0.23093743060375477,-0.005870985944202836,6.139741981842324,0.6025254077762612,0.9048067868655805,0.583246024392882,0.5183961093215635,17.725536390226598,6104.184328034143,0.0228,0.05624003192510209,0.5661486600001941,0.0076,0.0556,0.0,0.34259226425343337,9.0,3.928487951105291e-15,3.1749633225527677e-15,0.46695910654495637,-0.009864564811144134,1.0
liquidity_stress,20261212,0.0003249765373524259,0.027591833114792103,-0.07161021852714176,0.16847266613720957,0.038634990557404596,0.37329429643814155,0.36378690287396326,0.16784606671610333,0.09942612660269753,7.908556909851299,0.5993019582129661,0.9474079382801786,0.5432878961841219,0.4920212668187936,19.187759967393887,5256.597841511585,0.0204,0.02788260119732403,0.4509190872571168,0.004,0.0328,0.0,0.2722619116049301,3.0,1.7610463229092685e-15,1.98435207659548e-15,0.6663832264391305,-0.011309713056641949,1.0
liquidity_stress,20261213,-5.49743265112717e-05,0.025941002998767077,-0.0372900233268519,0.17838210661479695,0.03862778876952093,0.28015398629504906,0.30351986637892764,0.15202390243863212,0.06905734922744157,3.437184264831414,0.5317184628174166,0.9242617792634226,0.46794519273231033,0.587581923966694,20.13921805990701,4922.1931673060835,0.0184,0.04031386120649504,0.48726853967555905,0.0184,0.0312,0.0,0.2482131626923334,0.0,2.0319765264337714e-15,2.3812224919145757e-15,0.26881680259445423,-0.017275708338628574,1.0
liquidity_stress,20261214,0.00041584996219666196,0.014205016395735012,-0.022742090369881673,0.10549276976926203,0.03771346336333562,0.159668627739451,0.14979986502159046,0.09321854200094315,0.07104706652178079,1.873023828378578,0.38948975339565983,0.9434104130521587,0.6325752617121063,0.32596277780204175,20.589531296431584,4338.000988896969,0.0112,0.24397889388185914,0.24988896640657654,0.0,0.0008,0.0,0.10825592774802217,0.0,3.7930228493430395e-15,2.1166422150351785e-15,0.11260685809818556,-0.019249717992524916,1.0
liquidity_stress,20261215,0.0002190188757821172,0.01554066620331097,-0.019416411053445097,0.0834263873809893,0.01788564791450766,0.12542191579084708,0.11119744748807,0.045979071510244246,-0.01935042302193783,0.8116882265896144,0.3512982125460523,0.8823741350863571,0.4432701424738558,0.5153543373645775,20.602942129553846,4376.947594719084,0.008,0.18406933921108315,0.3355368830583827,0.0,0.002,0.0,0.11602994088834495,1.0,2.7093020352450286e-15,2.778092907233672e-15,-0.006340567928342614,-0.006367599586844728,1.0
liquidity_stress,20261216,0.00039254272840930294,0.011742622645851018,0.005314614134511985,0.08948051585964426,0.02344755830464438,0.07042480936300692,0.07799387281032998,0.07084582306033084,0.034325379194515095,0.8179173341684889,0.2501113547072692,0.9378885196452231,0.7214489978733657,0.18805724364790774,20.570409802881322,4254.1438073211875,0.0064,0.23334714646037932,0.4285480306189886,0.0,0.0004,0.0,0.07515049940151552,0.0,1.7610463229092685e-15,1.0583211075175892e-15,-0.055293214990358844,-0.004120869471967874,1.0
liquidity_stress,20261217,0.0004921978570048445,0.01482694187402424,-0.04789441259993854,0.13610468622549174,0.03267409360569482,0.27676732721563374,0.26008591583448615,0.17078809665322028,0.0936965947640153,2.5549828646827377,0.4831790504659725,0.9638738976572623,0.6933154093805624,0.2479161387652708,20.43001071968837,4384.4793035015155,0.0168,0.20735610726437081,0.27671567177391454,0.0,0.004,0.0,0.1075436686066833,0.0,2.7093020352450286e-15,2.778092907233672e-15,0.013162191266762966,-0.004449867415777185,1.0
liquidity_stress,20261218,0.0007397297466524776,0.018891957116949867,-0.03629645258144806,0.16802961105010147,0.048720831813773124,0.3661609381277789,0.31107223739183487,0.23354982775694463,0.18119157645986914,5.418638715217156,0.5773542443661603,0.962877591875269,0.6452629664948207,0.33008902586310485,20.150760643715603,4632.426599577993,0.0248,0.17992365880825825,0.31464879696946024,0.0008,0.0124,0.0,0.17821701961692082,3.0,2.1674416281960227e-15,1.8520619381557813e-15,0.13406823551085725,-0.02282897124317347,1.0
liquidity_stress,20261219,0.00013776712996967254,0.02906924951819155,-0.13793564218553833,0.15373638901449796,0.04095011063113389,0.3954346404644935,0.36538608927385596,0.18723809596642152,0.05652465560468139,6.523063623224589,0.6104090234181999,0.936115956097737,0.6123987103101755,0.48574836043333525,17.96175846513887,5761.108264176778,0.026,0.07899172581121318,0.4674703024255549,0.0016,0.0348,0.0,0.31363200078987896,5.0,2.1674416281960227e-15,5.556185814467344e-15,0.2576773684168757,-0.009574164156364657,1.0
liquidity_stress,20261220,4.90220137397742e-05,0.028054611668404637,-0.08313092875068354,0.16944728594296912,0.0379043765985867,0.34000904606309607,0.2566548311143135,0.16593713937133578,0.04868932539069,5.823828430700736,0.5543957461586785,0.9233277393745919,0.5275566388404176,0.5340295977006259,19.039762512479268,5336.725347139642,0.0184,0.03198908149514419,0.5051521369865299,0.0208,0.0352,0.0,0.2769343699975857,2.0,3.928487951105291e-15,2.1166422150351785e-15,0.1385287697197989,-0.0022552227810758415,1.0
liquidity_stress,20261221,0.00014806027926523059,0.021003504219774625,0.03026421753864862,0.1356188603912239,0.033362204113961215,0.22897106810380954,0.2609863767745492,0.13808226480574123,0.04500094759610942,3.1354726889346427,0.4904939482660419,0.9096998871021448,0.5562919404503732,0.5346809617973097,19.718787700934236,4828.064223117791,0.0152,0.09638353697960725,0.5012381166632748,0.0,0.0144,0.0,0.2624675199470543,6.0,3.657557747580788e-15,3.96870415319096e-15,-0.019357295488920522,0.0338976968208402,1.0
liquidity_stress,20261222,0.00025278463814787,0.01139580440750266,-0.013140113891326287,0.07296142017934931,0.0162024109002189,0.04379669241292452,0.053446121352259464,-0.010094010625700072,0.03632408814193018,0.005176116941134179,0.17342139578591986,0.8871139591283921,0.5682593673012641,0.24072842773413516,20.752904606427293,4206.281549745369,0.004,0.29883342672654173,0.28749636700079984,0.0,0.0,0.0,0.07532626098179307,0.0,2.980232238769531e-15,2.5135126303542743e-15,0.02120703913684585,-0.003030295036449292,1.0
liquidity_stress,20261223,0.00042480510330479044,0.021781279051463764,-0.09638693432694073,0.10883030145845489,0.044282992925527516,0.36995042885502255,0.31286295671198683,0.2153083028618403,0.11711828133963242,9.109680234012673,0.5842651452729902,0.9582780963598334,0.5035395079213965,0.4611488462665782,19.9278112171013,4779.3093969456095,0.02,0.2099775399278361,0.3819470927063684,0.0004,0.016,0.0,0.23862066604504628,9.0,3.251162442294034e-15,3.042673184113069e-15,0.19044441514723354,0.005483968576074238,1.0
liquidity_stress,20261224,0.0002073169326646294,0.034203503197781863,-0.07729337268139817,0.20651872896059797,0.04304546664917275,0.4519215364750768,0.4038138698795065,0.23761810650212098,0.09188412523946686,7.281362101102632,0.6421145737501587,0.9410256911041693,0.5481725970598849,0.4936864291201249,19.149977764961122,5553.183310577218,0.0288,0.05764930586595758,0.4185486388554195,0.1052,0.0456,0.0,0.27993741026265595,1.0,2.980232238769531e-15,3.96870415319096e-15,0.31604412802983195,-0.05488997759203006,1.0
liquidity_stress,20261225,0.0005800454296832271,0.012722456342490175,-0.014888461719021326,0.10020301209336259,0.023932620955624023,0.24097059058352477,0.1712819409843819,0.1644819016206604,0.13124402788010808,2.6149184245113446,0.44380081284259587,0.9648424129369343,0.7160966373232746,0.18889359665902783,20.56363212068267,4293.938659491108,0.0136,0.3079530174735433,0.2579312763961247,0.0,0.002,0.0,0.07915224025099299,0.0,3.657557747580788e-15,1.4551915228366853e-15,-0.007508863777486708,-0.01663322032255033,1.0
liquidity_stress,20261226,0.0002730321009632636,0.023431376417014992,-0.0543286099815576,0.11956052544750158,0.029925088023814626,0.28345158891617844,0.2608258055663338,0.12632115522687654,0.053751425794851704,3.7202473725563383,0.5131402109904482,0.9369868444417069,0.5387207458537271,0.5222335195250372,19.662206428044552,4957.698523974619,0.0192,0.025398922558054447,0.424099670812211,0.0028,0.0224,0.0,0.2519544246697274,3.0,2.302906729958274e-15,4.233284430070357e-15,0.026081881948818678,-0.016561082033457138,1.0
liquidity_stress,20261227,0.000497661124391211,0.020035015435260345,-0.08925473505011683,0.11994787880969668,0.03484833413084335,0.3140311105580206,0.3364597215029921,0.2367734197705309,0.13929663122877686,6.524099488112061,0.5467922024945419,0.9514488239952473,0.4665684380511425,0.45831678817314586,20.19498487452052,4704.054269689745,0.0136,0.11004825845007749,0.323672489889697,0.0008,0.0144,0.0,0.1427895226888365,1.0,2.980232238769531e-15,4.100994291630658e-15,0.17194281346657853,-0.007760917836684308,1.0
liquidity_stress,20261228,0.0003146123571823932,0.023104055647946365,-0.04151000905413228,0.16101016286244224,0.049969758251150055,0.4013385158620443,0.3693878586149117,0.19818200488642784,0.12128646237305143,4.036342467834625,0.600571453706826,0.9473070745329856,0.4467103012397409,0.49413032008933516,19.904280185734354,4846.756838378309,0.02,0.04490782431194556,0.3333436251176345,0.01,0.0256,0.0,0.18244198320947014,0.0,4.7412785616788e-15,1.4551915228366853e-15,0.31193573920085926,0.015593118966271297,1.0
liquidity_stress,20261229,0.00021005697013517412,0.01608262164218045,-0.0733083161883543,0.11656544987427947,0.040653287230474705,0.2585589950414771,0.21768062117523743,0.0812672705161085,0.00656646788578849,3.542137476615861,0.46538191661675155,0.9312828244549031,0.45134058520687836,0.45664849631258425,20.596068205491083,4386.54298040517,0.0112,0.09544222929782778,0.33086492686110947,0.0,0.0044,0.0,0.11193758881085514,1.0,2.7093020352450286e-15,1.7197717997160825e-15,-0.08287481270575321,-0.00842283549380894,1.0
liquidity_stress,20261230,0.0004468310052023284,0.025021826915832813,-0.0521526648302603,0.16303867609939504,0.03756608099565715,0.3547328950975244,0.3263569246435519,0.2352837404864607,0.06707394859972304,8.044137993667048,0.5713037427020062,0.9398609088161312,0.5650304429016006,0.47072273796748576,19.17304912560232,5157.6072920983515,0.0204,0.06704740918737245,0.3373578746037297,0.0016,0.0252,0.0,0.27223922429181013,7.0,2.1674416281960227e-15,2.645802768793973e-15,0.22653494129168797,0.00796611241459238,1.0
liquidity_stress,20261231,3.7204455410551065e-05,0.01852792763370677,-0.008181204380878958,0.12745645239046943,0.030806713278611612,0.16543457473857426,0.1760521383309519,0.06519471848897748,-0.01687654038799196,0.8445070582196088,0.40349940772443377,0.8864559778266481,0.4378253316211293,0.5628115885310818,20.834470996259107,4437.463048306955,0.0068,0.07345025362989574,0.37589416189320357,0.0,0.006,0.0,0.17517891416890685,0.0,5.283138968727805e-15,1.5874816612763839e-15,0.04350907029250109,-0.0009274218135425527,1.0
liquidity_stress,20261232,0.0003659405905935557,0.02731987179599904,-0.01895732767554977,0.14074484613837612,0.05239197485166932,0.4453402461892694,0.45913597356071206,0.24643658132168256,0.10415448182984259,9.199083321776657,0.6410874124784841,0.9523549010248418,0.5860713016271474,0.430420450519757,18.51360071928489,5511.0154660107,0.024,0.13204986975345911,0.4586779022616849,0.0004,0.03,0.0,0.3174098698780454,16.0,2.302906729958274e-15,1.7197717997160825e-15,0.35131335406552094,0.025723925373240267,1.0
liquidity_stress,20261233,0.00010784559967800149,0.02054902600844504,-0.052173308910628845,0.1652442144671765,0.027793573827556872,0.18788230242800275,0.17640622793334532,0.06318922687395748,0.01719272981873647,1.2862669381947844,0.4089827436778117,0.8886489482135225,0.4414012381221617,0.5820591599720261,20.810974921743743,4509.131678538915,0.0108,0.0652027888210324,0.3072876634814653,0.0,0.0128,0.0,0.20822597587109648,2.0,1.8965114246715198e-15,5.953056229786439e-15,0.11840177859844368,0.031680046733399955,1.0
liquidity_stress,20261234,0.0002790596981442615,0.02588755095796487,-0.09196070826764685,0.17007422280545598,0.037680502922597336,0.29065708384671785,0.2774544352348149,0.1800365045357093,0.04817248533060475,4.28199053095626,0.539090918008469,0.9313497085172807,0.43015563425272574,0.575758518595409,20.05911411267512,4894.806570746353,0.018,0.025068186113815543,0.3484883267540273,0.0012,0.0228,0.0,0.2328334693546268,2.0,2.84476713700728e-15,5.291605537587946e-15,0.301235707054703,-0.040505832258198905,1.0
liquidity_stress,20261235,0.0005838641244958862,0.028100945370619655,-0.08486433370297784,0.20271624086188705,0.04690516494628767,0.41622559406101384,0.4145489371529223,0.27314459561089643,0.16456288963928808,8.091740756685056,0.6332640368293795,0.9620509724703952,0.5582573706382195,0.4070234033277779,20.00569520837955,5008.103468478616,0.0244,0.06780593659131245,0.5029624627169499,0.0284,0.0348,0.0,0.18276859977283832,2.0,3.928487951105291e-15,5.423895676027645e-15,-0.13683733881816748,0.018506771906459878,1.0
liquidity_stress,20261236,0.0006297750028324583,0.011312596910166577,-0.0352912430138589,0.043149594380946774,0.02205918193300275,0.0823450206915569,0.047230534138784024,0.07110235073637057,0.030728531648281272,1.0498751800999617,0.26486568333696403,0.9486028156479491,0.7532709858317048,0.1218997075600778,20.705937620554383,4206.821670952671,0.0048,0.39706827790973487,0.17715937952693717,0.0,0.0004,0.0,0.05424696314720401,0.0,2.0319765264337714e-15,3.96870415319096e-15,-0.04292942735078304,-0.008309246775702968,1.0
liquidity_stress,20261237,0.0002116237357186442,0.018449231478293197,-0.007483425882427711,0.1213985147118561,0.029793354782186032,0.21143549969266612,0.1887391221930302,0.1301561901660366,0.05811713280707151,1.422786647985924,0.4484838559390075,0.910005786204468,0.4496828680745838,0.5479492002788383,20.331702203008753,4560.62446857199,0.0112,0.06814824983278135,0.4392346211889485,0.0,0.01,0.0,0.1852716068807676,1.0,3.522092645818537e-15,2.5135126303542743e-15,0.021008924002407843,-0.0363425472715316,1.0
liquidity_stress,20261238,0.0002959142313576162,0.015260610225471642,-0.061094622717504425,0.1306372268259164,0.032220819107494685,0.21437308233123614,0.17312972194538317,0.11441525563811515,0.0698070833096759,1.5303533044433273,0.44103971143287773,0.9246810310900445,0.43212550150383255,0.45008755178580767,20.628882469361674,4364.951346279802,0.0132,0.1905832493971392,0.31680735070279065,0.0,0.0036,0.0,0.13563083990487024,0.0,4.470348358154297e-15,2.1166422150351785e-15,0.050865691338930756,0.04339304730419876,1.0
liquidity_stress,20261239,0.0004446747723482275,0.021099669784864373,-0.058955017052263636,0.13892774185051232,0.030558760285564462,0.30319932593042603,0.20902911499100238,0.1557076191322059,0.07721998364263816,2.5026462706501826,0.5025819220869122,0.9340946303969577,0.4776621770765623,0.5194863342348255,20.275980239738313,4669.154261387898,0.0144,0.07063097903825565,0.3584223981722914,0.0012,0.0164,0.0,0.20170187287888752,1.0,1.625581221147017e-15,6.3499266451055354e-15,0.11077069210630834,0.0001848760176545771,1.0
liquidity_stress,20261240,0.00013980415286009063,0.01474214300243929,-0.04034874705473183,0.08133896150983902,0.02889367393812488,0.12523361805668673,0.12748435741267683,0.04886727203826098,0.021860696589652503,1.2519850691579366,0.33943941569654146,0.8797302282961216,0.4202315003093753,0.4936765060764008,20.550372405822493,4361.4998562015835,0.0064,0.07382936749547786,0.34234352191453976,0.0,0.0016,0.0,0.11712237414903637,1.0,1.4901161193847656e-15,2.9103830456733705e-15,0.09143401165521539,-0.019930188531716454,1.0
liquidity_stress,20261241,0.0002793807546526903,0.025623681656282524,-0.020657749002835592,0.1472993730181379,0.057962163126650444,0.3899455095818166,0.35538486609363734,0.2683347597885567,0.0698249657621782,5.325532140404473,0.591618386936446,0.9367716168098189,0.5463781716188532,0.4863868247912743,18.988629061776493,5313.640082231713,0.0224,0.15973009705005467,0.36614737134356146,0.0,0.0296,0.0,0.30476773560610115,8.0,3.251162442294034e-15,1.98435207659548e-15,0.36565895813572763,-0.0336299060759735,1.0
liquidity_stress,20261242,0.00045575797261400945,0.021970720135970737,-0.046496379112359564,0.13883083796823192,0.03749697095936659,0.3464465817304556,0.36797292829495404,0.23864516139357067,0.11682357088703935,7.241717958653863,0.5961388286047676,0.9570621151845687,0.4365179542599917,0.4751430174257013,20.076599909690508,4774.190178029962,0.0212,0.07058042813494839,0.3317795496851743,0.0232,0.0196,0.0,0.17724436511608666,0.0,3.7930228493430395e-15,1.8520619381557813e-15,0.338010498421168,-0.04214272046096588,1.0
liquidity_stress,20261243,0.0004544464499764178,0.023466038589811597,-0.014675587859007239,0.19817600089614415,0.04452655472714977,0.34853514481640085,0.36833333198062923,0.23094649745863313,0.08100805947452792,6.008930226589314,0.5859624083446221,0.9453275624128468,0.5844845130685098,0.4556077755167248,18.77226101845414,5338.240344924257,0.0224,0.163273720154724,0.31620719005941855,0.0,0.0204,0.0,0.2684866508679231,6.0,7.179650393399325e-15,1.5874816612763839e-15,0.2995235679647385,0.0018478172467236906,1.0
liquidity_stress,20261244,0.00042496314588849523,0.017828212914989892,-0.0012608322597387782,0.13161313485458281,0.03053107066897414,0.24962653307032556,0.15481524032954777,0.1426291039573168,0.12849886061960103,2.18087957957922,0.46792148351916135,0.9353475682740863,0.4262087331550466,0.49269369082159065,20.67506777582037,4408.807281597653,0.01,0.07595061179772224,0.34990347568342506,0.0,0.0068,0.0,0.1629045643627567,0.0,4.3348832563920454e-15,2.778092907233672e-15,0.0701337429248437,0.012652330205618706,1.0
liquidity_stress,20261245,0.0005754859686454786,0.019283883372933627,-0.04722095034291742,0.1266313830938817,0.034586300079541624,0.3605805861119874,0.3601692579431831,0.2261045004481361,0.14125771826218453,6.872571825400472,0.5818898677994678,0.9621985146036763,0.5596427688389479,0.3735606079521186,20.285884672761593,4586.2365747000995,0.0196,0.17135691441329232,0.39503202786841385,0.0004,0.0132,0.0,0.17185618122669477,4.0,2.4383718317205256e-15,2.1166422150351785e-15,0.03204148227322422,0.05323225830289426,1.0
liquidity_stress,20261246,0.0005463344829546116,0.017976767612588693,0.032159074819476864,0.1449296002126301,0.03898066072893764,0.25677281766210186,0.2882120903452558,0.1404651953854125,0.10994782678591077,6.910410096690768,0.5098110019906636,0.9474016090412212,0.46666175969632406,0.42709273919125545,19.773996311070377,4709.692773574489,0.0152,0.14666653684675612,0.33832916638348276,0.0,0.01,0.0,0.19257551595685585,4.0,2.7093020352450286e-15,1.3229013843969864e-15,0.35440386810491004,-0.0060115686298898375,1.0
liquidity_stress,20261247,5.479044992983617e-06,0.02000039478711168,-0.08182210090290797,0.13421164153417237,0.031767327466571446,0.24403768014649233,0.23150384170662305,0.07227866446008764,0.023728730756048,2.6682302789918637,0.4703652061998463,0.911452179133031,0.4361072746032575,0.5661428707938668,20.25393906455063,4648.31036602845,0.0132,0.03026895019094524,0.5370622304703419,0.0,0.0148,0.0,0.20954870140608683,0.0,1.8965114246715198e-15,2.3812224919145757e-15,0.04072866191143401,-0.05995737403908621,1.0
liquidity_stress,20261248,0.00032316028004667423,0.017208590549451157,-0.057916339380152726,0.1134721625093853,0.03811293740284085,0.24416181796163,0.234515024123072,0.1385993156119672,0.03996674060284555,2.5107109956712756,0.49219311565319074,0.9352966733727303,0.4866261735029226,0.46767438939655137,20.207230025104455,4550.553050764975,0.0116,0.12304311781363926,0.38876590562883795,0.0,0.006,0.0,0.13523622322645612,1.0,3.3866275440562853e-15,2.645802768793973e-15,0.054962418548679275,-0.026886081812449718,1.0
liquidity_stress,20261249,0.0003204810802934116,0.015192217801195914,-0.07940897140804806,0.09043307402757299,0.024858490916759658,0.15641875314140166,0.13475660410654325,0.056070819512597236,-0.0011021290169018064,0.8403231556407205,0.3765076706550819,0.8970284231364702,0.417670734429988,0.48706366701676523,20.38885532693514,4426.7634948293435,0.0072,0.13823438625710655,0.2631966887089021,0.0,0.0008,0.0,0.15644795392775346,2.0,1.7610463229092685e-15,6.614506921984933e-15,0.03402265348729623,-0.053120392649908504,1.0
liquidity_stress,20261250,0.0005025000463370052,0.01325139273444907,0.00011932110179531249,0.10874322799778927,0.02754326340548362,0.1531607153993527,0.15948943157649176,0.05006153584557694,0.07220043712683157,1.559712677947295,0.36886597715661085,0.9483437057203997,0.6428307371783283,0.2926822976624819,20.506408281031256,4332.418459699722,0.0092,0.28965421922623574,0.21382673180418865,0.0,0.0008,0.0,0.1050191508613969,1.0,2.7093020352450286e-15,2.1166422150351785e-15,0.06981397816400459,-0.021340508155872545,1.0
liquidity_stress,20261251,0.0001534268682413636,0.040308994466078094,0.0018569139268190464,0.17943792927108876,0.0497682579125429,0.571499620268773,0.4585502037151177,0.315916731619791,0.0998471280805347,8.193648631226335,0.675651241398795,0.9389385128044061,0.689683287526086,0.4269026600474917,17.272791941632224,6670.24455380079,0.0284,0.23929738161520703,0.6735400278504409,0.0024,0.0588,0.0,0.42432321781986837,23.0,2.573836933482777e-15,1.4551915228366853e-15,0.43057062285421016,-0.01075512648537522,1.0
liquidity_stress,20261252,0.00023419399440439541,0.022801386131085993,0.007128771162951647,0.16316880089903638,0.0334272692761704,0.2536929171226661,0.24662933684049293,0.1701207502751418,0.07030465807470042,3.441914872019108,0.5179334097357059,0.9332975156314943,0.48655983822389426,0.5354813404164434,20.10345956338713,4806.018864186333,0.0172,0.02210323983680825,0.3595779342771275,0.0012,0.0188,0.0,0.22432238061526188,0.0,1.3546510176225143e-15,1.98435207659548e-15,0.26356007907727796,-0.02897580377413235,1.0
liquidity_stress,20261253,0.00015730605324414774,0.02364346269445242,-0.08359164822108357,0.1293880944052239,0.031578299759570064,0.26349257666515197,0.2792439363973601,0.1632407417595964,0.0812603812882095,3.6752103737523507,0.5144376005896621,0.9330253209466142,0.44968473608334053,0.5495945789843752,20.18761576614538,4808.912398808592,0.0144,0.035137708317638815,0.3757348695761693,0.002,0.026,0.0,0.21427487080846674,1.0,1.625581221147017e-15,1.3229013843969864e-15,-0.04287614634710627,0.0056849507723480625,1.0
liquidity_stress,20261254,0.00020124224216152306,0.025131640523475832,-0.05823535404305673,0.1562491889896102,0.03675870831636548,0.31703171809051856,0.29393329143537755,0.2078020946587163,0.059951365455054514,3.3167698569872766,0.5523926904997629,0.9286894386186866,0.48923328374675895,0.55381412704994,19.743627319681913,5011.42834311639,0.0172,0.02735106851378281,0.4543341485389354,0.0,0.028,0.0,0.2692456981350271,4.0,3.928487951105291e-15,3.1749633225527677e-15,0.23757674360915612,-0.011419861250459105,1.0
liquidity_stress,20261255,0.0003699028715579534,0.018521724770987895,-0.029022043806915813,0.11361747227422998,0.03576804134274063,0.2775696251665876,0.31607519136119605,0.17596335408740155,0.07578830465885648,6.208248417443706,0.527112099937673,0.9453319569080806,0.4453486328400152,0.45398209828039443,20.3506470403511,4541.5986920997975,0.018,0.12063276643396259,0.29921406309412,0.0,0.0128,0.0,0.15187750887292495,1.0,2.1674416281960227e-15,1.3229013843969864e-15,0.31284750151561264,0.007914495118134184,1.0
liquidity_stress,20261256,0.0007426146019774571,0.013487883145766552,-0.00621870646417733,0.13329687166958087,0.044271720568163545,0.20336306296107554,0.21354934177069806,0.20531298609132556,0.15838223807631446,2.748221003065466,0.46231728601397515,0.967843322581489,0.7147720278990707,0.22701666429672146,20.654680681313195,4277.087927483781,0.0128,0.4120786827105584,0.20561879092992053,0.0,0.0028,0.0,0.08443355964428556,0.0,2.302906729958274e-15,3.836414014751261e-15,0.1071050932923075,-0.014376386407390916,1.0
liquidity_stress,20261257,0.00040526923351373833,0.020090840230710477,-0.08438343185225741,0.12019585951579395,0.03513755983915714,0.30207201889062046,0.267017143544125,0.22221637364783486,0.1858915184781451,2.6021321383421094,0.5220645866545375,0.9482228808541485,0.42239530747106907,0.49998714442654657,20.652328577898217,4525.839611169544,0.0168,0.09025926713270475,0.21307783117766999,0.0004,0.016,0.0,0.17414762773973735,0.0,1.625581221147017e-15,2.9103830456733705e-15,0.07482375384335727,-0.013193058348310216,1.0
liquidity_stress,20261258,0.0004186516442947752,0.020149067508866705,-0.022036981664841106,0.162460064722279,0.03453318477334636,0.2700563687616394,0.29871952518618167,0.18027881040046262,0.0843178560619553,4.31548184850988,0.5191597418140018,0.9415511695629366,0.5393224780092678,0.47378336272403965,19.491138073983443,4928.287522682415,0.0156,0.04293803405408736,0.3632121291970237,0.0008,0.0152,0.0,0.20127544585535007,3.0,2.4383718317205256e-15,1.3229013843969864e-15,0.1485501530768416,0.015422112707356796,1.0
liquidity_stress,20261259,0.00026540388702454544,0.010232400275985501,-0.06528297710462896,0.06528297710462896,0.01790309701523817,-0.0007325159832266649,-0.022449960526632538,-0.01163698992689812,-0.027832491411047103,0.009612739366181788,0.04177268600759192,0.9027885824967056,0.7635691037810742,0.054754457375998045,20.777019115186082,4166.105394814743,0.0036,0.4212889194450416,0.32543602342247413,0.0,0.0,0.0,0.054068921885764176,0.0,4.7412785616788e-15,2.248932353474877e-15,0.00648106969070916,-0.013786739464827301,1.0
liquidity_stress,20261260,0.00016997657215897172,0.03057802721417406,-0.11430575238266862,0.12905574158609667,0.03651086317512019,0.3751820451024545,0.3813235948669866,0.25454888539014503,0.0878174278777426,4.4573201783528695,0.6113304789390847,0.9392958662094495,0.5242201983893768,0.5252095457664286,19.07909169510652,5500.176799748145,0.02,0.036875041907730124,0.49398370448595186,0.0256,0.0468,0.0,0.27316313217326815,0.0,6.637789986350319e-15,3.1749633225527677e-15,0.09307101914973476,-0.044196200042553965,1.0
concentrated_wealth,20261211,-0.00010641794127838473,0.023145481658255595,-0.02185201977402152,0.14778785127794183,0.03470315452568005,0.30258559087919146,0.2789663709753336,0.14798189333809866,-0.03680934869858663,7.866631035350116,0.4698779644428439,0.8445017329580022,0.46777964889297713,0.5425379923841143,7.285114659531078,13778.985817443145,0.018,0.030785101848117835,0.558235660739477,0.0176,0.0176,0.0,0.5932185815310411,2.0,2.0319765264337714e-15,4.630154845389453e-15,0.35298570501542165,0.007493624079414556,1.0
concentrated_wealth,20261212,0.0003166066823124684,0.016421799320622477,-0.026339607752040327,0.11064242583719593,0.026343384887906357,0.1647697073743344,0.23636986832243562,0.040567280460109566,-0.014722133115982049,2.8205914016199687,0.38602478838687093,0.8579681758113871,0.437818201934519,0.5122226956801518,6.792309205153413,13730.360852064108,0.0084,0.04091289086995607,0.4260279402904589,0.0012,0.0028,0.0,0.5368853639361355,0.0,1.8965114246715198e-15,2.3812224919145757e-15,0.10249803764160396,0.012573064721211393,1.0
concentrated_wealth,20261213,-5.314954421445535e-05,0.015521797308024082,-0.011181244641427932,0.09833555483443275,0.023144250914990935,0.1491611769661752,0.17716694213458864,0.029402746280150792,0.02336987274847771,1.160660174152703,0.3485253670844925,0.8192729038464129,0.4322712735692829,0.5321084088099005,6.842488647138527,13608.010821205991,0.0084,0.02186752515018611,0.44385999228637585,0.0,0.0028,0.0,0.5546679719775898,0.0,3.1156973405317828e-15,2.5135126303542743e-15,0.026176097807678066,-0.020118453841971903,1.0
concentrated_wealth,20261214,0.0004228462390167646,0.010952480674382762,0.0067573147803731935,0.0606638502230939,0.025957780103674676,0.02110371691295576,0.05117677150304322,-0.0075726353111652146,0.021652572716151924,0.07627087276263245,0.11646584141030802,0.9290003216599475,0.6402527398351673,0.16895074511996658,6.549808013009461,13471.875863430667,0.0032,0.22625252074733826,0.2430806663713141,0.0,0.0,0.0,0.524303980117619,0.0,4.605813459916548e-15,4.497864706949754e-15,0.008830706243007882,0.002137775419866841,1.0
concentrated_wealth,20261215,0.0002270605498913678,0.011187630022395808,0.005973767574787164,0.025286348348481934,0.01116387697414378,0.018537697109289562,0.04466981680893836,0.037097188484971545,-0.024166449868012377,0.06954175640675508,0.10265622648391738,0.8303054309072584,0.4365251986466252,0.27787992236132864,6.590550399472391,13427.39904296908,0.0016,0.18770862981848083,0.3516167454264101,0.0,0.0,0.0,0.49178372809033144,0.0,2.302906729958274e-15,2.1166422150351785e-15,0.005721014584057274,-0.008146544657244868,1.0
concentrated_wealth,20261216,0.00043583389908058727,0.010308689213325443,0.01431871010320468,0.05773436037386384,0.02057800931457871,-0.0025577221028836926,-0.002394710398728625,0.01194646607691004,0.00962716742308456,-0.08493551228099605,0.0546751502572421,0.9284022908946772,0.7246463391837892,0.06662449106506226,6.497130896815264,13477.592572286034,0.0024,0.25139336667487766,0.4305766506212406,0.0,0.0,0.0,0.5067779204341838,0.0,3.7930228493430395e-15,1.3229013843969864e-15,-0.07030310055438022,0.013475504862511832,1.0
concentrated_wealth,20261217,0.0005201973447793982,0.0109380507382319,-0.019402879536347138,0.04793636339013418,0.01657848130066446,0.03377203351106768,0.024676047529734853,-0.0011714427915419591,-0.010289902273842026,0.09027834988111882,0.1253205212552061,0.9485050591890529,0.7010071821929552,0.1275658762232422,6.501795173819151,13547.651041496069,0.0036,0.2432634450418348,0.2933454389630381,0.0,0.0,0.0,0.5281340629174929,0.0,4.199418154629794e-15,2.3812224919145757e-15,-0.05051665094688666,0.022431418961313263,1.0
concentrated_wealth,20261218,0.0007574380901557291,0.012482313246062162,-0.02525026561145594,0.07160085690541261,0.02805488637510769,0.11390467407623693,0.11563636333730686,0.04164351117361689,0.10728669600243113,1.075805663275509,0.29958931341542544,0.9523315194887566,0.6069409090765425,0.2633500287096385,6.545977484581705,13647.576020422408,0.008,0.16340523352021907,0.2655927792042294,0.0,0.0012,0.0,0.5275182758339962,0.0,2.1674416281960227e-15,1.8520619381557813e-15,-0.15409394855469086,-0.021845974223228478,1.0
concentrated_wealth,20261219,0.00016349019459129544,0.016861525713235966,-0.06798970787379548,0.08481582931153683,0.0311670825442954,0.15187044010199657,0.14781975771927586,0.013327356568482312,-0.0289448979605249,1.4517498223410126,0.3254294084068146,0.7837080823935968,0.41948934890805245,0.5452922952136661,6.804840969755876,13817.380215300715,0.0096,0.024867998210620083,0.43875105673411274,0.0004,0.0052,0.0,0.5579866787045005,0.0,1.7610463229092685e-15,3.96870415319096e-15,0.02240319036355579,-0.00021967831927811673,1.0
concentrated_wealth,20261220,5.68897964241522e-05,0.01717606434706072,-0.016728824954596582,0.14299896136845344,0.02894963703536898,0.24889965119567656,0.17404213067623334,0.06827572572880576,0.00517029914155062,2.9705650583635075,0.41382511478691597,0.8292986304850252,0.47415256366794784,0.520164255433598,6.834527529990682,13807.176161281532,0.0116,0.024414145683893385,0.4513254292107034,0.0004,0.0072,0.0,0.5334397588859132,0.0,2.573836933482777e-15,3.836414014751261e-15,-0.06434862812991218,-0.006227626999973035,1.0
concentrated_wealth,20261221,0.00013388466515698916,0.013147507740991615,0.01660163118010694,0.08830551665693176,0.02446036774597151,0.134972363015923,0.15799403331754788,0.01766701685654888,-0.009022729852411237,1.2021453426821145,0.29505110081986835,0.8205347903828051,0.4829623766678081,0.4055589476224401,6.652400413721335,13649.18508792479,0.0092,0.09290355183567373,0.500481498365895,0.0,0.002,0.0,0.5367322895754272,0.0,4.876743663441051e-15,2.1166422150351785e-15,-0.09665668585334312,-0.004347837246828252,1.0
concentrated_wealth,20261222,0.00028605074680300755,0.010313307624743475,-0.003297694915866815,0.04799175720255175,0.016034812476115465,-0.0026395708984601916,0.010629409380985338,-0.0233414290242364,0.0181021546484722,-0.06219535321338254,-0.001909821703976277,0.8558724970655873,0.571905574405263,0.0862712389405305,6.517180307141003,13457.239203715562,0.0024,0.2620885619824472,0.3015258837995597,0.0,0.0,0.0,0.532190556910962,0.0,2.4383718317205256e-15,1.5874816612763839e-15,0.070000542424253,0.008252359816250728,1.0
concentrated_wealth,20261223,0.0004557790737533676,0.012004882705029725,-0.0010512854958720404,0.06653317601458918,0.02126896761314712,0.0992549832987185,0.058439466037942936,0.00013620590271706324,0.002087205700238262,0.4687548686633862,0.23377547772010904,0.9247730858249925,0.41664888323678745,0.328329440447129,6.501748539578156,13660.445926711538,0.0048,0.1043842592231712,0.3741012925710735,0.0,0.0,0.0,0.538824522756268,0.0,3.7930228493430395e-15,3.3072534609924663e-15,0.09077251370625714,0.05446988959555642,1.0
concentrated_wealth,20261224,0.00022640882060897313,0.02053493781254993,-0.009902540629880434,0.16660162081239263,0.02797351073032009,0.26575192370051076,0.22198056660275509,0.1371565199214028,0.014859309015416362,4.131480542178667,0.4630670640271989,0.8791870089431373,0.4259102556273206,0.5528484211485575,7.076524840948878,13687.572492797712,0.0156,0.036292990764298705,0.36072426233420485,0.0108,0.0128,0.0,0.5561232562407805,0.0,2.1674416281960227e-15,3.96870415319096e-15,0.1282290609762817,-0.010174025175566719,1.0
concentrated_wealth,20261225,0.0006235068089862644,0.010670004129732664,-0.0027140080480470476,0.05084215435988933,0.015195956790079049,0.030186586043189252,-0.0010767256773288056,0.021878991467419083,0.03948741037132641,0.09508763533716902,0.1281020969145585,0.9502198083474572,0.7217357851176431,0.11423915500576565,6.494174460128965,13497.509830516248,0.0044,0.3532990456583695,0.2694947294002076,0.0,0.0,0.0,0.5513113754786074,0.0,2.0319765264337714e-15,2.5135126303542743e-15,0.022638234222323507,-0.0035166330509876944,1.0
concentrated_wealth,20261226,0.0002422184288269076,0.014417419353589719,-0.016009022331312118,0.09831206440378407,0.02240396203072378,0.1576981922908829,0.13740519957833194,0.025534845026743042,0.0033839968707758718,0.8501752666558646,0.3189978100463295,0.8458761274562893,0.4629107978860586,0.4781155794076967,6.736894250528224,13648.928796093765,0.0064,0.022797965804844604,0.39977324580181994,0.0004,0.0012,0.0,0.5171828110283276,0.0,2.4383718317205256e-15,3.7041238763115625e-15,-0.005038737803844891,0.011057173698515863,1.0
concentrated_wealth,20261227,0.0005032867935945699,0.012385530556729838,-0.030564989808536547,0.058142507598818345,0.019340118840316316,0.09425734761990562,0.06282149161806887,0.08915514699763205,0.021339600844335813,0.4075447695908645,0.2517425638386798,0.9269421075794243,0.434770126344379,0.3224821291303146,6.5547538206874005,13655.069836999393,0.006,0.15182911346553055,0.28287689195989085,0.0,0.0,0.0,0.5299858365435166,0.0,2.302906729958274e-15,2.248932353474877e-15,-0.0028167622666676463,0.005101526937853384,1.0
concentrated_wealth,20261228,0.00029306651091334465,0.01308783744995385,-0.0027404666081283792,0.09836153671921019,0.0344384572257031,0.13456167884027231,0.1337614544069401,0.05863856102333473,0.04516071199619706,1.1168276272098145,0.312662836506616,0.9194393643227413,0.45090573615275714,0.3594912063930417,6.616972740376979,13641.498252584448,0.0068,0.07601012484200555,0.27539304477611304,0.0,0.0008,0.0,0.5064403614753712,0.0,2.980232238769531e-15,2.778092907233672e-15,0.09822798889752672,-0.005338946251742813,1.0
concentrated_wealth,20261229,0.00021773120703581837,0.011579089997956407,-0.04080711721606352,0.052324368728463286,0.01936769232187056,0.06666886508635322,0.04185634868964705,0.009264343254465011,-0.009616002337455744,0.043082753320064615,0.19026474593437698,0.8990351026652251,0.44890786393218557,0.2799627170305661,6.574747558725932,13485.088074843345,0.0044,0.15350608413096378,0.3492852259273409,0.0,0.0,0.0,0.5261072648967338,0.0,4.063953052867543e-15,5.556185814467344e-15,-0.05177946512660146,0.00683932521634815,1.0
concentrated_wealth,20261230,0.00041586098041544907,0.014348051370385015,0.0034109118897906387,0.07172404392970126,0.02326948140515798,0.12739899410728353,0.13786391545425372,0.061539735316167715,0.013639058627382334,1.2557915507135284,0.2865966819727033,0.8781576452545857,0.45084368330423347,0.4440520559011905,6.640594539920198,13766.409300369221,0.0076,0.04253296705714843,0.28200377159075896,0.0004,0.0024,0.0,0.5571062640313884,0.0,2.4383718317205256e-15,1.3229013843969864e-15,-0.0489155196723328,-0.004798618065699291,1.0
concentrated_wealth,20261231,1.839724936528917e-05,0.011970809133699883,-0.007338546145287763,0.04775997300244799,0.02361528280194613,0.05905742625286254,0.07151343505031252,0.01874258219656316,-0.011916532368350162,0.19392435777758088,0.15710713638420062,0.8057004971534873,0.4383744104117592,0.33733958256786917,6.615535841505508,13496.396355103054,0.0048,0.12522103407048935,0.3793733649379044,0.0,0.0,0.0,0.5465077723043059,0.0,2.4383718317205256e-15,1.8520619381557813e-15,-0.027427183884760547,0.05051105604563475,1.0
concentrated_wealth,20261232,0.0004872806320579457,0.016930390223219446,-0.010856063193152637,0.09504382333340626,0.03326744036588417,0.2767817152648097,0.32721394662594616,0.11896199398060398,0.024834972749346474,6.691996780143452,0.4712761470440996,0.9077780625238687,0.4712518790068861,0.460917501651926,6.692113453511408,13982.912929335085,0.0132,0.03362100452010418,0.38082456881793625,0.0076,0.0056,0.0,0.5410953294502998,0.0,2.84476713700728e-15,1.98435207659548e-15,0.038975847891444176,0.019208077981855882,1.0
concentrated_wealth,20261233,0.00011180928642087444,0.012547702210772142,-0.026414860616159653,0.09259617646150321,0.019465970411336818,0.09196869470230323,0.06275476538817056,-0.011898218581131319,-0.004929219642333391,0.24382851818463136,0.1764256541582745,0.8002926486051051,0.43549016881878044,0.3993496376336408,6.635760648918687,13536.767009679485,0.0044,0.14216798962147692,0.28023595509477883,0.0,0.0,0.0,0.5321822432132515,0.0,2.302906729958274e-15,2.3812224919145757e-15,-0.010129286114748962,0.06454611620015793,1.0
concentrated_wealth,20261234,0.0002650462756994443,0.013682900286664365,-0.027853306660033442,0.08770580873921949,0.024528382643206517,0.11520310530202085,0.09658822107874997,0.04028159219767447,0.025241753356642548,0.83468227513483,0.2681404849146733,0.8309707656783565,0.41580585888965466,0.47424644963396445,6.663266564151442,13610.664110201615,0.0056,0.023535839059375153,0.3299462326624004,0.0,0.0012,0.0,0.5315865364951364,0.0,2.1674416281960227e-15,1.98435207659548e-15,-0.0013761247601313073,0.02439891260178726,1.0
concentrated_wealth,20261235,0.0005667256737650728,0.015508271005667111,-0.018293625795603927,0.09368678134599087,0.03194280028771084,0.2589398835988393,0.22925719378843668,0.11905895239537323,0.054123921933098534,4.126220335951722,0.43789224459096837,0.942524276619627,0.47628323123136385,0.38473991693670734,6.707627525887022,13667.967903208038,0.0144,0.09730135183669104,0.44689987104507245,0.0,0.0044,0.0,0.5240115810930845,0.0,1.7610463229092685e-15,1.3229013843969864e-15,-0.29190709221616246,0.022639905427245574,1.0
concentrated_wealth,20261236,0.0006910190623662604,0.010428057811079696,-0.015781832073815883,0.045056861651844075,0.017036896660337114,0.022639772461771176,-0.0030834392271982297,-0.0006854621366207942,0.00017813062207096012,-0.06599957371013287,0.06227131519944183,0.9459135711955569,0.7618351813404471,0.05115598481512956,6.538887412399232,13413.110976944945,0.0036,0.3509762855295021,0.15798972806884248,0.0,0.0,0.0,0.5419093827168664,0.0,3.1156973405317828e-15,1.3229013843969864e-15,-0.03127415607268065,-0.02166623525267756,1.0
concentrated_wealth,20261237,0.00018698446279139455,0.012006469184922007,0.007352369854814789,0.0656753650628516,0.019531182313318206,0.07996014660266348,0.05414096908184251,0.039919779145895326,0.018325440026249966,0.4233476539294556,0.2131105928527294,0.8404950974538151,0.44412062606893155,0.3638308683673752,6.585634110200909,13586.791355701835,0.0064,0.10070106547523365,0.44473563639129876,0.0,0.0004,0.0,0.5447587585666209,0.0,1.7610463229092685e-15,2.9103830456733705e-15,-0.043999383143329476,0.001991943161258853,1.0
concentrated_wealth,20261238,0.00029698121979603796,0.01094291970270058,-0.04037039622360456,0.05181634194944674,0.02409760869668624,0.03054068769668609,0.0453645901568321,0.027955821199086982,-0.009725562257521934,0.02464979074540885,0.14833972659000724,0.9034408604192045,0.42763294589568007,0.21792463330763331,6.5120187386571535,13544.537519197014,0.004,0.19934561355490302,0.3233485357677248,0.0,0.0,0.0,0.5319315953686381,0.0,2.980232238769531e-15,1.98435207659548e-15,0.07386892308070722,0.028570320239463744,1.0
concentrated_wealth,20261239,0.0004528552777174454,0.013016047216327558,-0.013526299748212262,0.058029381383114816,0.0191219122641042,0.12079882300662195,0.09838716559100248,0.05143857809864582,0.03343787841329036,0.990577602097066,0.2613580778109567,0.8947611469653376,0.45997238983256206,0.37389154295667143,6.6172962363602625,13649.697684877288,0.008,0.09773958551933991,0.3124762228119097,0.0,0.0012,0.0,0.5133767212107538,0.0,2.4383718317205256e-15,3.1749633225527677e-15,-0.07572174030722499,0.028776855338436953,1.0
concentrated_wealth,20261240,0.00014760594484747465,0.010827453718339635,-0.032725167661995166,0.03912242929758159,0.021366727919212316,0.04905190431506121,0.05902511496837139,0.0015088913324473598,0.023865137949773647,0.10889878654083862,0.1382632635738435,0.8300596479142074,0.4211455201318318,0.26202705023508643,6.533568282557849,13514.72127533585,0.004,0.13046823732967924,0.3291581404506906,0.0,0.0,0.0,0.5033047860749698,0.0,1.8965114246715198e-15,2.3812224919145757e-15,0.05402796069456998,0.01131150319942335,1.0
concentrated_wealth,20261241,0.000360417152710642,0.015558543159553385,-0.002747446848558814,0.105183174218404,0.04344111642908509,0.19782446549600124,0.18479836829411334,0.0607700922406129,-0.01829852271912234,1.728827358032099,0.34967789120994724,0.8917765110368144,0.414764274097405,0.48511639077457797,6.803487890235303,13716.845220126472,0.012,0.03409908461623653,0.2868764600943692,0.0,0.0028,0.0,0.5201133062363428,0.0,1.3546510176225143e-15,2.3812224919145757e-15,0.17586516253659162,0.006956288272683784,1.0
concentrated_wealth,20261242,0.00041890716897153413,0.012550590597963013,-0.01787016144078461,0.0823593702320916,0.029019962310653003,0.0964044649401544,0.10385139620135013,0.08950734917934695,0.04202440895974294,0.8959764265874655,0.296528052199306,0.935863437744191,0.4236806109798394,0.3426395777300658,6.569925721429154,13649.54663649444,0.0072,0.11564447045164411,0.2780497317980303,0.0,0.0008,0.0,0.5329794189899564,0.0,4.199418154629794e-15,1.8520619381557813e-15,0.060511819491007465,-2.1931467522450103e-05,1.0
concentrated_wealth,20261243,0.0004970450437522068,0.013191339723136575,0.015768030175576913,0.1125603122310763,0.0342891225419772,0.09478832231103898,0.11974905768166047,0.04042615344177549,0.051313555333396495,1.4607278516935356,0.2757334553736784,0.8916879128111864,0.4468421114192311,0.42550575266610297,6.548675840207805,13799.71596578446,0.006,0.05798774770528553,0.2576608443335161,0.0,0.0004,0.0,0.5252485527592989,0.0,2.573836933482777e-15,3.1749633225527677e-15,0.17348668222672578,-0.027496597310315563,1.0
concentrated_wealth,20261244,0.00041176188951939425,0.012406847771603165,-0.007967612752009297,0.05734243412701419,0.01783534436207549,0.08690943036741267,0.05806328897901508,0.03260440466764582,0.024455465115852823,0.5972482761611246,0.22984148670769908,0.8948037532405366,0.41715551294204706,0.3433326783964263,6.597338413901603,13537.528319778907,0.006,0.18400309491122302,0.33545138128955876,0.0,0.0008,0.0,0.5235988080600911,0.0,4.3348832563920454e-15,2.9103830456733705e-15,-0.07117915395868545,0.013429401157619458,1.0
concentrated_wealth,20261245,0.0005648127949958542,0.0121956152590101,-0.024787359239088216,0.07803506591672116,0.02738387814140003,0.1880170609506645,0.1558164969449604,0.09988459485246573,0.029202736463204943,1.4101253781070442,0.3262314199211909,0.9477551133636636,0.59294963365233,0.24460416734837512,6.570049531895381,13626.901572370156,0.0092,0.17365431048063001,0.33983445308361737,0.0,0.0012,0.0,0.5213101492734167,0.0,2.980232238769531e-15,2.1166422150351785e-15,-0.14243617649561685,0.058624826040360595,1.0
concentrated_wealth,20261246,0.0005344985069813834,0.0114892088013376,-0.0004679119926319105,0.05830231636983115,0.014641074183901013,0.041739491702441504,0.06262636017177907,0.015786841617375178,0.019184365854461222,0.2714733333937618,0.2122695441947892,0.9416340222198434,0.456203393624912,0.24147842119558446,6.497672413850701,13613.249794784939,0.0048,0.1435631261947427,0.31066278760506794,0.0,0.0,0.0,0.5570404698072917,0.0,2.1674416281960227e-15,2.645802768793973e-15,-0.03466569822618459,-0.0006976286663293349,1.0
concentrated_wealth,20261247,-1.183155221516934e-05,0.012112637748384551,-0.0576083902449547,0.060920635984295556,0.018408281365496233,0.11626026804153565,0.07937013042700121,0.03499643367460939,0.014518549831035092,0.5818653890523886,0.2357582475017593,0.854713524666856,0.44787694422491936,0.38135017071470956,6.661215515419191,13462.724202182544,0.004,0.0717386249090817,0.5125216324519766,0.0,0.0,0.0,0.5267543026412727,0.0,1.8965114246715198e-15,2.778092907233672e-15,0.05871391676214314,-0.03402056205860847,1.0
concentrated_wealth,20261248,0.00033849552559665134,0.011729295630136177,-0.020388436233317257,0.06707874519564105,0.02491144269945639,0.10524281890310501,0.10097401379726505,0.022892440154989754,-0.0025157830560261166,0.801124297333816,0.24880960562193963,0.9074578392661335,0.4805484537302278,0.28244544236946223,6.545359688914625,13653.930144138514,0.0072,0.19391515172999638,0.3907025443359323,0.0,0.0004,0.0,0.5232622240005085,0.0,2.980232238769531e-15,3.7041238763115625e-15,0.03442821816845082,0.0005390362199423341,1.0
concentrated_wealth,20261249,0.0003143832887036275,0.011030798374939935,-0.04277966985030581,0.046084746427678756,0.018958196880095098,0.025554825553335825,0.04366760486756598,-0.013675357078027448,0.009289135616014826,0.0008847301305285882,0.11460658243038206,0.8569765363636649,0.412347784492053,0.2568301743376318,6.49964794808016,13582.433330738031,0.0028,0.19693019941472356,0.25962592623053093,0.0,0.0,0.0,0.5211955935740546,0.0,1.4901161193847656e-15,2.248932353474877e-15,-0.050769459260135236,-0.03465102253476767,1.0
concentrated_wealth,20261250,0.0005515178875538546,0.010709597696289843,0.01488617956480892,0.04600685234252109,0.018483775067858692,0.002043376770779228,0.02284797546037067,-0.036747198401105526,0.00991648640433967,0.016550335351804613,0.04501441405345336,0.9370579353563642,0.6665839458946385,0.14186578775392555,6.486533115157539,13551.692497696919,0.0032,0.26686567913456355,0.2243499222762021,0.0,0.0,0.0,0.5293441588247769,0.0,3.1156973405317828e-15,1.1906112459572878e-15,0.016351509278433544,-0.009673539500481266,1.0
concentrated_wealth,20261251,0.00037898252971621033,0.02283035465208249,0.10869960421504445,0.18156534314428238,0.06516067762820474,0.46290578371896474,0.3514294081127653,0.19217723917523793,0.012891125887086234,15.171163402404314,0.5856696918680815,0.9189450442561363,0.517371942586167,0.44536763488138004,6.926055206851262,14023.526145247131,0.0168,0.18503271576585636,0.5687478872537919,0.9196,0.0132,0.0,0.552359256528399,1.0,3.522092645818537e-15,2.1166422150351785e-15,0.5636221033008623,-0.04570803714063225,1.0
concentrated_wealth,20261252,0.0001924519996119489,0.013248796918459335,0.007204082434645361,0.05759187773585731,0.01857983746303258,0.056951065918989976,0.06853711085822223,0.021526860247896153,-0.018934662749418324,0.7651231594499959,0.22569045938335547,0.804368192154616,0.45231510901411903,0.4169966760843056,6.658324002264484,13572.378201221612,0.0048,0.08508408508280638,0.33720063601115047,0.0,0.0004,0.0,0.5505746316723801,0.0,3.7930228493430395e-15,3.042673184113069e-15,0.16264265764908342,-0.03642237065875016,1.0
concentrated_wealth,20261253,0.00013122446773666,0.013914577127041038,-0.02274792845860938,0.06139549136792784,0.026503258410237575,0.1061584521183777,0.13729724528830764,0.0359953754873466,-0.005792360789641604,2.163052725195585,0.29838226652496563,0.8676833435478647,0.4409705780839521,0.45185751921912126,6.7171412608586225,13550.412288933445,0.0052,0.0810688664381999,0.3636128585934604,0.0,0.0012,0.0,0.5388359697975054,0.0,1.625581221147017e-15,4.365574568510055e-15,-0.0261684729240306,0.012432282780027207,1.0
concentrated_wealth,20261254,0.00019113779105862393,0.015320423269180783,-0.01829198962467257,0.10102143584283356,0.025166673304773995,0.15975554568000647,0.19037319784610468,0.04174125515450238,-0.01602815740629591,1.9603571116550942,0.3194098173548091,0.79604959242406,0.44262956267517023,0.49090078240882135,6.74989686976891,13699.114038370002,0.008,0.022342003604271358,0.41881345859404506,0.0,0.0024,0.0,0.5447131460553216,0.0,2.7093020352450286e-15,3.3072534609924663e-15,0.02943541929499121,0.007281626384199547,1.0
concentrated_wealth,20261255,0.00035997567054300037,0.011705530000399013,0.017900372303264883,0.0667162466348572,0.01897561217230399,0.1087526524876834,0.10913035831518844,0.038376965658746404,-0.023773499828658,0.7038327128735014,0.28029226403554,0.938444235386243,0.4413842311329987,0.277051834459204,6.574023353865,13548.74909478172,0.0072,0.14754367164875798,0.24115959980904855,0.0,0.0,0.0,0.5174208992080527,0.0,1.625581221147017e-15,1.4551915228366853e-15,0.016029576165345498,0.04933640439844218,1.0
concentrated_wealth,20261256,0.0008014257675924132,0.010424057818354175,0.016381118543684063,0.05166020786745935,0.019150538267293016,0.0016828697568256386,0.005775332528500285,0.016429768700367452,0.040251708116095006,0.008926126740310014,0.09861334148112474,0.9546601297677512,0.7144700331123165,0.11574557759087147,6.462971893165448,13558.201420732225,0.0036,0.36220256333576345,0.21159960278371093,0.0,0.0,0.0,0.5118021788472347,0.0,2.302906729958274e-15,1.5874816612763839e-15,0.015303356315048587,-0.0325083902466577,1.0
concentrated_wealth,20261257,0.00039157732598552606,0.011540688654694662,-0.029280829743553893,0.05878985632690022,0.018157922943841432,0.060645021546052245,0.03940040854659261,0.03245858094818404,0.022016079444454068,0.010978861098489556,0.1941159944504872,0.9268784241086252,0.43267690754440713,0.30395779387486865,6.544210323047927,13522.676618367368,0.0028,0.11367753306384566,0.1929974892541677,0.0,0.0,0.0,0.5108505302068789,0.0,2.84476713700728e-15,3.836414014751261e-15,-0.0021376652448404244,-0.032314378865669874,1.0
concentrated_wealth,20261258,0.00041139949560697425,0.012722365189057751,0.02085709234297775,0.06888815549404718,0.019665904222110387,0.05382894801063544,0.12712382042296963,0.03314101919298234,0.031495201783050424,0.6724736005364198,0.25599589756253294,0.8792467243294496,0.5002757748715931,0.3786362680241013,6.57438938756669,13715.82350756594,0.0072,0.09954964607369632,0.32537888867804676,0.0,0.0,0.0,0.5074582782428219,0.0,2.0319765264337714e-15,1.1906112459572878e-15,0.017182463860823914,0.020958604384330105,1.0
concentrated_wealth,20261259,0.0002979845985904216,0.01013849198131852,-0.0374400149392704,0.0374400149392704,0.015860624357070766,-0.002236077570356216,-0.029546829550096902,-0.014588415929950511,-0.028338157090526575,0.010099645232985566,0.016871671743154126,0.9187538200357811,0.7692796323844254,0.023966418047118104,6.5160905316137425,13417.546463240675,0.0036,0.44835212445330835,0.3417514710937496,0.0,0.0,0.0,0.5225648424465115,0.0,5.147673866965554e-15,3.836414014751261e-15,0.014722783279137116,-0.015560005683525897,1.0
concentrated_wealth,20261260,0.00012957234380504232,0.01740277983856309,-0.01182514794132692,0.13202683004467933,0.030289159836372464,0.201348342688546,0.1925189146494824,0.05556872380740703,-0.030585303653844178,3.268314911428357,0.4000374837230711,0.8410760936395716,0.4330287248271109,0.5236296886845354,6.882992430316832,13728.382437512753,0.0116,0.023152895545198733,0.46097542052128615,0.0,0.006,0.0,0.542689648451858,0.0,1.2191859158602628e-15,4.762444983829151e-15,-0.21307618807711165,-0.02362224056178073,1.0
garch_t_control,20261211,0.0003247154210472491,0.0220489987321932,-0.04903074824678175,0.09399026266069564,0.04432208141106527,0.3863013536072412,0.3112359678828651,0.26338653854822985,0.06635205793369635,30.21379363900293,0.2761584581247018,0.9164111972317347,0.5211202673451706,0.36634485229613684,7.093335246294901,13826.542586071528,0.0172,0.09507522504567373,0.5015504304254728,0.0,0.0132,0.0,0.15039523156003498,0.0,3.1156973405317828e-15,2.9103830456733705e-15,0.24710735280833568,-0.042292983682168904,1.0
garch_t_control,20261212,0.0004959400022212247,0.011790648238021405,-0.08512519081971613,0.08512519081971613,0.033944582600990654,0.3703045033851759,0.34012756055051463,0.22751917277586306,0.15118632447910088,9.880234062633281,0.3680105749680286,0.9473656727803829,0.5800801050497336,0.2132662078470033,6.5598162596204705,13887.75231739375,0.0148,0.20573941372302473,0.2700215702999008,0.0,0.0032,0.0,0.06894557800459311,0.0,4.063953052867543e-15,5.0270252607085486e-15,0.1836692480635671,0.053946017216004345,1.0
garch_t_control,20261213,0.00033421968745065095,0.015150014024456575,-0.009711673068762972,0.11694193061544525,0.024663163660891625,0.36270210262444375,0.33042766501077925,0.21659730215555764,0.07836103370424165,7.8717120426321845,0.3904990643975308,0.9253160638935642,0.531272118240431,0.3258507944104423,6.876583819380057,13709.758399624228,0.0184,0.14558613834790238,0.4833060288975093,0.0,0.0084,0.0,0.12302683747355037,0.0,1.625581221147017e-15,1.5874816612763839e-15,-0.22604044191045786,-0.05590508691817763,1.0
garch_t_control,20261214,0.0002644669806129173,0.011043017754562873,0.01460209926248128,0.11798561240063196,0.046970794214338356,0.3719072298162154,0.37734187091396265,0.23273662214365728,0.026864191392170673,6.92590295180978,0.5054588646898112,0.9199527084106183,0.49048303314690295,0.32097498174833694,6.625173221613881,13785.935239221582,0.0176,0.15253368093595687,0.21182029904969324,0.0,0.0044,0.0,0.07583947591849904,0.0,2.84476713700728e-15,1.8520619381557813e-15,-0.23873254105393507,0.028259191160355503,1.0
garch_t_control,20261215,-5.748503124209066e-05,0.012466072140856961,0.00579510345873093,0.08420416118730795,0.028213159271903036,0.2738811024310397,0.28458228793731905,0.11569548587437692,0.07124011897237997,6.4620960468165745,0.44314204098180016,0.8730895071546918,0.5173607706481762,0.40312296701984407,6.710561039373323,13742.94943549521,0.0192,0.039235038125890014,0.5004009120999742,0.0,0.0024,0.0,0.07276119201814635,0.0,3.522092645818537e-15,2.645802768793973e-15,-0.3767670078208879,-0.06845415584487448,1.0
garch_t_control,20261216,-0.00018994815134934485,0.01307425461210659,-0.08090350303466098,0.08853443721880588,0.02798207295120401,0.2515020318418481,0.32584987269674215,0.1578252036989221,-0.012056920305147087,6.504787036939295,0.3846332968227308,0.8574096926962765,0.5262596223628627,0.4153949515013986,6.853484778601585,13686.42609187948,0.0168,0.057246286707809034,0.5741129540043413,0.0,0.0044,0.0,0.07587587073485391,0.0,1.625581221147017e-15,3.439543599432165e-15,-0.25148578141795497,-0.00019533612138308243,1.0
garch_t_control,20261217,7.852065623491385e-05,0.012006257999339123,-0.012149515013732801,0.10199597891476178,0.02613184018482801,0.3004514927683714,0.2658650085864192,0.1623777139550765,0.038060348007025284,5.398897082892823,0.4135364292586651,0.9083589511855436,0.5088628659066174,0.4074874944877002,6.614477324898342,13885.662222141264,0.0176,0.07965777094202509,0.3463750696445279,0.0,0.0044,0.0,0.08643982350208179,0.0,2.302906729958274e-15,1.3229013843969864e-15,-0.18642598531084165,0.04712073494118979,1.0
garch_t_control,20261218,0.00032328643071171965,0.0078082726187398395,-0.012346675594950823,0.03923195326907728,0.016214740913443076,0.2088856368765151,0.15997263913843868,0.1474902748749014,0.07867519154297502,2.9920558894727396,0.26576750829748996,0.9426344181915391,0.5927727652950843,0.18997534373452915,6.439139955938664,13651.783425514406,0.0172,0.20626216110405252,0.2090113992382876,0.0,0.0,0.0,0.04304877658124173,0.0,1.625581221147017e-15,3.96870415319096e-15,-0.1523821976904897,0.00010945319345340204,1.0
garch_t_control,20261219,0.0002640694413692348,0.010792676189936849,-0.020306090911344707,0.07248382794256367,0.028340620788321457,0.2850934699344341,0.22701086873460496,0.1457466654634825,0.10075767442631256,2.667701248550018,0.3604789441251802,0.8829390814574062,0.48363780639787596,0.42130676155959623,6.507217701389823,13895.536099610827,0.0156,0.08619535882323602,0.2129530774876499,0.0,0.0008,0.0,0.08589816647048054,0.0,1.3546510176225143e-15,3.96870415319096e-15,-0.11990171322678898,-0.0006790029207687685,1.0
garch_t_control,20261220,0.000287846076535104,0.010803461296235377,-0.03565425902749411,0.10189133543655395,0.030758208412234138,0.2829378568215279,0.27426966996118296,0.1381077811025425,0.02978652926437247,16.40789834805027,0.4222856752992687,0.8964216444813937,0.49658489627365116,0.3680151054315128,6.507031902653821,13943.367726285374,0.0136,0.15104859607216917,0.2669225254197072,0.0,0.0024,0.0,0.10131905278671938,0.0,3.657557747580788e-15,2.248932353474877e-15,-0.5880598795633318,0.05227631268419161,1.0
garch_t_control,20261221,0.0003134034753892564,0.014187769653556621,0.06454413835084007,0.08346069770007447,0.039040447829907246,0.3506529616035902,0.3143595356917067,0.25973189283066755,0.11514348716918409,7.997483376575245,0.29276047067751393,0.9379636000573793,0.5239807141453051,0.26516883213698456,6.693514849325886,13838.75129546683,0.022,0.16389138612475174,0.32471389627485436,0.0,0.006,0.0,0.07314576530842065,0.0,1.4901161193847656e-15,2.3812224919145757e-15,0.40171102647791906,0.012617928461703228,1.0
garch_t_control,20261222,0.000378064060946382,0.009105063220764611,0.01659809140902084,0.04372303614885455,0.017337196413828432,0.2222408585809531,0.16036858642685672,0.0948246281920208,-0.0036560570170669415,3.2458676981545302,0.23391914962276245,0.9217526865380794,0.4772284910115147,0.3011588403474191,6.3838115531634045,13883.553921616452,0.014,0.13558625744479808,0.23407101225969928,0.0,0.0004,0.0,0.06071266610066983,0.0,5.5540691722523084e-15,2.1166422150351785e-15,-0.0868908677056831,-0.01641540042608345,1.0
garch_t_control,20261223,1.539658198581293e-05,0.016286296555745417,-0.082023765396446,0.11353208523947958,0.03815807931577073,0.28153555807267955,0.33087609653565503,0.15852867003007234,0.0103356710273405,4.378057495823561,0.4643698899380888,0.864698842583496,0.5049901903954107,0.48381830236757684,6.854237520166761,13884.806659641135,0.0192,0.028856798182503418,0.45375085239963175,0.0,0.0088,0.0,0.12720345507046482,0.0,4.7412785616788e-15,2.248932353474877e-15,0.014669704104244693,-0.013764136921566495,1.0
garch_t_control,20261224,0.00035338667565366536,0.015858140443612542,-0.0212624036389349,0.19570601464303536,0.04585160567953746,0.3963003921834609,0.3861708358131347,0.2140334037523715,-0.014603236446831291,6.435074067470117,0.5497928740691005,0.936711915473138,0.48826775445197834,0.4499420154722421,6.817232845539486,13907.508631745553,0.0232,0.094728623275821,0.25766794068977217,0.0,0.0084,0.0,0.1267234699701174,0.0,2.573836933482777e-15,3.1749633225527677e-15,-0.15180762861705321,0.014221619827822489,1.0
garch_t_control,20261225,0.00048266982882504014,0.010419461747441053,-0.04942523229181063,0.09897366210127904,0.036358932458710566,0.2954235787355494,0.26324649397470784,0.18118550374560508,0.049902319448753445,17.36200960480594,0.3223370949912341,0.9049483196836309,0.5284631155966573,0.30416388565364777,6.559103802738798,13762.558823406393,0.0136,0.2288081370077686,0.2087736981245808,0.0,0.0016,0.0,0.07657718706788286,0.0,2.4383718317205256e-15,3.3072534609924663e-15,0.1718328218631023,0.049883750208075985,1.0
garch_t_control,20261226,0.00027917958875346433,0.020941241401633247,0.03631684170540623,0.17396664283528085,0.04914885247186189,0.4186680256311376,0.45149241051405486,0.18378237950225507,-0.05390375720068579,6.6122541912126405,0.5890615219990084,0.9193479956294859,0.5575897979147818,0.4941523855193248,7.138330312094711,13932.876543428212,0.0216,0.048079109104593225,0.33383680458182674,0.0656,0.02,0.0,0.19977480675514925,0.0,1.8965114246715198e-15,4.497864706949754e-15,-0.12476812319958897,-0.06605162853595871,1.0
garch_t_control,20261227,0.00036621903643745314,0.00882062259300098,-0.03449879931446103,0.07799641841110394,0.021622399407954775,0.28154585485464223,0.3043048673561525,0.1715983659870912,0.03055531460509109,7.014958261605242,0.32618787717229797,0.9369750975454442,0.590964056829579,0.25620567704888114,6.435252729314101,13939.295079015756,0.0192,0.09271187214073259,0.36089133274626395,0.0,0.0,0.0,0.04523027161971416,0.0,2.84476713700728e-15,2.645802768793973e-15,0.4583394728830788,-0.012266115538286685,1.0
garch_t_control,20261228,0.00014849088359164179,0.0134623769170226,0.011949528648985951,0.11984155011678177,0.03755633109217198,0.3288458862110995,0.34888676699035603,0.25447436564778186,0.19006468369776033,9.728222816474835,0.35775301364712114,0.8770909429832021,0.5060673981532394,0.357258731099031,6.6126550723103765,14019.183342371953,0.0188,0.12281814290084306,0.47852920328492143,0.0,0.0052,0.0,0.10293154477825728,0.0,4.876743663441051e-15,1.5874816612763839e-15,-0.49983829444079947,-0.061434076069171936,1.0
garch_t_control,20261229,0.0002875929947576491,0.009887511525463957,-0.017808573160033793,0.0798979329745776,0.030573151764873418,0.3457953197475726,0.30409780105418016,0.16588071785098693,0.12401788436923403,3.463281720639043,0.5031808220043668,0.9368930778569258,0.5056382033652541,0.38267630002390635,6.415047869021235,13954.865785451693,0.0176,0.10052137113366505,0.3150867911031445,0.0,0.0004,0.0,0.07329452132285419,0.0,3.522092645818537e-15,3.042673184113069e-15,-0.06619118633167262,-0.030337119785672273,1.0
garch_t_control,20261230,0.0005157011358971371,0.010557253686856099,0.048396359177441686,0.08544213197925922,0.04136860930900696,0.4175317304270583,0.3552858268782968,0.3672266331671466,0.06715815690715042,12.69535997256831,0.3724768749045913,0.9527998261342072,0.5234297552410399,0.2900714827563707,6.524244478824878,13995.161240695801,0.02,0.10662182894451544,0.18388673546100776,0.0,0.0016,0.0,0.05491376599124509,0.0,3.522092645818537e-15,2.645802768793973e-15,0.6645157363023161,0.014873881444265404,1.0
garch_t_control,20261231,2.5390232646742205e-05,0.02484571786556156,-0.04333986667281168,0.1559684771193682,0.05135873436523275,0.4954095694729795,0.4612642519320892,0.23666942954710352,-0.034364173762676156,7.334869072840188,0.6302639993433614,0.9238084317701857,0.573416442857438,0.48565863384471075,7.389902934562202,13895.072037784214,0.0196,0.07189293842860922,0.5526284517985635,0.1772,0.0292,0.0,0.17057209994588063,0.0,2.302906729958274e-15,2.248932353474877e-15,0.27227733374032226,-0.016927142321319172,1.0
garch_t_control,20261232,0.00015262400048355148,0.01465566852044044,-0.028596006711517137,0.12900083759531056,0.029036361660868815,0.39502441901333046,0.36757630065001795,0.2319496107557051,0.07405972703664941,7.838568066587197,0.5353881107040808,0.923604374621804,0.5335800018303796,0.42323688488699696,6.712600370184435,13953.444502978351,0.0184,0.07020594572851133,0.48258354998071684,0.0,0.0068,0.0,0.10445190403391647,0.0,2.4383718317205256e-15,3.042673184113069e-15,0.12392819362754212,0.009673691154022166,1.0
garch_t_control,20261233,0.0005868931058979595,0.010394633203428765,-0.039250802732567376,0.08476613398719356,0.027139450845135953,0.3729603689764561,0.325783078346358,0.28194466290240094,0.214069487009376,11.28622397893052,0.3918700729750747,0.94532087680252,0.7600767164472516,0.0911164604611832,6.447099005604715,13853.856792214248,0.0204,0.2848984410626805,0.2761382128039088,0.0,0.0024,0.0,0.043582337858244946,0.0,2.302906729958274e-15,1.5874816612763839e-15,0.4944109888336526,-0.040321016797166424,1.0
garch_t_control,20261234,0.0004145536529799159,0.00992000089723378,-0.012602200490199783,0.0691691406614416,0.029331807887464346,0.3427473318337028,0.3283348085038171,0.16387148457132772,0.023171614240532292,7.365101640882395,0.4007536785160095,0.9330162285532811,0.4776124313321752,0.2533451110234314,6.404234549529869,14074.884158205787,0.0156,0.1576360580760299,0.23240295263004085,0.0,0.0016,0.0,0.0720280461212226,0.0,3.522092645818537e-15,6.2176365066658364e-15,-0.06488069816145617,-0.024574850165043214,1.0
garch_t_control,20261235,4.301955111298668e-05,0.01167193137028105,-0.010899982310201306,0.09816114845322602,0.037710670711931314,0.38592200065555715,0.3714220568515484,0.23143897071622488,0.004380599179725792,10.641846438316302,0.4580478791057389,0.8847582760855571,0.5310412735075306,0.31085025301104646,6.639897019233109,13940.764512610069,0.0192,0.12107200480592109,0.34256271542635053,0.0,0.0048,0.0,0.0694776156300334,0.0,2.4383718317205256e-15,3.1749633225527677e-15,-0.9002055377400288,-0.07958879830995841,1.0
garch_t_control,20261236,0.0001931892351829944,0.00957520369037962,-0.022339375354864504,0.13171035863670094,0.046866648483287296,0.23280732771852686,0.2864196994523717,0.14816070207882934,0.029330465483881726,3.7483876082157677,0.34418971014761107,0.8680197637845789,0.46685352662281576,0.3945883638252811,6.587507023196593,13727.096017639527,0.0164,0.1095738688454901,0.2667282499022926,0.0,0.0004,0.0,0.06514231779840274,0.0,1.8965114246715198e-15,1.98435207659548e-15,0.016803469315878852,0.010901092334811067,1.0
garch_t_control,20261237,-9.496848446227446e-06,0.015739827331608256,0.029483834396743125,0.10853532622170599,0.03340403585944232,0.3184482193076091,0.3468989094152672,0.2243513918153721,0.03206061499931718,13.885483287887752,0.4774686754031203,0.8875534327058692,0.5366527466073283,0.4291521085860928,7.025643272312752,13650.60595209741,0.018,0.06152538404725274,0.44628079243073915,0.0,0.0072,0.0,0.133672095933006,0.0,1.0837208140980114e-15,3.3072534609924663e-15,0.7769786134320801,-0.010173792156732149,1.0
garch_t_control,20261238,0.0002671483353443488,0.013588950155465076,0.001877114690873448,0.13728426458110948,0.03519703190860079,0.2803038109141077,0.305285428921075,0.13419906954803998,-0.05202516595058235,4.301549999948822,0.502350846453018,0.8888669918020375,0.4874041227130268,0.5035862334958077,6.818375587494112,13693.15104305093,0.016,0.06499464756733041,0.23788998475671452,0.0,0.004,0.0,0.1153513529992487,0.0,6.2313946810635656e-15,3.5718337378718635e-15,-0.22992439487087554,-0.05119739823857045,1.0
garch_t_control,20261239,0.0003727963637105379,0.008252863466519395,-0.09940528751660786,0.09940528751660786,0.024015258233389604,0.2880777254321031,0.2668164545068434,0.14288052480710692,0.047150746362455226,9.699684041412949,0.25477851662883033,0.9412244425931723,0.6210315286092769,0.16282746384488134,6.470500074550115,13720.138889683014,0.0116,0.26656630651029894,0.15049708755729752,0.0,0.0004,0.0,0.04401209740227041,0.0,2.302906729958274e-15,3.5718337378718635e-15,-0.28015538629356895,0.018535734479725233,1.0
garch_t_control,20261240,0.0008700636885155916,0.009252507712283654,0.008755514085083934,0.0504880799250236,0.024934544765165302,0.1965860108912174,0.16025344797451443,0.12515378474736308,0.029052656691335742,3.96403403471289,0.19651509256250754,0.9542508513650181,0.7693994845930314,0.11183525012999472,6.521302754522461,13716.953508652794,0.016,0.30530477310690224,0.1697157928738512,0.0,0.0004,0.0,0.04244265425704552,0.0,4.876743663441051e-15,6.3499266451055354e-15,0.24460641260908525,0.05287748378980064,1.0
garch_t_control,20261241,0.0004433775624845822,0.01064543383909965,0.0010715007457438724,0.1482988228043498,0.04136443670556024,0.38545120117081466,0.3693813625790269,0.2758116062878048,0.07174230348695669,8.443051563964914,0.4652905083337432,0.9529446950466702,0.4941859240953395,0.2858088808701688,6.451675586438351,14016.722518147733,0.02,0.08561812186141922,0.19251699933230382,0.0,0.0016,0.0,0.07428442043436556,0.0,3.928487951105291e-15,1.8520619381557813e-15,0.4799999103319621,0.018917391325132864,1.0
garch_t_control,20261242,0.0001957578502143992,0.011470967522375534,0.006915977143691764,0.11037662363676998,0.03329516987148779,0.3224470142504102,0.3603236180032513,0.20430309585629003,0.014769973508652725,7.023614385926267,0.5117213117381748,0.9015733729689053,0.521828410350765,0.3821840870012253,6.499847358867192,13976.536754854023,0.0212,0.13261777164723804,0.3439981582276245,0.0,0.0028,0.0,0.09036994094864004,0.0,3.251162442294034e-15,2.9103830456733705e-15,0.1881940954951116,-0.013116624477458982,1.0
garch_t_control,20261243,0.00014733738214453568,0.014008497380035732,-0.02628299440458331,0.13602470137816686,0.032241344389833046,0.3659547259039888,0.39707744314345855,0.213618108590903,0.020343617787788898,10.065585107486449,0.4973114231586067,0.8858585140796721,0.49335945712891943,0.4360377546229349,6.756006080215331,13933.181655162442,0.02,0.05042542118812096,0.38997925009254053,0.0,0.0048,0.0,0.09536592748497319,0.0,3.251162442294034e-15,5.1593153991482476e-15,-0.1649316675981249,-0.026009912504312744,1.0
garch_t_control,20261244,0.00020246257419891903,0.016307007261018427,-0.021034599578161894,0.1385970827217429,0.0349812159685968,0.3299885051845219,0.315268236265109,0.15743828950714928,0.0439234566437141,4.152719349729392,0.5188812778766909,0.879955593078826,0.508716881452714,0.5020421890018283,6.890988045939112,13848.86894845147,0.0176,0.039478851520927574,0.2674659470652653,0.0,0.0088,0.0,0.13626627440042283,0.0,2.1674416281960227e-15,2.645802768793973e-15,-0.2084756945531567,-0.013457193512117997,1.0
garch_t_control,20261245,0.0003013614890066375,0.01274331309386477,-0.02878792131640782,0.09581497469518638,0.03318898480685055,0.3567301499491984,0.30917942780545865,0.19683128488589569,0.05419161579194538,10.168688621074736,0.466608972330033,0.9234281224965188,0.4837541606615441,0.3684717217122115,6.683892973334444,13834.359925844563,0.0176,0.10533052930238851,0.49105787543286994,0.0,0.0044,0.0,0.09372352111664006,0.0,2.980232238769531e-15,1.98435207659548e-15,-0.5519812164268527,-0.03354017627682317,1.0
garch_t_control,20261246,6.695321115445339e-05,0.009358053618736706,-0.021584503351454586,0.05971099775416969,0.025533211049789804,0.27982560631451253,0.25445657502553115,0.17888822588637157,0.13527553965512648,8.820403637422391,0.20162117271907937,0.9076832665248787,0.49796640546906185,0.26012442900993976,6.454937777479467,13777.18241583407,0.0164,0.15454468517028974,0.48707478353614164,0.0,0.002,0.0,0.05288110092089493,0.0,2.1674416281960227e-15,2.5135126303542743e-15,-0.7359166501917799,-0.023692134062118085,1.0
garch_t_control,20261247,0.00023156683434432282,0.012621811113498962,-0.01865403443636284,0.09518981349606948,0.027942639765521932,0.34676224122996524,0.3667101337109161,0.2091153625133122,0.07397666219595979,6.339229888869042,0.45480654021293876,0.9418784060061058,0.49999019020132285,0.3492784835843969,6.763495169266279,13665.272873703003,0.022,0.05742531478530932,0.3292215826948379,0.0,0.0032,0.0,0.07092431812840516,0.0,2.0319765264337714e-15,1.8520619381557813e-15,-0.12737631913267322,-0.019264191158849316,1.0
garch_t_control,20261248,6.845126605858915e-05,0.008976892298867384,0.030942025248555265,0.06809852227201159,0.023310205060083876,0.21240893882292639,0.24172471583566413,0.1155091295993306,-0.037129083745551746,3.3215818622415005,0.35143980390442786,0.9030137830584312,0.4677484052578747,0.3483508874263578,6.620504324664696,13474.243285048879,0.0184,0.18314236492962097,0.47822135800081766,0.0,0.0004,0.0,0.06571904803039397,0.0,4.199418154629794e-15,3.1749633225527677e-15,-0.3266080896476731,-0.040952216512043865,1.0
garch_t_control,20261249,0.0003798899734620779,0.010253021591472705,-0.004096413721533197,0.1054942944468178,0.02960746389020715,0.3005437035790936,0.27820034097215635,0.16231417272590323,0.028665182314908354,4.913304878375106,0.3928127823879651,0.9185270217473023,0.4710586390409562,0.4093493002472947,6.600640840829074,13752.65440349991,0.0148,0.14228679599762553,0.20817040261012532,0.0,0.0012,0.0,0.08030021474080096,0.0,2.302906729958274e-15,2.1166422150351785e-15,-0.21458465519001943,0.0036884432424233193,1.0
garch_t_control,20261250,0.00020084084369070113,0.010778160315364143,-0.016676891480074375,0.10329047007130548,0.027074971233031847,0.2700303298223366,0.18155673163158823,0.15583963752334448,0.000533257632952147,7.429035008134795,0.3172883209839064,0.8938933951886722,0.49611333873747004,0.39401557510340585,6.431106323657229,14077.91748351503,0.0148,0.12901487459086194,0.3554093858850643,0.0,0.0008,0.0,0.09049992065349488,0.0,4.7412785616788e-15,2.5135126303542743e-15,-0.10649479436466207,0.0073078789582185855,1.0
garch_t_control,20261251,0.0003492494229487644,0.008339284570210524,0.10427606373348813,0.10427606373348813,0.03587507931038119,0.27208962860588426,0.25903414165274097,0.17840127476701062,0.03665541173928223,4.49547261668061,0.39276190270387246,0.9244927528008627,0.4946520683078315,0.31819730782779787,6.455930677081069,13751.794449116778,0.016,0.1259707098232326,0.20256825674215673,0.0,0.0004,0.0,0.05780645223189773,0.0,3.657557747580788e-15,2.3812224919145757e-15,-0.02027447108367027,-0.029615552013890024,1.0
garch_t_control,20261252,0.0002519502549911664,0.018504954682427553,-0.06988353796475293,0.09622427803661264,0.04425518733714135,0.43009230820560346,0.41672509497774013,0.28127382284193825,0.10387669995340015,18.028023447404898,0.5736104728080997,0.9333877909041235,0.5579013042116344,0.4034258368334115,6.814853552548835,14044.791925967944,0.026,0.08916010031541098,0.5388250519665085,0.0008,0.0148,0.0,0.1402100593162232,1.0,1.2191859158602628e-15,1.98435207659548e-15,1.1705453781896908,-0.042204894107340914,1.0
garch_t_control,20261253,0.00032661052844717916,0.013781218729814323,-0.07500636104547384,0.09720541778256964,0.033978697990872164,0.37688391973570823,0.3021906243135561,0.20384055278488844,0.0542982932728223,14.952514776775363,0.40501800234293506,0.9095984690409382,0.5212765391942591,0.3442481818480464,6.64637114731276,14040.641456525862,0.0164,0.09141255369088892,0.3575693616443766,0.0,0.0044,0.0,0.08215116641105169,0.0,2.0319765264337714e-15,2.778092907233672e-15,0.7374965890453253,-0.005281960249038945,1.0
garch_t_control,20261254,0.0002675974813042515,0.01641798785749032,0.016985500092839945,0.11757558245697873,0.03483934669776952,0.34789361263440793,0.39412688612937613,0.2629251678820686,0.021562545309724568,5.34376754781883,0.5117716033192476,0.8814414872457065,0.5151608318573088,0.4587995092472608,6.852723844330001,13985.01477063013,0.0188,0.03541543057327652,0.3973997355876314,0.0,0.0088,0.0,0.13901636379031945,0.0,2.4383718317205256e-15,5.423895676027645e-15,0.05373497402507841,-0.040268548228306264,1.0
garch_t_control,20261255,0.00018154552460397503,0.010076388784614681,-0.04842938407581421,0.04842938407581421,0.02087341008683625,0.2713543882720883,0.27090129396198487,0.12563776988423875,0.01784033980486532,4.275034580976784,0.35909884543066894,0.8885411953052392,0.4853622189092949,0.41426015315868286,6.477557955767565,13827.432211841899,0.012,0.10609162643298077,0.321123199305392,0.0,0.0004,0.0,0.0842815135873125,0.0,2.302906729958274e-15,2.248932353474877e-15,-0.004436218361154201,-0.06369052574039534,1.0
garch_t_control,20261256,0.00034583585254518924,0.008720959794542378,0.0047940339718301195,0.09369224966404179,0.02703118509349899,0.29877231046559577,0.25591778659188885,0.10109449945172039,0.07391140010667523,6.102519904185101,0.3282188387990258,0.9419874714846281,0.5050145543994687,0.1961576321987638,6.4409321655763065,13861.259095513893,0.0168,0.22582973694133626,0.27820741977596275,0.0,0.0004,0.0,0.05013740989481841,0.0,4.199418154629794e-15,2.9103830456733705e-15,-0.014752476590061724,-0.010429566060130704,1.0
garch_t_control,20261257,0.0003744795796305183,0.013729004612047327,0.04636779619839615,0.10916309163128832,0.037912737468934116,0.31669530982705846,0.3108527313188738,0.14695984003651433,0.006012117850283777,4.739102291882415,0.4950299972016982,0.890792118655702,0.49655768589443694,0.5033074340238375,6.7061639864993445,13835.242030310112,0.0156,0.026759354009075146,0.2744626481237693,0.0004,0.0044,0.0,0.1132378280730737,0.0,3.1156973405317828e-15,2.5135126303542743e-15,0.005574551705955446,-0.0005819271879746075,1.0
garch_t_control,20261258,0.00020781115428431072,0.009092903687064452,0.005827369035168631,0.08231602613716751,0.024676918131773667,0.30300543459656326,0.27488423532829626,0.2045082496909954,0.039678698349393686,6.04094329331658,0.3895914010663539,0.8998971987607784,0.5147072359916721,0.24096867950895462,6.448031817616525,13850.331922930396,0.0188,0.19464302670838285,0.24495132207435277,0.0,0.0008,0.0,0.06357424154074653,0.0,5.418604070490057e-15,3.1749633225527677e-15,-0.09343031101304757,-0.01774019098152788,1.0
garch_t_control,20261259,0.00016229915864963686,0.008790097006692848,0.009899681207515873,0.0589516254410461,0.026507974793686377,0.2829482295311984,0.2597951539457412,0.15283728178927758,0.057894177535202866,6.2873321419052814,0.3684337321017621,0.8700173974202497,0.497438276722735,0.2298065113390404,6.417994248659593,13800.336063301456,0.0208,0.16759949593280202,0.3664824753123683,0.0,0.0004,0.0,0.04984424703131096,0.0,2.4383718317205256e-15,1.98435207659548e-15,-0.23256746167565034,-0.024480731275812448,1.0
garch_t_control,20261260,0.000505373939932106,0.017760356181446366,-0.03392404397185068,0.12429441866895129,0.038932518466621456,0.4702926133219053,0.44142382759093063,0.3138481975206054,0.12142142096883023,16.132827986515917,0.5448490494218642,0.9503416588938863,0.5082404149907761,0.3457262932820804,6.787932622523591,13955.956153512847,0.0212,0.1009559285544152,0.383050541715216,0.0016,0.0116,0.0,0.10438593549491482,0.0,4.605813459916548e-15,1.7197717997160825e-15,0.23908496996303447,0.03797608911441594,1.0
logit_learning,20261211,-0.00010139695142728016,0.02701430389640596,0.04316783114864685,0.1563795289290875,0.04256035573427587,0.29233135611987454,0.2701466856082541,0.1438988151758459,-0.061073081933332524,6.176992616283876,0.5016157279492899,0.8684376373130883,0.4846168181462122,0.5747717200591675,7.5015838386296005,13710.697324093953,0.0144,0.12032918968705662,0.5410992810462101,0.5564,0.0304,6300.0,0.2133798216093583,2.0,1.7610463229092685e-15,2.9103830456733705e-15,0.38768171610372704,0.005275569512706615,1.0
logit_learning,20261212,0.00029861922941193023,0.02045958438855912,-0.0070386816181672055,0.13025594867663132,0.02767634824650107,0.2201140874698557,0.24406866964284085,0.07421758897713898,-0.01965607092076618,1.8332144337132945,0.4462601110982096,0.8732120785739813,0.4515750236406254,0.5738190064341605,7.0327909531201325,13738.1670977101,0.0128,0.07647237859131018,0.45390880309284,0.0004,0.012,6300.0,0.14001293436280915,0.0,1.8965114246715198e-15,4.497864706949754e-15,0.13055667839537408,0.0003833410027194751,1.0
logit_learning,20261213,-2.9409948264781604e-05,0.018322469661506455,0.027357546833317307,0.1302331522905373,0.03139445561489517,0.18116994174603063,0.20068054964852597,0.06132033646348758,-0.009901651652391404,1.832325353644487,0.4014774966433155,0.8391430446011243,0.4606585036564241,0.5792716044596157,6.989746584186489,13613.884115609171,0.0084,0.03818684428069452,0.453099417939152,0.002,0.0052,6300.0,0.11292664826262655,0.0,4.199418154629794e-15,1.7197717997160825e-15,0.17064159664170178,-0.023947278415289687,1.0
logit_learning,20261214,0.00044295573293528037,0.01144200580081976,0.011041284706363015,0.06659960566522297,0.029900445263541787,0.050649874798314246,0.0888954487102234,0.003425064086407923,0.027518759677784724,0.19678322848447038,0.18200010785541942,0.9342900304898725,0.6101857836951832,0.22356366654487608,6.54856434249462,13546.380836325634,0.0036,0.23603195025380488,0.25519394295637854,0.0,0.0,6300.0,0.06371078647117279,0.0,2.573836933482777e-15,1.8520619381557813e-15,0.015357483543853561,-0.002328082819648424,1.0
logit_learning,20261215,0.00023739557781264758,0.011659705831377152,0.010830538739156426,0.026473250692379102,0.012457849625923076,0.027414787224429304,0.05993256555162844,0.027976678202756514,-0.024301270859800304,0.1499107687447423,0.14176108701168458,0.8391437421492058,0.42975725385050645,0.3352453121758351,6.613864701488081,13451.146822002476,0.0032,0.2133890368745233,0.36646184931871906,0.0,0.0,6300.0,0.058121320180048563,0.0,3.522092645818537e-15,1.4551915228366853e-15,-0.014627039899270835,-0.01193399236918691,1.0
logit_learning,20261216,0.00044891490826432694,0.010640577000382788,0.01889437548117671,0.06391801969961744,0.022254484556046665,0.004146558800938539,0.01585125498413177,0.02721021739574568,0.010875796476378836,0.024775459550189005,0.09852753287422612,0.9333787441452706,0.6901816752586315,0.12770870215061947,6.492405679767062,13535.413164227024,0.0036,0.2650829672587604,0.45054726788519406,0.0,0.0,6300.0,0.054915225012537094,0.0,2.0319765264337714e-15,2.5135126303542743e-15,-0.06836201058284752,0.01870242679323357,1.0
logit_learning,20261217,0.0005468619258856965,0.011698606730912005,-0.0064499097934052115,0.060041205582844634,0.01896927168975779,0.09216639259069954,0.06694364216359751,0.03055546164998073,0.005396168525115462,0.4148596237241362,0.22894101102520728,0.9536602070199832,0.6682955593947014,0.18198939392026725,6.51517265323649,13622.103340619535,0.0068,0.23525176920046934,0.29321984740073637,0.0,0.0,6300.0,0.0637714579495996,0.0,5.5540691722523084e-15,2.1166422150351785e-15,-0.06053925521991789,0.01571373924192716,1.0
logit_learning,20261218,0.0007722209611650438,0.013844898481862206,-0.00021055713586103563,0.11068264532655302,0.0348092517960736,0.17564243137209393,0.20288257090194053,0.08170762829258359,0.12183541448073884,2.4786497106403997,0.41426063348663233,0.9591602490349697,0.5895831496064694,0.30034661993422423,6.609064388740166,13692.620241053515,0.0116,0.1496952017341644,0.2850524493604777,0.0,0.0032,6300.0,0.08249565694021288,0.0,3.928487951105291e-15,6.746797060424632e-15,-0.20926230890741532,-0.01892091252117208,1.0
logit_learning,20261219,0.0001635566692048375,0.020155236983148674,-0.020600565536916242,0.1222562939547415,0.03211719625881304,0.1806888782197827,0.18972918680758052,0.06622327695786433,-0.04288843989049657,1.8996357355638294,0.389061780225093,0.8321104823031596,0.4591265423369438,0.5847707461136479,6.977306946269099,13818.545970460134,0.0108,0.03821141801884522,0.44015231977779823,0.004,0.0096,6300.0,0.14641329461305386,0.0,2.302906729958274e-15,2.1166422150351785e-15,0.1562480433125841,0.0048699066370624456,1.0
logit_learning,20261220,6.897066397735862e-05,0.021351785992112196,0.012242739155801638,0.15549777332655818,0.03381163842729072,0.252584389735288,0.23870212425766868,0.09810956794544495,-0.02552385869475178,4.341564875204244,0.4602872035851973,0.8539898006173811,0.4877798793727153,0.5580268459928747,7.088724259392874,13817.177495445525,0.016,0.0417386477825208,0.44806552561777735,0.0012,0.0152,6300.0,0.1260068264450558,0.0,2.4383718317205256e-15,3.439543599432165e-15,-0.05605638554976064,0.017742834362958874,1.0
logit_learning,20261221,0.000138381548150835,0.015542716429549906,0.023906783836090417,0.11335050195757958,0.03406000624507002,0.1948491880958467,0.219161014769507,0.041911362929930814,-0.019945392731818726,1.7593879412011546,0.3831740104445543,0.850452517169759,0.46022359674603397,0.48988751534618363,6.762772250598086,13754.623289713958,0.012,0.10682768842151226,0.5288307213797939,0.0,0.0048,6300.0,0.12526071670585526,0.0,1.7610463229092685e-15,1.5874816612763839e-15,0.013196553471422283,0.0045913320156111825,1.0
logit_learning,20261222,0.0002955924503528976,0.01044868042823729,0.004145393234193327,0.04518602269218312,0.015435444521813054,0.004870502259819377,0.018580552242405696,-0.02055645151643728,0.021905174350893838,-0.08054084672365214,0.032888539479135656,0.8688160150506378,0.5380745716692074,0.13004863249904108,6.514699092640077,13481.388350656367,0.0028,0.2678802531101064,0.3094823380238009,0.0,0.0,6300.0,0.04537472892776484,0.0,2.4383718317205256e-15,3.439543599432165e-15,0.055176825211359866,0.005665917698014119,1.0
logit_learning,20261223,0.00044023936539925684,0.013344969629002574,0.0062589905019819324,0.08758309179138501,0.028208522832174426,0.13745367878808626,0.1113725446617267,0.028048225030783788,0.04457862005689484,0.9789719874401386,0.3355885351254612,0.9311535244764403,0.42171708045828854,0.40728239093542423,6.54909472705028,13692.656387402618,0.0104,0.11687793706504444,0.3999284866754804,0.0,0.0012,6300.0,0.09906450459930594,0.0,2.4383718317205256e-15,4.762444983829151e-15,0.09212656885579268,0.030557761459510512,1.0
logit_learning,20261224,0.00022521654483482044,0.023251798847302968,0.028340019337718004,0.1906876092300027,0.03941775455567747,0.25757872758247186,0.23799760323856456,0.12610976870766666,0.0017606130121492866,5.176467612548638,0.4959100822073962,0.8958647280298562,0.458461846650295,0.5633626845925364,7.150016703964212,13773.594838339937,0.014,0.08364501143780807,0.37188255655330316,0.3532,0.0204,6300.0,0.14279887835203087,0.0,2.7093020352450286e-15,2.3812224919145757e-15,0.38730761191018265,-0.00538789442656042,1.0
logit_learning,20261225,0.0006414852354408143,0.011168309797989192,-0.0056490960129425465,0.05963679089072765,0.017053808934909747,0.07573857278529345,0.04629201638127476,0.04243494249128845,0.058079125410432475,0.43395139093953095,0.23253328459246345,0.9584824210864978,0.701965383754055,0.14074320301140394,6.486642494687149,13569.521788244158,0.0068,0.3222604618051891,0.26915791299211134,0.0,0.0004,6300.0,0.05732025608209845,0.0,2.0319765264337714e-15,3.042673184113069e-15,-0.029409900106918026,-0.0017547605163061612,1.0
logit_learning,20261226,0.00024569713236490643,0.01548848359378371,0.016443644714289274,0.1107822670377906,0.022890430897902554,0.1587355911448411,0.1622212708021102,0.04820216925445608,0.00455097394441562,1.9687163667665697,0.3497303689796183,0.8572553657433376,0.4750327379309941,0.5000885112791967,6.76655676083882,13742.235115347445,0.0112,0.029013757736098864,0.38913034581924155,0.0056,0.004,6300.0,0.10218256029347628,0.0,4.470348358154297e-15,3.1749633225527677e-15,0.039355600777658824,0.027235762221261707,1.0
logit_learning,20261227,0.0005190621751580523,0.01386682939308964,-0.00472950895439498,0.08726002512321707,0.022267424812849622,0.14412508126115176,0.13776030265337338,0.10442924759374556,0.04938787534267674,1.3166535691058279,0.3393690170239246,0.9358767467681469,0.4300901795955587,0.40177252875096353,6.596612040209103,13756.07987046426,0.0072,0.16769147412117769,0.28781769979228766,0.0,0.002,6300.0,0.08116609427000099,0.0,6.366859782825817e-15,1.3229013843969864e-15,0.04402866162071875,0.008594747324862937,1.0
logit_learning,20261228,0.00030502793051779127,0.015383368809112544,0.003888257253611386,0.11243814640790979,0.04142129267479227,0.24779337184226097,0.23667799565151923,0.12975924412292464,0.046360453119070597,2.261987145128944,0.4396134040872375,0.9306368071363842,0.4507970397454133,0.43294985704786937,6.703651084971399,13761.95895699126,0.0124,0.08267098928369024,0.2810111844590072,0.0,0.0036,6300.0,0.08664954795568347,0.0,4.3348832563920454e-15,1.3229013843969864e-15,0.17342040857969676,0.020297080352465493,1.0
logit_learning,20261229,0.0002266195009416986,0.012384812335954237,-0.01630039351962817,0.06760395338810324,0.02523664084635844,0.11486775734854175,0.09403033220461388,0.03432853654054924,-0.010407768330539054,0.4724831012310817,0.2737106673378808,0.9117604526958073,0.44859577215938456,0.33862292984277265,6.604069772716796,13550.933852467937,0.0076,0.16304129028389902,0.3623975700396448,0.0,0.0,6300.0,0.06805803289640089,0.0,3.522092645818537e-15,1.8520619381557813e-15,-0.06215748541016708,-0.0008590887954342157,1.0
logit_learning,20261230,0.0003950481262744265,0.016925080081440086,0.023521276281808744,0.1041755148143198,0.029522966485432973,0.19324155511373267,0.19878863834203192,0.10298197630184185,-0.008580800385517938,2.4849103713602583,0.3825818703905582,0.8907766660152165,0.45579280737348954,0.49901793439155373,6.784549647594592,13839.73186856081,0.012,0.07893342431747896,0.2989186847918418,0.0,0.0068,6300.0,0.11105640428905539,0.0,4.199418154629794e-15,2.5135126303542743e-15,-0.044714894018127255,-0.018799911024119355,1.0
logit_learning,20261231,1.3594178530555823e-05,0.013255473301978103,0.0027772742296073316,0.06383292407582854,0.027958733630506362,0.08275401612602003,0.11767278784954288,0.03026447195633239,-0.017716937680465155,0.374742034076577,0.25104156923647425,0.8399516712276971,0.4396584599709741,0.42989627771503236,6.696573234574927,13517.321108571059,0.004,0.15646096339082427,0.4008230525091687,0.0,0.0004,6300.0,0.07129179560142451,0.0,2.573836933482777e-15,3.042673184113069e-15,-0.04576059846719303,0.0426127921040255,1.0
logit_learning,20261232,0.00048090323801898584,0.020490431341858868,0.032392652894595676,0.15809653192593276,0.04172124037993836,0.3779919299071955,0.38720521784491513,0.20785913555091293,0.015014790075759697,6.579349212554025,0.5895376537564264,0.9428529914191514,0.48506812021454443,0.4594716338341097,6.953541322367584,13882.542913678599,0.0232,0.1058440209568656,0.37370742197135376,0.4916,0.016,6300.0,0.12908806977565002,0.0,3.1156973405317828e-15,3.439543599432165e-15,0.3916348811339029,0.005607211924729,1.0
logit_learning,20261233,0.00011888240834882674,0.014310794343498228,-0.03231902586977865,0.09733714978969449,0.022378263181126797,0.12175534659979778,0.09934343480098559,0.0038924570698589526,0.004502213198147064,0.8372452099936272,0.2701607517096442,0.8369466218879322,0.44104114267706723,0.4812115441107546,6.69956914853123,13612.10383661136,0.008,0.15528302634015878,0.28681948127233325,0.0,0.0004,6300.0,0.0836882732785651,0.0,3.1156973405317828e-15,2.1166422150351785e-15,0.03628326897742318,0.06090324369406243,1.0
logit_learning,20261234,0.0002781454920544675,0.015716117574428944,-0.01637202584412459,0.12904084567242613,0.028232705195255215,0.15249500372625893,0.1650889671434636,0.046017033755259715,0.0046112613787652875,1.532844675584479,0.36589847070079634,0.8628613172745625,0.4219344430840406,0.5233759040098517,6.771014557325381,13670.02730915258,0.0112,0.02593739250799488,0.33665994876539007,0.0,0.0032,6300.0,0.0928294443712756,0.0,3.3866275440562853e-15,1.4551915228366853e-15,0.06559947923057637,-0.00837844861787705,1.0
logit_learning,20261235,0.00058712024730455,0.018326935652411943,0.029131862270433743,0.12464494672464654,0.040766510199792855,0.27139838267960337,0.3048484879699525,0.17148950794619444,0.05142051777765583,5.5251744097757705,0.5057473630243253,0.9463742040935856,0.47474753941119546,0.44046038916479174,6.817293680152885,13721.826303208569,0.0136,0.10810797530315792,0.46646079539396634,0.002,0.0092,6300.0,0.10200136737945975,0.0,3.657557747580788e-15,1.8520619381557813e-15,-0.22744172676443317,0.00022620030846014197,1.0
logit_learning,20261236,0.0007108288221471217,0.010564232891518453,-0.010384866578302558,0.04601407765582258,0.016608838426059324,0.03452383908623953,0.0009632838397129209,0.01249983155807342,0.006046823864650482,0.0023213719309489456,0.10759210889415637,0.9516062661243173,0.7496347352583721,0.06404666100677776,6.515859603443481,13481.382206812259,0.0032,0.3387018068047811,0.15782821294673632,0.0,0.0,6300.0,0.04286859907285989,0.0,2.84476713700728e-15,1.8520619381557813e-15,-0.03387902400629045,-0.017863541839971055,1.0
logit_learning,20261237,0.00019301961471581528,0.01289633709524826,0.007702826090408682,0.06762195187285322,0.023286896851593814,0.08440419765216571,0.09957055402644992,0.04686084027694237,0.005286132911826037,0.6372354596346543,0.25887451078230705,0.8557145896965591,0.44431882765645436,0.4234064169427303,6.622164812231862,13634.989296148115,0.0076,0.13718896359108154,0.46690594556088094,0.0,0.0012,6300.0,0.07713493532899407,0.0,2.7093020352450286e-15,4.762444983829151e-15,-0.06400090419022102,-0.01022035701526456,1.0
logit_learning,20261238,0.00030952349954669884,0.011755924450888126,-0.036550816426309696,0.07757893574274635,0.024265930404111513,0.05518135214431419,0.09735785315317516,0.05686171857090201,0.004966435418216753,0.2553710362214603,0.24398148443886586,0.9245718450165695,0.41713720350001793,0.29191213240387925,6.540614195301894,13601.08717488901,0.0048,0.2166339446272891,0.33538280214359195,0.0,0.0,6300.0,0.06807367250073604,0.0,6.095929579301314e-15,1.7197717997160825e-15,0.07135126872648155,0.0365582608360176,1.0
logit_learning,20261239,0.00047910432238321404,0.01470802468348123,0.004007642298970826,0.09636362740627798,0.02459026499290422,0.16843161057774872,0.14921912755853187,0.07908674129681396,0.02802489318727657,2.501320500941005,0.33896910551588416,0.9036379182477893,0.4661800939715394,0.4388058062013634,6.68134427737591,13708.326210703808,0.0116,0.09768716277953346,0.3326880488766558,0.0,0.0036,6300.0,0.0932841823006465,0.0,2.1674416281960227e-15,1.0583211075175892e-15,0.007657363151973644,0.01704211224784934,1.0
logit_learning,20261240,0.00015306370663370893,0.011236403316882365,-0.025925217120574235,0.04924322964157764,0.023601807129798928,0.04764002550644284,0.07924047770053415,-0.0024301922053713535,0.01573642736040149,0.25810911662880454,0.17270745542298224,0.8374968369720737,0.41700181744330456,0.31226291282665386,6.5317424234681205,13580.193189776779,0.0048,0.1361660826890421,0.35066965176562914,0.0,0.0,6300.0,0.06424473208240133,0.0,2.0319765264337714e-15,4.630154845389453e-15,0.06190865780471425,0.006169418163326276,1.0
logit_learning,20261241,0.0003654876968318149,0.019311999883739998,0.028562586511141744,0.1502024842468705,0.06122074804228439,0.32504952684649047,0.3173593588096197,0.11684424164313302,-0.028467188797426254,5.583161975251544,0.48723796110315304,0.9119691630592218,0.4428763497467241,0.4968532473965068,6.950111459617455,13933.307103732861,0.0188,0.03638346543967424,0.3393152893901137,0.0068,0.0132,6300.0,0.12588022019928702,0.0,1.2191859158602628e-15,2.3812224919145757e-15,0.32821367845699817,-0.010364771153336769,1.0
logit_learning,20261242,0.00042999742776721097,0.014401064139313547,0.0035764636860779134,0.10567516382411996,0.031511376975883194,0.19390284431273794,0.18633384553158844,0.1497587767594852,0.05666801509241023,3.3814570123461536,0.4023405978829787,0.94732187531965,0.4263589965203154,0.4068750540481872,6.6371977146409495,13707.124696646128,0.0096,0.11007798923103487,0.2871544042572738,0.0,0.0028,6300.0,0.08738398225221955,0.0,4.3348832563920454e-15,1.98435207659548e-15,-0.025956559397140422,-0.022896736398089455,1.0
logit_learning,20261243,0.00045151404367061614,0.017340870766981653,0.07340881690982089,0.15859165350106857,0.04283947072045466,0.2754071138523877,0.27445192190750634,0.1356562683993076,0.01924049372929234,3.1421089239427875,0.47279748730311677,0.9119259213970827,0.4619652046562004,0.5124690189305722,6.740447556208135,13933.129527637071,0.0128,0.14292300183554932,0.2809565657898726,0.0,0.008,6300.0,0.13085871090052925,0.0,5.68953427401456e-15,2.5135126303542743e-15,0.23431199278493772,-0.043228625342007665,1.0
logit_learning,20261244,0.00043032145475724234,0.013554475153863068,0.0239444811758039,0.07991669465951805,0.025433543024391908,0.150640353157272,0.10812100721882338,0.08113550049306144,0.05237967358771077,1.490925744780819,0.3408837110604552,0.9241518094108967,0.4271541874711518,0.3896449770483913,6.608570161570145,13650.665375952065,0.0096,0.22124737437525205,0.35398148686238884,0.0,0.0008,6300.0,0.09404625629206609,0.0,1.7610463229092685e-15,3.7041238763115625e-15,0.04801517148663185,0.014303823115606665,1.0
logit_learning,20261245,0.0005947977110814442,0.014653791008415936,0.004319509935258413,0.10427382584594046,0.038024951970424756,0.28367792565807054,0.30861661215752306,0.17891451328803917,0.030971717607281693,4.965023055713347,0.4600942224127858,0.9574713375005539,0.5294893782962196,0.3318837315760909,6.632926084338995,13748.05114944324,0.0144,0.1956308452085587,0.3375825067722169,0.0,0.0036,6300.0,0.09881578873834096,0.0,3.251162442294034e-15,4.497864706949754e-15,-0.11266069814018613,0.04657154369033203,1.0
logit_learning,20261246,0.0005421873285924438,0.012437261177112377,0.02243969997865816,0.06354098535225544,0.020873426770324274,0.07440999302296039,0.1004968009954617,0.018207662437562423,0.036485471201969516,0.6431352244505635,0.28997977494803234,0.9426601312152607,0.4367366083187646,0.3135850418885557,6.47404891711569,13773.816928675311,0.0076,0.13390238320117867,0.3238707188743758,0.0,0.0004,6300.0,0.08474962963894095,0.0,3.7930228493430395e-15,2.248932353474877e-15,0.05121419814926013,-0.0058248124128316625,1.0
logit_learning,20261247,-2.8437410991630684e-05,0.0135511460091744,-0.03927369091233238,0.09125519433483172,0.022610486737835424,0.12626806754840914,0.11264677347862484,0.05362384574687512,0.015438970054692814,0.898508667255967,0.29154889673690243,0.8619058463430214,0.4295210625713393,0.4652852486322268,6.7286534882018065,13514.257368862927,0.008,0.10391409145385205,0.5305948851430353,0.0,0.0008,6300.0,0.0772687494275186,0.0,2.84476713700728e-15,2.9103830456733705e-15,0.042786152428014104,-0.034355040700467875,1.0
logit_learning,20261248,0.0003534319429978595,0.013644237494583208,-0.03139864063564066,0.10049185801484213,0.03404970425034272,0.16681316332080892,0.2327023817103904,0.08401037212429878,-0.008143110817277185,4.905981784887144,0.3675795638675328,0.9186700036606628,0.4479189337961771,0.3835472982784249,6.615921115124388,13769.568464109194,0.0108,0.24898942141848684,0.4055376639998569,0.0,0.002,6300.0,0.08023805543324736,0.0,4.605813459916548e-15,1.4551915228366853e-15,0.29396403623741024,-0.017913111246013334,1.0
logit_learning,20261249,0.0003299157906483053,0.012080440537535472,-0.05213338939404824,0.07619917088059455,0.021859572187447746,0.07550221049815184,0.08276114062909544,-0.011420559220563604,0.0033461329120614523,0.21007533796234457,0.2256061271116128,0.8656794117541028,0.4028977191881396,0.3571891112473782,6.5009669953324,13742.495473471668,0.0032,0.218972953513413,0.26600923363231543,0.0,0.0,6300.0,0.07487205049744383,0.0,4.605813459916548e-15,4.233284430070357e-15,-0.0004029742826260417,-0.05934972392817002,1.0
logit_learning,20261250,0.0005734436976402446,0.011128088680319743,0.01992516601875905,0.060100529659904645,0.020786939272350084,0.020236684992481123,0.04910448801848543,-0.018605078093924404,0.022522500966783876,0.11545162859302982,0.14045646926638647,0.9540303579325173,0.6337274348890425,0.1790507751935373,6.4805608956346115,13603.753707768392,0.0032,0.25936825472095215,0.22503472575392192,0.0,0.0,6300.0,0.05657801418054609,0.0,1.4901161193847656e-15,3.3072534609924663e-15,0.03236324078629867,-0.010899601092367513,1.0
logit_learning,20261251,0.0003496819390339507,0.02513758080299718,0.1362213605962929,0.16317258226082215,0.06430884295167391,0.4297986561827648,0.3494134708299355,0.17456054068667168,0.01118814010284582,13.980018660120809,0.5889323799975329,0.9318142242219623,0.5228989598050153,0.47721753895265595,7.078910031431388,13908.43391346764,0.0164,0.2178512042788502,0.5405852497319484,0.858,0.02,6300.0,0.14681897148793865,4.0,3.251162442294034e-15,2.5135126303542743e-15,0.602240418859086,-0.0016637942545695953,1.0
logit_learning,20261252,0.00018497138280816473,0.014975763465057513,0.02699759374470732,0.08173522490233115,0.025034958969807,0.10257920784218241,0.1348674456356774,0.06601067449660872,-0.032354783312686965,1.4061502908986556,0.3105789346504939,0.8315060414176718,0.4562582476626872,0.48020031959385107,6.761227966293034,13690.630395224869,0.0076,0.09716191096766474,0.3616630888638317,0.0,0.0004,6300.0,0.0940351089847975,0.0,6.366859782825817e-15,4.762444983829151e-15,0.28114811391717415,-0.0435904023055675,1.0
logit_learning,20261253,0.0001374746286528474,0.01630963515132157,-0.029705297179224394,0.0936334125778481,0.0317399598716933,0.1670209564083395,0.23036145337050445,0.07505534030985864,-0.01006969658489386,5.790799374365903,0.3970610794770292,0.8959154267301158,0.44326482547291024,0.4930671480846926,6.8258010208068125,13662.469832192832,0.0088,0.12117663183626978,0.3807308681422289,0.0,0.0044,6300.0,0.08771446493961599,0.0,6.366859782825817e-15,3.96870415319096e-15,-0.116231592050817,0.01052437574612,1.0
logit_learning,20261254,0.00019468018366264417,0.016909212178061583,0.010140929094187788,0.12096817738606613,0.03164607485104849,0.16293693803324175,0.1903620955560515,0.042474701804927704,-0.004107112674106833,2.0054787206977664,0.371201352649202,0.833074749720848,0.46554075201583467,0.5282201382481633,6.815251360148437,13774.679770831892,0.0108,0.025118803022576176,0.4238930760567695,0.0,0.004,6300.0,0.11743976503349596,0.0,2.1674416281960227e-15,1.7197717997160825e-15,0.05236661938085631,0.0018468513227401645,1.0
logit_learning,20261255,0.00037999471215248697,0.013298469622372024,0.03276009056316904,0.07205373448577132,0.02484733802433209,0.16645547030360014,0.1721962476242361,0.10036848257527896,0.01941850782323459,2.0573039769016157,0.40231679423805766,0.9491485015378716,0.4344138742347145,0.3533747246289183,6.622776726137481,13582.33065066178,0.0108,0.14374839833255632,0.2657674126943824,0.0,0.0012,6300.0,0.07981770526771537,0.0,1.4901161193847656e-15,1.8520619381557813e-15,0.11985075113383782,0.04191701591134607,1.0
logit_learning,20261256,0.000817683869202477,0.011160165934861228,0.02310438077236391,0.08704884809413073,0.028824171102611318,0.049495900482854446,0.06938143963502053,0.06149213167850251,0.08060204091023261,0.5491875235674599,0.23409705778938705,0.9626410209477574,0.6981019833763729,0.1646973601167903,6.459720494720417,13648.195756005824,0.0072,0.38457344378543246,0.2114642389394079,0.0,0.0004,6300.0,0.05496207983590029,0.0,4.470348358154297e-15,1.98435207659548e-15,0.05132721559669479,-0.04478121839029668,1.0
logit_learning,20261257,0.00041427934221711915,0.013023730412162676,-0.02514391710340212,0.06041491544850369,0.021562645822214045,0.1223127235465487,0.07819839887799335,0.05550699754322678,0.07561343781407528,0.9405933353720242,0.29970343298906676,0.936970495516137,0.4217412322578823,0.39525901810948655,6.574888549925703,13619.336352269793,0.0056,0.12897450367452343,0.19660352530274972,0.0,0.0008,6300.0,0.07595362925626414,0.0,4.063953052867543e-15,3.1749633225527677e-15,0.05850818488362564,-0.046970015670386875,1.0
logit_learning,20261258,0.00041147666259296577,0.01429943573936339,0.03093585102755432,0.10113364418641635,0.027886598179039372,0.12376066823242071,0.19471151849943202,0.09835938124205296,0.01599331790995829,2.686743809893229,0.3567289480208033,0.9018296230620949,0.48761810746665446,0.4248516554709032,6.649219088446037,13829.7312207681,0.0108,0.07078644864543916,0.3347466792316196,0.0,0.0036,6300.0,0.0982045998127068,0.0,3.657557747580788e-15,2.645802768793973e-15,0.14545048749461448,0.04045341792536525,1.0
logit_learning,20261259,0.0003067429990558526,0.010169094559751232,-0.039681737672494895,0.039681737672494895,0.016291318237138332,-0.002232257623208808,-0.02777910541984637,-0.012696986885100747,-0.02915673822793325,0.004298992900820142,0.02719907794731406,0.9283620866600316,0.7456478396655294,0.03050124071179575,6.50265933538423,13448.259763837435,0.0028,0.4378990729765144,0.3416080384194343,0.0,0.0,6300.0,0.05250574117697537,0.0,5.147673866965554e-15,1.5874816612763839e-15,0.010986655195247158,-0.013915782296036475,1.0
logit_learning,20261260,0.0001137432002593883,0.021631103243741522,-0.0098509509211832,0.15396024776227454,0.03397603732231927,0.21412470588183616,0.2572540421855687,0.10093495479541101,-0.04008991753888285,3.927091088510246,0.44862638714030495,0.8584384548517479,0.4507233162257441,0.5695452297884611,7.113933374573767,13774.670992145402,0.014,0.03682918246239218,0.46198435857963993,0.0116,0.0136,6300.0,0.1485165125648613,0.0,2.1674416281960227e-15,1.1906112459572878e-15,-0.16146241710468584,-0.02733698362482461,1.0
