scenario,seed,mean_return,daily_volatility,return_acf_1,maximum_absolute_return_acf_1_20,mean_absolute_return_acf_1_20,absolute_return_acf_1,absolute_return_acf_5,absolute_return_acf_20,absolute_return_acf_50,excess_kurtosis,volume_absolute_return_correlation,volume_acf_1,order_flow_imbalance_acf_1,order_flow_imbalance_return_correlation,mean_spread_bps,mean_depth,three_sigma_tail_fraction,mean_absolute_log_price_gap,maximum_drawdown,bubble_day_fraction,crash_day_fraction,strategy_turnover,final_wealth_gini,price_cap_hits,maximum_cash_relative_error,maximum_share_relative_error,return_skewness,leverage_correlation,learning_fitness_alignment
full,20270201,0.00026251369684076947,0.022081373958589574,-0.04481566815337054,0.15626244406824596,0.029676739332604812,0.16870434600243964,0.18366161242574297,0.05602402452524792,-0.06903375196777532,1.549388582690482,0.29007748880442846,0.8599231254073457,0.44389851739509684,0.5546634844171445,7.196584024502987,7080.910653737961,0.01,0.07036970659348459,0.5071057344025326,0.0,0.0172,0.0,0.22672916905688711,0.0,4.470348358154297e-15,2.5135126303542743e-15,0.0594330661940434,0.0006149732016842043,1.0
full,20270202,0.0008140266360436154,0.023064688965082684,-0.08023059547840816,0.15401155557354898,0.03563991094916874,0.20508533527563036,0.2148212172414961,0.09086429862647305,-0.043046032331688695,1.5608683559810554,0.1780229047095443,0.9288000408928656,0.38529138322861417,0.5898592144699695,7.355285713856927,5508.509487844214,0.0104,0.02795904873499584,0.2731345189653659,0.0,0.0204,0.0,0.1918395424221797,0.0,3.251162442294034e-15,2.5135126303542743e-15,-0.05370994785786743,0.05936506729984856,1.0
full,20270203,0.0005786815854894314,0.02228477883639853,-0.02127361537250327,0.12668372255656585,0.03241396866838957,0.23958637515726616,0.24096882613834927,0.04383083959786738,-0.044625725360830745,2.375078860560575,0.26966861644586826,0.8997823444185181,0.41618119534618214,0.5708344353424383,7.220565812299758,2650.7449430792935,0.01,0.1410460001171991,0.3665953798429419,0.0,0.0152,0.0,0.20649482955515963,0.0,2.84476713700728e-15,2.5135126303542743e-15,0.009769299400630309,0.00890653103913278,1.0
full,20270204,0.00045724579442743297,0.02358536132024764,-0.06806251930127846,0.1482046634904495,0.03689994847291468,0.27379334277013234,0.2624264229811332,0.1248128638393082,-0.05250442228695531,2.84752642041214,0.3103243608405499,0.8615606894519978,0.4210779062882256,0.5637308464262573,7.202679661568035,6769.626184835248,0.0176,0.05501565185915358,0.31761185816446913,0.0,0.0248,0.0,0.21750355559508083,0.0,1.625581221147017e-15,2.778092907233672e-15,-0.037762925603294695,-0.009831687832468818,1.0
full,20270205,0.0003601748674236358,0.0225726677236831,-0.01455632152179615,0.1577711335848234,0.03058715320357263,0.21263177673766812,0.19954247734903666,0.060152331661321154,-0.06106753372559218,1.4545856843194986,0.2563425990451246,0.8822044855452316,0.44573974972982006,0.5877538723312444,7.225632255305492,6288.662000572157,0.0108,0.05175645915405356,0.3814914729152278,0.0,0.0172,0.0,0.22314241919042432,0.0,1.625581221147017e-15,3.3072534609924663e-15,-0.062152719550008666,0.007827607661386965,1.0
full,20270206,-1.0665188121419078e-05,0.02297102332972291,-0.08536923099903429,0.10767681235326751,0.03252812397733326,0.21969732427912067,0.2178239859402192,0.0281548329613976,-0.05275491266900825,3.259876509881228,0.39557533447468474,0.8455124054732998,0.40591230146831836,0.5768760479214464,7.194082793845901,25921.70201306495,0.0116,0.042738440762889573,0.516160614526443,0.0124,0.0244,0.0,0.20932161675421979,0.0,3.3866275440562853e-15,2.9103830456733705e-15,-0.131054210490879,0.011665597775231061,1.0
full,20270207,0.0007759717912488914,0.023032336809126766,-0.05039329693075737,0.15863877663402934,0.03592320091195477,0.237950361923761,0.2611691337087186,0.12018414250802406,-0.046271355661366864,6.181088672196276,0.2897721557378442,0.9280299744780673,0.4533585326006885,0.5353164944642266,7.109782225306115,3067.237914265627,0.016,0.17038120112835922,0.26268522256655724,0.0,0.02,0.0,0.22185874464675548,0.0,2.4383718317205256e-15,2.5135126303542743e-15,-0.16429487052677322,-0.004268668648278807,1.0
full,20270208,0.0005674451013556361,0.022091647608167016,-0.06834813231518154,0.13125135125246473,0.037862227685492446,0.21543015634547763,0.22835584294376166,0.010468844660828267,-0.04046131677295171,2.0155068064385118,0.2338304057724479,0.9075987691069264,0.41315409617295484,0.5863287818462005,7.054671395945504,5429.755183150611,0.0108,0.09037389336635102,0.2872945181966434,0.0,0.0168,0.0,0.22732383961857772,0.0,3.1156973405317828e-15,2.3812224919145757e-15,-0.09689744634590036,0.0391842010577311,1.0
full,20270209,0.00046416428576797204,0.022180216509272915,-0.011367531042526224,0.12986291188760124,0.031289025380290277,0.17561427160149443,0.18352764752964904,0.06139094937382764,-0.030029859615844975,2.8268259205284902,0.216411490606417,0.8973132471072311,0.4494173539032301,0.5657246834807368,7.136408310766062,3695.2872604882778,0.0108,0.10385595057635914,0.30181869494783986,0.0,0.0144,0.0,0.21455857548032675,0.0,2.302906729958274e-15,1.98435207659548e-15,-0.15646140615864013,0.019671575375767626,1.0
full,20270210,0.0005147620811364253,0.023015305807654297,-0.03950611341836892,0.18534741228121157,0.03372775154509375,0.21473863600277637,0.20540459304974376,0.07033655475856176,-0.035698775854723586,1.9762788009998884,0.2803878080416176,0.9117223695613723,0.4467392530992345,0.5873627625918745,7.287356004425826,4191.74483290696,0.0112,0.113930653462397,0.30542710384300265,0.0,0.0212,0.0,0.21873819106588233,0.0,3.1156973405317828e-15,1.7197717997160825e-15,-0.005205917738256636,0.011046620204218198,1.0
full,20270211,0.00018834245117644457,0.021925217378657234,0.009106963946527092,0.12284628591275792,0.03050360349285246,0.21057942174822958,0.19895823736211712,0.07898214499443874,-0.0791474501985303,2.517955558118966,0.2581280818598705,0.8900869643625575,0.46609311322693225,0.5661119959539375,7.147945376712866,5856.097516993555,0.0116,0.060620453893755824,0.5212928022750862,0.0,0.0156,0.0,0.24060691119351474,0.0,4.7412785616788e-15,2.1166422150351785e-15,-0.07215388469460765,-0.008735825767623141,1.0
full,20270212,0.0004725209974988431,0.022297664749399048,0.01064037569041625,0.19765537567231842,0.03473021621380911,0.20710218590381324,0.22134351102705638,0.06617557982608613,-0.05451853522726245,4.654925405935553,0.23919749023925396,0.9205316526808418,0.4408638741382078,0.554295277853757,7.19193764414728,5463.6237378316755,0.0112,0.11484998004368169,0.3088909375708331,0.0,0.0172,0.0,0.21910653568901362,0.0,2.302906729958274e-15,3.439543599432165e-15,0.18684685225402017,-0.0008611155709448892,1.0
full,20270213,0.0002974139221846066,0.02141574775749306,-0.05938272557370768,0.1155146123987222,0.026389589314754096,0.17011276431715594,0.17363434608150838,0.009999708591373098,-0.0429109835732079,1.4700164261301092,0.237572325928151,0.8462459390667937,0.40182037500863205,0.5783806239750512,7.124462440721685,13152.0339702495,0.0084,0.0204992648956431,0.31346667130483086,0.0,0.0128,0.0,0.22935699097746776,0.0,2.84476713700728e-15,3.1749633225527677e-15,-0.15284689329524587,0.0051770520578352155,1.0
full,20270214,0.00021033739010677975,0.022126121044061465,-0.03678780807315745,0.1398123790588184,0.029804796442494914,0.20980247377546507,0.2114525425447138,0.05105426015337046,-0.030065305120432314,1.9825250292904526,0.32899776663703534,0.8619422242294622,0.40476945944737286,0.578259798136016,7.142326815972645,11744.830742844037,0.0156,0.025850788532565547,0.5312009400592095,0.0,0.018,0.0,0.21842924360847182,0.0,2.302906729958274e-15,2.645802768793973e-15,-0.060548569432617445,0.010476858903933415,1.0
full,20270215,0.0005038194088144592,0.022751711607855878,-0.11363350506733302,0.14380861855687296,0.030033920333966502,0.23919156739562833,0.2156075400475824,0.05637756404426217,-0.0652204924059785,3.181106969801278,0.2999631302381315,0.8869504679113771,0.39969372040700946,0.5624918643104757,7.1307375906048724,4182.559952586566,0.0108,0.03225636691459266,0.3812986607862855,0.004,0.0188,0.0,0.1711021015916987,0.0,3.7930228493430395e-15,1.4551915228366853e-15,0.030270388344221136,0.06640320159753373,1.0
full,20270216,0.0008210531246379062,0.02142346629660724,-0.05755619528304917,0.12567335986178543,0.02805329764375066,0.1787929840198352,0.1690473003852573,0.08323151298422597,-0.02963114072569041,1.3992477952851798,0.1476070779564602,0.9278457577862103,0.43177973833590405,0.582365400044334,7.090199284972988,2425.6883398754067,0.0104,0.1346524583738673,0.23863650517004664,0.0,0.0156,0.0,0.22677536323996228,0.0,2.0319765264337714e-15,1.8520619381557813e-15,-0.13077269646316822,0.03763248428691941,1.0
full,20270217,0.00032486927381336487,0.022399904222830395,0.013224154205769369,0.1879769662480309,0.0317014087641036,0.21394447550997658,0.22001692120940797,0.1402704927225142,-0.058842228816127835,1.8440105562336848,0.28855577909770164,0.8878640157241271,0.4298485094641971,0.5814430875999079,7.226611046765898,6262.6824434339205,0.0116,0.06238133445393479,0.3250400500799667,0.0,0.0172,0.0,0.22247766596290064,0.0,1.625581221147017e-15,1.4551915228366853e-15,0.0013222172339842416,-0.029516117627553937,1.0
full,20270218,1.0279151735889513e-05,0.0225712740042216,-0.06446702464869727,0.1312575853127075,0.0335903101524781,0.2119896091667577,0.19024657626361777,0.11746459052493927,-0.07480993970963053,1.9346601241743056,0.35218409912450044,0.8007854078723886,0.4134619976618862,0.5762992987499266,7.237660818158908,8227.56688346695,0.0132,0.027757579080959455,0.49814053290097426,0.0044,0.0152,0.0,0.2184945426268028,0.0,6.908720189874823e-15,1.8520619381557813e-15,0.09168638662604219,0.05636885921431728,1.0
full,20270219,0.0004366013940082169,0.022493185586141797,-0.027355841008543963,0.15435055199986947,0.030467765971181206,0.2062999384572711,0.2177330586092289,0.04815879851672719,-0.03761895206136301,1.6532742315520892,0.2534346322424209,0.8994296880101358,0.4422229526689696,0.5843486311605677,7.219605723190053,8529.082125193989,0.0104,0.03855588914624583,0.32770110938033936,0.0,0.0152,0.0,0.2425324565415221,0.0,2.84476713700728e-15,5.1593153991482476e-15,-0.042407250557037146,0.04010597377499796,1.0
full,20270220,0.0003387940130957119,0.0226284543261365,-0.06946910995301207,0.1704564762142597,0.034843353980692465,0.2807324531747897,0.26972969345545217,0.1010303516284499,-0.09518683832054425,2.6959667778833456,0.324591334257946,0.8943593042732394,0.42280226673263044,0.5528294878095223,7.162175247561629,6561.610855702703,0.016,0.04639890671455638,0.2774047572845969,0.0112,0.0228,0.0,0.2010350372206866,0.0,2.4383718317205256e-15,1.3229013843969864e-15,-0.09850716673145246,-0.013071982725973121,1.0
full,20270221,0.0005468419244460993,0.022117246040158592,-0.06682005538775823,0.12336578856405384,0.031088355757041424,0.2008374734461101,0.19620566620351118,0.028107296820055087,-0.06866174879775264,2.2281285371769677,0.24612563391090234,0.8831878788252872,0.41592882376935814,0.5661725060688464,7.155093640963799,5153.009721819787,0.012,0.06092962087701644,0.2551169294391292,0.0,0.0148,0.0,0.18810024855877483,0.0,2.302906729958274e-15,3.3072534609924663e-15,-0.08751153708322726,0.03997676065124404,1.0
full,20270222,0.00013496393511834234,0.021615997230814855,-0.057273723763485225,0.09626576384027548,0.02791839740971459,0.16133791637154976,0.15429443182713168,0.004671702072259247,-0.024920177339926828,1.110819390244382,0.3038933885478099,0.8031659539299492,0.41164287673735744,0.5812103784981558,7.082227219115121,8740.243440807119,0.0096,0.084917805564758,0.5892270504430428,0.2968,0.0128,0.0,0.2117489826329384,0.0,5.147673866965554e-15,1.3229013843969864e-15,0.014721114413505177,-0.03409363867730331,1.0
full,20270223,0.00023064227443890176,0.021846218921288862,-0.03174484636895142,0.13565719420163702,0.0332642676473858,0.1689368525492755,0.20241704280967518,0.08952261198463823,-0.0962938564580737,1.5051587876365078,0.2721522516060952,0.8581911072202437,0.43158579150040344,0.5752395733383024,7.151460323739013,3922.0881367941424,0.0116,0.07645616381517768,0.41777941755769654,0.0,0.0164,0.0,0.21567662375386387,0.0,1.625581221147017e-15,1.98435207659548e-15,-0.11025948813330849,-0.0011006134541941713,1.0
full,20270224,0.0007344740672021597,0.022042278656886103,-0.06991117578406071,0.10764330490883449,0.031126235032107086,0.16436130325145717,0.21527966834081722,0.06344720320901981,-0.018143792174887333,1.9321684453279326,0.1822911507734112,0.9213842051759078,0.4182151775450663,0.5644640881614363,7.136754331568604,4880.220027069661,0.0124,0.04448809836699748,0.2486500918257487,0.0,0.0132,0.0,0.20685786799381112,0.0,5.824999375776811e-15,2.1166422150351785e-15,-0.12808801448455526,0.005050687691305931,1.0
full,20270225,-2.686389162520335e-05,0.023490795295338488,-0.07911759665685908,0.1414886516285269,0.035816677872923496,0.23222523074098142,0.24805550829586479,0.10266322686358488,-0.07195341144083785,2.19032186033699,0.4057109490816134,0.8354801595164539,0.4208096951163395,0.5667581271388844,7.3094781831660365,6139.868716695206,0.0136,0.05916942829639712,0.4811260132030496,0.0,0.0192,0.0,0.22676447974568892,0.0,2.1674416281960227e-15,1.98435207659548e-15,-0.05513907475203132,0.03220174547645166,1.0
full,20270226,0.0005782330677839382,0.02257318426958767,-0.058036228675802076,0.15323442852415523,0.03256279158522893,0.22451589143169767,0.20153766731194792,0.05665583384013574,-0.026451317512754306,1.9260287301759398,0.227558397453022,0.914351325240502,0.43308677861179196,0.5825396709939131,7.1803203401920035,3423.607829750371,0.012,0.07504937357205405,0.26094015974413887,0.0,0.0176,0.0,0.21587635422691775,0.0,1.8965114246715198e-15,3.1749633225527677e-15,0.017262172179807703,-0.020874211516441556,1.0
full,20270227,0.0002606675219202419,0.022568362914981585,0.0028963872377759247,0.13208342061590708,0.028611884767516343,0.17282573297405915,0.22197281108681402,0.06482989803653795,-0.061489686035572096,1.8489026729831206,0.2844376616073023,0.8676753186135452,0.4424190515042742,0.5884723947333771,7.223850856641799,5393.813297157842,0.0112,0.10135744314553742,0.31313268806100514,0.0,0.024,0.0,0.22928832505937713,0.0,1.8965114246715198e-15,3.96870415319096e-15,-0.09472974092985359,0.05066177414653948,1.0
full,20270228,0.00016414757901215537,0.022937974998002215,-0.02506837306079246,0.1296991355286314,0.033463069306535795,0.2082897865774995,0.23551859772376463,0.04671421999286152,-0.06454832611178657,1.9615078934155958,0.3424016469563048,0.8583120608426797,0.42028964709974587,0.5648240295200517,7.218795349534183,5087.142014015589,0.0144,0.10928675274001812,0.377303456176487,0.0,0.0192,0.0,0.22261135219789652,0.0,2.0319765264337714e-15,2.248932353474877e-15,-0.07692915047972462,0.023096991893592156,1.0
full,20270229,0.0005370288643467511,0.023501737197322937,-0.049061525519293304,0.15846232830572374,0.035873425163167216,0.26498542421516963,0.2395290137128582,0.12708919416748188,-0.012047614024473813,2.2680173953472655,0.29253775194140696,0.9000148053938084,0.422920558555119,0.5718066298762771,7.245947916602262,6949.649660913061,0.012,0.043333442304443755,0.2837093014723986,0.0348,0.0204,0.0,0.2087142337477763,0.0,4.063953052867543e-15,1.4551915228366853e-15,0.12283536701616936,-0.02077702678957174,1.0
full,20270230,0.00048335167310701335,0.022665710546837404,-0.021938230707209638,0.15436319802451487,0.03205688117520149,0.1848594653794932,0.23765450236878397,0.04961775886449694,-0.055110687720350944,2.7144108927908652,0.3036789559725381,0.9098957967521911,0.42487066819829045,0.5674332660747312,7.135847076679579,7444.215223760729,0.0116,0.03462378973060699,0.4088097902440124,0.0072,0.0156,0.0,0.2122836629352498,0.0,2.4383718317205256e-15,2.9103830456733705e-15,0.1303015236883929,-0.02779014492629421,1.0
full,20270231,0.0004628239099224235,0.022793995584393746,-0.0731693702552848,0.1301100620844612,0.035034511400370213,0.20280332433779955,0.21428172769387374,0.08250708181139008,-0.06808614225193087,2.3429965092711926,0.2532280569846685,0.8871394568041996,0.3788613639880542,0.5858580450028177,7.252244625415088,5274.420896141871,0.01,0.02437649273115324,0.2582346103242952,0.0012,0.018,0.0,0.19161437658940028,0.0,5.960464477539062e-15,1.7197717997160825e-15,0.0822417556741728,1.4246511303803755e-05,1.0
full,20270232,0.00023556503097372925,0.02233281513339937,-0.07413248518426598,0.12865125219659065,0.03236079543028808,0.25172348124303806,0.19682851550533562,0.06293032134016341,-0.06781408375933902,2.3986334981508266,0.36030785084732314,0.842802611141197,0.436524718616669,0.5555866929532598,7.120656207109811,8091.202699158978,0.0148,0.02519340121966651,0.40268792990526203,0.0,0.02,0.0,0.21366766220043076,0.0,2.1674416281960227e-15,5.820766091346741e-15,0.05074987361452563,0.0006726781301932962,1.0
full,20270233,0.00048091349609944806,0.022018024269863264,-0.04343340082770773,0.17726028578982467,0.03451767007250145,0.16661329048375567,0.2028352040932916,0.09743844267304354,-0.06031720820554907,1.667832692112075,0.33577646595780053,0.8781936184418954,0.4314572915944059,0.5707321789371387,7.171913083189931,3709.7342266297296,0.0104,0.19015066952695048,0.34714693629416704,0.0,0.0176,0.0,0.2255604543780716,0.0,2.573836933482777e-15,3.1749633225527677e-15,-0.00029322723032937576,-0.029694417687710667,1.0
full,20270234,0.0004657312081244168,0.02240327608065949,-0.015681417832990055,0.09929114686592488,0.03197523907029631,0.19809032763121406,0.17793130186360978,0.05195449321817793,-0.05495571099270548,2.9150838834704516,0.3096375088218315,0.8759958273493739,0.4498564025229509,0.5597510805243341,7.121368151115341,3502.933581941655,0.0116,0.050639290204323506,0.5098845793627824,0.0,0.0172,0.0,0.22101268591167988,0.0,1.4901161193847656e-15,2.1166422150351785e-15,-0.18739996430992248,0.030494199983687575,1.0
full,20270235,0.0004133996199997192,0.022502705788990943,-0.019960137153576592,0.16155269344287718,0.03663014818268885,0.21007776978058068,0.22493991038825464,0.03544183382166458,-0.08384690262940203,2.189923235086468,0.28129643053413367,0.885213122723229,0.42327983147946996,0.5696148729086529,7.23212817591724,4635.628292186554,0.0124,0.14012578945773535,0.41209225575671127,0.0,0.0184,0.0,0.21975033590655224,0.0,1.0837208140980114e-15,4.497864706949754e-15,-0.05864750101271534,0.021233513963064783,1.0
full,20270236,0.0004059599748682455,0.022760181436958776,-0.1128268123363876,0.12186596681973513,0.028777021687868644,0.23283586200288778,0.25765644416385053,0.09238327552521497,-0.08954114953349246,2.583552781136273,0.32871865201380784,0.9151037052391323,0.43800508216785033,0.5492410087245927,7.228654136200598,3448.526756011045,0.0108,0.08961768472971644,0.31096773526807375,0.0,0.0196,0.0,0.21013524845699494,0.0,2.0319765264337714e-15,2.5135126303542743e-15,-0.019273492942940448,0.0011981994038472647,1.0
full,20270237,0.00034073675778222923,0.022064893695469705,-0.04536724243570918,0.1241624993328391,0.03152202764526686,0.20496601692970545,0.20006803479344,0.07256310286557591,-0.03732444068836279,1.0743786672396283,0.2886095518997988,0.8646606448467292,0.4260800526596925,0.564790059119,7.210104790545738,11846.426434490493,0.0104,0.04602671690236392,0.4844384634698673,0.0132,0.0136,0.0,0.19478451435961563,0.0,3.251162442294034e-15,2.3812224919145757e-15,-0.031667506861063933,0.050969519704168374,1.0
full,20270238,5.349334596440123e-05,0.02275451722637896,-0.05132317332569821,0.17662195081080184,0.030184840790553297,0.22578444475429627,0.22918410815914253,0.0899572953050849,-0.04404136884944232,2.5173391353104364,0.36949728881490923,0.835135219930321,0.4223588770319754,0.5759724474170227,7.125879446814728,10168.037182177517,0.0128,0.055976421840496934,0.44909939054049175,0.0332,0.0176,0.0,0.2298474514356772,0.0,2.4383718317205256e-15,3.3072534609924663e-15,0.024954129456308607,-0.009869707951578908,1.0
full,20270239,-5.73380344705118e-05,0.022831422733816224,-0.0726679181028088,0.13042840856539323,0.03284613812759481,0.24382763873772892,0.2187099136003516,0.06832514095517218,-0.04303870860841655,2.2099831263531486,0.3866235848218012,0.8182917473923129,0.3779045401581762,0.5738995087274964,7.147059188872532,9390.53848344175,0.0116,0.020159246392851115,0.49547861025507467,0.0008,0.0192,0.0,0.22953344938901465,0.0,3.1156973405317828e-15,3.439543599432165e-15,0.10325787473368044,0.024709104085102497,1.0
full,20270240,0.000675951163479317,0.021365998962932193,0.010827051064089606,0.15035859810823382,0.02879505695876964,0.18123692564960145,0.185022166671967,0.043154915649896264,-0.03166239751240882,1.815430867643288,0.20857098005947644,0.9362897795090886,0.4378598393156904,0.5779572078101034,7.130899898806639,3398.0104066504227,0.0084,0.1794129500708476,0.3466543337586885,0.0,0.0116,0.0,0.23264769822422005,0.0,4.3348832563920454e-15,1.8520619381557813e-15,-0.12096036760111101,0.008464556178378636,1.0
full,20270241,0.0004938537864313595,0.021555030135778683,-0.037278978638033505,0.1279893569416954,0.024382154128541597,0.22749810101583642,0.20962887032730448,0.04445373420972051,-0.013023087501273579,2.1321779661520788,0.3408869047815478,0.871439559675127,0.4146129065242675,0.5581604357440375,7.083363679597092,5786.402261908399,0.0128,0.044672861811407366,0.3259556226834289,0.0196,0.0156,0.0,0.1624751285615944,0.0,2.0319765264337714e-15,1.98435207659548e-15,-0.09622886774863568,0.016450239595683407,1.0
full,20270242,0.00046558663976083603,0.02316675042477762,-0.030366519642292,0.18553830612283795,0.0289883787037793,0.18347842548961343,0.206070835442304,0.09537577282505066,-0.017809207730392046,2.340590239348054,0.308541191053569,0.8846153983337424,0.439208526725653,0.5788969980149178,7.324462940309762,5856.298995901823,0.012,0.03424072972496782,0.2982251659206938,0.0,0.022,0.0,0.22042364942257975,0.0,3.522092645818537e-15,1.7197717997160825e-15,0.09939215142207022,0.03002141275127611,1.0
full,20270243,0.0002635556220870072,0.02261294708942405,-0.025011012187401958,0.13923137281395478,0.03341170634333039,0.17804919385680418,0.18983819299114288,0.04021269665732385,-0.03298248693729952,1.8199979309763261,0.23677912297503675,0.8808498790453988,0.43041934488557587,0.5756367517380938,7.1931923109868805,5171.818419185927,0.0096,0.02651107342515315,0.5278622479538166,0.0,0.0164,0.0,0.22076033411280505,0.0,1.625581221147017e-15,3.042673184113069e-15,0.18382537645207844,0.02403596098563315,1.0
full,20270244,0.0002943912663506644,0.0223476070358769,-0.02397497708903511,0.1745224085339276,0.039855763749223644,0.18683248600562746,0.23746119583274375,0.07493552970258917,-0.021084380725858977,2.8130943211963952,0.32714176947376084,0.8724564610570261,0.43173461120909234,0.5672524961470746,7.109392772302725,6963.870848286122,0.0132,0.09403797938974874,0.3961929368364666,0.0,0.016,0.0,0.22836683406949887,0.0,1.0837208140980114e-15,8.73114913702011e-15,0.05755091360292944,0.0018552689239497563,1.0
full,20270245,0.00038231430284176574,0.022371032538662874,-0.0419552962802224,0.15928008604470126,0.04047423373295515,0.22996998872265775,0.22840537873535194,0.07091704803268828,-0.016101129724068852,2.9427574318466974,0.3070034608093436,0.8631433611996296,0.4605976620554572,0.5529029608258691,7.1540340660209045,4366.033628336829,0.0136,0.06567881700755882,0.3740897525110094,0.0,0.016,0.0,0.23819383746606482,0.0,2.302906729958274e-15,2.1166422150351785e-15,-0.042330360777603826,-0.006477272566826909,1.0
full,20270246,0.0005682075927268108,0.02267742194513346,-0.02779448472784632,0.1359743660889661,0.045676556620375605,0.18092108346193134,0.2069954841536413,0.04535242627758802,-0.05243519182345153,2.8222713861827504,0.23095890608523367,0.9121908393160993,0.42672464241017805,0.5760797480594213,7.204608216728629,4336.961109555498,0.0112,0.1404838741317375,0.26590975377944126,0.0,0.0164,0.0,0.23836369155931214,0.0,3.7930228493430395e-15,3.439543599432165e-15,0.18273900458463882,-0.028358816113841518,1.0
full,20270247,0.0005832469443962954,0.022450359393822755,0.02379585874359625,0.18641646452907357,0.03396332639268506,0.2360818745537228,0.2416298422130527,0.09318312156955492,-0.05431167976662607,2.814027564180722,0.273357600365746,0.9083036665012617,0.4305423832163753,0.5709721727842828,7.151038521495909,3042.0408984993173,0.0124,0.20337856429888615,0.2527794383498837,0.0,0.014,0.0,0.24136791033860083,0.0,4.605813459916548e-15,1.8520619381557813e-15,-0.0758182819352056,0.01985980838866873,1.0
full,20270248,0.00035035978915631176,0.02242264434057859,-0.04153135571062885,0.13322274971660128,0.03857319797754896,0.23441923713439797,0.2572404467875243,0.07353773380918426,-0.07483613145772233,2.8796615536246595,0.3212576015442977,0.8697283374056891,0.45612985303324066,0.5599380707357586,7.211257553472756,7909.205481689815,0.0132,0.12450805296477374,0.32068642778433587,0.0,0.018,0.0,0.22353368080488534,0.0,2.0319765264337714e-15,5.556185814467344e-15,0.11914845213034257,0.0032203389790483625,1.0
full,20270249,0.0006725155239978949,0.022508040868946054,-0.05781379082653568,0.1609615741297386,0.03667767808675558,0.17517687283388142,0.16722306487728542,0.08286484362154505,-0.004764363625045608,2.331339640399336,0.2732982599739242,0.8810348334052059,0.40581429334635016,0.5738441649021334,7.214598396464294,7971.38502081524,0.0136,0.022934134234800264,0.37585557031965267,0.0052,0.0176,0.0,0.1828038937613048,0.0,3.7930228493430395e-15,1.4551915228366853e-15,0.08881581111610982,0.027330452324752376,1.0
full,20270250,0.0005647731289543415,0.021959663902123557,-0.02648077922964544,0.12201865342516639,0.032364089338334345,0.20038191114885354,0.20721661794188712,0.04127802230866105,-0.05925742236132839,1.3342449176476903,0.20906320030892203,0.8991468384034542,0.41935818805894925,0.5794297513975308,7.166315967036546,3095.537406001892,0.0096,0.12946716106822406,0.36457311321895036,0.0,0.0172,0.0,0.20879944984061338,0.0,2.4383718317205256e-15,2.1166422150351785e-15,-0.05767358358309645,0.014635058454455873,1.0
no_direct_news,20270201,6.261303519726588e-05,0.017871460700941613,-0.007632027686047197,0.1799921317405015,0.04355161549862262,0.5432445193561212,0.5363685242414439,0.39280079035237164,-0.03955857960804044,14.054701570866598,0.7374686632850319,0.9691445522943026,0.8803187736167073,0.31982333027307236,6.728534926863079,13407.615023039303,0.0312,0.6877997631203366,0.2480765687893257,0.0,0.0184,0.0,0.15044600400101893,0.0,3.251162442294034e-15,1.8520619381557813e-15,-0.1534643669318799,-0.009206079925529879,1.0
no_direct_news,20270202,6.0242899635831295e-05,0.019871909228354214,-0.03863404391520008,0.20338936274318423,0.051398537122996114,0.5856312435740676,0.5611413027238253,0.34507517717542624,-0.081015199742139,13.989699468809075,0.746106836370956,0.969256005538604,0.8587419121362592,0.3241910881485657,6.889306731415313,13101.737197925399,0.0316,0.9933826145414772,0.2764274672741831,0.0008,0.0232,0.0,0.14167967092662814,0.0,2.0319765264337714e-15,1.98435207659548e-15,0.35666070238019304,0.024837502350269974,1.0
no_direct_news,20270203,1.2665862901778268e-05,0.01632248491923622,-0.06012167957103311,0.186919656452851,0.05190243268967641,0.6203932597497998,0.5882428912254042,0.295754129967645,-0.08268504927156191,17.142122864242516,0.7609333777452554,0.9695488693812206,0.8913094188059862,0.2801143922294017,6.466619324847873,12584.20207501497,0.0324,1.713746647206615,0.21951676173678414,0.0,0.016,0.0,0.10344223690888699,0.0,2.1674416281960227e-15,1.1906112459572878e-15,-0.3004424709769614,-0.016952702589199283,1.0
no_direct_news,20270204,3.987951954767155e-05,0.01750203074534778,-0.031488405825677176,0.17632384995184203,0.04351866013105959,0.5355747862511799,0.5647629981992486,0.3161887070006629,-0.060493862190101916,13.339058620814281,0.7209902551831457,0.9622791170027012,0.8455066171362562,0.33434262706618156,6.7375151537818905,12824.896292287103,0.0328,0.6930541649318559,0.24800575001063507,0.0,0.0196,0.0,0.1254701414502073,0.0,3.1156973405317828e-15,1.8520619381557813e-15,-0.043385455094309806,-0.032363545455627356,1.0
no_direct_news,20270205,1.3658355995404747e-05,0.01830678580029365,0.06727112158470885,0.269604673726289,0.0641192944382735,0.5406732795354854,0.5620963125866733,0.3444230918425393,-0.04798095942661862,16.361402379474843,0.7253120271153922,0.9668701736282631,0.8681726245628532,0.3262913657482144,6.705297009262669,12843.46119024025,0.032,0.7648427638031466,0.24223275319132276,0.0,0.0204,0.0,0.12806136427882353,0.0,2.7093020352450286e-15,3.3072534609924663e-15,-0.7767508143929175,0.0033360891703844123,1.0
no_direct_news,20270206,5.1884859938173736e-05,0.018197666949419548,-0.02652345509870716,0.19858926997105614,0.05667047616087597,0.5650881725915653,0.5556041511396965,0.3248635287056443,-0.08061987414038008,15.798000863739293,0.7314164358725119,0.9703433429635594,0.8791780984881203,0.3045167575199295,6.667415290051104,15396.665465874701,0.0324,0.6080690281635096,0.2629473744777834,1.0,0.0204,0.0,0.1077662170794027,0.0,2.302906729958274e-15,2.645802768793973e-15,-0.20665136447571877,0.04415306349044466,1.0
no_direct_news,20270207,3.265666323313745e-05,0.018139329450339324,-0.03916621788987316,0.23099550365659502,0.04573828070860922,0.5414770587391511,0.4790091821314783,0.3090836577047853,-0.06529505108445893,17.306898693028838,0.7191688384214472,0.9678174576893085,0.8630216638490881,0.3185091677092922,6.702373295257752,12598.624710527998,0.0288,1.668768264600757,0.2557282245347918,0.0,0.0156,0.0,0.1274085597454111,0.0,7.179650393399325e-15,3.5718337378718635e-15,0.3670272485116084,-0.007608326400004253,1.0
no_direct_news,20270208,-9.609435639858077e-06,0.018754482677200947,-0.07144815946013441,0.13385278770403286,0.0472648397293916,0.5856138840735393,0.5626109013057348,0.3331703667418545,-0.1011210049892413,12.291179697893034,0.7542927676559167,0.9668993220340099,0.8696655167898025,0.32220350911499146,6.840267735519376,13456.084295470268,0.0308,1.0354458278730558,0.24222391351857897,0.0,0.0224,0.0,0.14074240246591407,0.0,4.470348358154297e-15,1.8520619381557813e-15,-0.23017564023173095,0.009984654609989443,1.0
no_direct_news,20270209,-1.041484474394494e-05,0.018159828420680715,0.056197272762649006,0.22593558105665304,0.06056568608775977,0.5229544242569646,0.5493505636007868,0.29667075009036653,-0.08201887242907188,18.23636586147571,0.7221540512964923,0.9669600978888352,0.8740284572089926,0.3120410998302996,6.640698221413063,13871.993022660366,0.0316,1.433851234956964,0.24372317978102642,0.0,0.0172,0.0,0.11297454945226204,0.0,1.2191859158602628e-15,4.762444983829151e-15,-0.24781511756619978,0.019416718909319113,1.0
no_direct_news,20270210,-2.6220781312350283e-05,0.018201624696925215,-0.0817839244820927,0.20485292257567383,0.04839339227825427,0.554105430081705,0.5552105801817159,0.3179831749068483,-0.08698243332195484,13.843342872322722,0.7374747831810601,0.9660164023494208,0.868557658283885,0.31275290701372155,6.728567387131722,12749.707526007292,0.034,1.2584790639960548,0.24670353896193353,0.0,0.02,0.0,0.11569021166716986,0.0,1.4901161193847656e-15,2.248932353474877e-15,0.02979337692570243,-0.014492946064020951,1.0
no_direct_news,20270211,9.864908876321223e-05,0.01634698848853002,0.03828465738964808,0.1485052708694639,0.051805175007984795,0.578724489419304,0.5533690242233262,0.321121766010992,-0.07960106375268822,16.81085837663276,0.7563556662263663,0.9675348030542708,0.8667980210284505,0.3051768812430263,6.48301906827028,13332.04170518229,0.034,0.8862727950237902,0.22753568877842134,0.0,0.0148,0.0,0.11439692861187933,0.0,2.1674416281960227e-15,2.5135126303542743e-15,-0.06990095565965036,0.05768481580907607,1.0
no_direct_news,20270212,-1.2768133663458059e-05,0.01889323235051075,0.008745751862653597,0.23845183605522907,0.07468024400905485,0.49247331251469356,0.5149453489995812,0.3363628481751302,-0.030896493500743763,22.857041394208814,0.7167864650683997,0.9616564538501425,0.8824794382519839,0.3106182438393839,6.761134072317364,12540.269437679464,0.0316,0.9876906318575468,0.271255855241878,0.0,0.022,0.0,0.11755492946333845,0.0,3.251162442294034e-15,3.836414014751261e-15,0.30366006972824977,-0.048728191853591785,1.0
no_direct_news,20270213,9.733021443585521e-05,0.0188843839513804,-0.007899245656033772,0.21000004515026496,0.04923873347109114,0.5110169558058618,0.5638832148886329,0.2558828048892588,-0.10750187302404175,18.24388315082829,0.706208125054373,0.9666536856538221,0.8350802293671254,0.3390345885842819,6.697556749896155,13845.59592859701,0.0304,0.14907843763175593,0.25611143646782497,0.2788,0.0188,0.0,0.12382028591278615,0.0,2.573836933482777e-15,3.96870415319096e-15,0.4466291157896385,-0.005189948969093849,1.0
no_direct_news,20270214,7.276944930934554e-05,0.018125481104436247,-0.11605388272907244,0.16098204276093347,0.054346049216844036,0.5532529975791806,0.5207378737805044,0.2560428594380983,-0.10185388458410774,14.671009198438167,0.7065435519454142,0.9667270266257451,0.845933939119985,0.34812232921866826,6.7454379938265605,12378.175800394616,0.0348,0.156104737789037,0.25336473911750335,0.2208,0.0188,0.0,0.12060743438907195,0.0,2.1674416281960227e-15,2.645802768793973e-15,-0.13866239581220238,0.0829363140551836,1.0
no_direct_news,20270215,7.693744449624127e-05,0.018726856587985716,-0.0483769045371233,0.2587532837846058,0.04267957702317031,0.5075403790832386,0.5390800264296943,0.30985917177065697,-0.025450029908668754,12.558143227312216,0.7069658174846574,0.965573919809157,0.8493273073869251,0.33872640579379903,7.038216480420137,11926.18066709348,0.0304,1.0669916008818878,0.22770681559777806,0.0,0.0192,0.0,0.1309449851100859,0.0,2.7093020352450286e-15,2.3812224919145757e-15,0.25475631719046093,0.035050662971459104,1.0
no_direct_news,20270216,4.4060100139272507e-05,0.017354133422999702,-0.02641740720502324,0.21578559529416583,0.04895077214834712,0.5441361822092723,0.528507913046443,0.33985982776850904,-0.08004126572225152,12.552846979330134,0.7348846185055199,0.9664277864120155,0.8632193492827359,0.32875950682294514,6.774048296505931,12787.839953761511,0.034,1.9012802716537458,0.23778035275409526,0.0,0.018,0.0,0.1251918597853281,0.0,1.7610463229092685e-15,2.3812224919145757e-15,0.4265746301857273,0.02764663343824979,1.0
no_direct_news,20270217,2.4162635079169802e-05,0.018144540283680476,-0.0758818378934641,0.18817668134718119,0.05518539024182776,0.5749270685839742,0.5760652145371447,0.35748988786164193,-0.029358034405898393,16.139881782455657,0.7434059173110773,0.9690453149685713,0.865407968525561,0.3131735786539569,6.713178473877266,12369.623757076322,0.0328,0.745973799457186,0.21767194377651056,0.0,0.0184,0.0,0.11666844667752163,0.0,1.625581221147017e-15,2.3812224919145757e-15,0.053900703050901395,0.015634856427529167,1.0
no_direct_news,20270218,1.715054255279469e-05,0.018004060547480796,0.019695249097757665,0.22490053050092307,0.0655308730676632,0.568365662716215,0.5549568856162638,0.27482554438995743,-0.09219877878339251,16.360695057753023,0.7380486358471491,0.965000202682641,0.8662038798752012,0.32062571454761146,6.646514341868239,12876.33057786448,0.0312,0.39301500828571656,0.23736327600009866,0.0,0.0184,0.0,0.12469595937018996,0.0,1.625581221147017e-15,2.1166422150351785e-15,-0.23256368369144456,-0.033108582766583426,1.0
no_direct_news,20270219,8.773883234387121e-05,0.018055895367525585,-0.014441086407861478,0.18751226229032297,0.04509148529834027,0.5286589929009865,0.5521408697568804,0.3495465633451223,-0.058848012812059626,14.385126018628437,0.733159779713965,0.9684832025876646,0.8458587930210814,0.34330145668113793,6.711374151328238,12327.705441616134,0.0328,0.4368831325638459,0.24580647262141242,0.0604,0.0176,0.0,0.12787137013786887,0.0,2.1674416281960227e-15,3.3072534609924663e-15,-0.10889677954085766,0.010053271663619415,1.0
no_direct_news,20270220,1.4395738919129641e-05,0.017239479995599105,-0.029064312972490187,0.24441438379155658,0.06180255020793156,0.547718050566126,0.5413384410988324,0.31755104116867044,-0.051934167079470066,16.07704298592827,0.7450555683984837,0.9737107484032136,0.8718887975236943,0.29962077200870857,6.645980184098212,12736.299608231115,0.0308,0.6386570327662404,0.2516359091363808,0.0,0.0156,0.0,0.11094360005917925,0.0,1.4901161193847656e-15,1.3229013843969864e-15,-0.04883777659559997,0.03120006478601585,1.0
no_direct_news,20270221,1.720010790276625e-05,0.016869598500757563,-0.06745579016936788,0.13296781629738164,0.05056000883242724,0.5231415925124785,0.5487968460433261,0.3351177401522958,-0.059779841478279104,14.018474250406253,0.7274973177207211,0.9654175385916763,0.8517754089519353,0.32782709687483835,6.669386624856143,12507.969841657945,0.0336,0.9551792650772241,0.2771536862012659,0.0,0.0176,0.0,0.10459196595213038,0.0,2.84476713700728e-15,5.0270252607085486e-15,-0.3901009443532354,0.005752041653162091,1.0
no_direct_news,20270222,2.9144901568206193e-05,0.017150987608486858,-0.02785124484977135,0.18232483831264862,0.0557602064091991,0.5271910182440632,0.542895618133266,0.30812256480028044,-0.07837508097009728,18.668306506144717,0.7459582882148066,0.9686536611891304,0.8690971598144582,0.3028742163780756,6.565937112077467,13608.938501552098,0.0296,0.3179923987982772,0.2508440218434903,0.0,0.016,0.0,0.1152834605334867,0.0,2.84476713700728e-15,2.1166422150351785e-15,0.38598228166497234,-0.03783655606795911,1.0
no_direct_news,20270223,2.8176263890724586e-05,0.01884992330280178,-0.030287106392608405,0.11494114690964796,0.048173712672169244,0.5870137454593356,0.5620403456059909,0.36125229561942623,-0.05040899112512999,12.051462236347966,0.7419327246381062,0.9681461367695562,0.8731331679200437,0.321613578069759,6.8302285762493735,12778.192628639385,0.036,1.2452809420353301,0.2683795688413433,0.0,0.0236,0.0,0.12636760819220094,0.0,3.522092645818537e-15,3.3072534609924663e-15,0.03749098537575163,0.001520936186443019,1.0
no_direct_news,20270224,4.0576694619668885e-05,0.017959183995009575,0.01092463663830991,0.1764032723233776,0.049394356068385006,0.574741211913522,0.5755351915167243,0.34655494180401797,-0.06544212712847144,15.192442964524009,0.7426441240933622,0.9703147426138725,0.8764354804538037,0.30576595020353253,6.583958265386055,12467.13801481075,0.036,1.0581641466837548,0.23254087880453078,0.0,0.02,0.0,0.11735770503657372,0.0,2.7093020352450286e-15,3.1749633225527677e-15,-0.07108418583990479,-0.015014975835521076,1.0
no_direct_news,20270225,3.072192356522052e-05,0.017996119313347055,0.007736995098359458,0.2140602766248883,0.050940800169495204,0.5976290973535106,0.584745278706843,0.35690055667936355,-0.07125118581566031,12.96600992013702,0.7490634451850253,0.9689837770135077,0.8780613575002043,0.3166829444923935,6.758712702717112,11645.31597946167,0.0332,0.6603877147599658,0.23008892134469305,0.0,0.018,0.0,0.13862569495755706,0.0,2.0319765264337714e-15,1.98435207659548e-15,-0.05121037426817777,0.04562904725088044,1.0
no_direct_news,20270226,4.147018691655546e-06,0.017899210716008345,0.027434920032396806,0.22974287233524635,0.06051128798992865,0.526229771908097,0.5303347249900529,0.32498732245205364,-0.029040822236759592,17.812748194042516,0.7253003885925006,0.9653126774912769,0.8795529685624998,0.3103311410419279,6.634690466364519,13300.696001106342,0.0324,1.4792309109983754,0.25838594157335915,0.0,0.02,0.0,0.11880652642195,0.0,2.1674416281960227e-15,1.5874816612763839e-15,0.3548265159369244,0.000983309442905796,1.0
no_direct_news,20270227,-1.9977486274452618e-06,0.01827158669387278,-0.03148908802074742,0.13440419596610725,0.05725202472182387,0.6026444750748563,0.5642570672419016,0.35338060241835,-0.08138134648029442,14.468828087583972,0.7459216432092178,0.9676450325263697,0.8663608652422248,0.31545935145172044,6.723841017382851,13164.087135257792,0.0312,0.9874821206584474,0.2741236256003253,0.0,0.02,0.0,0.13083378797451872,0.0,5.0122087652033025e-15,1.98435207659548e-15,-0.311904217741775,0.0506440045722134,1.0
no_direct_news,20270228,1.5676245550947953e-05,0.018633637426074347,-0.005030834566141414,0.2265936492135068,0.06030839373639657,0.5931771889002152,0.5702969917878941,0.3224655826159186,-0.07839400957218365,14.85938954674467,0.7582001292478887,0.9702185150777476,0.8870278300758698,0.30452733852847746,6.6079163056247525,13733.810585284255,0.032,1.0711941257842725,0.24641280287151524,0.0,0.0208,0.0,0.12359408436320707,0.0,3.251162442294034e-15,2.1166422150351785e-15,0.06693377260889014,0.041242474792632544,1.0
no_direct_news,20270229,-1.4758037328748586e-05,0.020159990716915738,-0.07329356975849226,0.2534310248338256,0.05942977849277862,0.5609581427187084,0.5760663765971351,0.3859321869968487,-0.03915019838867663,13.105177755672305,0.7233283040321641,0.9693356558447438,0.8495312354500282,0.3322139644584942,6.927281477726105,11885.128602287465,0.0316,0.5335720530372652,0.27105154370446294,0.0004,0.0236,0.0,0.13083957129389545,0.0,7.044185291637074e-15,2.778092907233672e-15,-0.21152520820124365,0.018808072834542233,1.0
no_direct_news,20270230,0.00012808777489593624,0.019736724420300226,0.05180105381414539,0.1994206470296193,0.05542577356751027,0.5492219461813371,0.5371084177767071,0.36451372384514524,-0.08367112316359608,16.247900918158685,0.7297865363295142,0.9659542351151269,0.8712540626687952,0.32398029297541986,6.886674554879602,12601.522891558212,0.0312,0.5383666379263125,0.2611189666249567,0.0396,0.024,0.0,0.15406621414186583,0.0,1.8965114246715198e-15,1.7197717997160825e-15,-0.8582977710336458,-0.01483467372759481,1.0
no_direct_news,20270231,7.194563844924744e-05,0.019079911886694837,0.02975931178617391,0.2209845176382463,0.0542083600374992,0.5634129944999521,0.5561191670030154,0.3856926801822621,-0.06952279426688447,13.535724659391615,0.7341633934966941,0.9701203112234256,0.8737825436060533,0.3119554756821975,6.859815337969144,12732.6845857296,0.0328,0.8758626153649773,0.25910683207202856,0.0,0.0208,0.0,0.13112475049233674,0.0,3.251162442294034e-15,1.98435207659548e-15,-0.5148782010345095,0.010627045576778089,1.0
no_direct_news,20270232,-2.5258604270048578e-05,0.017313031222494165,0.09818873676717994,0.26532412779520786,0.07052685001926391,0.5402658273105464,0.5641028113329124,0.31047592802107726,-0.07941919546368523,19.58534186463871,0.7467695505286502,0.9655671928264346,0.880815873192985,0.3039422996989908,6.483842474227231,14095.801520788515,0.0324,0.5316299914495186,0.269618793047645,0.0,0.0176,0.0,0.11300245846618995,0.0,2.980232238769531e-15,1.8520619381557813e-15,-0.801985923980624,-0.01637670336008677,1.0
no_direct_news,20270233,6.048048375362214e-09,0.018555138889129384,-0.09077788768829512,0.1878871765339469,0.05811753380833782,0.5289303954359191,0.5648056799543286,0.3506364384536019,-0.0705262875554228,14.03583504835646,0.7407733767264523,0.9675786465112859,0.8439351256175456,0.32851823834467253,6.781905376375078,13195.152142544728,0.0332,1.4671617107100432,0.2333539218961579,0.0,0.0192,0.0,0.11881122676161748,0.0,2.0319765264337714e-15,3.1749633225527677e-15,0.20595341268833126,-0.02422409665203502,1.0
no_direct_news,20270234,-1.9371534328525542e-05,0.01857284365968187,-0.011173659875418103,0.15389383430003759,0.05416056393402789,0.5300040133402328,0.5610665430847802,0.33444158704045124,-0.054153037894771806,21.198118162427594,0.7228530552861697,0.9679565904451312,0.867470428652842,0.3184820385237906,6.7274003620970735,12480.341165354323,0.0308,1.3201095141456967,0.26924424260449087,0.0,0.0188,0.0,0.1354330616761772,0.0,1.7610463229092685e-15,3.439543599432165e-15,-1.1330578382375711,0.009426333964041514,1.0
no_direct_news,20270235,7.573019104329325e-05,0.019292326495443133,-0.03018439420211695,0.1805720457623093,0.05798157429804307,0.5594386833907941,0.5783088245279037,0.34286529949238886,-0.04373845630326042,12.255567351546318,0.7464417661548911,0.9687611359166738,0.8632813502956124,0.32718852578459284,6.907882066761865,12964.331852337655,0.0364,1.1572954992878282,0.23329109558390837,0.0,0.0244,0.0,0.14511857022760632,0.0,2.573836933482777e-15,1.8520619381557813e-15,-0.03552165824002892,0.06280599372709485,1.0
no_direct_news,20270236,1.9378658171279284e-05,0.01901057230049593,-0.1186176772396967,0.1662865582830268,0.052400501123861076,0.557444527372917,0.5334201504712868,0.28167618605546857,-0.08836748872499764,15.743431225430175,0.7406544583149415,0.9692866293651097,0.8703183822473395,0.3123624060354877,6.83357210249586,11424.891075547508,0.032,1.3076311080686644,0.26059265293151723,0.0,0.0212,0.0,0.13684517545943753,0.0,2.302906729958274e-15,3.96870415319096e-15,0.029723532808094706,0.04350178091820878,1.0
no_direct_news,20270237,6.0079309311886676e-05,0.01906358466721789,-0.010148213788555826,0.23969451113266058,0.0506774907298035,0.5136271296738942,0.537082622812669,0.3124960760967689,-0.07464769045610457,18.00742016276241,0.7053105564705483,0.9629165543822307,0.845479915763607,0.34896081699958115,6.787084221406442,12573.755437952295,0.0312,0.22382743317493833,0.26449401552646,0.4392,0.0196,0.0,0.1256251887424349,0.0,2.980232238769531e-15,3.5718337378718635e-15,-0.4300160663652415,-0.0069114701016659555,1.0
no_direct_news,20270238,-1.0288638919449511e-05,0.01855373635617655,-0.007781909778418928,0.18460257391620244,0.03883897953525723,0.5086380034083086,0.5369207508328087,0.3673489143850133,-0.056430046447137776,16.578194219721958,0.7205120588360961,0.9710324515553878,0.8682706318208666,0.3182435246960602,6.8277093834075995,13631.764561932903,0.0304,0.22239176138003613,0.3051453203631719,0.0,0.0188,0.0,0.1261513900816138,0.0,2.573836933482777e-15,1.5874816612763839e-15,0.1312231327466961,-0.06157319730993308,1.0
no_direct_news,20270239,4.0346608407343605e-06,0.01916325684184743,-0.046002017228860916,0.22404244980053942,0.04488557035442722,0.49599249304550663,0.5354910850991622,0.3199968411919338,-0.005218425401304761,20.09447812818794,0.715293219115393,0.9703158486721204,0.8655037108523946,0.31421515620011115,6.78831027657216,12319.48440172753,0.0308,0.2365526167516411,0.25709712202150314,0.0,0.0208,0.0,0.13910922090832023,0.0,3.7930228493430395e-15,1.7197717997160825e-15,-0.2576024851813185,0.04518116145857,1.0
no_direct_news,20270240,-6.2700971571469925e-06,0.017178560825623156,0.007506022867971925,0.17849769495693826,0.04457860553648695,0.5722925798822889,0.5752560594748206,0.34448873720726403,-0.060309631849109695,11.59045889317066,0.7273357129766918,0.9620991629759631,0.8420850858107595,0.3356077906150963,6.761058325404269,12800.966730919094,0.0316,1.6010384936893673,0.24785985281569856,0.0,0.0176,0.0,0.11796405181072989,0.0,2.4383718317205256e-15,1.4551915228366853e-15,-0.2711599815696634,0.011863273509942991,1.0
no_direct_news,20270241,6.629950903792583e-05,0.019174698757749343,0.012304228675369828,0.17553110435847033,0.049683414950942646,0.5209584326034545,0.4965292863901427,0.34618231305948843,-0.08133973964268312,12.02121902878496,0.717898114332098,0.9671914434922744,0.8658550632973583,0.338229534949316,6.9715847040642664,11248.336781505379,0.032,0.6136935181447905,0.2740165609348739,0.0,0.022,0.0,0.15320723872490727,0.0,3.522092645818537e-15,1.3229013843969864e-15,-0.18243552304665608,0.03968446759380864,1.0
no_direct_news,20270242,6.243876215263456e-05,0.019241553773121253,-0.025310473858452434,0.25378579940620666,0.0457445540426305,0.5327051349739864,0.5120048860588723,0.3102645627756955,-0.06872802309985367,16.665177192924368,0.7278565525313394,0.9674592959135252,0.877890572062523,0.3178517031228932,6.781786754085306,12336.061057655525,0.032,0.7690243283657393,0.25797972941558645,0.0,0.0208,0.0,0.14199815919881398,0.0,2.0319765264337714e-15,3.96870415319096e-15,0.5055707527260258,0.027312367827610023,1.0
no_direct_news,20270243,1.2878593094847802e-05,0.01857466171669116,-0.05530720119992386,0.22034178576580363,0.06133409554715633,0.6144770931856883,0.5888638634220738,0.34387830371241296,-0.0661911189823865,14.780928299231256,0.7362419094754346,0.9670451922896368,0.8702499964213779,0.3083309611776674,6.688330418830157,13344.632724608451,0.0332,0.9696809438968789,0.2862241851594495,0.0,0.0196,0.0,0.13042196658074467,0.0,2.4383718317205256e-15,1.7197717997160825e-15,-0.017891173270130862,0.018947879329025082,1.0
no_direct_news,20270244,7.955913238146906e-06,0.018418506574057487,-0.001604048712761389,0.20114913802100828,0.05428994325498114,0.5133196385509023,0.5730670755829411,0.3424351368700603,-0.05323931275952556,13.299132034641442,0.7318086333854733,0.9686620817072727,0.8672518884414138,0.32342884112326475,6.749628721688436,14400.671472884911,0.03,0.8169866967194452,0.23170816214262135,0.0,0.0188,0.0,0.1217062015939796,0.0,6.502324884588068e-15,1.7197717997160825e-15,-0.050485351492158596,0.020393582489436082,1.0
no_direct_news,20270245,2.3139969542272353e-05,0.01802436820757857,0.016733782022038086,0.18440902237391896,0.04916528830871843,0.537548477528959,0.5161023051706688,0.3182386282100349,-0.08895082866696909,16.77800612655634,0.7201027457468204,0.9672214288929971,0.8466500175107868,0.34298598760686416,6.7861756993533735,12933.770174746162,0.0296,1.1468687181258075,0.24231698420882752,0.0,0.0176,0.0,0.13557835524096706,0.0,3.3866275440562853e-15,3.836414014751261e-15,0.3575740268032059,-0.011791770162865107,1.0
no_direct_news,20270246,3.527305163355763e-05,0.018933371357689417,0.04216918028711384,0.22165943097596993,0.05834019550846503,0.5542391451212565,0.5650095253234156,0.3403132367723988,-0.031207471092111534,15.562886262091212,0.7451761632368049,0.9749818453707614,0.8857907842681749,0.30302986338226295,6.772982872765883,12499.798489510022,0.0344,1.2412654054390255,0.2508735077080637,0.0,0.0208,0.0,0.1321552912148385,0.0,1.8965114246715198e-15,2.9103830456733705e-15,1.0346756510433341,-0.04522039490467615,1.0
no_direct_news,20270247,3.0515772870164425e-05,0.017345262001177145,-0.0681616408205848,0.22105813204140312,0.046242861587935294,0.5475070808324694,0.5957557552123377,0.3263009851790157,-0.07906232645238077,14.482761567649927,0.750986035451921,0.9685917018595894,0.8505833497937376,0.31341353919140424,6.716157307249591,13398.552353268256,0.0336,1.7469476187663866,0.2175373622678477,0.0,0.0172,0.0,0.10812781758297185,0.0,3.522092645818537e-15,1.98435207659548e-15,-0.3731918847355036,-0.031805294544593535,1.0
no_direct_news,20270248,1.4203154238917292e-05,0.018138656642234744,-0.1159930850790396,0.12066256296403399,0.04889899527922292,0.6407068690441434,0.6263351491879224,0.37445385693298655,-0.091308719563535,12.704644362919007,0.7598974129756256,0.9681125251059274,0.8747651240650188,0.30840906295444687,6.683581640615592,12647.286318521401,0.034,0.5968093172055716,0.2801331286261628,0.0,0.02,0.0,0.11568728479106838,0.0,2.0319765264337714e-15,4.233284430070357e-15,0.00027633142148574734,0.0340322016332161,1.0
no_direct_news,20270249,8.56047239706168e-05,0.01793521127073656,0.022419917264220608,0.19359651886776855,0.05143895076340614,0.5197182441783995,0.5742301664106988,0.3149155354855629,-0.06287356531513576,12.326615818105967,0.7255425157200655,0.9650627248426081,0.855974069273306,0.3320237855501509,6.7390401083215785,12336.176333226074,0.0308,0.4467442554935681,0.2224342570888963,0.0,0.0172,0.0,0.13351823960337228,0.0,3.251162442294034e-15,1.3229013843969864e-15,-0.10697437087994367,0.013193248731030362,1.0
no_direct_news,20270250,8.462731471107077e-06,0.017991959451618366,-0.12209849429159328,0.15763028117057434,0.06078603974716649,0.6115508602917339,0.5885100476022538,0.375945228858188,-0.06333589047731707,10.073105187988238,0.7515022183449265,0.9663451821608005,0.8538288516814224,0.32905588607460534,6.878619152371283,13419.2316782044,0.032,1.6284047966140547,0.2246654588280742,0.0,0.0212,0.0,0.10623482119855843,0.0,2.4383718317205256e-15,1.98435207659548e-15,-0.4060765112291773,0.010641662369312768,1.0
no_agent_information,20270201,0.000285195190671865,0.02182533948839646,-0.005485701624306339,0.14897469381156025,0.028246692024603844,0.17655283977270148,0.1862494081908929,0.04813802314386635,-0.07201511318287036,1.716828098816869,0.2915458477354015,0.8625367491869282,0.48484174565052623,0.5374418095479873,7.167012374347788,7121.7842068499,0.0112,0.07110622078766339,0.5072176926823899,0.0,0.0148,0.0,0.19948944406238533,0.0,3.251162442294034e-15,1.5874816612763839e-15,0.06276929760403066,-0.010017012105020892,1.0
no_agent_information,20270202,0.0007950590925244857,0.022640865911906127,-0.027029471256552688,0.1570474642802919,0.0359631570594373,0.2186961862996756,0.23005087013752928,0.10013768282040604,-0.047121473475697624,1.5616241790613437,0.1891482657158712,0.925185856766749,0.4456775820392344,0.5641652415406961,7.335204035566942,5639.21384731616,0.0104,0.05083038045742622,0.2961287508979181,0.0,0.0184,0.0,0.17351634534773086,0.0,5.68953427401456e-15,2.5135126303542743e-15,0.014676868802910855,0.052823966357343106,1.0
no_agent_information,20270203,0.0006117881978246114,0.02224782956903499,0.008910111219807051,0.12581112410932938,0.033829584400835985,0.23251563791440735,0.24523651703189087,0.027908738942703463,-0.04208904650439952,2.5111494102191285,0.27246739420696947,0.9037078144553632,0.4421844967589901,0.5633671847904602,7.20412080950609,2605.1146152650153,0.0092,0.11191073214551539,0.37327998643956806,0.0,0.0152,0.0,0.15282416996319914,0.0,2.4383718317205256e-15,1.5874816612763839e-15,0.023210427681682293,-0.0009919235962662302,1.0
no_agent_information,20270204,0.0004676022852887009,0.02332983916065019,-0.01716442985625926,0.14959561485101178,0.036083231960752346,0.276995353338679,0.2645805248400092,0.1261474229292024,-0.05630987216926062,2.8182345950102725,0.3163059799630659,0.861204299819922,0.46894216882406503,0.5434126826807388,7.199526495641057,6959.598931000012,0.0188,0.08010469160405334,0.31051379277919355,0.0,0.0212,0.0,0.1876384249450147,0.0,5.5540691722523084e-15,1.5874816612763839e-15,-0.04826870326947417,-0.0033568342976244086,1.0
no_agent_information,20270205,0.00035492516914990195,0.022238202177237924,0.03534637799168476,0.15928827902106862,0.03131271879105579,0.20338477282628684,0.18135436746001984,0.04810107141962573,-0.04788950557504295,1.362472635438925,0.24648880174391602,0.8738890658014126,0.4854181884651726,0.580375584892678,7.2224965969308075,6328.03729182329,0.0116,0.07253199104317161,0.38404677349904914,0.0,0.016,0.0,0.19270296987030333,0.0,3.251162442294034e-15,2.5135126303542743e-15,0.02495348852233514,0.003999521876140457,1.0
no_agent_information,20270206,-1.0947669544118455e-05,0.022441549539480802,-0.03272348251103842,0.10866525751936557,0.030995050837529375,0.2078941372185722,0.20598586194175328,0.01063815949076992,-0.05305499320542383,3.2467563630142964,0.39020672220549885,0.8406849914892688,0.4535931905271872,0.5595324249541096,7.15006686188779,24938.108369510614,0.012,0.07917665729201787,0.5334941672683406,0.2696,0.0216,0.0,0.20653955044249894,0.0,1.7610463229092685e-15,2.5135126303542743e-15,-0.1695959635033543,0.026518782160255893,1.0
no_agent_information,20270207,0.0007986935330079319,0.022936917922496712,-0.02776618852241042,0.17294630076393808,0.03596086314327353,0.24424311545117083,0.2586668667791361,0.12632680053273337,-0.04485576150361716,5.199003673272026,0.2866359573641999,0.9250276509610875,0.46970622269395584,0.5315002959505645,7.119353203596832,3133.5296344037292,0.0144,0.18801624022506777,0.2834639386397486,0.0,0.0192,0.0,0.164516530926335,0.0,3.7930228493430395e-15,1.8520619381557813e-15,-0.16028511409104085,-0.002174753362904857,1.0
no_agent_information,20270208,0.000574766090128206,0.021914347242767553,-0.026480111647592165,0.12687300892684625,0.03761606351463957,0.20842206833773322,0.22014864596564065,0.009310210428432506,-0.0361054937538959,1.9857168618798449,0.2407875834833989,0.9012382179071349,0.45103918511228597,0.5720745553422167,7.06892586223712,5434.567861502942,0.0116,0.09026513833494565,0.29182935365310836,0.0,0.0172,0.0,0.18979219706531847,0.0,3.251162442294034e-15,1.4551915228366853e-15,-0.0973892768484942,0.040586294168282556,1.0
no_agent_information,20270209,0.00046307907653926394,0.02232228224050114,0.022116327499040717,0.13479348134892993,0.036246144423800725,0.1899856992052199,0.199070081184047,0.07595767201913849,-0.03847083283060942,2.8430334599425144,0.2329753597294808,0.8941778429634867,0.4797729064315181,0.5533100588400227,7.164673435664347,3625.7212955060295,0.0128,0.0841971775179841,0.30922661339951485,0.0,0.0168,0.0,0.1789947796324407,0.0,1.8965114246715198e-15,3.5718337378718635e-15,-0.18027666284823116,0.01881650547641691,1.0
no_agent_information,20270210,0.0005217251386278925,0.022917751369764084,-0.004731363424821925,0.1847877499590375,0.032244864014316824,0.2074525410697693,0.2029172527274839,0.05923956524360429,-0.03798707124204232,2.029306241517009,0.2617119497672308,0.9081126132950966,0.4719999882955168,0.5796971606200815,7.296772458339793,4228.851923986255,0.0084,0.12322683092633799,0.32444323195996694,0.0,0.0188,0.0,0.18715679780278327,0.0,4.199418154629794e-15,2.5135126303542743e-15,0.03234198797213081,0.007351463924386409,1.0
no_agent_information,20270211,0.00020792112058176144,0.021932769864209285,0.059059321935770716,0.13576289442310507,0.03517091582750041,0.23198738819866083,0.2048263359163257,0.08202328322138208,-0.08270605475582446,2.7473096019461867,0.2839607240667388,0.8873521224499172,0.5106091919565312,0.5439610505443561,7.150992651009513,5829.998616884836,0.0108,0.05538173683116324,0.5143276040617458,0.0,0.0148,0.0,0.21983285725196922,0.0,2.980232238769531e-15,3.439543599432165e-15,-0.0832789267878927,-0.005824095292308399,1.0
no_agent_information,20270212,0.00048998145065827,0.022161918081812566,0.04335677775935277,0.20361613896823114,0.03557948854548818,0.2062258807580441,0.21551299664381254,0.0708184480890994,-0.05555275818817398,3.598897472458998,0.23670858629915043,0.9181000796851236,0.4730484859242357,0.5446908310307214,7.1914676705661185,5470.128619146986,0.012,0.10478186724898043,0.31457631177711276,0.0,0.0168,0.0,0.17582274113251595,0.0,2.84476713700728e-15,2.778092907233672e-15,0.1056689136052265,0.010791518364426532,1.0
no_agent_information,20270213,0.0002675485750389754,0.02134386636367856,0.009971708509803974,0.14214498527428782,0.02942543784626082,0.1892601716463674,0.19481059018906835,0.025108874419641554,-0.05928402558688875,1.8328207231296334,0.26812457232885223,0.8417179723489636,0.46756407920217036,0.5513927157884932,7.147804894331202,13568.082090030837,0.0092,0.04443237495920479,0.30773654824702024,0.0,0.0132,0.0,0.21554221683433306,0.0,1.7610463229092685e-15,1.1906112459572878e-15,-0.16740457521724586,0.013973976799391904,1.0
no_agent_information,20270214,0.00020529402045613382,0.021627222904388187,0.02764805959856134,0.13502397633578184,0.03160156592380182,0.20811697501826362,0.21093315128833082,0.04263478673891039,-0.032914081127954894,1.9262651919418436,0.3327119278797854,0.855784647822413,0.45587578646597754,0.5571745068858579,7.118236917860268,11984.789671372073,0.0136,0.04369960291814217,0.5265068500679414,0.0,0.0164,0.0,0.19406929024881348,0.0,2.980232238769531e-15,2.9103830456733705e-15,-0.02527090897469308,0.003191022355531056,1.0
no_agent_information,20270215,0.000492721767875128,0.02216351533546486,-0.05289498066777051,0.13563508718594813,0.02674412558210985,0.24340789288699988,0.20730761131762013,0.057484272084584696,-0.06822508873368766,2.5673866509853225,0.29873652607994394,0.8836142011209314,0.46051830192803667,0.5413284551381382,7.118099732377042,4153.993026348971,0.0104,0.039076173638239974,0.37863170993207207,0.0124,0.0168,0.0,0.1840842879245408,0.0,1.8965114246715198e-15,4.89473512226885e-15,0.012094477249836831,0.06720814800366466,1.0
no_agent_information,20270216,0.0008490365826620231,0.02137273740649342,-0.02964110916364144,0.1375400070128916,0.027755986633930956,0.19204498300969203,0.17754517008929468,0.08864241617802963,-0.04054310094991548,1.4678717754037676,0.1513375984079226,0.9289713582475413,0.4588373681757656,0.5685845602119195,7.093099038915539,2372.340651197017,0.0112,0.09995961855252868,0.2421259802560649,0.0,0.0136,0.0,0.17158862968011634,0.0,3.1156973405317828e-15,2.778092907233672e-15,-0.11661056766288858,0.04013107562015861,1.0
no_agent_information,20270217,0.00033455471883464083,0.022187179137486197,0.05273427417286002,0.18293857721820583,0.033890343441386236,0.2207582913321072,0.22428909263760086,0.13199408180501204,-0.08089601232941077,1.6970129790969626,0.292588781596973,0.881707276991996,0.47149893846871765,0.5631831959096171,7.211457784499255,6526.379719759744,0.0116,0.10021337653335183,0.32855303037858075,0.0,0.0152,0.0,0.18908418912926117,0.0,1.625581221147017e-15,1.98435207659548e-15,-0.011813519476917946,-0.02542499068436849,1.0
no_agent_information,20270218,2.7311219767783612e-05,0.02226499395216876,0.005404918499608233,0.13511769897762688,0.03308839735416076,0.21616313646065297,0.20184035478374282,0.1311060337857684,-0.07263070095155716,2.028155151682542,0.377201578834807,0.8014489309085054,0.47565081732872616,0.5526325823733245,7.2415958761889225,8041.324536441821,0.0128,0.04705100135505168,0.4755818245228348,0.0496,0.016,0.0,0.21329310168344096,0.0,4.199418154629794e-15,3.7041238763115625e-15,0.09268432127539869,0.04582530471587888,1.0
no_agent_information,20270219,0.0004420337307908838,0.022159838322463703,0.01976717772072372,0.14496002423073195,0.032937768578245555,0.2044222704923245,0.2190455268920926,0.0534162274387696,-0.04777229572990916,1.8460476650024216,0.26034984858909244,0.8942902191878609,0.4920786123493199,0.5636681049812794,7.18873142915394,8923.277444503903,0.0128,0.07969609158374724,0.3509565755050249,0.0,0.0136,0.0,0.2180616057030098,0.0,2.7093020352450286e-15,2.248932353474877e-15,-0.00010819473697936247,0.024912713339395893,1.0
no_agent_information,20270220,0.00030779726945958074,0.022122949298861095,-0.00695329311837236,0.16682157244432191,0.03133326283293461,0.2610486331747584,0.25354951398601905,0.09781140743287066,-0.0915902745276201,2.6179007159305616,0.32939207634479545,0.8874007584171322,0.47538932888864716,0.5347005753491401,7.1377965713358975,6563.399611956272,0.0148,0.04966577973882987,0.2898494027456481,0.1028,0.0212,0.0,0.2071903227276073,0.0,2.1674416281960227e-15,3.3072534609924663e-15,-0.15492883257530474,-0.003104515770770483,1.0
no_agent_information,20270221,0.0005590530974629359,0.021879227889791224,-0.019850363489061978,0.12048677746463242,0.029920154369530726,0.22001987535808248,0.22158483213393024,0.03944606091718257,-0.0744654594271434,2.162740869550232,0.25199062605162736,0.8836349068914001,0.46732917348060266,0.5423213521661339,7.163005673531452,5188.92897446746,0.0136,0.06500207168104032,0.26313161882460245,0.0,0.0148,0.0,0.15813965008113673,0.0,3.657557747580788e-15,3.1749633225527677e-15,-0.03048688728168976,0.031793028870558515,1.0
no_agent_information,20270222,0.00013404963388854866,0.021278364681130767,-0.015591880172667305,0.10726554623625228,0.02643248667502574,0.15497767762071024,0.14873777449493386,0.011251404059649962,-0.024903276647632058,1.08074468098952,0.3074494586835366,0.8089587518185902,0.44955620207477964,0.5675164037662837,7.073863500969993,8529.146310101585,0.0084,0.10664609201706621,0.5843750483937051,0.59,0.0124,0.0,0.22175802266377986,0.0,5.418604070490057e-15,2.778092907233672e-15,-0.05661916160905863,-0.02805152434256467,1.0
no_agent_information,20270223,0.0002333881204450563,0.021852668611797143,0.015890458470913485,0.12674684334338807,0.034553718087725574,0.1938632587754937,0.20202880511223612,0.10182144707414197,-0.10000410653034378,1.5867352507540895,0.2833381900545995,0.855739625221985,0.4702162037323866,0.563041867335644,7.1743096596196345,3904.406571763793,0.0112,0.07558248866665226,0.42404555178707737,0.0,0.016,0.0,0.1855810366200592,0.0,4.470348358154297e-15,1.98435207659548e-15,-0.10358449934130122,-0.017813780561919075,1.0
no_agent_information,20270224,0.0007497529218313563,0.021793929969821896,-0.012164785397478513,0.10970885538827209,0.02851835488403871,0.1665688537771839,0.22533303748391276,0.06504112094860122,-0.012495187103491553,2.0595106885199685,0.18482207415422178,0.9170597094569309,0.46818583131919445,0.5415756300806575,7.132531954502975,4937.726446143271,0.0116,0.05161089038757008,0.26111218202741504,0.0,0.0128,0.0,0.17671614869525998,0.0,2.0319765264337714e-15,2.248932353474877e-15,-0.11234173128340119,0.010890695794218589,1.0
no_agent_information,20270225,-1.579243637382568e-05,0.022847901454380124,-0.01739448176371019,0.14751961912476436,0.033872973197445796,0.2205865057101346,0.22699010790338414,0.08891599394650414,-0.0703018301209388,1.9188399322874439,0.39607422704641926,0.8339989990102858,0.4687950214388594,0.5494989694756715,7.26910328739063,6154.580757719584,0.0116,0.06545077865235306,0.47375943189989655,0.0,0.018,0.0,0.2058010332281841,0.0,1.8965114246715198e-15,2.645802768793973e-15,-0.01513937027326416,0.0180383842058469,1.0
no_agent_information,20270226,0.0006207143572890661,0.022338884119060255,-0.012794988106618438,0.16262649385880126,0.03020143181136582,0.2194204266152927,0.20848268314990837,0.06547302494884477,-0.026271899508214177,1.9183785486698248,0.2332194412709323,0.9140937502608728,0.47172457079906965,0.5669216196397759,7.187591710082322,3396.1337691732606,0.0108,0.059202830666746024,0.27355809644248363,0.0,0.0192,0.0,0.17882326401308002,0.0,2.7093020352450286e-15,3.836414014751261e-15,0.06013147271120839,-0.026299067429900055,1.0
no_agent_information,20270227,0.00025887285456287044,0.022455916326910467,0.03767749131067905,0.1355928924976264,0.03210189341728242,0.1839448745430114,0.22961896810757718,0.06547049244319621,-0.07869256305001895,1.7862593734510064,0.28647783440090285,0.8635804200189661,0.4776192765664364,0.5721448224670904,7.216704235379805,5637.2737941538635,0.0112,0.14499048550726062,0.3210791152483572,0.0,0.0204,0.0,0.18591494416014398,0.0,2.573836933482777e-15,1.7197717997160825e-15,-0.031291340559990014,0.02824862274396791,1.0
no_agent_information,20270228,0.00017690365607887806,0.022977157506169858,0.012205163661741706,0.1245730763772457,0.03503641588288452,0.21983501770692213,0.23685968739668084,0.05350578680665012,-0.063371508830323,2.4064689314249996,0.3425916300048027,0.8621381670508407,0.4544780383665692,0.5502266023568005,7.213729856786986,5268.645281399089,0.0144,0.14103907383348996,0.37780738353035737,0.0,0.018,0.0,0.19012752517284737,0.0,5.68953427401456e-15,2.5135126303542743e-15,-0.046610913897881426,0.013206861977936569,1.0
no_agent_information,20270229,0.0005200603211815441,0.023006964710095636,0.006708710243947104,0.15425339772204102,0.034677726521881065,0.2606848921176305,0.2325422362733193,0.11663213829142347,-0.0183848877543377,1.9952530509691977,0.29568794809173166,0.893601528248847,0.46899842762857247,0.5546135811929368,7.236552358400576,6904.765103762316,0.0116,0.047219164717180524,0.29408313498765415,0.064,0.0192,0.0,0.21853780114686572,0.0,2.980232238769531e-15,2.1166422150351785e-15,0.07281761382448729,-0.006314143213043532,1.0
no_agent_information,20270230,0.00046062262515644223,0.02225696693813491,0.04092177012316165,0.16986625379960552,0.03491244677971495,0.20472267727010462,0.24744925923135874,0.047822644442512975,-0.05719815258168673,2.9606018451012677,0.32245159245521315,0.9001816670051165,0.477557146628486,0.548351940145866,7.126324784719598,7472.835585486811,0.0108,0.040570837299828605,0.4251319331151925,0.054,0.016,0.0,0.2177719287411808,0.0,2.7093020352450286e-15,2.778092907233672e-15,0.10849869831945833,-0.04574862423124266,1.0
no_agent_information,20270231,0.0004490583380756842,0.022188098303291593,-0.013619426485572107,0.12451383417961548,0.033335879320627426,0.20204349144534126,0.2089221571852448,0.07904644396589393,-0.06739933226082924,1.9668167693584273,0.2669631407433107,0.8808968157081342,0.43806006655359875,0.5654478720518412,7.226315959613876,5241.225099983382,0.01,0.03234288433223203,0.2533981188705806,0.0116,0.016,0.0,0.18874735486571437,0.0,1.8965114246715198e-15,2.9103830456733705e-15,0.04201689722362736,-0.013990668781812524,1.0
no_agent_information,20270232,0.00023657697534168421,0.02203133714465752,-0.01553278811537678,0.12961253757307264,0.03197439310965059,0.26823508804763857,0.22095524275996672,0.0743696690390987,-0.07099207811584554,2.939084571022648,0.38101219542415293,0.8474613788575666,0.4990475025727793,0.5260747497474594,7.10319274923784,8368.689818072331,0.0132,0.053397817525532694,0.40552422686305956,0.0,0.0188,0.0,0.18698228438413,0.0,2.1674416281960227e-15,4.100994291630658e-15,0.05278773975409167,0.000629207327861524,1.0
no_agent_information,20270233,0.0004934868262140828,0.022158709621203365,-0.01835445485153994,0.16349106754405665,0.03307103668308619,0.1883625365215939,0.22159030268734647,0.09613349893467245,-0.06609356921597938,2.155285794668014,0.3501750205479416,0.8822026713735908,0.4506382345979875,0.5571636683817306,7.162531332731071,3857.8052692956066,0.01,0.2208206954195037,0.3633374500209702,0.0,0.016,0.0,0.17687939309636724,0.0,2.4383718317205256e-15,3.042673184113069e-15,-0.0651150193827229,-0.05194440110323053,1.0
no_agent_information,20270234,0.000469525143808859,0.022136502407255117,0.03323151534903762,0.10453469978696481,0.034249443867297155,0.19289834965760191,0.16946614874757399,0.054896238356091656,-0.05021282526102985,2.9489418267917253,0.31370456830760474,0.8775180401468503,0.4976166433821924,0.5428237590111152,7.116509331602892,3506.605321999547,0.0124,0.05375732194087347,0.5111239140367726,0.0,0.0136,0.0,0.19084788885951687,0.0,2.7093020352450286e-15,1.7197717997160825e-15,-0.1477998198722524,0.03175834957636097,1.0
no_agent_information,20270235,0.0004309011913024182,0.022536139546123105,-0.0030927977774548162,0.15505440825067496,0.03448304217364879,0.21905495931169455,0.2256183374305551,0.039290458238148224,-0.0826197248442811,2.043559550252094,0.27893776448329405,0.8870614824662987,0.4431979749838227,0.5616174470839324,7.254401895755233,4795.9548123417635,0.0112,0.1724378448802049,0.42116030965438045,0.0,0.0212,0.0,0.181946839026629,0.0,4.605813459916548e-15,1.4551915228366853e-15,-0.0471251970243224,0.013612790728530597,1.0
no_agent_information,20270236,0.0004094028948016504,0.022508400026299235,-0.07582338936645618,0.12110503792504948,0.025173926224138204,0.23850286173042057,0.25657357685307536,0.08454850891959685,-0.0935346374703412,2.3367157086555572,0.31523278193875337,0.9122771244826211,0.4745279887939169,0.5363706372031316,7.2313533014102545,3448.4451792147993,0.0108,0.08955366855627794,0.3250363729973498,0.0,0.0168,0.0,0.17985246188167592,0.0,3.1156973405317828e-15,9.260309690778906e-16,-0.015501370015562498,0.004045170458275787,1.0
no_agent_information,20270237,0.00032130853385215445,0.021687846866279375,0.012873562785773056,0.12335406115518587,0.03221388154155154,0.21104328187304316,0.2077562316152217,0.07920766593565276,-0.034134610854471135,1.117740217711769,0.3034538555015676,0.8575303197942451,0.4769246536391352,0.5439892153022707,7.189533346017333,11464.609628086424,0.0088,0.07047583731256662,0.46963369023172663,0.2056,0.0144,0.0,0.20182306186033339,0.0,2.4383718317205256e-15,3.042673184113069e-15,-0.053697832970873376,0.04973797159394861,1.0
no_agent_information,20270238,4.008654657919415e-05,0.022412621070441608,-0.0028438210223354745,0.17030888849832476,0.029400902626459134,0.2336669290546518,0.24314651369349102,0.09098357840986579,-0.04630573688526831,2.493361994527757,0.38229300562750057,0.8308317482738877,0.47014112247367773,0.5552810173247771,7.116037552441948,10136.446729679543,0.012,0.0568394677474761,0.43618474991352363,0.0852,0.018,0.0,0.22217848781309435,0.0,2.1674416281960227e-15,3.7041238763115625e-15,-0.03922098751377718,-0.011282621093362573,1.0
no_agent_information,20270239,-5.379927602900807e-05,0.02248356821528742,-0.011425478107500529,0.14637012105158606,0.03150233104755502,0.23556131069854497,0.2278242852775604,0.07445386544247054,-0.04472256025367819,2.742975705237301,0.3938810421972687,0.8167178213538607,0.4486061178178896,0.5400830382404388,7.1275102768290575,9494.327323695567,0.0124,0.024290629314797654,0.500454517951723,0.0008,0.018,0.0,0.2140310584867262,0.0,3.251162442294034e-15,3.042673184113069e-15,0.07959239806174682,0.014567466289775947,1.0
no_agent_information,20270240,0.0007059892176478947,0.02142012080134641,0.028355180274274083,0.14200848704857655,0.030916381202718512,0.19874540844980737,0.19142162733297438,0.0624212426004676,-0.03613297126013846,1.2071483254453739,0.22192196251676768,0.9363020045169894,0.45878868301825954,0.572569708227665,7.161968029561931,3406.518616211021,0.0088,0.17402201883745894,0.3635660940094326,0.0,0.0104,0.0,0.1819994199082724,0.0,1.2191859158602628e-15,1.3229013843969864e-15,-0.10290154417638689,0.014779680459422826,1.0
no_agent_information,20270241,0.00048416833207213833,0.021088554177409558,0.010509320977449395,0.12185943991648378,0.023299135052164695,0.2171085563457722,0.1928184778967707,0.05335074587919751,-0.0168724910614934,1.9179982517578704,0.33014288865835234,0.8666137108188987,0.46892636719053454,0.5404254843846302,7.058284849002975,5588.739504759303,0.012,0.07754622999145404,0.32519517755395433,0.2584,0.0148,0.0,0.17007309409093874,0.0,5.0122087652033025e-15,4.233284430070357e-15,-0.11734786857652885,0.017803397848252286,1.0
no_agent_information,20270242,0.0004787760618560615,0.02273900948294383,0.02611472947280419,0.1764644243640057,0.033166171793887804,0.19533990288461525,0.20809993812781016,0.09216278601128863,-0.025763119083565583,2.69534175384664,0.3098595546872261,0.8847644488469577,0.4862879904295735,0.5600506509702767,7.282621247016048,5858.855136281657,0.012,0.03411855741602098,0.3099569780812481,0.0,0.0184,0.0,0.18836319422412684,0.0,3.251162442294034e-15,1.3229013843969864e-15,0.14720278059374992,0.01944910636142279,1.0
no_agent_information,20270243,0.00029022831515860794,0.022384892675971955,0.035430902520413324,0.13342335633258962,0.03596547771856738,0.19723407646589144,0.19532615671213818,0.04089253587898738,-0.03342187435595152,2.119884389669335,0.253249152697872,0.8772094128927445,0.4911013266033931,0.5488935695280083,7.200118746705997,5099.025524269845,0.0092,0.030237640827633448,0.5118080582984517,0.002,0.016,0.0,0.21085194766163706,0.0,2.1674416281960227e-15,2.3812224919145757e-15,0.25542707038564966,0.0027981408843053626,1.0
no_agent_information,20270244,0.00029497719641518466,0.02242675583340701,0.008593744394459564,0.17901183317981115,0.04168260700760174,0.18745816379945124,0.2559754266598811,0.08031336990594974,-0.03365652329249912,3.2673056619441097,0.34261410601020686,0.8747363876659869,0.4620555501465029,0.5505646123141877,7.108472161308256,7258.769415749004,0.0136,0.13078148872151873,0.4018809396456293,0.0,0.0168,0.0,0.19333645692601653,0.0,1.7610463229092685e-15,1.4551915228366853e-15,0.1300497365458651,-0.00504608778401339,1.0
no_agent_information,20270245,0.0003855367088557358,0.022048014609538882,0.007025899699456822,0.15657339434748418,0.040804633102891084,0.25060375873941176,0.2328652452859016,0.0645567120113249,-0.009816268120299726,2.646339221329616,0.30952375721134645,0.8629113184497808,0.5007635327316499,0.5369105504056485,7.144115239405901,4387.395254730077,0.014,0.0692955825325577,0.37046413679680323,0.0,0.0148,0.0,0.20414025341488196,0.0,4.470348358154297e-15,2.5135126303542743e-15,-0.050454800880177446,-0.011109515524383867,1.0
no_agent_information,20270246,0.0006060533747357866,0.022641887476461234,-0.006899384072231094,0.1283184062922998,0.04518884081079003,0.1942422022247652,0.2074253664479924,0.055042178642907925,-0.05031887916975915,2.642067888648314,0.23301216791717735,0.9166402705785726,0.4545833845391862,0.5662355901634376,7.202474872603274,4404.509893491788,0.0124,0.14134770959774282,0.2657122083898855,0.0,0.0172,0.0,0.18565777946200557,0.0,2.1674416281960227e-15,4.233284430070357e-15,0.17197399480252418,-0.026692444243902796,1.0
no_agent_information,20270247,0.0006228859782890811,0.022455547408967748,0.020503377898547785,0.17514430230952707,0.033407435733744044,0.21958198354933944,0.24275665073948732,0.08563432476049145,-0.06391372540553382,2.216792139977973,0.27164075629554524,0.9158129521094481,0.44575914842682623,0.5696988192104625,7.164711885307238,3032.35284263702,0.0128,0.1900349830464048,0.26233675257608,0.0,0.0144,0.0,0.18412211706331072,0.0,2.0319765264337714e-15,1.8520619381557813e-15,-0.06920498064110817,0.025078166281633743,1.0
no_agent_information,20270248,0.0003686404237083341,0.02250879670482804,-0.03038306025119319,0.12208640385182376,0.037236708590141596,0.23892558998875907,0.26246310523240035,0.0830290497606083,-0.07652725281086736,2.8132492419621906,0.32349267110014057,0.8721185889195249,0.4827682648423533,0.5495925961954107,7.228225131395894,8142.1635199596985,0.0144,0.15051883056022905,0.32889744087505146,0.0,0.0176,0.0,0.18395173252178498,0.0,3.928487951105291e-15,3.1749633225527677e-15,0.11755979055939444,-0.0067100359329259176,1.0
no_agent_information,20270249,0.0006395285050884997,0.022079760018089582,0.010343784963838197,0.15905959841248665,0.03484754800083208,0.19038805442818008,0.1760708200843855,0.08452061968561987,-0.00292273400152409,2.387403440683202,0.28366827567484504,0.8743868457337486,0.46559427480961146,0.552392086252496,7.195100299154985,8175.799470799711,0.0128,0.030064063012615428,0.37867288064598736,0.0028,0.0152,0.0,0.18097910328784073,0.0,3.251162442294034e-15,1.7197717997160825e-15,0.08854856123064495,0.03741506025018406,1.0
no_agent_information,20270250,0.0005974293171515765,0.021999655154175957,-0.005645588537449296,0.12406980951353523,0.03174109858977332,0.20469536519561535,0.20572123006096563,0.04831526078770908,-0.06092215724004457,1.5363727118578012,0.2172354991708023,0.9034709710805581,0.44406005294877354,0.5690589128364116,7.176301851857734,3054.7029729028823,0.0092,0.11017515900368875,0.36768376120894486,0.0,0.016,0.0,0.16732992346431153,0.0,9.482557123357599e-16,2.645802768793973e-15,-0.05719500933706221,0.013502241438009911,1.0
no_information_channels,20270201,2.0077513554447534e-05,0.017856433390053612,-0.04591313368599192,0.15722244936183402,0.04785291506726426,0.5484687889620347,0.5475859826623999,0.2968562117316282,-0.07260488281412425,17.186666779577955,0.7300685906102847,0.9686472653166064,0.8740677780155366,0.31241907033465294,6.6616566548811385,13046.492764783748,0.0312,0.6573665241782457,0.2758736812826066,0.0,0.0164,0.0,0.12927422254270127,0.0,3.251162442294034e-15,1.1906112459572878e-15,-0.4116898659611618,-0.0020627442552451428,1.0
no_information_channels,20270202,-3.7696803368195475e-06,0.019598797008658447,-0.05900144446455895,0.1618297073732829,0.049685745642157234,0.6231683253877808,0.6044086975683929,0.3494637449219109,-0.08345131616857993,13.803147513419411,0.7613963434053717,0.9719102354519118,0.8732854432945305,0.30142570274502084,6.822893068752611,14532.217290584718,0.034,1.0913137762118796,0.2835236594823275,0.0,0.022,0.0,0.12177509714564727,0.0,1.8965114246715198e-15,1.1906112459572878e-15,0.12233216227155856,0.021950521957555532,1.0
no_information_channels,20270203,1.2290477541262845e-05,0.018986628265622578,0.09981134067122727,0.1949074090077817,0.06444496338681156,0.5871362815971579,0.571129521341603,0.3587538176538738,-0.08812389797291267,13.162998361912123,0.7458978885145237,0.9666425515069471,0.8852696403172767,0.301956964349738,6.874120903004066,13772.914774948502,0.0324,1.8268980280616638,0.3117167975295987,0.0,0.0228,0.0,0.13708037423302177,0.0,3.1156973405317828e-15,1.7197717997160825e-15,0.24312389663220196,0.015883195122991627,1.0
no_information_channels,20270204,9.073523491874269e-06,0.0189433073860666,-0.08672864396547483,0.21670188522206932,0.039201984143814636,0.567598375229498,0.5452353117205685,0.34790481080198254,-0.0621669223221566,13.00702358066264,0.7350692542227741,0.9722957481192909,0.874225463707708,0.30657837708144603,6.8981576123814765,13444.29467912894,0.0308,0.7467947667972666,0.23858080786962044,0.0,0.0224,0.0,0.11793998808631834,0.0,2.980232238769531e-15,3.042673184113069e-15,0.3593889067503033,0.012060384424065755,1.0
no_information_channels,20270205,-1.5787217909967665e-05,0.01890512229306337,0.04238602749598202,0.265017542039617,0.05678596307180737,0.5517691080254797,0.5651541160532968,0.35270691325847475,-0.09279971466249481,14.811923343345178,0.742914642112776,0.9703634054627365,0.8787312737763545,0.3113140334941258,6.803891190216907,14644.216689485413,0.032,0.8975408890584425,0.2970787111127031,0.0,0.02,0.0,0.11683934949054908,0.0,2.0319765264337714e-15,4.630154845389453e-15,0.22643203029625505,-0.03680029280286254,1.0
no_information_channels,20270206,7.871622854360396e-05,0.019163318733086524,0.039911611526687894,0.19745077417713644,0.04762881848038879,0.5507672984426671,0.5437493846193691,0.33522643384089734,-0.05092568779824306,13.365484925683191,0.7363047974970642,0.9723210350670677,0.8836327314805679,0.3162730789817406,6.8262795771226905,12794.323709854623,0.0332,0.7793575290684903,0.25745301243755736,1.0,0.0236,0.0,0.12642206314445437,0.0,1.8965114246715198e-15,3.439543599432165e-15,-0.05499571780673857,0.04910429308712732,1.0
no_information_channels,20270207,-1.9597255403463975e-05,0.01834277033881088,-0.0218099411332828,0.15719658791556812,0.03751461821927848,0.5468381163390874,0.578960277563393,0.3370358627795747,-0.040618563871876165,11.240255210789046,0.7377792776189691,0.9657828985507166,0.8734506097508715,0.3198165861648585,6.819426611294687,13450.86626160706,0.034,1.7453077086279896,0.25563481284765244,0.0,0.0224,0.0,0.13072090485000842,0.0,3.3866275440562853e-15,2.778092907233672e-15,0.1594053847137044,0.04009569474652588,1.0
no_information_channels,20270208,-2.7492150910291003e-08,0.01730135963662329,-0.044754002591005516,0.13691517777710133,0.05175554813830343,0.5276932146555778,0.543353842265845,0.32908986723607475,-0.04197104337775321,15.88234922157364,0.7294889373275506,0.9716267754805282,0.8723852454760889,0.30932613488177113,6.640150964155328,13581.23202140895,0.0284,1.0354761131389787,0.2886274185103781,0.0,0.0156,0.0,0.12033428760108134,0.0,1.625581221147017e-15,4.89473512226885e-15,0.22852250273589175,0.06682974256190002,1.0
no_information_channels,20270209,9.67845359363686e-06,0.018434527661930947,-0.009286570761678764,0.24355539891554884,0.04409093015152151,0.5258103956112224,0.5561631960857288,0.2927253139593628,-0.08298334708932342,18.051134141444635,0.7288504602204083,0.971481347853711,0.8889992245377482,0.29130651181488315,6.722375939047705,13627.57960218166,0.0308,1.4214418486545815,0.24383540909033286,0.0,0.02,0.0,0.09475432584482202,0.0,3.657557747580788e-15,2.645802768793973e-15,0.06708631903295449,-0.05631440840632798,1.0
no_information_channels,20270210,-5.271409633272661e-05,0.019144036907281815,-0.08236904580603016,0.1995302432468925,0.0490104655376258,0.5672578612850209,0.5854965938950328,0.330345866142047,-0.05380126379742743,12.251933134352262,0.7599586941465919,0.9710420343332572,0.8749878290346379,0.30372257527307295,6.819537510177568,13546.576944858045,0.034,1.323261419111581,0.24813654599974277,0.0,0.02,0.0,0.11296333612315768,0.0,1.3546510176225143e-15,5.820766091346741e-15,0.1708318344464618,-0.03621750041311507,1.0
no_information_channels,20270211,4.585020028541997e-05,0.017959614493282323,-0.05769359587710523,0.14510089476057722,0.03913145541707617,0.604571011492115,0.5554987902362798,0.30370244907611077,-0.09206623995329466,13.961292127194948,0.7399280154388559,0.9675331273373388,0.8709053179740731,0.30553234476632274,6.585632001217247,13766.151708254403,0.0344,0.9248528616844834,0.2521437508078509,0.0,0.0204,0.0,0.1120412511157074,0.0,2.4383718317205256e-15,2.248932353474877e-15,0.08266612662142227,0.014885807250487897,1.0
no_information_channels,20270212,-5.378979400441004e-05,0.018595867146180934,0.01665174601768874,0.2120777355884228,0.07711630384414572,0.5369362507618098,0.5445266990769583,0.35347733333641496,-0.04505748706071795,20.140872018676788,0.7398777568627947,0.9683073859513296,0.8834318551798742,0.29395779996550436,6.707095084790046,13322.651223391073,0.032,1.0447207962778757,0.2738354495972365,0.0,0.02,0.0,0.10600419769606173,0.0,5.283138968727805e-15,3.5718337378718635e-15,0.25707212880402536,-0.03648021047935542,1.0
no_information_channels,20270213,6.542164038892508e-05,0.01893894109106945,0.05931515890406802,0.2545197255091222,0.07245218193899708,0.5255262596451512,0.5516059152104739,0.36051383378603313,-0.02342180954786529,12.286777355796634,0.7131444932101391,0.9649329962173199,0.862303492852334,0.33774301263495593,6.898954164276024,14459.18320961366,0.028,0.21269901626872284,0.2443515046805631,0.2944,0.0208,0.0,0.11928052677984513,0.0,3.1156973405317828e-15,4.365574568510055e-15,-0.15626474354148853,0.025439815861064027,1.0
no_information_channels,20270214,6.701512119075658e-07,0.017752764726106308,-0.025472895203837467,0.16852620221480075,0.05114711835368228,0.5842326425787249,0.5520404375472445,0.3858930224333367,-0.017791668784639416,12.018242535545305,0.7365967801483351,0.9697864336665767,0.8768871753007182,0.306798876089173,6.763903740837101,13891.689698897082,0.0332,0.2290714062355054,0.271000763360161,0.0964,0.0196,0.0,0.1003526563438708,0.0,1.7610463229092685e-15,3.3072534609924663e-15,-0.1946152131422674,0.024425490533215573,1.0
no_information_channels,20270215,-2.6224103189369076e-05,0.018956574322621128,-0.04234874559501142,0.18690854877892804,0.053833059571111064,0.603896940930612,0.6026361088242618,0.3818955945920848,-0.05722970799617909,11.94183416810857,0.7476311517246292,0.9675853670703219,0.8784199156247751,0.31175280437566216,6.8877364999005515,14577.063328341173,0.0336,1.2532445889987798,0.257492686989403,0.0,0.022,0.0,0.11542553949129641,0.0,1.625581221147017e-15,3.042673184113069e-15,-0.13242555099472925,0.03729768245844079,1.0
no_information_channels,20270216,5.119763857189241e-06,0.017103693801192726,-0.024003974992736335,0.13181178138862568,0.045513593904004265,0.602294323659194,0.5612443787450933,0.3867937271812539,-0.024563720596690663,12.619031394599165,0.7354585926994192,0.9690405846464031,0.8786947513543681,0.3089238505641638,6.775041351949988,15079.974319623572,0.0332,2.068525554574707,0.270810974191221,0.0,0.0188,0.0,0.10832900460731687,0.0,2.7093020352450286e-15,2.1166422150351785e-15,0.21762129538848204,-0.022481946104771527,1.0
no_information_channels,20270217,7.019580609254738e-05,0.019013769514286388,0.033477225790042024,0.19449322435850674,0.04882323744446076,0.5580386627034478,0.5603002455604823,0.3512670237447989,-0.06313120214130137,11.801439060148951,0.7232757457448922,0.9692568838423249,0.8715383854554615,0.3243985533859646,6.96468031283081,12445.6371823031,0.0312,0.7720657247495945,0.23268806375092788,0.0,0.0188,0.0,0.1313233739353603,0.0,2.84476713700728e-15,1.8520619381557813e-15,0.381041927389462,0.03273739233622834,1.0
no_information_channels,20270218,2.639781080326529e-05,0.01944310193372806,-0.02512215344097496,0.1816063792399553,0.05592628232125198,0.5235063726380915,0.5743165675100398,0.3226373197393489,-0.07420757176498739,14.262985007911212,0.737652558485753,0.9669757380772078,0.8675587702812781,0.3211430415498121,6.950776212654519,13645.224805251974,0.03,0.46922812133715497,0.27168353491980735,0.0,0.02,0.0,0.11588568501895002,0.0,1.8965114246715198e-15,1.4551915228366853e-15,0.21138853109326866,0.032248256367229264,1.0
no_information_channels,20270219,2.6883875823111934e-05,0.018484872845153703,-0.011566216051762068,0.2761430659368157,0.03836643945990036,0.6005402731300241,0.551067180480238,0.33211512532700393,-0.09833696033672015,13.103550038641632,0.75015417366282,0.9707645467607752,0.8858653844492065,0.2974105995600515,6.78839958238159,15128.148864306715,0.0336,0.6313269667207653,0.297727624485122,0.0004,0.0204,0.0,0.10963343954475846,0.0,3.7930228493430395e-15,3.1749633225527677e-15,0.11155947580861182,-0.008860466470129969,1.0
no_information_channels,20270220,-3.633363442276405e-06,0.018778442845483988,-0.0014986788045178924,0.27410983408435047,0.049712832549416,0.5427058903294044,0.5665759169002539,0.3270888017424421,-0.06794999521865427,16.355175977177637,0.7527668653451061,0.9752605627091675,0.884515129130211,0.2857863630525005,6.701349738995171,13958.747353887898,0.0332,0.7271817097452287,0.2803212088619096,0.0,0.0208,0.0,0.11632699221802789,0.0,1.4901161193847656e-15,3.042673184113069e-15,-0.8313436341303102,0.055146876261899604,1.0
no_information_channels,20270221,6.522677245838011e-05,0.018384488800305663,0.009249752916268629,0.23800920479262375,0.060207205275474594,0.5763829479496552,0.5953845554420848,0.33458587714062715,-0.0944259381600249,13.424215619311084,0.7520498489857649,0.9723997356690525,0.8633538406040782,0.31177956293314063,6.799562812093818,12284.115359543031,0.032,0.9423257866173257,0.2289318714570736,0.0,0.0204,0.0,0.10189286298359557,0.0,2.7093020352450286e-15,7.80511816794222e-15,0.30293052091573686,-0.006866978982676702,1.0
no_information_channels,20270222,4.6148348295318444e-07,0.019429989197933276,0.018763269501440038,0.24964759236197034,0.04801280104150117,0.5437050040247928,0.553075827669693,0.3901406970338683,-0.009625305870263619,14.152890299769734,0.7484123077220238,0.9734189587312342,0.8789781455237248,0.3061741189810146,6.916637404151444,14048.097984555003,0.0292,0.3720825638259128,0.28647251947552776,0.0,0.02,0.0,0.1248929362700879,0.0,3.7930228493430395e-15,2.3812224919145757e-15,0.19621452997033506,-0.028962871723134852,1.0
no_information_channels,20270223,1.9266181885729237e-05,0.020664078302027062,-0.003001722325432025,0.1778866778070052,0.04787866426103883,0.5839386066127564,0.6053573114052181,0.37885303422446565,-0.047442227513356194,12.579439543909945,0.7272127229098346,0.965464905990609,0.8704005001352485,0.3159344501951361,6.906889701851421,13651.386185360247,0.036,1.3102603292456285,0.28392141552288563,0.0,0.0236,0.0,0.1475988171304814,0.0,5.0122087652033025e-15,2.9103830456733705e-15,-0.004343937136250838,0.008621688584977789,1.0
no_information_channels,20270224,4.173406414699308e-05,0.020256704632179955,0.014341808182476191,0.18381923172482686,0.04348086118920019,0.5519679555540506,0.5719452632093895,0.3358396320121448,-0.04655290886551327,11.006374055738366,0.7283576367162802,0.9702730811460447,0.8663322668688288,0.32826815546401794,7.0203005767889675,12240.85436282355,0.0352,1.0690571729654894,0.24560181740715747,0.0,0.0252,0.0,0.12714641278002703,0.0,1.7610463229092685e-15,3.439543599432165e-15,-0.06133649433983019,0.02432832525848199,1.0
no_information_channels,20270225,7.21081616126007e-06,0.018405139687102952,0.033783234381631534,0.1760718095279552,0.05336144503178578,0.5571631128970049,0.6070532204148661,0.363426643717201,-0.04886863580265427,12.494420994977181,0.7314479449028234,0.9675941258199506,0.8677723700928929,0.3197412113748239,6.858214625203934,13908.179704835391,0.0328,0.8500438453237043,0.227827608299628,0.0,0.0216,0.0,0.12055423991319025,0.0,4.605813459916548e-15,2.1166422150351785e-15,-0.5619280058403083,-0.003240705043002666,1.0
no_information_channels,20270226,4.530514832583421e-05,0.01807773787572318,-0.0008324112898097474,0.20073624813279292,0.05966147490116621,0.5715635866227272,0.5538402757848473,0.3218248267146805,-0.06287278137076228,14.993734460767776,0.7306821512661852,0.9684702400753723,0.8765798339082175,0.3045113212961958,6.695641800887457,13624.607946712964,0.0348,1.5055472764796802,0.2516314942701112,0.0,0.0196,0.0,0.11647877430544762,0.0,2.84476713700728e-15,1.7197717997160825e-15,-0.1602413901717113,-0.03647580877231133,1.0
no_information_channels,20270227,-2.6310913999375175e-05,0.018773000137514755,-0.041213228048593765,0.24935871243979657,0.05180689757692418,0.5607447185484801,0.5831082544551515,0.31924045565933995,-0.0930277117337806,17.434897633778405,0.7319905881745865,0.9674412378096624,0.8757911830261231,0.30103048463484655,6.801324829572224,14769.184167466576,0.0332,1.1053043727276586,0.2772458525153504,0.0,0.02,0.0,0.11283360535899689,0.0,1.625581221147017e-15,2.1166422150351785e-15,-0.5188917425281018,-0.019696274592827183,1.0
no_information_channels,20270228,-3.559364153942113e-06,0.018905454448272768,-0.0483547367440086,0.16810846530029927,0.046822089464710656,0.5593178201971959,0.5650030075968082,0.2869594658175778,-0.09450409465923183,15.114674482915948,0.739704840847281,0.9739090141034343,0.8828795159344307,0.2966180124627035,6.70336338941476,14646.392314527155,0.0328,1.1430807851269826,0.2711400258909642,0.0,0.0204,0.0,0.12019513338599896,0.0,2.7093020352450286e-15,5.556185814467344e-15,-0.2975386736747166,9.497434521863536e-05,1.0
no_information_channels,20270229,9.548478050622223e-06,0.017835470678061217,0.029320766012226458,0.2597411292380187,0.05015686210455168,0.5574827766062793,0.5470535655826625,0.27787298857117004,-0.09340248497377339,14.883701548878204,0.7384918219192208,0.9671584440841302,0.8596946306604394,0.326875456327548,6.673037041647129,13594.083353201759,0.0292,0.6575139637580926,0.2617410667294967,0.0,0.016,0.0,0.10724005231901534,0.0,1.4901161193847656e-15,2.1166422150351785e-15,-0.29774199358618364,0.014013935992965855,1.0
no_information_channels,20270230,-1.637382816367534e-05,0.018753173354376287,-0.019402849298467396,0.2117251585018086,0.05155816790353468,0.5846768452522637,0.5349003860488174,0.2681092854550567,-0.09881340112105842,22.174711055337657,0.7397343005479222,0.970563827877793,0.8853794638315238,0.2877700708715335,6.619907658489981,14978.757864428977,0.028,0.6990954742600048,0.318490858828809,0.052,0.02,0.0,0.11900539714189806,0.0,3.522092645818537e-15,5.291605537587946e-15,-0.5012310975034336,-0.03948053551678279,1.0
no_information_channels,20270231,2.7313357290388042e-05,0.01962904386321853,0.05374796649326917,0.22993096196848117,0.055730787906775645,0.5910376957887891,0.548304382754904,0.3818204817712685,-0.06631525025100053,10.853423646142145,0.7518802350347152,0.9701772922516596,0.8746790065437954,0.31102903638017537,7.05238861829822,14613.959528056019,0.0316,1.0284420918503903,0.31060330630839705,0.0,0.0252,0.0,0.12457447246333331,0.0,1.8965114246715198e-15,2.9103830456733705e-15,-0.38812608461456966,0.007468274923861509,1.0
no_information_channels,20270232,-2.0286376373524817e-05,0.01772074794661744,0.014864074507305376,0.19344174745332124,0.04727477319839059,0.5677583044879339,0.5375435680366588,0.28505411802778186,-0.08370167178406251,16.52552856444256,0.7165292739653244,0.9638674626520318,0.8613735215005942,0.32178889022625323,6.608623064191821,14999.847934902122,0.03,0.6049390989265816,0.2674527034585267,0.0,0.0164,0.0,0.12371183253119677,0.0,2.84476713700728e-15,3.96870415319096e-15,-0.3763804751976832,0.02239223954529186,1.0
no_information_channels,20270233,3.7856108754522564e-05,0.018264649985993107,-0.04267338474413277,0.14730504482136472,0.05720514515742446,0.577145325824841,0.5305829175898372,0.3533245900818384,-0.09311994239302455,12.694867918161625,0.7553046636166076,0.9683991394396747,0.8553148073433446,0.32020298846078715,6.784269038071983,14493.4649618563,0.0344,1.5603517472526338,0.2737429256480156,0.0,0.0176,0.0,0.10668890476640569,0.0,1.625581221147017e-15,2.778092907233672e-15,0.1670113660362375,-0.025640039767228423,1.0
no_information_channels,20270234,1.4159333472920111e-05,0.018595894547910073,0.00805073762482062,0.18019559307736174,0.047302749132278714,0.4999913360538763,0.507721646209038,0.3317704207414372,-0.04765469330977069,18.014140589069722,0.7233745037468243,0.9688554566271751,0.8854307882230708,0.30237669215801,6.70682761880389,13905.93095109622,0.0312,1.422877357015716,0.26945317130031765,0.0,0.0188,0.0,0.11995304929847705,0.0,3.1156973405317828e-15,2.645802768793973e-15,-0.5999258502294419,-0.027217223190462284,1.0
no_information_channels,20270235,2.0093163956382297e-05,0.018358750396107775,-0.02114091690937355,0.1414932490830196,0.05556700835480408,0.5551346182281965,0.535251813587428,0.284213914103873,-0.07619573628147056,15.135933952667465,0.7359278210024145,0.9694189875963036,0.8667902614702705,0.3061017145540721,6.693724816467924,14334.341430977393,0.0336,1.2487159761029165,0.2493319376747638,0.0,0.0208,0.0,0.1097786040860973,0.0,1.625581221147017e-15,1.7197717997160825e-15,-0.32134001453978783,-0.003100452391023786,1.0
no_information_channels,20270236,7.233438225964761e-06,0.01669617129312908,-0.023607334301246174,0.23815887964269972,0.04671594847811934,0.5757401504401892,0.5167763874244802,0.3210753950512674,-0.07762336932155663,16.683235915702575,0.7224566957623613,0.9703291307647819,0.8656655360759142,0.30584065994526816,6.574937713613571,14117.557287185615,0.0292,1.5120766059683906,0.2576394602573059,0.0,0.016,0.0,0.11341682264437325,0.0,1.625581221147017e-15,1.4551915228366853e-15,0.013109699387459534,0.042044148473609794,1.0
no_information_channels,20270237,-3.604085036449334e-06,0.01995361693500359,-0.034697921927310214,0.17867895659757624,0.04695168490786599,0.5706934740186398,0.5525169219243417,0.3557385326148244,-0.04751988468943384,9.605568195092287,0.7375022378966999,0.9641655139396953,0.8609883836859455,0.3331874911518253,7.092250750228731,13598.846340771237,0.0304,0.30107004445869695,0.2695274250561004,0.384,0.0264,0.0,0.13819256786431988,0.0,1.625581221147017e-15,5.291605537587946e-15,-0.04352086897704431,0.01107103608468467,1.0
no_information_channels,20270238,8.883289459572908e-06,0.017423796402381127,0.05103160741909977,0.17065802568808427,0.051002766496638485,0.49530875931843565,0.47963022661449933,0.3037987648999724,-0.08047625552316638,15.83202097157048,0.7072605885213883,0.9702450211423593,0.8886976665728872,0.3066964943583393,6.777492733679882,12921.755162967316,0.0304,0.19578163264438475,0.24515283879817662,0.0412,0.016,0.0,0.11691936829327298,0.0,4.063953052867543e-15,2.9103830456733705e-15,-0.6406011732102145,0.037952526465870697,1.0
no_information_channels,20270239,4.911616875054925e-05,0.016447004385079293,-0.03373219099857353,0.14729924636820477,0.04694602493089689,0.53401890139982,0.597521056303295,0.29856691324325935,-0.08669304101839075,17.15749983299219,0.7331092587378578,0.9721579508467322,0.8773624250975308,0.29404004951096213,6.452003274901783,12404.490021310843,0.0336,0.2285671813814587,0.24728869375844975,0.0008,0.0172,0.0,0.11158776956826921,0.0,2.302906729958274e-15,2.1166422150351785e-15,0.16553029515117768,0.06619134699154514,1.0
no_information_channels,20270240,1.1071630019130652e-05,0.017807160076165503,0.06513279524604634,0.2593995393658192,0.0609447707213289,0.5901216228259738,0.5728937327360912,0.3152043842365098,-0.0662489044148738,15.071573404334032,0.7430904316355966,0.9695717338551366,0.8849211872759013,0.2915899033759806,6.644122344362035,14414.06350831263,0.0324,1.7103330812855704,0.25572662536273394,0.0,0.02,0.0,0.09676408105321288,0.0,4.199418154629794e-15,1.98435207659548e-15,-0.01890286950910313,-0.0019213375523443247,1.0
no_information_channels,20270241,8.684102538427397e-06,0.01791957335071572,0.020561962211938522,0.18313650193626793,0.05217396021742053,0.5271683028509392,0.5347890091384809,0.33118806260785416,-0.0922152113753249,13.11667873455783,0.7380421253261565,0.9686845340776079,0.8777798258998291,0.3103978660157681,6.750328473708441,12977.913891757267,0.0344,0.7442012559212215,0.2596228177409813,0.0,0.0196,0.0,0.11133931809668596,0.0,2.1674416281960227e-15,3.439543599432165e-15,-0.24811519511536972,-0.02039594870700283,1.0
no_information_channels,20270242,7.017009634095927e-06,0.01855453383044149,0.03490230224587713,0.23488845224108768,0.065184406864751,0.5809908455321705,0.5890351712605427,0.36387762398524415,-0.06759617925958258,12.128510266302811,0.7424569948266891,0.9693746667723468,0.8779230438867368,0.31317628211398685,6.798606852987479,13046.815342978274,0.034,0.8315259532383829,0.25020251752356726,0.0,0.0212,0.0,0.11467797428024862,0.0,3.7930228493430395e-15,2.645802768793973e-15,-0.08564589482458575,-0.04339829233112469,1.0
no_information_channels,20270243,5.1627792824795546e-05,0.01845311923203993,0.10264378945087123,0.18198760678715148,0.06184279841430412,0.5806978086762482,0.5321152753472848,0.33391254493287026,-0.08427623432072147,11.376284265360189,0.7343168202169672,0.9666470856344224,0.864430966375914,0.33540590176470436,6.87164403411901,12785.128401571932,0.0304,0.945466521260831,0.2716651688431939,0.0,0.018,0.0,0.127872277440243,0.0,3.1156973405317828e-15,3.96870415319096e-15,0.41080675916211684,-0.006084386634403974,1.0
no_information_channels,20270244,-7.046051855056134e-06,0.017663303468235803,-0.06945975998661275,0.14669394518471895,0.049369284212699226,0.5979853134613048,0.6034210846279294,0.34738256682000224,-0.04422851311636607,12.396661332428694,0.7537277612872114,0.9700075752597921,0.8704561913078216,0.3016825260974603,6.663724331308547,14738.834484771067,0.034,0.8370311011411213,0.2516681477049878,0.0,0.022,0.0,0.1002025108822604,0.0,1.4901161193847656e-15,2.778092907233672e-15,-0.42264939773651206,-0.03671179119194403,1.0
no_information_channels,20270245,-2.1726614263674192e-05,0.018506030660802503,-0.02308320955421065,0.21289157863710284,0.06779806287645998,0.5697656702601717,0.5304689601853116,0.35083502615999396,-0.0770128448773633,14.917890761099812,0.7219131435098869,0.9684233739303473,0.8569193106910638,0.3161308529078845,6.744761472269542,13078.105199334388,0.0336,1.1499069891898241,0.24725637198512074,0.0,0.0196,0.0,0.11723297623315077,0.0,2.980232238769531e-15,3.042673184113069e-15,-0.5036099098530857,-0.031556251046967854,1.0
no_information_channels,20270246,2.885192139645163e-05,0.01874546200728272,0.040664011970937865,0.20213573578932842,0.07018834606653244,0.566002668974945,0.5799876321379627,0.3166049051320046,-0.05289260446553314,14.305946343326841,0.7433582300518249,0.9716663288787143,0.8880454790408856,0.3004575549969718,6.776119203090362,13969.239505043379,0.0344,1.3555275155026412,0.3181495082322128,0.0,0.0212,0.0,0.11215757113417646,0.0,3.1156973405317828e-15,3.439543599432165e-15,0.40346730320451996,-0.03443996515534991,1.0
no_information_channels,20270247,2.830629255608592e-05,0.01838859004104725,0.029021018463974462,0.17458670010258978,0.06201170222115578,0.6239023711760006,0.603645252451682,0.3257553443552827,-0.043240503733220886,14.739454861705926,0.7482881341612342,0.9733804287644064,0.872646177647028,0.3033273169376452,6.59804047506687,15206.397884840551,0.0364,1.8611472134623408,0.26543075197086774,0.0,0.0204,0.0,0.11554775159004049,0.0,3.657557747580788e-15,4.497864706949754e-15,-0.10400729107543852,0.031190160700230597,1.0
no_information_channels,20270248,-9.912496992934905e-06,0.0185355814168039,-0.06723900274717558,0.12445754579235588,0.05162371818820153,0.5903564389987452,0.6103417953728696,0.3370890762407779,-0.028131096434185723,11.955145673440997,0.7509160391666168,0.9670775548725119,0.879326152323301,0.3072354151178982,6.806486548467827,14075.788318153564,0.0344,0.7130147879584074,0.2669571841631352,0.0,0.022,0.0,0.1197748279854598,0.0,2.1674416281960227e-15,1.5874816612763839e-15,0.0926842488848771,0.004501377355175327,1.0
no_information_channels,20270249,4.839336910966452e-05,0.018615291457000818,0.031185485671263877,0.2164035279655778,0.05441729191754988,0.5695148594668372,0.5910423956239407,0.3554488320168505,-0.04012876732869517,12.695307296815386,0.7324004127998699,0.9688958548294919,0.8813344373001082,0.3033274366740735,6.8259727420169245,13655.532292583424,0.032,0.5483340900461349,0.23872219440370424,0.0,0.0192,0.0,0.1309725569028526,0.0,3.657557747580788e-15,2.9103830456733705e-15,0.4956754990857482,0.02122327800947004,1.0
no_information_channels,20270250,4.272928360379425e-06,0.018534642094635588,-0.1105383033996413,0.20338062160994114,0.06201370219399359,0.6010509572069209,0.5871041001378724,0.3596172552673333,-0.09911348257777376,11.398497967399326,0.7485777881301129,0.9700561459919151,0.8698234182132266,0.3098569202412326,6.829537326622779,13665.770046074498,0.0332,1.6397523898851167,0.22146575844231187,0.0,0.0228,0.0,0.10405073640393647,0.0,1.625581221147017e-15,4.89473512226885e-15,-0.4339446757553449,0.031980563105565823,1.0
value_only,20270201,0.0002682959043797478,0.014286821866871328,-0.1089928186337515,0.1089928186337515,0.01732075428216119,0.08027797340289534,0.06613736735793503,-0.00016723525259942129,0.010057285606067395,-0.06672046733382819,0.2402052786864273,0.62384540044503,0.36440209065334883,0.4478531533397952,6.789189772095723,6703.4288751250315,0.0024,0.038925548612179076,0.49503402337950964,0.0,0.0004,0.0,0.008099102125862512,0.0,1.3546510176225143e-15,1.7197717997160825e-15,-0.09517264212810853,-0.012498695287961445,1.0
value_only,20270202,0.0007437475888364063,0.0133062478697484,-0.07684220363373433,0.07684220363373433,0.019125863228474684,0.06712142834767007,0.030118471880580974,0.012809573587293132,-0.008961924016650628,0.3408501404007125,0.19973883960755098,0.7995115542003586,0.5895286738841453,0.31317950676176926,6.637754233033826,5732.710406858309,0.0044,0.07778660423532359,0.237246229331617,0.0,0.0004,0.0,0.011404995933995243,0.0,3.1156973405317828e-15,1.8520619381557813e-15,-0.07378954718260136,-0.032707240568530235,1.0
value_only,20270203,0.0005098559771194761,0.01234102211176791,-0.044065925917088904,0.044065925917088904,0.0190335420584346,0.022725549865610654,0.014050652428772355,0.017149290911575393,0.019230681656086494,0.03332382161973291,0.11720722690832679,0.8426603550977753,0.7635208203294761,0.12839749956509292,6.603975303689276,2698.487696287669,0.004,0.18633754113337622,0.28626688860380467,0.0,0.0,0.0,0.010988769921299157,0.0,3.522092645818537e-15,2.645802768793973e-15,-0.07963429548825006,0.009925504685608863,1.0
value_only,20270204,0.0004599360851869086,0.01391784120505592,-0.09757462943529416,0.09757462943529416,0.020974103885593596,0.06569653635060216,0.07155105851110231,0.027169448366531335,0.019319698458778577,0.05371028358080521,0.1672214991581899,0.6783206113265003,0.3620889353823279,0.4540496569792777,6.683981397566871,6515.073930422468,0.0032,0.04068567937610332,0.3129223372824772,0.0,0.0,0.0,0.010615154944042082,0.0,2.84476713700728e-15,2.1166422150351785e-15,-0.005447765901592653,-0.0047907477597345476,1.0
value_only,20270205,0.0003619103220331954,0.013646053148292543,-0.10295010596367489,0.10295010596367489,0.021607289185494892,0.031469914961275526,0.007239912217974884,0.0008070643595611784,-0.03878862177795609,0.04595627434023175,0.1401689217740425,0.7510104915320908,0.3924118543923269,0.42726027372955755,6.687781984720653,6227.031740240644,0.0052,0.05301666515441236,0.35568675977337083,0.0,0.0,0.0,0.012211074481433215,0.0,3.1156973405317828e-15,2.778092907233672e-15,-0.055126191313250854,-0.030902099878553503,1.0
value_only,20270206,-3.344693806233181e-05,0.014713559121259457,-0.09601158047468852,0.09601158047468852,0.023089398300333568,0.06830336660598635,0.030199917254245676,-0.009357390615511711,-0.039249508963757125,0.5608411467842269,0.27650482390892106,0.5036369185381608,0.3547537460831099,0.46768756449518156,6.7643593308790715,26122.319582230757,0.004,0.014454702895901296,0.45496145343743777,0.0,0.0016,0.0,0.006949690751273829,0.0,2.573836933482777e-15,1.5874816612763839e-15,-0.08725616894630407,0.02308353250267039,1.0
value_only,20270207,0.0007528952460793328,0.012582481672828705,-0.05843418994914814,0.05843418994914814,0.021762592090076555,0.04098595792013742,0.015508467593992019,-0.017901766007434098,0.008301102223452442,0.13866431944193547,0.1516320831183742,0.9025644707335058,0.7774356744983985,0.13948388897864555,6.5829221803875395,2970.816307534644,0.004,0.17413689089168816,0.1882548076363314,0.0,0.0,0.0,0.009157395444125083,0.0,2.302906729958274e-15,2.778092907233672e-15,-0.14466282685554988,0.04221503699574741,1.0
value_only,20270208,0.000573582997901514,0.013294395219469483,-0.08619731409279846,0.08619731409279846,0.02080241324637453,0.032410893836666545,0.005157748160427635,0.011226577631134209,-0.0006061758918582377,0.0967386893526192,0.21253832053907146,0.8192929847712189,0.5419413938231635,0.3569308882972796,6.62382766537497,5270.931871786806,0.0032,0.07373363900622448,0.23576449554180623,0.0,0.0004,0.0,0.012860439452442307,0.0,2.4383718317205256e-15,1.98435207659548e-15,-0.06040420683489947,-0.02146718594316427,1.0
value_only,20270209,0.000457794314310074,0.013215509116390245,-0.08077144906143685,0.08077144906143685,0.01782439119830288,0.02469278933112829,0.00212472440513967,-0.00031101592315606314,-0.003316187200953051,0.10361464181002811,0.12969781211186074,0.8266164597536639,0.6774173291950456,0.24403912123134738,6.62076745932162,3717.6904112299485,0.004,0.11801905680926113,0.24392509354664849,0.0,0.0,0.0,0.012394159478379407,0.0,2.980232238769531e-15,1.4551915228366853e-15,-0.04775786560399452,0.03221560601583219,1.0
value_only,20270210,0.0005004640620180169,0.012810115755821508,-0.042330880052149474,0.042330880052149474,0.018292447865107253,0.014267204069061113,0.028998965555379667,0.0335145650859042,0.00998445208104607,0.24018944391926267,0.11642480574295046,0.8312889695268276,0.683015849413223,0.2176592498485742,6.633516621288763,4165.75085029912,0.0036,0.11222360185134746,0.28415982130925754,0.0,0.0004,0.0,0.010123177639273173,0.0,2.573836933482777e-15,5.423895676027645e-15,-0.10548355716746956,0.032463878827801294,1.0
value_only,20270211,0.0001560868170623543,0.013129805425022921,-0.08036932611219794,0.08036932611219794,0.017575083802244557,0.035989415956757226,0.055558134600840886,0.017930291850291435,-0.05211496340035423,-0.19073414781221487,0.13720188321960208,0.7832320924114108,0.47288099837347447,0.3711430050634049,6.659727862203822,5761.885347643079,0.0016,0.06379126126277387,0.4857172154616911,0.0,0.0,0.0,0.010444704862133003,0.0,4.063953052867543e-15,2.9103830456733705e-15,-0.002966770476991837,-0.0035736523513804483,1.0
value_only,20270212,0.0004968741622260925,0.012987241814724139,-0.06141839183671455,0.06141839183671455,0.019112274830202506,0.04204081210670166,0.008741250960453063,0.007771055796977102,0.004228955474857989,-0.0566069802087692,0.17519615259177954,0.8255004940311964,0.5558386436957332,0.3288403132014884,6.662566303527688,5206.50290109944,0.0036,0.07518741902561821,0.249989571911307,0.0,0.0,0.0,0.012644336326163463,0.0,2.302906729958274e-15,2.3812224919145757e-15,-0.1033427482519511,0.005902651652021863,1.0
value_only,20270213,0.00033261824808757015,0.013973565494593497,-0.09845780145009751,0.09845780145009751,0.019861477804188572,0.041495967269873486,0.029171293793914234,0.004384998018445914,0.004182421028330018,0.0798815042865435,0.35990803334728505,0.5722895828474934,0.359260151152788,0.49457239707460016,6.740119068690139,13046.072502410489,0.0024,0.011093816600452687,0.3194625962312264,0.0,0.0004,0.0,0.006063981126498641,0.0,2.4383718317205256e-15,2.778092907233672e-15,-0.04658312890979744,0.016577348997342804,1.0
value_only,20270214,0.00023327421539011653,0.013884159754781295,-0.08460676557466912,0.08460676557466912,0.020136459819984253,0.03908686806402108,0.014878398274712224,-0.009422868952851628,0.017268445576468706,0.31359036677744134,0.3131118677527295,0.5769932926984002,0.3556583096547805,0.4662825950988374,6.708214076369048,11407.213349925625,0.004,0.012167909825861847,0.5078091573111436,0.0,0.0012,0.0,0.007000896263171352,0.0,2.302906729958274e-15,3.042673184113069e-15,-0.011137393161871205,-0.008020385874720004,1.0
value_only,20270215,0.00041729251213135223,0.013560400425619607,-0.12356467480456171,0.12356467480456171,0.01917581344849566,0.08207829264101763,0.02427698627792946,-0.0028320007342487715,0.03851879382914613,0.09341444617411465,0.21348313278180814,0.7807936183499639,0.5654700007964171,0.3149372076925833,6.635113466782475,4507.201519024976,0.0028,0.08671250520032965,0.34220997945534803,0.0,0.0004,0.0,0.012149083884980927,0.0,2.1674416281960227e-15,2.5135126303542743e-15,-0.031398829469534005,-0.010862966224508237,1.0
value_only,20270216,0.0007643394396492695,0.012242165908202662,-0.04971143576205547,0.04971143576205547,0.020044460071982746,-0.007168289792715355,0.013796035199429907,0.002928289959174237,-0.019628882413406736,0.024979567713179218,0.04829165462281717,0.8916756380153894,0.8079695334411936,0.10618958308197503,6.5960268067898795,2519.6190385151253,0.0036,0.21385692613420929,0.1856962748251868,0.0,0.0004,0.0,0.009874286092416806,0.0,2.980232238769531e-15,2.3812224919145757e-15,-0.10675936259649475,0.018771657877162378,1.0
value_only,20270217,0.0003222814741965873,0.013212891718472971,-0.026368666010413478,0.06877387375900082,0.02165155914404088,-0.006761938454991389,-0.01936506470100557,-0.0027660381500603354,-0.025535658199386285,0.009564627412819604,0.12038760961169061,0.7861883826611117,0.48060778287632544,0.3689070503037884,6.650203018164655,6197.183475671005,0.0036,0.06517755117216241,0.3178440827135759,0.0,0.0004,0.0,0.013695084820255943,0.0,3.522092645818537e-15,2.645802768793973e-15,-0.011313853609892607,-0.0015327311727577147,1.0
value_only,20270218,-2.2659799548466708e-05,0.014268921397961154,-0.12792931700635585,0.12792931700635585,0.03289151414472551,0.10431290656955364,0.03656873734155517,0.027648673074789337,-0.008022229714604331,0.12672068126671432,0.28675951743875744,0.512969508891786,0.35469307509737036,0.4835576221082634,6.732119505470878,8342.183757702354,0.0044,0.02042019585360831,0.5075404235091694,0.0,0.0008,0.0,0.006371675087438966,0.0,4.470348358154297e-15,1.8520619381557813e-15,-0.009332274569502606,-0.027903025879210456,1.0
value_only,20270219,0.0004296144389953756,0.013642980436921082,-0.10932273732593192,0.10932273732593192,0.01592092961035973,0.03673658975257696,0.0010921897643359046,0.030908871048151005,0.011648979897176417,0.08521684624610781,0.2231317117743606,0.6510879996277271,0.37212677796204285,0.454639274731699,6.653944602258778,8442.07962166125,0.0044,0.03406257140120573,0.2849752394027565,0.0,0.0,0.0,0.009175528614961515,0.0,2.980232238769531e-15,2.1166422150351785e-15,0.01912976521578325,-0.011448135180078539,1.0
value_only,20270220,0.00032119537443817874,0.013753829800933672,-0.09618791690745897,0.09618791690745897,0.02284427620087472,0.04295816496587352,0.0039028689569306097,-0.03531937018898173,-0.021510693392463625,0.3347387600671441,0.15996186930563355,0.6422016505534395,0.36967351605466786,0.4424543967942443,6.641524618020262,6982.572198039245,0.0036,0.043102141595467505,0.2477088195670245,0.0,0.0004,0.0,0.008583069253116582,0.0,2.84476713700728e-15,4.497864706949754e-15,-0.10541337057875633,0.043481182583362525,1.0
value_only,20270221,0.0005272987962912026,0.013448187439478955,-0.09752320474518066,0.09752320474518066,0.022726443843747994,0.06662660817369498,0.05633793346519957,0.010984838830194995,0.009109886377536288,0.1324220980739157,0.20140189842794692,0.7997535415832406,0.48122130292150866,0.3591543752676106,6.652965637375458,5136.703580339611,0.0028,0.07009608141258813,0.24120066121188655,0.0,0.0004,0.0,0.012008538258732049,0.0,1.625581221147017e-15,3.042673184113069e-15,-0.06968090494116938,0.017404401964093503,1.0
value_only,20270222,0.00010689452211083826,0.014131892084914478,-0.07218660498833768,0.07218660498833768,0.014338817526038073,0.07220824574821816,0.0009863724313797484,-0.0210454988522488,0.008171083382076377,0.10314192664379318,0.2519373590049453,0.4925963749292452,0.3606290201092974,0.46781324562046356,6.7043427574058,9457.170212318899,0.0032,0.014505632428552453,0.5606657862472928,0.0,0.0004,0.0,0.0055010462705962215,0.0,5.418604070490057e-15,2.5135126303542743e-15,-0.10237348660847347,-0.011750189781767565,1.0
value_only,20270223,0.00022131278687322861,0.01285632965628297,-0.06532859989099846,0.06532859989099846,0.018770341914575675,0.006032621588307831,0.041215645608705914,0.001449467217691646,0.0044289112528411246,-0.021049173863183945,0.1392890982370635,0.8268751188365077,0.567689929228068,0.2893484077894143,6.646003018717241,3895.7601042922415,0.0028,0.08590361047026775,0.3682184301807334,0.0,0.0,0.0,0.013041739738064217,0.0,2.4383718317205256e-15,2.1166422150351785e-15,-0.04663394407809443,0.008745201680667494,1.0
value_only,20270224,0.0006806779319699917,0.013203845583416243,-0.09532219021104062,0.09532219021104062,0.020150631838240538,0.03183508597038519,0.038000122086852356,0.021020629102007617,0.037673587566170536,-0.03252542116378043,0.17211791567726756,0.7838423442717395,0.5872431473782201,0.3174992080836949,6.603399734118721,4955.205187474059,0.0036,0.08636720095815155,0.22884877826117522,0.0,0.0,0.0,0.011754887445020623,0.0,4.605813459916548e-15,4.762444983829151e-15,0.009003467461155353,-0.01573373029969323,1.0
value_only,20270225,-2.8891040691869564e-05,0.013580998921753984,-0.10826909802573356,0.10826909802573356,0.023183178166704822,0.024229917318185475,0.030439946193718252,0.01449817320588848,0.017975721451234637,0.04256687838226725,0.18703851814053538,0.5857223202167953,0.3609892080051444,0.4527812695770927,6.680096284199413,5977.300373539032,0.0024,0.04746924823734306,0.46311526799514424,0.0,0.0,0.0,0.010199057131636158,0.0,1.7610463229092685e-15,1.5874816612763839e-15,-0.021417534968704254,0.016394493701258457,1.0
value_only,20270226,0.0005087445215077213,0.012657113262236026,-0.0683016494647105,0.0683016494647105,0.02368799470762317,0.04434032147868834,0.03185367769989967,-0.016510015598115386,-0.022106504570457833,0.04999889674703972,0.122510066749614,0.8736348842947516,0.7019136500766364,0.21315334032490035,6.606874274565987,3501.505262189686,0.0028,0.12947711391402217,0.20471905190971496,0.0,0.0,0.0,0.011353046224107377,0.0,2.4383718317205256e-15,2.5135126303542743e-15,0.06477061447884762,-0.015894078393248082,1.0
value_only,20270227,0.0002699998400839039,0.013700087220490629,-0.1067003138126207,0.1067003138126207,0.020486904829332766,0.07486010290049985,0.02735476522462524,-0.0003660306264122978,0.025915379485631274,0.0955575842945442,0.20888676034291337,0.7612519309722716,0.3712187757200598,0.4692431883088294,6.67746570768144,5071.659059311073,0.0056,0.05124573357145426,0.3106333072108548,0.0,0.0,0.0,0.015455686419311387,0.0,4.7412785616788e-15,1.5874816612763839e-15,-0.07003107466655255,0.00021549266563859255,1.0
value_only,20270228,0.0001464988320575177,0.01316894442148,-0.05975779659373227,0.05975779659373227,0.021495636423463565,0.010123041794080483,0.012163184340764029,-0.013670653244859153,0.007699322337797808,0.020785099844839117,0.1644951683330544,0.7700699940494706,0.47099818958854966,0.35654990933962954,6.6640771578825735,4833.205219011466,0.0028,0.07829558140886964,0.37136650021043194,0.0,0.0004,0.0,0.012925227041160392,0.0,2.4383718317205256e-15,2.5135126303542743e-15,-0.09678086119443906,-0.010400444624760004,1.0
value_only,20270229,0.0004956757245360127,0.01379391842587735,-0.09157841197645646,0.09157841197645646,0.018654810571809732,0.0450266841756541,0.028902677379566002,0.006527965913050211,-0.005033853067826239,0.023636049760278333,0.20594328644894544,0.7031845182435467,0.4197805626656912,0.4304990909517249,6.705728058157822,7284.2638965410215,0.002,0.04239688346293767,0.2539932792821983,0.0,0.0,0.0,0.011372044527822922,0.0,4.605813459916548e-15,5.423895676027645e-15,0.018752909872126647,0.015448912066376032,1.0
value_only,20270230,0.000439914503010894,0.01386860971126976,-0.11376840836792529,0.11376840836792529,0.018327642466251355,0.0786302460067189,0.01165423778341146,-0.0016924649632307281,-0.012268993909216158,0.18088475075080046,0.2520328457315957,0.6610679738682836,0.3095038090321071,0.4800421388462137,6.693811841338858,7721.503558345281,0.0044,0.03122941174328767,0.3738972319710254,0.0,0.0,0.0,0.007338178459802558,0.0,3.928487951105291e-15,3.836414014751261e-15,0.07588583450309648,-0.005978088742456376,1.0
value_only,20270231,0.0004413400979264122,0.013494193806972159,-0.09193720978379194,0.09193720978379194,0.022987479115041964,0.04025245732861104,0.03300501415360133,-0.001673923218752328,0.036124045542621004,0.039959367625067355,0.18334346862598003,0.7608707591934877,0.47979734377128136,0.3822268858208073,6.645848181698209,5608.698757491154,0.002,0.06346300848358798,0.2548438257825191,0.0,0.0,0.0,0.012459619962465807,0.0,2.7093020352450286e-15,2.645802768793973e-15,-0.023636524696073694,-0.020895279831690032,1.0
value_only,20270232,0.00022770054986783812,0.014096183308873607,-0.13272699548001723,0.13272699548001723,0.022770778738253235,0.08030576026575492,0.017521849923321516,0.0322843799554085,0.0026606816253509466,0.009942611431323467,0.18474462516798573,0.5309777584690398,0.29825626920620607,0.46864298590362113,6.723118680167003,7951.542186725894,0.0036,0.028120852927326176,0.3222280759486187,0.0,0.0,0.0,0.006028991244162674,0.0,1.7610463229092685e-15,4.89473512226885e-15,-0.028680915077938452,-0.005920542188624931,1.0
value_only,20270233,0.0005033764183723576,0.01227030239103465,-0.054728616742855465,0.054728616742855465,0.017820764711189065,0.04153098348285469,0.0387142183754141,0.004399761568916503,0.001182508105980791,0.07501048903136409,0.1698464208328691,0.8587152175018007,0.6982980643688124,0.19982966091776852,6.6003364183098,3431.927397715153,0.0024,0.12516151339276899,0.2551920683708446,0.0,0.0,0.0,0.011092574394498511,0.0,4.3348832563920454e-15,2.778092907233672e-15,-0.05673242790813795,-0.011130897629538975,1.0
value_only,20270234,0.00044088558936753336,0.0129473868292438,-0.04494135008085122,0.050496696409491115,0.023313012217335213,0.0026235907841081116,0.0037387668644567208,0.013110322273426086,-0.029401318153597283,0.04534937583180065,0.1257342801270633,0.820093668943148,0.6849604633412493,0.21914303957185413,6.61728466754689,3608.1990071005107,0.0032,0.10914958515657817,0.4523914877045495,0.0,0.0,0.0,0.013444970832884318,0.0,3.928487951105291e-15,5.1593153991482476e-15,0.05489925837361689,0.002360097229213764,1.0
value_only,20270235,0.00041958018893314595,0.012949755175946483,-0.07460796483155188,0.07460796483155188,0.021445132771503443,0.029339593638644457,0.004619106999899631,0.010157634883367076,0.0053858550344849775,0.15171819457089608,0.16722948133049237,0.8010187270313603,0.532137136080054,0.32299780301971887,6.610650549353691,4384.302862514867,0.0036,0.08754652628721242,0.36043659955046503,0.0,0.0004,0.0,0.012994578190459682,0.0,1.4901161193847656e-15,1.8520619381557813e-15,-0.09244165026343067,-0.012374725236278139,1.0
value_only,20270236,0.0004104588894963477,0.012993467514041335,-0.09231172669907248,0.09231172669907248,0.025678099881534366,0.06417054219931836,0.005564662653464638,-0.019411105361199086,0.009460121521922969,0.294374691156039,0.1408251166647209,0.8611925032628958,0.7028370067428034,0.20663081786614346,6.634348650793211,3468.7475771501927,0.0056,0.1177743162472802,0.26624855318978136,0.0,0.0,0.0,0.012066965594313306,0.0,1.3546510176225143e-15,1.8520619381557813e-15,0.04000171310026234,0.03410957305160123,1.0
value_only,20270237,0.0003031106899270693,0.014183418572249524,-0.09412823932777319,0.09412823932777319,0.017868785167889985,0.020027621846393562,-0.01527865567550958,-0.011358193602940138,-0.013784345456600216,-0.07496661516853376,0.28477447134528105,0.5705387926051099,0.3146622981036162,0.4844585832670873,6.738277392516382,12233.397980986654,0.002,0.013867315476233865,0.48217490002984564,0.0,0.0,0.0,0.006143786970846277,0.0,2.302906729958274e-15,2.248932353474877e-15,0.00791336104239558,-0.017989601629534165,1.0
value_only,20270238,4.02162389405909e-05,0.014003236792994008,-0.14702857572567415,0.14702857572567415,0.023775155675295808,0.0760100930517356,0.020219568152677156,-0.04760538790333946,-0.005874226834441368,0.1477160141972016,0.321586182223975,0.5023528682320606,0.38006161962358176,0.4545611472276717,6.67752182231743,10596.790149933082,0.0032,0.012850686098726902,0.41697876477419005,0.0,0.0004,0.0,0.005035787416177051,0.0,1.7610463229092685e-15,1.8520619381557813e-15,-0.042431624454107225,0.003766595959628985,1.0
value_only,20270239,-6.810904748844599e-05,0.014523234643208802,-0.10331626607186993,0.10331626607186993,0.0288387537184349,0.0712698837223052,0.06732733771390087,0.007450101583078719,-0.012611628531936475,0.14014547579185876,0.23985635514642564,0.49299869457847356,0.3536565294089308,0.47683842461840525,6.729957067421396,9480.465440972572,0.0024,0.023972626137073256,0.48343304798027176,0.0,0.0008,0.0,0.005902467612867834,0.0,1.625581221147017e-15,4.233284430070357e-15,0.015918290587525388,0.027226453640960768,1.0
value_only,20270240,0.0006537458085554835,0.012315407484367984,-0.05098233301440373,0.05098233301440373,0.01799090517340473,0.01661360763706763,0.010416183946157597,-0.014619595592021507,0.012040642412247747,0.21450444501845034,0.13868197712365282,0.8921700625222416,0.7282951366489958,0.1803723302533821,6.582146816409323,3304.0680668882,0.0024,0.17486376904067666,0.3072937975343093,0.0,0.0004,0.0,0.010586745838194078,0.0,3.1156973405317828e-15,2.9103830456733705e-15,-0.0653300389187808,0.006922658687309237,1.0
value_only,20270241,0.00044722365784252493,0.014076168122772056,-0.0956119084156249,0.0956119084156249,0.023062628083799476,0.04667723274920614,0.07795415977096459,-0.019911975877085538,0.016947876835395614,0.27533083889860155,0.17427003815697548,0.6552470455054802,0.3874428025017218,0.44456180386199906,6.7078544033331635,6169.063190056046,0.004,0.04432213933002446,0.29411867529136315,0.0,0.0,0.0,0.011755988485624203,0.0,2.4383718317205256e-15,3.1749633225527677e-15,-0.025961312467533224,0.02251162909371997,1.0
value_only,20270242,0.0004135742457556759,0.013515628564621341,-0.09642984430512548,0.09642984430512548,0.021039078668292042,0.01982985913193752,0.022265795171283444,-0.007753079450426499,0.018881186502102205,0.053495282167117075,0.1849628897549664,0.7387759412845434,0.42248513487713946,0.38651950109866795,6.65898876585146,5925.453417295602,0.0024,0.05587227608567471,0.25248283065109656,0.0,0.0004,0.0,0.011519607971313572,0.0,3.7930228493430395e-15,1.5874816612763839e-15,-0.047103560780824276,0.06917768569944163,1.0
value_only,20270243,0.00023359278487292877,0.013209610806466807,-0.055272196616646826,0.055272196616646826,0.01823967019690962,0.032136040075069414,0.04177520077005005,-0.021744750947085462,-0.0036209126923377336,-0.07636099892261416,0.12286470965247027,0.7846677241995458,0.5175211890579433,0.32438907988304694,6.651579555209234,5334.520599662303,0.0016,0.07238281062158713,0.4720675147849679,0.0,0.0,0.0,0.013329667303416448,0.0,2.1674416281960227e-15,1.8520619381557813e-15,-0.002834107379971985,0.007009688188258885,1.0
value_only,20270244,0.0003133337772629307,0.013544225303758307,-0.12118377573937032,0.12118377573937032,0.022818188879926194,0.07732126243863284,0.027253925762884792,-0.015723306440703983,0.007822088566086308,-0.0407275629784527,0.16275914957700133,0.7041370034777601,0.3856120307380501,0.43654534616853713,6.651406682612675,6515.2485929780005,0.0012,0.04485701832241949,0.35045415296812055,0.0,0.0,0.0,0.009663542527426738,0.0,1.8965114246715198e-15,2.3812224919145757e-15,-0.01030210198366832,0.01631135399503045,1.0
value_only,20270245,0.00038159927500768556,0.013054031205726582,-0.09747328006093149,0.09747328006093149,0.02265018143707071,0.036409069344308265,0.028607448710174524,0.028872910163251723,-0.00042176773162665995,0.13296778870588888,0.19226707569087326,0.7757042536402148,0.5169511154829276,0.3340385816743514,6.594109307857864,4360.703388818815,0.0032,0.08113476912659258,0.33614158189088406,0.0,0.0,0.0,0.012923289374007219,0.0,5.0122087652033025e-15,3.439543599432165e-15,-0.046961448784116434,-0.02339062165593303,1.0
value_only,20270246,0.0005325618904982836,0.01344325086917211,-0.09385499650393514,0.09385499650393514,0.018808596506564322,0.09134186300911389,0.03786149515599571,0.020625415037019274,-0.014498794056962128,0.0922463815486343,0.1644689835320738,0.842267394362083,0.6481452503907031,0.275316754495095,6.645253073868544,4194.703820816465,0.0036,0.11280427685131937,0.225181694779508,0.0,0.0,0.0,0.01101628740051086,0.0,1.7610463229092685e-15,2.1166422150351785e-15,-0.058466634580424746,0.005834810364170671,1.0
value_only,20270247,0.0005472452819094254,0.012393617093930493,-0.04888068830498511,0.0606750903945092,0.02336501382301433,0.028724152613219728,0.02122902150584167,0.019243507406001843,-0.0049801982694653215,0.025546955019808415,0.11649285141229415,0.8591101989650854,0.7492086340271644,0.16451313053623265,6.612295144200953,2879.3897176829814,0.004,0.18048147410429,0.2053900299911412,0.0,0.0,0.0,0.010585833027926261,0.0,5.0122087652033025e-15,1.5874816612763839e-15,0.05122287313285177,-0.026834414320524226,1.0
value_only,20270248,0.0003766768934109809,0.013437671018718683,-0.0901178290326005,0.0901178290326005,0.025444651607308726,0.08402400932077629,0.020558650569822406,0.0076781169814718695,-0.0011102105148417377,-0.012195568378779775,0.1851180415918844,0.6827775879422128,0.37872280673171327,0.4236986260176031,6.697341046187688,7108.514924830946,0.0028,0.038176292794977064,0.31699910470841997,0.0,0.0,0.0,0.011010287510636596,0.0,5.283138968727805e-15,2.5135126303542743e-15,0.01567706753012451,0.0335300745306002,1.0
value_only,20270249,0.0006338626046521086,0.014286878093879764,-0.06833476281529653,0.079749220232986,0.019150009971179174,0.07189569744578062,0.00482358572196987,0.004972201788156554,-0.0054689173266599675,0.22602441814858887,0.2699336545068185,0.6408116433895251,0.37653498137463537,0.47423005959172904,6.701681208236042,8155.259436844364,0.0044,0.033153347653130875,0.30979706605489354,0.0,0.0008,0.0,0.0120147050926942,0.0,4.470348358154297e-15,2.778092907233672e-15,-0.05611107874115113,-0.057013374301572245,1.0
value_only,20270250,0.000529487574042119,0.01266945217501122,-0.05287999141768146,0.05287999141768146,0.017348445306660167,0.015986058927845836,0.004589480615871677,0.00796439297236588,0.024870176773237263,-0.06993422533720528,0.10436627779867669,0.8779766465977781,0.8033619387884673,0.12286819235720592,6.620512510032203,3127.334032689016,0.002,0.16013344640293045,0.3054670116694166,0.0,0.0,0.0,0.011026334899486123,0.0,1.8965114246715198e-15,3.439543599432165e-15,-0.02315490413747736,0.04995963885246138,1.0
trend_only,20270201,0.0003854243999352146,0.02930785825340677,-0.026715300932743567,0.15393135104455388,0.04484451815471169,0.45022375261507197,0.3953979741050204,0.13582016908006864,-0.09765517724607309,13.094725203675598,0.5677926251875426,0.8501523176557925,0.7062377341555355,0.40281526157393666,7.223044625637872,9481.495592969079,0.0256,0.3031675564450358,0.5257561998398406,0.0,0.034,0.0,0.05914945523186166,0.0,1.4901161193847656e-15,2.778092907233672e-15,-0.1396766375938077,0.038464344428171156,1.0
trend_only,20270202,0.0007057553777562117,0.031671991960200846,-0.037739084144017124,0.1531382811614693,0.04274689198675466,0.46001480122669297,0.46140479455327155,0.17023911146029844,-0.09261730617920004,11.652241812176156,0.5236313286097173,0.8943892027413002,0.6922276848021397,0.41038240343499593,7.32467823032208,7164.2324379925485,0.0296,0.25071886269101257,0.3982338293101163,0.0,0.0336,0.0,0.0436315241217593,0.0,3.251162442294034e-15,2.5135126303542743e-15,0.08613336238594804,0.0557494779622549,1.0
trend_only,20270203,0.0006374339034721227,0.02927270834864917,-0.09671895119829955,0.14726461877585192,0.04703344857013718,0.45458093130636595,0.4431033533520126,0.14177648615397295,-0.08557769812342664,17.494278927878216,0.5468731006765319,0.8819593240695769,0.6668820408710334,0.3934883948907455,7.061563814941417,2898.3077936675945,0.024,0.13757765451024911,0.43499824396733566,0.0,0.0296,0.0,0.025455694416854024,1.0,2.4383718317205256e-15,2.778092907233672e-15,-0.1290539662401556,0.029852265703455866,1.0
trend_only,20270204,0.0004393967876033823,0.032507539144666024,-0.08800248941601119,0.126656131339344,0.0509579069090767,0.4147579682514914,0.370252805294967,0.16835141907470688,-0.07627813466305429,14.97721668269423,0.5983640284954892,0.8731302933946054,0.67308603352917,0.4042067800925429,7.36324141032044,7301.362473104161,0.0252,0.09498829217667643,0.44104040996589766,0.0144,0.0364,0.0,0.04002646367545082,1.0,1.3546510176225143e-15,2.1166422150351785e-15,-0.18419586218365536,-0.04708221034770159,1.0
trend_only,20270205,0.00034126615400249707,0.03201340976524927,-0.007185574537947861,0.13538592821534873,0.04745035771449078,0.4293008203789107,0.38660630359171383,0.18974857189082056,-0.061377586797906857,13.768868029196351,0.6221859034806174,0.8794110993518941,0.6987944774488716,0.40593366239286244,7.36388661053516,6504.2823487274545,0.0272,0.054087689798978135,0.4205617620979003,0.014,0.038,0.0,0.048216755173918324,0.0,2.302906729958274e-15,3.3072534609924663e-15,0.06323832043069676,-0.03664953835062023,1.0
trend_only,20270206,5.487534556981899e-06,0.031431455679169294,-0.06264835516290433,0.12078491260101004,0.038798733973938015,0.42901423941418443,0.4172631673639056,0.14510056828506437,-0.07594672711625608,12.935672672023339,0.6248627715875531,0.8416186549439152,0.6564307835365961,0.427245370556092,7.403884511363221,27197.43538353044,0.024,0.054022697479925975,0.5190356886320224,0.1076,0.0332,0.0,0.06356745134834085,0.0,1.3546510176225143e-15,1.3229013843969864e-15,0.12422271429124519,0.050276142387153014,1.0
trend_only,20270207,0.0007839822827127264,0.03138024800359364,-0.0196502776607748,0.18155253207819114,0.05097135024000675,0.4726012443450903,0.42235341309723773,0.15994402574333497,-0.08125166506146549,12.707952988793124,0.5604394089352995,0.8950724534838682,0.6339448221270596,0.4196028231248706,7.3750286520385195,3296.748275706117,0.03,0.2250796155649852,0.3763945328821471,0.0,0.038,0.0,0.020533438900163237,0.0,3.1156973405317828e-15,2.778092907233672e-15,-0.11325892758412595,-0.0010984249325226875,1.0
trend_only,20270208,0.0006461451520488893,0.03154972994967871,-0.0008123832540391456,0.20025008078716233,0.041278500345996914,0.404648635952232,0.4358510733630159,0.1506016925403866,-0.06988036604604458,18.811923619759334,0.5467936151271077,0.8826803878397792,0.6819604463886217,0.41448274298911353,7.391086188610473,5443.744115573278,0.0232,0.05376179720794843,0.4121037096694862,0.01,0.0352,0.0,0.04048172172372366,1.0,4.199418154629794e-15,3.5718337378718635e-15,0.02715509898645746,-0.005408421043665507,1.0
trend_only,20270209,0.0003959925868754894,0.030232531391277774,0.015851237123544536,0.18696011202224644,0.04456558785930208,0.40897216108007256,0.4092569830675032,0.15140612910952825,-0.08574579004789655,13.070713190781138,0.5387959247008041,0.8822925229483516,0.6528284941642611,0.4459674954909422,7.368147293904963,3520.485294692239,0.0232,0.07456754648413032,0.36156719708972385,0.112,0.036,0.0,0.044834303251262364,0.0,2.980232238769531e-15,3.3072534609924663e-15,0.21378622039849843,-0.00808886556767101,1.0
trend_only,20270210,0.0005624607801354244,0.03127837857666848,-0.006946018919821268,0.13537665388025358,0.042369420917442314,0.4418112221185859,0.4554443332489975,0.1854891415365114,-0.08234402443416093,11.648530009962357,0.4931891028254936,0.8857004268252194,0.6932056450662533,0.4153796270339066,7.378389273932926,4212.676935199365,0.028,0.06109753805473374,0.39797610740577605,0.0084,0.0356,0.0,0.03246807923311201,0.0,3.1156973405317828e-15,6.085346368226138e-15,-0.2597369856452299,-0.011010092056779434,1.0
trend_only,20270211,0.0003358088010834578,0.02976821211784632,-0.02448059814057084,0.14380912667575443,0.040647956731514515,0.4110396686243521,0.4300046389173951,0.15246761200166523,-0.10111515918581576,11.330240674257517,0.5403242344072668,0.8783131493341038,0.6530922309074728,0.43576561072474557,7.302680326174929,5757.318834458208,0.0272,0.08360583358605894,0.49894925895037956,0.2616,0.0352,0.0,0.03543586199937088,0.0,2.7093020352450286e-15,2.1166422150351785e-15,-0.6232764605160989,0.023659842758033164,1.0
trend_only,20270212,0.0005273396859769356,0.032700033484512864,0.03912541004420515,0.2776262594248165,0.05637545511209827,0.44962169523474366,0.3915327803104315,0.144032271618183,-0.06160377319726874,15.992284645382927,0.4537060055714535,0.8741790355352888,0.6794544416474847,0.4146257056511584,7.39734016152554,5418.287530399198,0.0244,0.05413699378238317,0.3906198445534711,0.0296,0.0356,0.0,0.05185723253979302,0.0,2.1674416281960227e-15,3.836414014751261e-15,0.38656041677492015,-0.010452871543240837,1.0
trend_only,20270213,0.00034560555889829025,0.029650480877288044,-0.06412139502080455,0.13686695114851047,0.03675287452329578,0.4914925747287347,0.3860748797381206,0.15018859932527184,-0.06353700691063484,11.051604360949371,0.5207112379674727,0.8579303992932884,0.6457794303279139,0.43442391314211204,7.281078463496571,11546.970049171981,0.0292,0.19762542220105414,0.4282230673680981,0.806,0.0332,0.0,0.03928138199334885,0.0,2.573836933482777e-15,2.1166422150351785e-15,-0.27777401193916,-0.002732910319727956,1.0
trend_only,20270214,0.00013552442414443817,0.029809445098073147,-0.029443570325601603,0.1254129534493745,0.05377706360308534,0.533300251781417,0.46586429759575404,0.22199260203706778,-0.05804948515157219,10.502781413500994,0.6390631143325715,0.8760161421297916,0.6649919314276993,0.397039993975422,7.224483076793363,13937.755927143688,0.0308,0.14451256282793074,0.5854467489288055,0.0016,0.036,0.0,0.03573615370563532,0.0,2.0319765264337714e-15,3.1749633225527677e-15,0.07950943509539968,0.020801801950244492,1.0
trend_only,20270215,0.0005058285157891596,0.03183915156755965,-0.04447785298751397,0.18035793703170927,0.05369899932648899,0.4050580850389105,0.3879273625693655,0.15032659200726178,-0.06887697343119917,16.68739891644948,0.5855841412211071,0.8898287134642213,0.6806262643838664,0.4006027469571893,7.280671396948023,4457.2278474803525,0.0264,0.061520695434659135,0.49454963086087345,0.1124,0.03,0.0,0.03837067388756554,0.0,3.7930228493430395e-15,1.5874816612763839e-15,-0.5065424996557907,0.0198622120811484,1.0
trend_only,20270216,0.000921278712776821,0.028094071953969017,-0.017843009763238455,0.12710627591200155,0.035532203986166314,0.4303114400285038,0.40547170799412313,0.1190087130564468,-0.07415009517584381,10.767081898420223,0.47202268026152694,0.9199387000360407,0.6318082048130292,0.4388689224688959,7.209802430813252,2318.9122338637435,0.0236,0.057367778407310756,0.34963961046839753,0.0684,0.0312,0.0,0.03031063223942332,0.0,2.980232238769531e-15,2.3812224919145757e-15,0.09497308098758765,0.0038397231360352423,1.0
trend_only,20270217,0.0004283421556304653,0.03171696265331129,0.002864618280056481,0.1757291722449213,0.03395923608661743,0.45968459404662043,0.4260132703177293,0.1798354731132667,-0.056819537927445325,12.425556143580618,0.5830333266737088,0.8875232578916443,0.6871780610273942,0.4125320317290213,7.449785082067175,5186.695329561786,0.0268,0.18970105906725662,0.41504668828788327,0.8324,0.0352,0.0,0.0429781755440557,0.0,5.283138968727805e-15,4.497864706949754e-15,0.11997593900890051,-0.052978561521452174,1.0
trend_only,20270218,9.69669675168781e-05,0.030676454455656334,0.021229260679366257,0.15885687258326567,0.03781490523674229,0.4519914738965968,0.35550176704531394,0.08395008330747654,-0.08300576240498823,16.093134470541685,0.6255423748815645,0.8533439396811574,0.6934204037575423,0.40962135568659186,7.251947420450843,8325.487035142467,0.0236,0.0992290354808186,0.5552531064648752,0.3628,0.0304,0.0,0.04666338105646406,0.0,1.625581221147017e-15,3.3072534609924663e-15,-0.5511139883760068,0.020573196852698452,1.0
trend_only,20270219,0.0003601592227016564,0.030945542390291344,0.029504780814412077,0.18216506908060084,0.047257344303263,0.4521183793971054,0.44997847934249113,0.16503736320123297,-0.06389660652318606,14.06832635720204,0.5872583935088743,0.8751516666251294,0.7067060021588705,0.41451289822825316,7.231696612346833,9855.46183211424,0.0264,0.14088465203328518,0.4822331857934091,0.0004,0.0324,0.0,0.06742020095934875,0.0,4.199418154629794e-15,2.9103830456733705e-15,-0.7870133430292603,0.02586985843521778,1.0
trend_only,20270220,0.00031776829302116843,0.030815984513723655,-0.06548935660274487,0.20679724981473496,0.042607043407530784,0.4256283890562503,0.47044323597397913,0.16318047051073112,-0.07901958639666613,11.77133942812232,0.5655554473914074,0.8885585378721408,0.6616819886438234,0.40310761280720103,7.28182978839196,7205.277959086295,0.0276,0.051519049012129406,0.43073881485697607,0.0408,0.0332,0.0,0.05005133216338509,0.0,4.063953052867543e-15,2.3812224919145757e-15,-0.3357000017280536,0.008135446380919715,1.0
trend_only,20270221,0.000466544763530376,0.02826327371494184,0.06074982667070738,0.15912869029971208,0.043161244162987014,0.41446390952730916,0.39613613727999125,0.09075832685419707,-0.06986389353211322,16.885828498616483,0.5900551723805898,0.8634714243383331,0.6462525138333193,0.41226061976391454,7.036083947258973,5248.4591670252385,0.022,0.07159502642277521,0.383327454600788,0.078,0.0272,0.0,0.026063537678151727,0.0,4.605813459916548e-15,1.4551915228366853e-15,-0.06854019033739084,0.030128099701922602,1.0
trend_only,20270222,0.0001563416771018808,0.028457096263180444,0.019507834863919316,0.12060803291838121,0.0448913918067386,0.36388632933865966,0.3335272773359337,0.11843694736170554,-0.08667796461723107,18.079116130979422,0.5947427788613404,0.831155742460048,0.6850132904859677,0.4118136018625835,7.1779319003457,9627.453886388952,0.02,0.05645311487448392,0.6045665657732608,0.1264,0.0308,0.0,0.061870696332442465,0.0,1.625581221147017e-15,4.497864706949754e-15,0.29047087578168257,-0.07475014048965811,1.0
trend_only,20270223,0.00016996194358375263,0.03264387019150695,-0.0019660566546060923,0.20072130473463407,0.035537987208805105,0.4670008794807915,0.417036436976832,0.19411547804541499,-0.0688583554559291,15.116051885144454,0.6175021637646041,0.8737667478104493,0.6674181130659693,0.40541250945289586,7.2926462776886805,4723.720605340926,0.0272,0.2012467940695433,0.546964085173254,0.0,0.0376,0.0,0.047903820059359115,0.0,4.3348832563920454e-15,4.233284430070357e-15,-0.46544700181229726,0.04047274314187447,1.0
trend_only,20270224,0.0008505366158489075,0.02911024992423176,-0.029605821429205873,0.13853792680743363,0.0349003086788308,0.4162577980004801,0.4410546255511222,0.17654933320898827,-0.08025284450732745,8.73106669955795,0.5012863277117152,0.8911749570282479,0.664460619987522,0.43017144205286423,7.293852569147718,4997.997174942988,0.0304,0.0685340880937354,0.35282215157204977,0.152,0.0312,0.0,0.0343550760782978,0.0,3.522092645818537e-15,1.3229013843969864e-15,0.23779932357899616,0.01533505908316076,1.0
trend_only,20270225,-1.594830601296131e-05,0.02867188247746901,-0.013375469191634447,0.12296120950959177,0.03896637687322794,0.39605982269784634,0.3635601545829014,0.1436335998807854,-0.08066443249136133,12.686943405547261,0.5977796819304901,0.8275580060341908,0.6641021754184204,0.45114851373471165,7.240327930791363,7092.782603749118,0.0216,0.16186439626764065,0.5137217358128574,0.0,0.0292,0.0,0.035402423617215684,0.0,4.199418154629794e-15,1.5874816612763839e-15,-0.05277716972563289,-0.007505053784499062,1.0
trend_only,20270226,0.0005936626955135416,0.03010675553434545,-0.07559272028959409,0.15315548330567708,0.04579180295243026,0.41557984556671457,0.4278378241492245,0.06991621663154385,-0.06377896195121846,22.88102773173768,0.5233555767192116,0.8634987728788863,0.6940749722614997,0.3875170276947661,6.97094571873974,4922.989429036861,0.0216,0.3701267827723294,0.32932411040889586,0.0,0.026,0.0,0.03374753461560043,2.0,7.72151080044833e-15,4.762444983829151e-15,0.4618542027160705,-0.010930755537694382,1.0
trend_only,20270227,0.0002787778545232708,0.030575978589874403,0.018728532795706708,0.10730359968208081,0.035728283458619746,0.4172617042158561,0.41711490549583247,0.12344354991938515,-0.07416619578721073,14.762026975560858,0.566291366655431,0.8793201965766657,0.6837076571526022,0.43613934297675433,7.275753753558457,5323.267542841014,0.0228,0.07253833449504891,0.4687958735190594,0.0792,0.0372,0.0,0.04447628405871584,1.0,2.573836933482777e-15,3.3072534609924663e-15,-0.6822352745807373,0.0016989681069737497,1.0
trend_only,20270228,0.00024244663981443323,0.028620755621168392,0.03440673555019109,0.17452370342872534,0.04785776708442163,0.44113824179556105,0.39301519737347923,0.08446720206911053,-0.10047265506835279,12.293419112699139,0.5693003469535194,0.8650773659324438,0.6998571131891119,0.4155003299418391,7.19795495598528,4589.655954029458,0.0228,0.07780026092251376,0.5009292561560635,0.266,0.0364,0.0,0.06412906373388183,0.0,2.1674416281960227e-15,3.3072534609924663e-15,0.41272015478562435,0.006795975481490167,1.0
trend_only,20270229,0.0004037802798044634,0.030132841311787176,-0.021052415534992666,0.15879538894753875,0.040566074580445095,0.48027965527723065,0.41586024139206557,0.12703332433998415,-0.09046498728169372,14.117271303341397,0.5330274292368969,0.8659095119554534,0.6746224792643122,0.4183154344822136,7.261103109799338,7632.279636863659,0.0228,0.047829139630488966,0.409857489080918,0.0172,0.03,0.0,0.07001188646656042,0.0,3.251162442294034e-15,4.100994291630658e-15,-0.24428237083541404,-0.031057106628817697,1.0
trend_only,20270230,0.0003572412513123716,0.02902720354452648,-0.025961499959921537,0.17358816097818994,0.03773883975533712,0.3912677095207601,0.4159422752051277,0.0996313755326873,-0.04228350801147786,26.848016631205844,0.5397833736098849,0.8322944269975022,0.664322280067207,0.4116337621799964,7.00583637022592,8398.245314073349,0.0172,0.13531194116473116,0.4435159646689899,0.1784,0.0248,0.0,0.05138295715854313,2.0,3.928487951105291e-15,1.7197717997160825e-15,-0.5239600656510279,-0.037860547115718166,1.0
trend_only,20270231,0.0005681296783546564,0.030740394875709693,-0.032517312040320386,0.15768621356687332,0.05912857724587182,0.49209479114237176,0.4253209775032965,0.12110770389206263,-0.07080096856290347,11.536163071300177,0.5065960066610192,0.8810868657917919,0.6408434238546862,0.43172939632139473,7.435922422506547,4606.24417865258,0.0256,0.21343522740677917,0.36571507755152155,0.942,0.0348,0.0,0.03417535696994478,1.0,2.1674416281960227e-15,2.645802768793973e-15,0.007070330810691485,0.009611978877532953,1.0
trend_only,20270232,0.0002678255961896422,0.028341893964374407,0.05311960213545877,0.10331530858926262,0.04358167541800225,0.41047458825046795,0.3616450829733223,0.15134051366406645,-0.08874918377126192,9.86175178058121,0.5622457326788062,0.8559046286038767,0.6883044320276508,0.43921658096004335,7.2605416333038235,8057.5747732391,0.0264,0.11310486323975033,0.42059500377506764,0.3948,0.0372,0.0,0.07745904851494712,0.0,5.68953427401456e-15,2.248932353474877e-15,-0.47151306528846926,-0.012648208623484099,1.0
trend_only,20270233,0.0004981115178606889,0.027922448143113274,-0.13044861718228526,0.13044861718228526,0.041928350961589436,0.4871288150273841,0.3932892799271657,0.16341186872037577,-0.09109253973253567,12.80649820763694,0.568026032586662,0.8584309248515484,0.6905186242509744,0.3930726926543539,7.019120070732658,3607.376321645066,0.0232,0.09998381066184621,0.34811439725045457,0.0,0.0336,0.0,0.03829139143241278,0.0,2.573836933482777e-15,1.7197717997160825e-15,-0.15391903017710307,-0.0038910408521763977,1.0
trend_only,20270234,0.00047027012377904497,0.031204951803365796,-0.06453298559516316,0.10513811525152597,0.03540648544478114,0.4626865463661557,0.46043328524719995,0.18496476253128932,-0.08304733784467183,12.771883241333684,0.6169762951494788,0.8760212210904337,0.6836062202074312,0.40781167184129435,7.294723168615874,3461.7574204033635,0.0224,0.08198522181455109,0.4768245105845328,0.1704,0.0372,0.0,0.04320761165973597,0.0,3.657557747580788e-15,4.762444983829151e-15,-0.2908194869382379,0.0006079713770549772,1.0
trend_only,20270235,0.0004624124569982637,0.03147253288715385,-0.04946645067315567,0.18431316967732495,0.04898844639856753,0.45116830870904273,0.3926396807999418,0.17047228774278148,-0.09642756165077593,13.0526087130754,0.5978246326942351,0.8841150572150511,0.6605982302273764,0.40848864760014336,7.365934209456336,4415.5604455599105,0.028,0.056171075176893216,0.4647192171045357,0.0144,0.0288,0.0,0.036712030410638974,0.0,1.3546510176225143e-15,2.778092907233672e-15,-0.31707024714233095,-0.06406003483995878,1.0
trend_only,20270236,0.00044565783527713096,0.0298604130818192,-0.07706417613400464,0.11160621283934974,0.040102038910148165,0.39111260556096206,0.4236725623206753,0.09916316155652787,-0.06634068616610649,14.927354332993083,0.5630886768102037,0.895590431747593,0.6945527044313895,0.3974578255531038,7.0669267339319575,3414.0607688391096,0.026,0.05943420918600956,0.41786227655013086,0.044,0.028,0.0,0.05402707062138257,0.0,2.84476713700728e-15,4.100994291630658e-15,0.08446391490014128,0.06925236776441898,1.0
trend_only,20270237,0.0003594855538685664,0.03151393267025136,-0.0022393111116662083,0.17924012255385632,0.04692988327834431,0.4356592574714808,0.4224636465672259,0.23478183427347643,-0.08333767295635587,13.124921805913552,0.5624943285007257,0.8654338757310184,0.6995548748993847,0.40234361948386965,7.3791946879356285,12010.232137933872,0.0252,0.11621658369307725,0.4837719220556387,0.5072,0.0348,0.0,0.07424175070460093,0.0,1.2191859158602628e-15,1.8520619381557813e-15,0.11089640790236827,0.006617892201858382,1.0
trend_only,20270238,0.00012556880519024957,0.027723080257939223,-0.03883589325307263,0.11855146534740432,0.033164034215060145,0.37871863519807414,0.3393904900829688,0.12150276522321538,-0.07255977160632714,8.020621599404357,0.5922375176552431,0.8304526708743367,0.6597068544767186,0.46655802574499217,7.338208218100264,10391.43733344989,0.0244,0.11723638542687188,0.48177137752154997,0.4536,0.0336,0.0,0.05272143735339152,0.0,3.3866275440562853e-15,3.1749633225527677e-15,0.1386207016988603,-0.026280739624962295,1.0
trend_only,20270239,-3.876258815457021e-05,0.032115624462056465,-0.050517537541566376,0.11511699698748873,0.03830492817197899,0.4537078704019787,0.4013633133050346,0.1556083581976251,-0.06919547741071451,12.971269163391495,0.6453381474912273,0.8689156955839168,0.6734245089178947,0.40358575265737423,7.3379517676741255,9860.805544740855,0.024,0.050709204294130325,0.6135753509286508,0.068,0.0348,0.0,0.05918557573995953,0.0,1.4901161193847656e-15,2.1166422150351785e-15,-0.07892041197394456,-0.009153820235061063,1.0
trend_only,20270240,0.0007255961577571402,0.029812863145140246,-0.06003864275174778,0.11822770621367505,0.03343529007373981,0.4094885504483901,0.38292196486606445,0.1736440425613123,-0.05905395391649195,11.886604241376425,0.4271188234790098,0.8969875642052613,0.6775143380529893,0.4319631307603282,7.305554357013911,2994.8908194206197,0.0236,0.07297811599604741,0.4181140217356829,0.1332,0.0328,0.0,0.04106308730103736,0.0,3.522092645818537e-15,4.89473512226885e-15,-0.4354041239464081,-0.00376706392696414,1.0
trend_only,20270241,0.0004955618893108763,0.02935857126794666,-0.00046104111683522653,0.1098923132719195,0.03570288708144057,0.37980742856860605,0.3643664511693227,0.1878889918269285,-0.08294304112310145,12.066174983436989,0.580198634131452,0.8420058120888,0.6658793096881416,0.4232597208931215,7.3446769324453465,6528.947722351718,0.0232,0.056330960199697674,0.3906021043753475,0.012,0.0344,0.0,0.05298761167964594,0.0,1.8965114246715198e-15,1.5874816612763839e-15,-0.253813058625304,0.015495350909802875,1.0
trend_only,20270242,0.0005402418325034837,0.029892312040885917,0.02103678924970995,0.23377892670381098,0.03647898639905013,0.4232604214851834,0.43573813779265136,0.1824066266019574,-0.059505942517719054,13.325165110722615,0.5656268739655946,0.8728824620851167,0.6999784466631975,0.4089417997834288,7.29961540055533,6903.961295588252,0.0244,0.12870450011469356,0.38218842513441187,0.0024,0.0312,0.0,0.031544038737955304,1.0,1.7610463229092685e-15,1.0583211075175892e-15,0.5883687666107731,-0.0007186593584589961,1.0
trend_only,20270243,0.0002783133612019217,0.030032167660338987,0.03318933416347153,0.20644090053188674,0.04359871647328396,0.4140237102482987,0.3930322335802138,0.11054185348881586,-0.08314890684722683,11.484668543142162,0.5368170507982003,0.8649651576725288,0.6402070599604275,0.43865731037868155,7.3096338128640586,4468.36612142932,0.0228,0.17128640528565434,0.5298528440752637,0.8736,0.0336,0.0,0.03242249271950626,1.0,1.8965114246715198e-15,1.3229013843969864e-15,0.2883417700043358,0.06980807203988541,1.0
trend_only,20270244,0.00029126511547634417,0.029897722271982407,-0.06752061876595969,0.12386902473981287,0.04131176585820024,0.5141627135265696,0.4829891011114697,0.11859754210970351,-0.0664582369617278,14.239320107140038,0.6211994464447871,0.8613700057818735,0.7005097428575778,0.40247267009475635,7.24427584520456,7532.9894824061275,0.024,0.1526046550492369,0.49304492318542004,0.0088,0.0308,0.0,0.04324087864335158,1.0,1.2191859158602628e-15,4.89473512226885e-15,-0.3093913017350988,-0.004658896067544268,1.0
trend_only,20270245,0.00045793079325501224,0.03027735218136468,0.022935528045744464,0.15672617440626638,0.04089594744149374,0.41835340398051296,0.45296924174162123,0.1632989237097679,-0.07833212199724356,10.799056400916994,0.5820574636970345,0.8643030005421513,0.6736872920325508,0.43865105081829114,7.36648976042472,4140.418635574939,0.0228,0.06957185921701102,0.4314751620739249,0.2228,0.0336,0.0,0.05844035902143041,0.0,3.657557747580788e-15,2.5135126303542743e-15,-0.09411340059098013,0.00018814028402555096,1.0
trend_only,20270246,0.00062585282010897,0.02924883989616275,-0.07011801159833107,0.0894306018443236,0.03126771431492855,0.4158054317106725,0.34557320478619835,0.1312384398692027,-0.08908502937144619,13.803378587018802,0.44311065365940167,0.8796921920212157,0.6790783640524464,0.4250864893352382,7.215366712272999,4121.902350011817,0.024,0.06561071045190284,0.4137006937664546,0.1384,0.0312,0.0,0.038791541739368496,0.0,2.573836933482777e-15,1.0583211075175892e-15,-0.08923965808708909,0.039265937852727584,1.0
trend_only,20270247,0.0005849434732405679,0.030427507812936617,-0.018213650128061292,0.11107253157706297,0.03493003709544475,0.3744428616517849,0.4060661973373768,0.13838241913846164,-0.05185124722368387,14.206682616106605,0.5195865565199858,0.8842587990011406,0.644368840420674,0.4409336693886387,7.379112310798913,2747.598013775791,0.0224,0.08176587424173991,0.36989702756923315,0.0272,0.0304,0.0,0.030264528988633854,0.0,2.302906729958274e-15,2.645802768793973e-15,-0.6678118938028464,0.058627032704092974,1.0
trend_only,20270248,0.00048024332601374767,0.0299591294638243,0.01769841154533272,0.09621224824670076,0.03243674497017093,0.47710635872269064,0.4408687501371245,0.10407501132525247,-0.08230385562940153,14.485592774018233,0.568225567950267,0.876056552987357,0.712934716504222,0.41487707615779923,7.100092673955496,7594.862939075189,0.0232,0.10022280159176047,0.376025085872169,0.2364,0.0312,0.0,0.0463928634083286,0.0,2.7093020352450286e-15,3.5718337378718635e-15,0.4977192108933022,0.022786223982071394,1.0
trend_only,20270249,0.0005536039495921244,0.032194676004068494,0.009826990316312918,0.21387081251909207,0.041223799186491265,0.42279786868776015,0.38366897569503305,0.1669049746593082,-0.07955462957626905,15.270429948789328,0.5801541611843488,0.8624375298723144,0.6742662314949246,0.40647925276896363,7.219727585314667,9753.83328235779,0.0256,0.15488305509592556,0.41410568169122364,0.0004,0.0308,0.0,0.05353816703846581,0.0,1.625581221147017e-15,4.89473512226885e-15,-0.3879969418051345,-0.0848345847217334,1.0
trend_only,20270250,0.0006112902873074233,0.028780461442572562,-0.05167393534969476,0.1562677699435969,0.039904952123481566,0.36659237441505255,0.4104653158984822,0.1289132783328977,-0.08358420688319433,15.04748826777761,0.4860512153002779,0.8745438666469757,0.6610804241214637,0.4113771747824469,7.085844718449404,3174.9648198476925,0.024,0.08656061391623283,0.43671209647358644,0.0024,0.0272,0.0,0.022180945879338276,1.0,2.7093020352450286e-15,2.3812224919145757e-15,-0.9595030440602336,0.046041876185243504,1.0
noise_only,20270201,0.0002964725991587947,0.018987150831435786,-0.0007847160224575339,0.13533333970882133,0.026872286486473006,0.29705130206029307,0.20913304145700531,0.027031059333919933,-0.04373163867026067,5.76627969276548,0.5030199752833819,0.919285353599198,0.5060829106327753,0.33632436136060984,6.680699696103662,6001.738007057677,0.0184,0.12884572878452846,0.5059870893386393,0.8908,0.0096,0.0,0.23790855948560563,3.0,3.1156973405317828e-15,3.1749633225527677e-15,0.3277711560714104,0.002224291428667831,1.0
noise_only,20270202,0.0008333851929133246,0.02254215934520425,-0.020659343918479893,0.17910734669946843,0.048558585920700933,0.3638503868303132,0.33329372686033476,0.2016551281465971,0.021734784763472417,12.683332847823374,0.6206806342339544,0.939645461097473,0.49773947549910047,0.33068425573770177,6.844093742684132,5131.452307620601,0.0212,0.11556899032947081,0.25800066047000736,0.7224,0.0164,0.0,0.2510849077984787,5.0,4.063953052867543e-15,3.5718337378718635e-15,0.6951165705405894,-0.050171527639938866,1.0
noise_only,20270203,0.000670974002565811,0.02092900342911217,-0.03832444123579996,0.13735969190645075,0.03529589322775649,0.3087168756963148,0.27598798730706625,0.05304803169829094,-0.014646260761220062,15.009353729924765,0.5473835853439466,0.9043400245965372,0.47039040073287547,0.3523114466704319,6.735710524016057,1813.7367243520532,0.014,0.3156375284560301,0.35185252029570147,1.0,0.0116,0.0,0.24132002050309787,6.0,2.302906729958274e-15,1.4551915228366853e-15,1.5158056739623214,-0.048499208386648826,1.0
noise_only,20270204,0.00047041164359408716,0.022473346117665317,-0.0180275701158649,0.17693235053231743,0.06835632398227727,0.45045548639569544,0.41154417019390716,0.21420797301445246,0.005850771501639461,35.701165778532484,0.6349229150971568,0.9004184871035089,0.5079830323807059,0.26273584191969945,6.791538516870887,8748.204081941842,0.0156,0.29304675309969497,0.3281239120120514,0.0,0.0124,0.0,0.2379482497262908,9.0,2.4383718317205256e-15,4.233284430070357e-15,1.911262386680739,-0.014489234956197592,1.0
noise_only,20270205,0.0003982003836667285,0.01928015160495882,-0.013462012169325927,0.1472373217446948,0.04058979999715558,0.2685576055304552,0.27445227736158545,0.13170521689474346,-0.03682396487608172,7.927040059810265,0.5135663589460601,0.9073369101843592,0.48681951576869387,0.3639154888514723,6.702496018336822,4094.511537576433,0.0168,0.42506296022978524,0.37523941656210213,1.0,0.008,0.0,0.33158888888467053,3.0,2.0319765264337714e-15,3.3072534609924663e-15,0.794183235400784,-0.06174173637110291,1.0
noise_only,20270206,-3.677653155930649e-05,0.017786252947970205,-0.09320249856403424,0.11440910024317683,0.045019916346975976,0.36231351371641285,0.3024229707528153,0.1094224576915022,-0.005304457400360121,12.41663425224238,0.5027013923307994,0.8922407572338589,0.48861241911226727,0.24888420218090307,6.631449569681509,18149.936894938368,0.0124,0.413829425608941,0.4692535594624625,1.0,0.006,0.0,0.27344826205433215,7.0,3.1156973405317828e-15,1.8520619381557813e-15,0.2505971127957635,-0.0019796788330642004,1.0
noise_only,20270207,0.000847343535848804,0.02119613701939714,0.0278847613849459,0.15637176980321296,0.036658263617731494,0.30864648527037725,0.2967673384261191,0.12246032809870412,-0.02338388829545446,14.000012308287904,0.5341002752761596,0.9297824882263134,0.49592108601332974,0.3526899848691315,6.742949775489467,1942.4167198576956,0.0152,0.35060119975553217,0.3091726189407933,1.0,0.0116,0.0,0.24272154720049754,10.0,2.7093020352450286e-15,2.248932353474877e-15,0.9947168552329804,-0.014208144101279907,1.0
noise_only,20270208,0.0006498241962430594,0.018957630828747008,-0.0013771160514369227,0.09966916204972497,0.025107641897984655,0.32371722017738574,0.23472425207238778,0.0912303185053441,0.03491142380750099,6.566049027372692,0.515195818914495,0.8956999410327353,0.5096337019530224,0.3311391047759334,6.658191270607494,4066.899666363818,0.0156,0.2703358145806388,0.24704747006993188,1.0,0.0064,0.0,0.22716961769066302,8.0,2.302906729958274e-15,2.9103830456733705e-15,0.4809190463140446,0.03524039790939046,1.0
noise_only,20270209,0.0005183484654103274,0.020268739948077246,-0.025742606547662274,0.09726096474131704,0.03157434739000161,0.2983369310067637,0.25000515701351533,0.07616264435771512,0.02793130936757624,4.954160875624788,0.4955016119308941,0.9131001744295838,0.49534244448012676,0.3615623322878914,6.73615710505196,2112.24475241603,0.018,0.5311845013732591,0.31293477369686573,1.0,0.0104,0.0,0.23963123678625942,7.0,2.84476713700728e-15,2.1166422150351785e-15,0.2753257036469332,0.006756259638261475,1.0
noise_only,20270210,0.0005882836944467666,0.02418218212089523,-0.09122948182573208,0.14009981326773968,0.05171497093717033,0.5200268852945535,0.38661369398159856,0.18539283176918972,-0.011268802686973478,21.223864663693462,0.6268173682898901,0.9331211474858997,0.5202237881014271,0.32632655962042245,6.833312261557392,3021.881853044481,0.0172,0.30100917303851166,0.348820229727676,0.9988,0.0132,0.0,0.29738164141347245,9.0,2.1674416281960227e-15,2.778092907233672e-15,0.6888936473291853,0.027533600307331787,1.0
noise_only,20270211,0.00020095051005563356,0.018130759136622383,0.07563891871924588,0.14061477285997326,0.05735248590083271,0.2988398379155405,0.20958422700419005,0.07738567460461232,-0.0016751649770669404,26.99400295370593,0.4910445504982787,0.8850495007362882,0.5400094696362013,0.27256477234064963,6.570855063236746,5392.973597810119,0.0116,0.08521485447602058,0.5184697393473054,0.2416,0.0044,0.0,0.2855063039820356,6.0,2.573836933482777e-15,3.439543599432165e-15,-0.6712472287430116,0.003640272858893075,1.0
noise_only,20270212,0.0004994905879617932,0.022087182352734935,0.005442871369667758,0.11642486016975531,0.0436840539834162,0.3559043104673689,0.29097049085328197,0.13382355981558203,-0.04990627891743271,19.374416606086747,0.5549511485821934,0.9131742410488493,0.49683032531856314,0.32409689229782374,6.833219894966916,5185.596401648815,0.0172,0.022808015125043723,0.39737598026874965,0.0208,0.012,0.0,0.24470576718570136,4.0,1.3546510176225143e-15,3.836414014751261e-15,1.2158113457510347,0.038429618235168786,1.0
noise_only,20270213,0.00033375311502985776,0.018324892831826388,-0.05931557592734114,0.10082955265928223,0.05146291897844324,0.31348617426365794,0.3065321730206537,0.1722487475842391,-0.048406603956356604,18.997108703649207,0.5715803206008923,0.9187182191999436,0.4829057670342289,0.2533369642018367,6.699441296098955,10679.009092878961,0.0152,0.24172388014620727,0.373257685910133,0.9996,0.0076,0.0,0.27680958939813927,5.0,2.4383718317205256e-15,2.3812224919145757e-15,1.1381426263653605,-0.042706203822257906,1.0
noise_only,20270214,0.00024976519820885167,0.01661330573580716,-0.04959959148468987,0.09085547289611204,0.03084739969078414,0.2574286233129364,0.15641540932016373,0.033639437580421025,0.06794907996398626,5.601955058986265,0.4568927817442932,0.8924321123475549,0.5047096102695933,0.3189780557591821,6.586081276162553,7665.577004740449,0.0148,0.42665049561478174,0.49241175958593875,1.0,0.0048,0.0,0.2775265782971299,8.0,2.980232238769531e-15,1.7197717997160825e-15,0.5850398523370826,-0.02415429751098723,1.0
noise_only,20270215,0.0005058825709303477,0.020132853655108335,-0.03410977216769368,0.13588520599950268,0.03221137457839461,0.3261111296416445,0.2208589137644591,0.08728559452471349,0.016361226896393466,13.55968197827406,0.5574843749749866,0.9042313399405632,0.4981303163887914,0.3198101601999447,6.649494477316982,2516.024447928612,0.0168,0.5684983852016958,0.41132508011254243,1.0,0.0096,0.0,0.28488712982421194,4.0,4.063953052867543e-15,2.248932353474877e-15,1.2698235415679617,-0.018692466034208977,1.0
noise_only,20270216,0.0009338114244736097,0.02078679644665188,-0.025157451067136294,0.11899303493500682,0.033788959789845925,0.37301004676570904,0.3105477639585504,0.09178821505668239,-0.04938032134583013,10.123348834008153,0.5785798697918755,0.918169704255606,0.5186499858094032,0.33644473126849067,6.750218012049893,1674.624379587707,0.0196,0.32986368912819036,0.22878661789884536,1.0,0.0132,0.0,0.24030949756697306,11.0,2.84476713700728e-15,1.1906112459572878e-15,0.7900492205804653,-0.005330804603018225,1.0
noise_only,20270217,0.0003685403752750499,0.017529803918934914,0.027526867320941516,0.17466577382650514,0.05154556951442603,0.32511205276867466,0.2640383309698043,0.15550862771385432,0.016031627895842306,13.664642094151795,0.5151493681607411,0.8940537087090614,0.4716667686900285,0.3250312900602289,6.639340892327254,5533.831810366422,0.01,0.10620275229205234,0.3072514692329069,0.6944,0.0044,0.0,0.2966362546953014,6.0,2.4383718317205256e-15,4.497864706949754e-15,0.7733447653455935,-0.032440641758786144,1.0
noise_only,20270218,2.9155560862365704e-05,0.022343186079484597,0.010471859966016132,0.11943545171600678,0.048434624752868846,0.38434007694319744,0.33014272683292273,0.21627193984477341,0.03398298279636394,22.648196619765145,0.618950303834271,0.9052249627955816,0.5249350999222725,0.299970531191677,6.764317115311831,6619.5351690779125,0.0176,0.24806425423395512,0.5690307623894408,0.994,0.0132,0.0,0.266535698132891,11.0,1.4901161193847656e-15,2.9103830456733705e-15,1.4709861692312887,0.012382823079833563,1.0
noise_only,20270219,0.0004519031448675932,0.019326701108290212,0.051234132548585484,0.22175240520313277,0.052133792667193556,0.3926197598749764,0.2950841694383155,0.10367249948636979,-0.021294776941500945,11.270560545909145,0.5667620153136128,0.910131490885362,0.5167807155884595,0.30301327686359647,6.653989332783464,9449.35294236242,0.0176,0.09067298483715626,0.3111363570602267,0.0,0.0076,0.0,0.2430936540793418,8.0,2.302906729958274e-15,3.439543599432165e-15,0.3210553694013756,0.06620924540222356,1.0
noise_only,20270220,0.00033709119571781514,0.018174263617934405,0.012942671096498574,0.1658421059997461,0.03425173821298031,0.27543517221934205,0.2538910038376214,0.1112823942561807,0.025688896216216575,6.23201177947,0.5131635870085848,0.8972047257428678,0.5073725389816802,0.31138575309062577,6.6919440075437695,3606.533878530456,0.0152,0.6623939664071521,0.27612652842545626,1.0,0.0072,0.0,0.2597453403887626,4.0,1.2191859158602628e-15,2.3812224919145757e-15,0.6104431825877782,-0.005248252538522152,1.0
noise_only,20270221,0.0006395102661266041,0.02592082315664922,-0.13154206411377017,0.1372432973421115,0.0475672406984614,0.42418597330353336,0.351050255469139,0.17835113657819862,0.005692171219356245,21.65624641457861,0.6298053623826367,0.9185345831353612,0.5188781065500998,0.3186068738189034,6.943951425256259,7175.0017149867135,0.0204,0.34338271493120637,0.34141676923212594,0.0,0.0184,0.0,0.24496846602039057,10.0,4.470348358154297e-15,2.9103830456733705e-15,0.8129266646065633,-0.032683765671708324,1.0
noise_only,20270222,0.00016900444858850783,0.018182481970472807,-0.06531549220456621,0.06531549220456621,0.02461266286999121,0.3915034457385433,0.21856853024368245,0.051650616769356714,0.049752639698860825,12.500363053917777,0.5862948732584288,0.8978851836277578,0.4803275127995873,0.2920055524801051,6.604686878548048,7559.942217864643,0.014,0.23896020436755752,0.5956315946842892,0.9996,0.0072,0.0,0.2457933150569327,5.0,4.199418154629794e-15,3.439543599432165e-15,0.8733412232677847,-0.015625736663132588,1.0
noise_only,20270223,0.00027160946202295903,0.021098970663764947,-0.024660357528537454,0.20354560535939453,0.05958720531416846,0.3756247198240334,0.3776740920499106,0.12276618021392643,-0.017425217789107224,20.12898654901237,0.6092642740224394,0.9166006313748467,0.506838786687248,0.30258722835667545,6.721561986673572,2869.851695302328,0.018,0.29474488345814653,0.42293353688063384,0.9988,0.0108,0.0,0.260322334211484,9.0,3.657557747580788e-15,3.1749633225527677e-15,0.7434039087462411,-0.00837249981529958,1.0
noise_only,20270224,0.0007876377207020628,0.020734862335680188,-0.03261960953160678,0.11917734461319406,0.032513954108550194,0.31657570988254025,0.24597803802602689,0.008863837995480435,0.05471862398990716,7.5732541382645024,0.5009469417396932,0.9270668539079557,0.48475289218237966,0.3176831509608414,6.690280750304642,2675.614866836174,0.0188,0.6237805148011158,0.23898507535085955,1.0,0.0108,0.0,0.2402527112162378,13.0,2.7093020352450286e-15,1.98435207659548e-15,0.8917787394987452,-0.018093706555647775,1.0
noise_only,20270225,-2.7738612792495943e-05,0.017845904726571687,0.0063062347329873375,0.1555201223480909,0.04378287872963264,0.2075403837477462,0.23275790755338413,0.09483129427455625,-0.004015892362741885,15.291861636630308,0.510245971948064,0.8989282767309119,0.49142169180413753,0.2970188729802353,6.584040294225706,4141.043728059249,0.0104,0.3618823840263456,0.4939204603046562,1.0,0.0052,0.0,0.27191691863301926,11.0,2.980232238769531e-15,3.3072534609924663e-15,0.18102809970704706,0.027696062535558837,1.0
noise_only,20270226,0.0005945221277435909,0.020386352906348826,-0.037464560394456475,0.13139101070719258,0.039068633380849996,0.3608520881861992,0.33058811294025786,0.18399147398474222,-0.011683024712762424,10.838731174646478,0.5369757638158146,0.9025354921965575,0.49382020505479124,0.3259644829292351,6.800994671441148,2703.3820606631634,0.0168,0.19872880134650378,0.3011271051606472,0.9916,0.014,0.0,0.2509635959936598,8.0,1.7610463229092685e-15,3.439543599432165e-15,0.30079186697237353,0.024936762174897546,1.0
noise_only,20270227,0.0003267012624663437,0.021400714815286836,-0.0034356824546385727,0.13714763560905635,0.0414541741120891,0.33241987991596267,0.29664250902715955,0.15856528260961625,0.0381605524377345,9.797658769074568,0.5946347912764597,0.9208592931763866,0.5183724116867072,0.32516698138682537,6.817978979196301,4135.104007791903,0.02,0.20608982480567073,0.36103601814661546,0.9968,0.0116,0.0,0.2583676699681585,7.0,2.1674416281960227e-15,1.0583211075175892e-15,0.44593385835436594,-0.03834362885711863,1.0
noise_only,20270228,0.00021594020867745484,0.020200487653813562,-0.0012795044232839924,0.12029186947091361,0.029513836479591764,0.3305506304496151,0.2345902212457165,0.06230125512908285,0.03089742479028303,6.506420240751478,0.5998096298789677,0.9173569764109792,0.4629363968370894,0.34642846518011267,6.722819784554354,4087.992582470105,0.0152,0.15071473094102272,0.3975545298888683,0.95,0.0104,0.0,0.2170513791559221,12.0,1.4901161193847656e-15,4.630154845389453e-15,0.6883205524182003,-0.022031235665565103,1.0
noise_only,20270229,0.0005409054756207937,0.0210201299225352,0.012149295185316378,0.16927284432738068,0.038694852873635874,0.3144672571611812,0.31169642884099,0.10449018417101474,0.04551244694166542,8.846769804885888,0.5719540404477583,0.9151413682423456,0.5066470623834183,0.3490741653618911,6.788459364535319,4563.085969832168,0.0184,0.4888079569009191,0.2840585731292078,1.0,0.0112,0.0,0.24227817868044332,6.0,1.0837208140980114e-15,4.630154845389453e-15,0.6075524616303267,-0.05817108672042082,1.0
noise_only,20270230,0.0004935662728442999,0.022484864314047857,-0.0713771627622727,0.13688684920508581,0.04252567801158323,0.3616091792584306,0.2937653730344398,0.09052390572404856,-0.027356090392072464,14.864399012753072,0.5577336100268397,0.9303776659014794,0.5353111119652643,0.30758969647592316,6.802996753558092,4335.048462954822,0.0156,0.6078637941893414,0.4035619123345744,1.0,0.0148,0.0,0.23407048417034915,6.0,4.470348358154297e-15,4.630154845389453e-15,0.9281719877243133,-0.018551928813785062,1.0
noise_only,20270231,0.00048768565489549614,0.017371835098241743,0.012924080883252758,0.09358361788867424,0.03060545916286082,0.20280814314579573,0.14076781762481672,0.018339372240469668,-0.0071748372979124,7.928346913976503,0.515729954777351,0.903524909754612,0.506814831899147,0.3046865471593477,6.617428764972239,4302.934916728707,0.014,0.26308568410565986,0.2600961732011363,1.0,0.0064,0.0,0.2474642612104765,7.0,2.7093020352450286e-15,1.3229013843969864e-15,1.0235496861449278,-0.04188147424894166,1.0
noise_only,20270232,0.0002243574544014269,0.018276674053600145,-0.034054095207312014,0.07837063579875418,0.028747457695011063,0.33959266882797606,0.29195081748974605,0.10166910353853549,-0.009485596391392619,7.551759363957062,0.5430990385192157,0.9057375566773715,0.533145781742897,0.2798971287982362,6.670027314210268,7178.59892223441,0.0188,0.12221126461348313,0.3575667398313471,0.9244,0.0096,0.0,0.23180742596031711,2.0,3.7930228493430395e-15,3.042673184113069e-15,0.742281105047219,-0.057659423577765434,1.0
noise_only,20270233,0.0005611403181435787,0.022875387036021117,-0.08535598169283591,0.20275016167315257,0.05663489171683169,0.3663958509994009,0.36340288971721624,0.18329145251086174,-0.018601362364877753,23.082920910925083,0.6423673931256704,0.9227900759895983,0.4887367511477442,0.3320743583689037,6.86253527010107,3884.455536762144,0.0148,0.18244142533807517,0.3256816705769997,0.0,0.0144,0.0,0.24823077903669355,9.0,1.8965114246715198e-15,4.630154845389453e-15,0.6103035763249328,0.019761218887758437,1.0
noise_only,20270234,0.0005073155892900786,0.022270085377275706,0.0012657324136761867,0.15953435860308368,0.03854565740904235,0.36119304593725965,0.27834975099326353,0.11149988116262669,0.019007450991243503,10.874623008628815,0.5574956410309351,0.9411385559994803,0.5259000305161566,0.30481433535233776,6.8023903366208085,2311.6402454044446,0.02,0.38437009349170553,0.4907717777919022,1.0,0.0156,0.0,0.24682602661748687,6.0,3.251162442294034e-15,2.248932353474877e-15,0.6272082949395728,0.012190077977386533,1.0
noise_only,20270235,0.0005071485110702291,0.021727327959044414,0.0194366457896893,0.17069973984333797,0.04816807280628964,0.38523734629789913,0.35575261068103026,0.15572547499809067,-0.015255043793137071,19.859687725207763,0.5881983054130605,0.9179418460583498,0.5071318373253707,0.29700272330877137,6.720917050725053,3427.5260254114164,0.0196,0.22477508580466132,0.40623452675512406,0.9964,0.0136,0.0,0.2379492246687651,6.0,2.7093020352450286e-15,3.439543599432165e-15,0.9026395946588578,0.029310154937042827,1.0
noise_only,20270236,0.0004885382960499601,0.02173325603071122,-0.024312439367136496,0.14511307744844454,0.03100386206894502,0.3498063946529596,0.3164864404285093,0.14940951183063825,0.0035128126966669257,12.103043002897827,0.6140648347717454,0.9402158647264472,0.5372269166934938,0.309509127124457,6.820678935111984,2188.457166425544,0.0156,0.4017665024627541,0.29183694732662335,1.0,0.0136,0.0,0.2216354808352814,5.0,2.0319765264337714e-15,2.3812224919145757e-15,0.781341531438019,-0.04329899518777442,1.0
noise_only,20270237,0.0003448399413978059,0.018089686057663912,0.009122999474634038,0.1363671137157996,0.02649438591266572,0.2952051746236753,0.2788984240135596,0.16013021320789977,0.0024694896240581273,9.548310924233293,0.5293694190987888,0.8952270405801047,0.4878452562184166,0.2617106714802517,6.64223934073626,10406.695966098569,0.0148,0.20467210140350686,0.5418935598966729,0.9992,0.0052,0.0,0.24918558255939094,8.0,4.199418154629794e-15,3.042673184113069e-15,0.6360512949276085,0.010358823644888968,1.0
noise_only,20270238,8.541725408338863e-05,0.01998816756574184,-0.021667125994693875,0.18340329718037718,0.04878628312024598,0.3469817860694162,0.31683922331040176,0.11076947584816672,0.005263380022686925,12.372358907147424,0.5924942957069342,0.9103658153930823,0.4868554095450595,0.3010248827912778,6.720687748112574,9992.915715164196,0.0164,0.08269920602379699,0.43346860381356234,0.1044,0.01,0.0,0.2382455759271349,12.0,1.8965114246715198e-15,2.248932353474877e-15,0.5485398167371616,-0.001888936592415602,1.0
noise_only,20270239,-7.972977544480954e-05,0.019806480196033923,-0.041489781762849294,0.11955649880628996,0.03845630133187225,0.3415447992464773,0.25027399434933717,0.0719989505098015,-0.013047366437727916,24.92862218038357,0.5756171375262367,0.8893827519178509,0.4921630896002016,0.2483983359553557,6.684002735693063,8211.433523717367,0.0144,0.15396155176809065,0.5027861689220597,0.9884,0.0084,0.0,0.2693869658262167,6.0,3.251162442294034e-15,3.5718337378718635e-15,1.0226854641645644,0.02838064958350078,1.0
noise_only,20270240,0.0007001195399689333,0.0210913541022834,-0.010570056959782631,0.18173796976800646,0.05009464631993891,0.3716778068902514,0.33110745850770046,0.13039314544670474,-0.047674537280214306,18.208074529542827,0.5226557206937201,0.903588158060873,0.4814634453065827,0.30733062781576553,6.712552335117344,2645.697709227953,0.016,0.14625579773162992,0.35479078078524884,0.9596,0.0108,0.0,0.2600522894382167,5.0,1.8965114246715198e-15,2.1166422150351785e-15,1.167023932053112,0.024668737753674383,1.0
noise_only,20270241,0.00045979838707927703,0.02362317238648314,-0.0496165465121086,0.17993574792316824,0.05749769281961349,0.3698605846117715,0.37153910694102227,0.12063036199309753,-0.012647170631977294,21.476993042855888,0.5987200784972633,0.9202750584354762,0.4965813150081982,0.31054973302294936,6.816128395307929,5163.903725856716,0.0192,0.1870627150068356,0.30149349419740257,0.9856,0.0156,0.0,0.2742726052762794,4.0,3.522092645818537e-15,2.645802768793973e-15,1.192647481812758,-0.05051151375648572,1.0
noise_only,20270242,0.0005131714014683322,0.02152107690647838,0.0422844883380821,0.20456460305445184,0.044259456254925444,0.4106801539609797,0.31584204658937637,0.165156973270142,0.08044218687489675,20.164672492087146,0.5849556624394645,0.9167406276236223,0.5146795706343674,0.30453760687336623,6.750326106078399,5157.938200923742,0.0168,0.14529507569656167,0.38661008732762947,0.954,0.0112,0.0,0.2836123456272037,0.0,3.657557747580788e-15,2.5135126303542743e-15,-0.24982689550490364,0.03324905931774475,1.0
noise_only,20270243,0.00027909448116764394,0.020606973627881053,0.018551018811600126,0.13374927527645528,0.04220041013022634,0.35049517567474225,0.3093872405951361,0.13361178651133165,0.12460487183752414,7.628684141187225,0.595203276151835,0.9110927082707302,0.4900845753820973,0.32986883219825636,6.617369347390095,4857.768505110958,0.0212,0.10104531593377748,0.5311480370244672,0.658,0.0136,0.0,0.250789256990704,5.0,3.251162442294034e-15,1.98435207659548e-15,0.5824532720345008,-0.02295140089241745,1.0
noise_only,20270244,0.00033289243397438784,0.01946536435570959,-0.00571687854139407,0.1468568672950711,0.031070509868388246,0.36145994928598274,0.23130569856284372,0.1615939456008322,0.007009442764749881,13.01425054476022,0.5556016151396465,0.9162842058107795,0.5217964269333146,0.2830796594570601,6.704228239709835,4196.748781629212,0.0168,0.4429543580946047,0.3463504395023729,1.0,0.0096,0.0,0.2602736572849298,5.0,2.7093020352450286e-15,2.3812224919145757e-15,0.5102900255470737,-0.04053416292319777,1.0
noise_only,20270245,0.00044241827579950946,0.017942950814962347,-0.0024716027746725486,0.13966781186113386,0.03135124520643126,0.28971457826585667,0.2111279747244128,0.041479874752758196,0.0490892169915319,9.15383088195317,0.49673291772179645,0.8996508362544569,0.5397225981644562,0.2824272357496707,6.592491067043714,3143.0191067093356,0.0144,0.2999085012020413,0.3995754943980293,1.0,0.0064,0.0,0.26170054077246396,4.0,4.470348358154297e-15,3.3072534609924663e-15,0.29966954773528964,-0.0037417881298275235,1.0
noise_only,20270246,0.0006177064014934125,0.026082030528257374,0.03142347980224788,0.2661437987871669,0.05008530340191062,0.37500233696922036,0.37320047797410505,0.1770523816594882,0.02777364498650896,21.004866839057502,0.5723712800848685,0.937853146871364,0.4777378759922757,0.3742922637293572,6.883445425853714,2130.8813331515807,0.0208,0.6537189931498715,0.34686513544414865,1.0,0.0192,0.0,0.26244517760275654,18.0,3.7930228493430395e-15,2.9103830456733705e-15,0.4189346219229421,0.008056657175833919,1.0
noise_only,20270247,0.0006877403814718182,0.022150993674287717,-0.0006385074929956152,0.23594500801652118,0.04224623752311383,0.3455116619639618,0.27556965156005936,0.09519048800994355,-0.016589845648589834,18.05672887375845,0.600545226415443,0.919450176160567,0.49003362674988465,0.3325385074788389,6.829140215213072,2066.916865335537,0.0156,0.2459100114377812,0.3021282075415279,0.9996,0.0132,0.0,0.2544651406073508,9.0,4.3348832563920454e-15,3.1749633225527677e-15,1.6140865796661041,-0.06224472739549077,1.0
noise_only,20270248,0.00044940691190276924,0.019402954423288106,0.06101535503400479,0.15019641341706436,0.056375392069912364,0.2949356364732384,0.28555069069420325,0.14822668301144365,0.029772611395863218,10.821256194224622,0.5622020449918919,0.8982245611410079,0.5211096529502859,0.298120403071653,6.728391099103259,8214.569832352081,0.0176,0.12364697800872737,0.36641070080839155,0.0,0.0116,0.0,0.2755023368468634,5.0,4.7412785616788e-15,3.836414014751261e-15,0.7078490477053918,-0.02461892645824184,1.0
noise_only,20270249,0.0006944784700156483,0.02134574189658549,0.0011398586593367216,0.17907917069951823,0.04549040896402666,0.43561336845382204,0.36686952517375665,0.1805574350951261,-0.012347258592889829,16.642991377017164,0.5900816231280384,0.9241440707691284,0.5006903536185123,0.2974524400245796,6.806469435214304,6717.258420074582,0.0176,0.2251070635181659,0.36326240666034626,0.994,0.0124,0.0,0.24015484100247075,7.0,3.522092645818537e-15,2.645802768793973e-15,0.513788533692301,0.038470752646807015,1.0
noise_only,20270250,0.000623309677834834,0.024027203599710178,0.019857779867906256,0.1567179869546948,0.059057191726305344,0.34239211929159175,0.32745927906966416,0.1694475067728799,-0.025231955619554165,16.59020328865102,0.5962882754486715,0.9360310944286259,0.49650011645231684,0.3409671598249407,6.8763849905459775,3135.0687034790144,0.02,0.07889373185131074,0.3649098417008979,0.0,0.0152,0.0,0.24903552617492908,7.0,3.7930228493430395e-15,2.248932353474877e-15,0.41402504751539093,-0.03571720069994565,1.0
no_logit,20270201,0.00026251369684076947,0.022081373958589574,-0.04481566815337054,0.15626244406824596,0.029676739332604812,0.16870434600243964,0.18366161242574297,0.05602402452524792,-0.06903375196777532,1.549388582690482,0.29007748880442846,0.8599231254073457,0.44389851739509684,0.5546634844171445,7.196584024502987,7080.910653737961,0.01,0.07036970659348459,0.5071057344025326,0.0,0.0172,0.0,0.22672916905688711,0.0,4.470348358154297e-15,2.5135126303542743e-15,0.0594330661940434,0.0006149732016842043,1.0
no_logit,20270202,0.0008140266360436154,0.023064688965082684,-0.08023059547840816,0.15401155557354898,0.03563991094916874,0.20508533527563036,0.2148212172414961,0.09086429862647305,-0.043046032331688695,1.5608683559810554,0.1780229047095443,0.9288000408928656,0.38529138322861417,0.5898592144699695,7.355285713856927,5508.509487844214,0.0104,0.02795904873499584,0.2731345189653659,0.0,0.0204,0.0,0.1918395424221797,0.0,3.251162442294034e-15,2.5135126303542743e-15,-0.05370994785786743,0.05936506729984856,1.0
no_logit,20270203,0.0005786815854894314,0.02228477883639853,-0.02127361537250327,0.12668372255656585,0.03241396866838957,0.23958637515726616,0.24096882613834927,0.04383083959786738,-0.044625725360830745,2.375078860560575,0.26966861644586826,0.8997823444185181,0.41618119534618214,0.5708344353424383,7.220565812299758,2650.7449430792935,0.01,0.1410460001171991,0.3665953798429419,0.0,0.0152,0.0,0.20649482955515963,0.0,2.84476713700728e-15,2.5135126303542743e-15,0.009769299400630309,0.00890653103913278,1.0
no_logit,20270204,0.00045724579442743297,0.02358536132024764,-0.06806251930127846,0.1482046634904495,0.03689994847291468,0.27379334277013234,0.2624264229811332,0.1248128638393082,-0.05250442228695531,2.84752642041214,0.3103243608405499,0.8615606894519978,0.4210779062882256,0.5637308464262573,7.202679661568035,6769.626184835248,0.0176,0.05501565185915358,0.31761185816446913,0.0,0.0248,0.0,0.21750355559508083,0.0,1.625581221147017e-15,2.778092907233672e-15,-0.037762925603294695,-0.009831687832468818,1.0
no_logit,20270205,0.0003601748674236358,0.0225726677236831,-0.01455632152179615,0.1577711335848234,0.03058715320357263,0.21263177673766812,0.19954247734903666,0.060152331661321154,-0.06106753372559218,1.4545856843194986,0.2563425990451246,0.8822044855452316,0.44573974972982006,0.5877538723312444,7.225632255305492,6288.662000572157,0.0108,0.05175645915405356,0.3814914729152278,0.0,0.0172,0.0,0.22314241919042432,0.0,1.625581221147017e-15,3.3072534609924663e-15,-0.062152719550008666,0.007827607661386965,1.0
no_logit,20270206,-1.0665188121419078e-05,0.02297102332972291,-0.08536923099903429,0.10767681235326751,0.03252812397733326,0.21969732427912067,0.2178239859402192,0.0281548329613976,-0.05275491266900825,3.259876509881228,0.39557533447468474,0.8455124054732998,0.40591230146831836,0.5768760479214464,7.194082793845901,25921.70201306495,0.0116,0.042738440762889573,0.516160614526443,0.0124,0.0244,0.0,0.20932161675421979,0.0,3.3866275440562853e-15,2.9103830456733705e-15,-0.131054210490879,0.011665597775231061,1.0
no_logit,20270207,0.0007759717912488914,0.023032336809126766,-0.05039329693075737,0.15863877663402934,0.03592320091195477,0.237950361923761,0.2611691337087186,0.12018414250802406,-0.046271355661366864,6.181088672196276,0.2897721557378442,0.9280299744780673,0.4533585326006885,0.5353164944642266,7.109782225306115,3067.237914265627,0.016,0.17038120112835922,0.26268522256655724,0.0,0.02,0.0,0.22185874464675548,0.0,2.4383718317205256e-15,2.5135126303542743e-15,-0.16429487052677322,-0.004268668648278807,1.0
no_logit,20270208,0.0005674451013556361,0.022091647608167016,-0.06834813231518154,0.13125135125246473,0.037862227685492446,0.21543015634547763,0.22835584294376166,0.010468844660828267,-0.04046131677295171,2.0155068064385118,0.2338304057724479,0.9075987691069264,0.41315409617295484,0.5863287818462005,7.054671395945504,5429.755183150611,0.0108,0.09037389336635102,0.2872945181966434,0.0,0.0168,0.0,0.22732383961857772,0.0,3.1156973405317828e-15,2.3812224919145757e-15,-0.09689744634590036,0.0391842010577311,1.0
no_logit,20270209,0.00046416428576797204,0.022180216509272915,-0.011367531042526224,0.12986291188760124,0.031289025380290277,0.17561427160149443,0.18352764752964904,0.06139094937382764,-0.030029859615844975,2.8268259205284902,0.216411490606417,0.8973132471072311,0.4494173539032301,0.5657246834807368,7.136408310766062,3695.2872604882778,0.0108,0.10385595057635914,0.30181869494783986,0.0,0.0144,0.0,0.21455857548032675,0.0,2.302906729958274e-15,1.98435207659548e-15,-0.15646140615864013,0.019671575375767626,1.0
no_logit,20270210,0.0005147620811364253,0.023015305807654297,-0.03950611341836892,0.18534741228121157,0.03372775154509375,0.21473863600277637,0.20540459304974376,0.07033655475856176,-0.035698775854723586,1.9762788009998884,0.2803878080416176,0.9117223695613723,0.4467392530992345,0.5873627625918745,7.287356004425826,4191.74483290696,0.0112,0.113930653462397,0.30542710384300265,0.0,0.0212,0.0,0.21873819106588233,0.0,3.1156973405317828e-15,1.7197717997160825e-15,-0.005205917738256636,0.011046620204218198,1.0
no_logit,20270211,0.00018834245117644457,0.021925217378657234,0.009106963946527092,0.12284628591275792,0.03050360349285246,0.21057942174822958,0.19895823736211712,0.07898214499443874,-0.0791474501985303,2.517955558118966,0.2581280818598705,0.8900869643625575,0.46609311322693225,0.5661119959539375,7.147945376712866,5856.097516993555,0.0116,0.060620453893755824,0.5212928022750862,0.0,0.0156,0.0,0.24060691119351474,0.0,4.7412785616788e-15,2.1166422150351785e-15,-0.07215388469460765,-0.008735825767623141,1.0
no_logit,20270212,0.0004725209974988431,0.022297664749399048,0.01064037569041625,0.19765537567231842,0.03473021621380911,0.20710218590381324,0.22134351102705638,0.06617557982608613,-0.05451853522726245,4.654925405935553,0.23919749023925396,0.9205316526808418,0.4408638741382078,0.554295277853757,7.19193764414728,5463.6237378316755,0.0112,0.11484998004368169,0.3088909375708331,0.0,0.0172,0.0,0.21910653568901362,0.0,2.302906729958274e-15,3.439543599432165e-15,0.18684685225402017,-0.0008611155709448892,1.0
no_logit,20270213,0.0002974139221846066,0.02141574775749306,-0.05938272557370768,0.1155146123987222,0.026389589314754096,0.17011276431715594,0.17363434608150838,0.009999708591373098,-0.0429109835732079,1.4700164261301092,0.237572325928151,0.8462459390667937,0.40182037500863205,0.5783806239750512,7.124462440721685,13152.0339702495,0.0084,0.0204992648956431,0.31346667130483086,0.0,0.0128,0.0,0.22935699097746776,0.0,2.84476713700728e-15,3.1749633225527677e-15,-0.15284689329524587,0.0051770520578352155,1.0
no_logit,20270214,0.00021033739010677975,0.022126121044061465,-0.03678780807315745,0.1398123790588184,0.029804796442494914,0.20980247377546507,0.2114525425447138,0.05105426015337046,-0.030065305120432314,1.9825250292904526,0.32899776663703534,0.8619422242294622,0.40476945944737286,0.578259798136016,7.142326815972645,11744.830742844037,0.0156,0.025850788532565547,0.5312009400592095,0.0,0.018,0.0,0.21842924360847182,0.0,2.302906729958274e-15,2.645802768793973e-15,-0.060548569432617445,0.010476858903933415,1.0
no_logit,20270215,0.0005038194088144592,0.022751711607855878,-0.11363350506733302,0.14380861855687296,0.030033920333966502,0.23919156739562833,0.2156075400475824,0.05637756404426217,-0.0652204924059785,3.181106969801278,0.2999631302381315,0.8869504679113771,0.39969372040700946,0.5624918643104757,7.1307375906048724,4182.559952586566,0.0108,0.03225636691459266,0.3812986607862855,0.004,0.0188,0.0,0.1711021015916987,0.0,3.7930228493430395e-15,1.4551915228366853e-15,0.030270388344221136,0.06640320159753373,1.0
no_logit,20270216,0.0008210531246379062,0.02142346629660724,-0.05755619528304917,0.12567335986178543,0.02805329764375066,0.1787929840198352,0.1690473003852573,0.08323151298422597,-0.02963114072569041,1.3992477952851798,0.1476070779564602,0.9278457577862103,0.43177973833590405,0.582365400044334,7.090199284972988,2425.6883398754067,0.0104,0.1346524583738673,0.23863650517004664,0.0,0.0156,0.0,0.22677536323996228,0.0,2.0319765264337714e-15,1.8520619381557813e-15,-0.13077269646316822,0.03763248428691941,1.0
no_logit,20270217,0.00032486927381336487,0.022399904222830395,0.013224154205769369,0.1879769662480309,0.0317014087641036,0.21394447550997658,0.22001692120940797,0.1402704927225142,-0.058842228816127835,1.8440105562336848,0.28855577909770164,0.8878640157241271,0.4298485094641971,0.5814430875999079,7.226611046765898,6262.6824434339205,0.0116,0.06238133445393479,0.3250400500799667,0.0,0.0172,0.0,0.22247766596290064,0.0,1.625581221147017e-15,1.4551915228366853e-15,0.0013222172339842416,-0.029516117627553937,1.0
no_logit,20270218,1.0279151735889513e-05,0.0225712740042216,-0.06446702464869727,0.1312575853127075,0.0335903101524781,0.2119896091667577,0.19024657626361777,0.11746459052493927,-0.07480993970963053,1.9346601241743056,0.35218409912450044,0.8007854078723886,0.4134619976618862,0.5762992987499266,7.237660818158908,8227.56688346695,0.0132,0.027757579080959455,0.49814053290097426,0.0044,0.0152,0.0,0.2184945426268028,0.0,6.908720189874823e-15,1.8520619381557813e-15,0.09168638662604219,0.05636885921431728,1.0
no_logit,20270219,0.0004366013940082169,0.022493185586141797,-0.027355841008543963,0.15435055199986947,0.030467765971181206,0.2062999384572711,0.2177330586092289,0.04815879851672719,-0.03761895206136301,1.6532742315520892,0.2534346322424209,0.8994296880101358,0.4422229526689696,0.5843486311605677,7.219605723190053,8529.082125193989,0.0104,0.03855588914624583,0.32770110938033936,0.0,0.0152,0.0,0.2425324565415221,0.0,2.84476713700728e-15,5.1593153991482476e-15,-0.042407250557037146,0.04010597377499796,1.0
no_logit,20270220,0.0003387940130957119,0.0226284543261365,-0.06946910995301207,0.1704564762142597,0.034843353980692465,0.2807324531747897,0.26972969345545217,0.1010303516284499,-0.09518683832054425,2.6959667778833456,0.324591334257946,0.8943593042732394,0.42280226673263044,0.5528294878095223,7.162175247561629,6561.610855702703,0.016,0.04639890671455638,0.2774047572845969,0.0112,0.0228,0.0,0.2010350372206866,0.0,2.4383718317205256e-15,1.3229013843969864e-15,-0.09850716673145246,-0.013071982725973121,1.0
no_logit,20270221,0.0005468419244460993,0.022117246040158592,-0.06682005538775823,0.12336578856405384,0.031088355757041424,0.2008374734461101,0.19620566620351118,0.028107296820055087,-0.06866174879775264,2.2281285371769677,0.24612563391090234,0.8831878788252872,0.41592882376935814,0.5661725060688464,7.155093640963799,5153.009721819787,0.012,0.06092962087701644,0.2551169294391292,0.0,0.0148,0.0,0.18810024855877483,0.0,2.302906729958274e-15,3.3072534609924663e-15,-0.08751153708322726,0.03997676065124404,1.0
no_logit,20270222,0.00013496393511834234,0.021615997230814855,-0.057273723763485225,0.09626576384027548,0.02791839740971459,0.16133791637154976,0.15429443182713168,0.004671702072259247,-0.024920177339926828,1.110819390244382,0.3038933885478099,0.8031659539299492,0.41164287673735744,0.5812103784981558,7.082227219115121,8740.243440807119,0.0096,0.084917805564758,0.5892270504430428,0.2968,0.0128,0.0,0.2117489826329384,0.0,5.147673866965554e-15,1.3229013843969864e-15,0.014721114413505177,-0.03409363867730331,1.0
no_logit,20270223,0.00023064227443890176,0.021846218921288862,-0.03174484636895142,0.13565719420163702,0.0332642676473858,0.1689368525492755,0.20241704280967518,0.08952261198463823,-0.0962938564580737,1.5051587876365078,0.2721522516060952,0.8581911072202437,0.43158579150040344,0.5752395733383024,7.151460323739013,3922.0881367941424,0.0116,0.07645616381517768,0.41777941755769654,0.0,0.0164,0.0,0.21567662375386387,0.0,1.625581221147017e-15,1.98435207659548e-15,-0.11025948813330849,-0.0011006134541941713,1.0
no_logit,20270224,0.0007344740672021597,0.022042278656886103,-0.06991117578406071,0.10764330490883449,0.031126235032107086,0.16436130325145717,0.21527966834081722,0.06344720320901981,-0.018143792174887333,1.9321684453279326,0.1822911507734112,0.9213842051759078,0.4182151775450663,0.5644640881614363,7.136754331568604,4880.220027069661,0.0124,0.04448809836699748,0.2486500918257487,0.0,0.0132,0.0,0.20685786799381112,0.0,5.824999375776811e-15,2.1166422150351785e-15,-0.12808801448455526,0.005050687691305931,1.0
no_logit,20270225,-2.686389162520335e-05,0.023490795295338488,-0.07911759665685908,0.1414886516285269,0.035816677872923496,0.23222523074098142,0.24805550829586479,0.10266322686358488,-0.07195341144083785,2.19032186033699,0.4057109490816134,0.8354801595164539,0.4208096951163395,0.5667581271388844,7.3094781831660365,6139.868716695206,0.0136,0.05916942829639712,0.4811260132030496,0.0,0.0192,0.0,0.22676447974568892,0.0,2.1674416281960227e-15,1.98435207659548e-15,-0.05513907475203132,0.03220174547645166,1.0
no_logit,20270226,0.0005782330677839382,0.02257318426958767,-0.058036228675802076,0.15323442852415523,0.03256279158522893,0.22451589143169767,0.20153766731194792,0.05665583384013574,-0.026451317512754306,1.9260287301759398,0.227558397453022,0.914351325240502,0.43308677861179196,0.5825396709939131,7.1803203401920035,3423.607829750371,0.012,0.07504937357205405,0.26094015974413887,0.0,0.0176,0.0,0.21587635422691775,0.0,1.8965114246715198e-15,3.1749633225527677e-15,0.017262172179807703,-0.020874211516441556,1.0
no_logit,20270227,0.0002606675219202419,0.022568362914981585,0.0028963872377759247,0.13208342061590708,0.028611884767516343,0.17282573297405915,0.22197281108681402,0.06482989803653795,-0.061489686035572096,1.8489026729831206,0.2844376616073023,0.8676753186135452,0.4424190515042742,0.5884723947333771,7.223850856641799,5393.813297157842,0.0112,0.10135744314553742,0.31313268806100514,0.0,0.024,0.0,0.22928832505937713,0.0,1.8965114246715198e-15,3.96870415319096e-15,-0.09472974092985359,0.05066177414653948,1.0
no_logit,20270228,0.00016414757901215537,0.022937974998002215,-0.02506837306079246,0.1296991355286314,0.033463069306535795,0.2082897865774995,0.23551859772376463,0.04671421999286152,-0.06454832611178657,1.9615078934155958,0.3424016469563048,0.8583120608426797,0.42028964709974587,0.5648240295200517,7.218795349534183,5087.142014015589,0.0144,0.10928675274001812,0.377303456176487,0.0,0.0192,0.0,0.22261135219789652,0.0,2.0319765264337714e-15,2.248932353474877e-15,-0.07692915047972462,0.023096991893592156,1.0
no_logit,20270229,0.0005370288643467511,0.023501737197322937,-0.049061525519293304,0.15846232830572374,0.035873425163167216,0.26498542421516963,0.2395290137128582,0.12708919416748188,-0.012047614024473813,2.2680173953472655,0.29253775194140696,0.9000148053938084,0.422920558555119,0.5718066298762771,7.245947916602262,6949.649660913061,0.012,0.043333442304443755,0.2837093014723986,0.0348,0.0204,0.0,0.2087142337477763,0.0,4.063953052867543e-15,1.4551915228366853e-15,0.12283536701616936,-0.02077702678957174,1.0
no_logit,20270230,0.00048335167310701335,0.022665710546837404,-0.021938230707209638,0.15436319802451487,0.03205688117520149,0.1848594653794932,0.23765450236878397,0.04961775886449694,-0.055110687720350944,2.7144108927908652,0.3036789559725381,0.9098957967521911,0.42487066819829045,0.5674332660747312,7.135847076679579,7444.215223760729,0.0116,0.03462378973060699,0.4088097902440124,0.0072,0.0156,0.0,0.2122836629352498,0.0,2.4383718317205256e-15,2.9103830456733705e-15,0.1303015236883929,-0.02779014492629421,1.0
no_logit,20270231,0.0004628239099224235,0.022793995584393746,-0.0731693702552848,0.1301100620844612,0.035034511400370213,0.20280332433779955,0.21428172769387374,0.08250708181139008,-0.06808614225193087,2.3429965092711926,0.2532280569846685,0.8871394568041996,0.3788613639880542,0.5858580450028177,7.252244625415088,5274.420896141871,0.01,0.02437649273115324,0.2582346103242952,0.0012,0.018,0.0,0.19161437658940028,0.0,5.960464477539062e-15,1.7197717997160825e-15,0.0822417556741728,1.4246511303803755e-05,1.0
no_logit,20270232,0.00023556503097372925,0.02233281513339937,-0.07413248518426598,0.12865125219659065,0.03236079543028808,0.25172348124303806,0.19682851550533562,0.06293032134016341,-0.06781408375933902,2.3986334981508266,0.36030785084732314,0.842802611141197,0.436524718616669,0.5555866929532598,7.120656207109811,8091.202699158978,0.0148,0.02519340121966651,0.40268792990526203,0.0,0.02,0.0,0.21366766220043076,0.0,2.1674416281960227e-15,5.820766091346741e-15,0.05074987361452563,0.0006726781301932962,1.0
no_logit,20270233,0.00048091349609944806,0.022018024269863264,-0.04343340082770773,0.17726028578982467,0.03451767007250145,0.16661329048375567,0.2028352040932916,0.09743844267304354,-0.06031720820554907,1.667832692112075,0.33577646595780053,0.8781936184418954,0.4314572915944059,0.5707321789371387,7.171913083189931,3709.7342266297296,0.0104,0.19015066952695048,0.34714693629416704,0.0,0.0176,0.0,0.2255604543780716,0.0,2.573836933482777e-15,3.1749633225527677e-15,-0.00029322723032937576,-0.029694417687710667,1.0
no_logit,20270234,0.0004657312081244168,0.02240327608065949,-0.015681417832990055,0.09929114686592488,0.03197523907029631,0.19809032763121406,0.17793130186360978,0.05195449321817793,-0.05495571099270548,2.9150838834704516,0.3096375088218315,0.8759958273493739,0.4498564025229509,0.5597510805243341,7.121368151115341,3502.933581941655,0.0116,0.050639290204323506,0.5098845793627824,0.0,0.0172,0.0,0.22101268591167988,0.0,1.4901161193847656e-15,2.1166422150351785e-15,-0.18739996430992248,0.030494199983687575,1.0
no_logit,20270235,0.0004133996199997192,0.022502705788990943,-0.019960137153576592,0.16155269344287718,0.03663014818268885,0.21007776978058068,0.22493991038825464,0.03544183382166458,-0.08384690262940203,2.189923235086468,0.28129643053413367,0.885213122723229,0.42327983147946996,0.5696148729086529,7.23212817591724,4635.628292186554,0.0124,0.14012578945773535,0.41209225575671127,0.0,0.0184,0.0,0.21975033590655224,0.0,1.0837208140980114e-15,4.497864706949754e-15,-0.05864750101271534,0.021233513963064783,1.0
no_logit,20270236,0.0004059599748682455,0.022760181436958776,-0.1128268123363876,0.12186596681973513,0.028777021687868644,0.23283586200288778,0.25765644416385053,0.09238327552521497,-0.08954114953349246,2.583552781136273,0.32871865201380784,0.9151037052391323,0.43800508216785033,0.5492410087245927,7.228654136200598,3448.526756011045,0.0108,0.08961768472971644,0.31096773526807375,0.0,0.0196,0.0,0.21013524845699494,0.0,2.0319765264337714e-15,2.5135126303542743e-15,-0.019273492942940448,0.0011981994038472647,1.0
no_logit,20270237,0.00034073675778222923,0.022064893695469705,-0.04536724243570918,0.1241624993328391,0.03152202764526686,0.20496601692970545,0.20006803479344,0.07256310286557591,-0.03732444068836279,1.0743786672396283,0.2886095518997988,0.8646606448467292,0.4260800526596925,0.564790059119,7.210104790545738,11846.426434490493,0.0104,0.04602671690236392,0.4844384634698673,0.0132,0.0136,0.0,0.19478451435961563,0.0,3.251162442294034e-15,2.3812224919145757e-15,-0.031667506861063933,0.050969519704168374,1.0
no_logit,20270238,5.349334596440123e-05,0.02275451722637896,-0.05132317332569821,0.17662195081080184,0.030184840790553297,0.22578444475429627,0.22918410815914253,0.0899572953050849,-0.04404136884944232,2.5173391353104364,0.36949728881490923,0.835135219930321,0.4223588770319754,0.5759724474170227,7.125879446814728,10168.037182177517,0.0128,0.055976421840496934,0.44909939054049175,0.0332,0.0176,0.0,0.2298474514356772,0.0,2.4383718317205256e-15,3.3072534609924663e-15,0.024954129456308607,-0.009869707951578908,1.0
no_logit,20270239,-5.73380344705118e-05,0.022831422733816224,-0.0726679181028088,0.13042840856539323,0.03284613812759481,0.24382763873772892,0.2187099136003516,0.06832514095517218,-0.04303870860841655,2.2099831263531486,0.3866235848218012,0.8182917473923129,0.3779045401581762,0.5738995087274964,7.147059188872532,9390.53848344175,0.0116,0.020159246392851115,0.49547861025507467,0.0008,0.0192,0.0,0.22953344938901465,0.0,3.1156973405317828e-15,3.439543599432165e-15,0.10325787473368044,0.024709104085102497,1.0
no_logit,20270240,0.000675951163479317,0.021365998962932193,0.010827051064089606,0.15035859810823382,0.02879505695876964,0.18123692564960145,0.185022166671967,0.043154915649896264,-0.03166239751240882,1.815430867643288,0.20857098005947644,0.9362897795090886,0.4378598393156904,0.5779572078101034,7.130899898806639,3398.0104066504227,0.0084,0.1794129500708476,0.3466543337586885,0.0,0.0116,0.0,0.23264769822422005,0.0,4.3348832563920454e-15,1.8520619381557813e-15,-0.12096036760111101,0.008464556178378636,1.0
no_logit,20270241,0.0004938537864313595,0.021555030135778683,-0.037278978638033505,0.1279893569416954,0.024382154128541597,0.22749810101583642,0.20962887032730448,0.04445373420972051,-0.013023087501273579,2.1321779661520788,0.3408869047815478,0.871439559675127,0.4146129065242675,0.5581604357440375,7.083363679597092,5786.402261908399,0.0128,0.044672861811407366,0.3259556226834289,0.0196,0.0156,0.0,0.1624751285615944,0.0,2.0319765264337714e-15,1.98435207659548e-15,-0.09622886774863568,0.016450239595683407,1.0
no_logit,20270242,0.00046558663976083603,0.02316675042477762,-0.030366519642292,0.18553830612283795,0.0289883787037793,0.18347842548961343,0.206070835442304,0.09537577282505066,-0.017809207730392046,2.340590239348054,0.308541191053569,0.8846153983337424,0.439208526725653,0.5788969980149178,7.324462940309762,5856.298995901823,0.012,0.03424072972496782,0.2982251659206938,0.0,0.022,0.0,0.22042364942257975,0.0,3.522092645818537e-15,1.7197717997160825e-15,0.09939215142207022,0.03002141275127611,1.0
no_logit,20270243,0.0002635556220870072,0.02261294708942405,-0.025011012187401958,0.13923137281395478,0.03341170634333039,0.17804919385680418,0.18983819299114288,0.04021269665732385,-0.03298248693729952,1.8199979309763261,0.23677912297503675,0.8808498790453988,0.43041934488557587,0.5756367517380938,7.1931923109868805,5171.818419185927,0.0096,0.02651107342515315,0.5278622479538166,0.0,0.0164,0.0,0.22076033411280505,0.0,1.625581221147017e-15,3.042673184113069e-15,0.18382537645207844,0.02403596098563315,1.0
no_logit,20270244,0.0002943912663506644,0.0223476070358769,-0.02397497708903511,0.1745224085339276,0.039855763749223644,0.18683248600562746,0.23746119583274375,0.07493552970258917,-0.021084380725858977,2.8130943211963952,0.32714176947376084,0.8724564610570261,0.43173461120909234,0.5672524961470746,7.109392772302725,6963.870848286122,0.0132,0.09403797938974874,0.3961929368364666,0.0,0.016,0.0,0.22836683406949887,0.0,1.0837208140980114e-15,8.73114913702011e-15,0.05755091360292944,0.0018552689239497563,1.0
no_logit,20270245,0.00038231430284176574,0.022371032538662874,-0.0419552962802224,0.15928008604470126,0.04047423373295515,0.22996998872265775,0.22840537873535194,0.07091704803268828,-0.016101129724068852,2.9427574318466974,0.3070034608093436,0.8631433611996296,0.4605976620554572,0.5529029608258691,7.1540340660209045,4366.033628336829,0.0136,0.06567881700755882,0.3740897525110094,0.0,0.016,0.0,0.23819383746606482,0.0,2.302906729958274e-15,2.1166422150351785e-15,-0.042330360777603826,-0.006477272566826909,1.0
no_logit,20270246,0.0005682075927268108,0.02267742194513346,-0.02779448472784632,0.1359743660889661,0.045676556620375605,0.18092108346193134,0.2069954841536413,0.04535242627758802,-0.05243519182345153,2.8222713861827504,0.23095890608523367,0.9121908393160993,0.42672464241017805,0.5760797480594213,7.204608216728629,4336.961109555498,0.0112,0.1404838741317375,0.26590975377944126,0.0,0.0164,0.0,0.23836369155931214,0.0,3.7930228493430395e-15,3.439543599432165e-15,0.18273900458463882,-0.028358816113841518,1.0
no_logit,20270247,0.0005832469443962954,0.022450359393822755,0.02379585874359625,0.18641646452907357,0.03396332639268506,0.2360818745537228,0.2416298422130527,0.09318312156955492,-0.05431167976662607,2.814027564180722,0.273357600365746,0.9083036665012617,0.4305423832163753,0.5709721727842828,7.151038521495909,3042.0408984993173,0.0124,0.20337856429888615,0.2527794383498837,0.0,0.014,0.0,0.24136791033860083,0.0,4.605813459916548e-15,1.8520619381557813e-15,-0.0758182819352056,0.01985980838866873,1.0
no_logit,20270248,0.00035035978915631176,0.02242264434057859,-0.04153135571062885,0.13322274971660128,0.03857319797754896,0.23441923713439797,0.2572404467875243,0.07353773380918426,-0.07483613145772233,2.8796615536246595,0.3212576015442977,0.8697283374056891,0.45612985303324066,0.5599380707357586,7.211257553472756,7909.205481689815,0.0132,0.12450805296477374,0.32068642778433587,0.0,0.018,0.0,0.22353368080488534,0.0,2.0319765264337714e-15,5.556185814467344e-15,0.11914845213034257,0.0032203389790483625,1.0
no_logit,20270249,0.0006725155239978949,0.022508040868946054,-0.05781379082653568,0.1609615741297386,0.03667767808675558,0.17517687283388142,0.16722306487728542,0.08286484362154505,-0.004764363625045608,2.331339640399336,0.2732982599739242,0.8810348334052059,0.40581429334635016,0.5738441649021334,7.214598396464294,7971.38502081524,0.0136,0.022934134234800264,0.37585557031965267,0.0052,0.0176,0.0,0.1828038937613048,0.0,3.7930228493430395e-15,1.4551915228366853e-15,0.08881581111610982,0.027330452324752376,1.0
no_logit,20270250,0.0005647731289543415,0.021959663902123557,-0.02648077922964544,0.12201865342516639,0.032364089338334345,0.20038191114885354,0.20721661794188712,0.04127802230866105,-0.05925742236132839,1.3342449176476903,0.20906320030892203,0.8991468384034542,0.41935818805894925,0.5794297513975308,7.166315967036546,3095.537406001892,0.0096,0.12946716106822406,0.36457311321895036,0.0,0.0172,0.0,0.20879944984061338,0.0,2.4383718317205256e-15,2.1166422150351785e-15,-0.05767358358309645,0.014635058454455873,1.0
no_activity_persistence,20270201,0.00026446857040016527,0.022130095350672445,-0.05070290523462514,0.1558400697732353,0.029146777700346703,0.16021511567642777,0.1800752222859049,0.04937345896542557,-0.06730595343666584,1.5104119783468954,0.28212991563115086,0.8544046432215512,0.4361410285582778,0.5595717881641508,7.204745415292168,7045.46185042704,0.0092,0.06766334721976683,0.5042356879755029,0.0,0.0164,0.0,0.22853712653136493,0.0,1.7610463229092685e-15,3.5718337378718635e-15,0.0423075896979164,0.0021590512958500905,1.0
no_activity_persistence,20270202,0.0008132899958818335,0.023166243019704404,-0.08125193350413613,0.15502010063005903,0.034546540517305754,0.2132750632940021,0.220676721469467,0.08760367819497335,-0.048593832988339115,1.7147603068401782,0.18250609890027142,0.9288248790444951,0.38553677277859805,0.5869623362588399,7.353775113298275,5529.638954904932,0.0108,0.02852645778694498,0.2838952561489271,0.0,0.0204,0.0,0.19444195349040116,0.0,2.84476713700728e-15,1.3229013843969864e-15,-0.0311678108056072,0.06650560700246302,1.0
no_activity_persistence,20270203,0.000577676445418004,0.0223639097238604,-0.029063690156526083,0.1252256526799643,0.03255228801112227,0.24920600936341436,0.24913570844707109,0.04350780607605567,-0.0496568415307597,2.409157880629115,0.2765826243435461,0.8996114301173769,0.41852267699037926,0.5686380707996621,7.214107304115169,2649.5439605151732,0.01,0.13767643201459562,0.3675187962243798,0.0,0.0164,0.0,0.206073146394824,0.0,3.522092645818537e-15,2.5135126303542743e-15,0.019380712126541196,0.007909793403257025,1.0
no_activity_persistence,20270204,0.0004523254332284395,0.023462099502617344,-0.062159871643517835,0.1515182029553912,0.03690222687425889,0.276600247120667,0.2572800290522621,0.11071534217285121,-0.047881205641922824,2.7733158333362242,0.3131156949381734,0.8603233069507135,0.42703541627114844,0.5633120445772517,7.203651700755675,6783.060988557473,0.018,0.06043937741598818,0.3235110762377863,0.0,0.0232,0.0,0.21970824875167216,0.0,2.4383718317205256e-15,1.8520619381557813e-15,-0.04667358196023993,-0.014917953918043653,1.0
no_activity_persistence,20270205,0.00036389184823243,0.022602567690100387,-0.01758031095784213,0.15508165761557255,0.031320330267170134,0.2044878674753898,0.1875073335360803,0.05423428233412258,-0.05653829414732115,1.316495033021841,0.24631587917143585,0.885385659593475,0.437335270122101,0.5947925209999543,7.230162266676389,6234.523430785269,0.0108,0.04553571512558998,0.3858988146915283,0.0,0.0168,0.0,0.22278340403304298,0.0,1.7610463229092685e-15,4.365574568510055e-15,-0.031980645674560416,0.004205872392467666,1.0
no_activity_persistence,20270206,-1.2587960632362893e-05,0.022948256250290632,-0.08210099150046168,0.10879396132493341,0.0332625208778994,0.22046370003267834,0.22050127651717183,0.02247346199730672,-0.04921384374696447,3.401537080119894,0.3950491700478119,0.8435830308243583,0.40690441909876596,0.5750741852759081,7.178873700088566,26032.03832989191,0.012,0.04039047758390088,0.5169287546180146,0.008,0.0248,0.0,0.20897069894039033,0.0,3.7930228493430395e-15,1.3229013843969864e-15,-0.09431526085290405,0.00894451097036911,1.0
no_activity_persistence,20270207,0.0007746195314696468,0.02300944175360882,-0.05343013654812895,0.1586810254354358,0.03516367398223163,0.22881329501797432,0.25947693628954194,0.1175402888864425,-0.04605335917462002,5.971315893423215,0.2876630837026438,0.928186088845452,0.4458091402750219,0.5417036201087885,7.116386110311335,3061.7170330804424,0.0152,0.17204069724177157,0.26427453875346474,0.0,0.02,0.0,0.22292671453936053,0.0,1.8965114246715198e-15,1.4551915228366853e-15,-0.1846301376585975,-0.003344915473056584,1.0
no_activity_persistence,20270208,0.0005670751307993694,0.022109777781223944,-0.06700954712262845,0.1363960673519266,0.037777362813089764,0.21505909874125387,0.22759373033671432,0.012090307730617632,-0.03714657821871116,1.9953348879596042,0.2345695596629851,0.9072710335382448,0.4156090854330261,0.5856872849641884,7.061441868446524,5436.8047429016215,0.0104,0.09220962102845365,0.2867480535346455,0.0,0.0172,0.0,0.22728789909806446,0.0,2.4383718317205256e-15,3.1749633225527677e-15,-0.10764861202488087,0.039144431797550554,1.0
no_activity_persistence,20270209,0.0004684017851877108,0.02221280117117365,-0.01163818602549664,0.13467705840739522,0.030233944114906885,0.1734083680659558,0.17803742151417737,0.0642194447810426,-0.03346354529938403,2.697294364208097,0.21483876075938232,0.8971312796349477,0.44530522649867277,0.5693949226234336,7.148038630249252,3663.518815923293,0.0092,0.09746794061670103,0.3040170061204617,0.0,0.0148,0.0,0.21368939269668163,0.0,3.251162442294034e-15,3.96870415319096e-15,-0.16099379331094757,0.02452024527826219,1.0
no_activity_persistence,20270210,0.0005173172506717236,0.02297615901614895,-0.03980316315873656,0.18770236066194443,0.03252843348941552,0.21242968939756876,0.20401850626968349,0.061305624868999334,-0.033177604180563175,2.056313098913302,0.27333955589238207,0.9117350519982912,0.44613875009319215,0.5880921800455245,7.272493784692202,4174.767034410305,0.0108,0.10794976993891285,0.30522579280315265,0.0,0.0216,0.0,0.21663373246307227,0.0,1.3546510176225143e-15,2.778092907233672e-15,0.009071707951825329,0.013988509775854648,1.0
no_activity_persistence,20270211,0.00018629101498256908,0.022046869344855884,0.013320261026280807,0.13108615922775924,0.03201848622952967,0.21802213394196393,0.20410593506356392,0.08231666263561284,-0.07773576315652943,2.6843271195896152,0.2699552328316004,0.8908798379073777,0.46625473912206744,0.5632666507447772,7.155178220550749,5891.332179721394,0.012,0.06702845077869429,0.5226043778612885,0.0,0.0144,0.0,0.2418531721497048,0.0,2.302906729958274e-15,3.96870415319096e-15,-0.07088028914031377,-0.010323085362886123,1.0
no_activity_persistence,20270212,0.0004777903813390896,0.022307328450827113,0.007989338258307182,0.19399387128687418,0.03304494655827438,0.20252711924664885,0.21565753552244557,0.06619877023783909,-0.05532401072262908,4.138307612540218,0.24467553840546064,0.9195885792221631,0.43434975278990245,0.5599973047300686,7.20497806449348,5411.356148255439,0.0104,0.1038396187813562,0.31232625554945914,0.0,0.0172,0.0,0.2186276315517608,0.0,3.657557747580788e-15,1.3229013843969864e-15,0.13217692764323774,0.001496674321216805,1.0
no_activity_persistence,20270213,0.00030086782946003334,0.021398520902021392,-0.05236648164668671,0.11977748169520493,0.027310808933021975,0.17000555258939115,0.18670236425549133,0.003126757518579146,-0.05497730343561112,1.557386406983798,0.23925635280964191,0.8472438969690622,0.40925105299373904,0.5749587875630011,7.121603253829717,13077.078823496215,0.0104,0.01917803665149636,0.3138630919678992,0.0,0.0128,0.0,0.22680346120882566,0.0,3.522092645818537e-15,1.3229013843969864e-15,-0.14961968992166758,0.012011630969795649,1.0
no_activity_persistence,20270214,0.00021096185404413605,0.022135019549287555,-0.03857526119721572,0.13802375342493922,0.030311814992661952,0.20857319620335718,0.20832515344675934,0.048159776090225336,-0.03440099805354782,1.7841958859328635,0.329049656934794,0.8604555835324447,0.40224001506036794,0.5814388145831015,7.151843421643951,11686.61030411818,0.0148,0.02458561207958869,0.5327586608273334,0.0,0.0188,0.0,0.21961724618622935,0.0,2.1674416281960227e-15,2.645802768793973e-15,-0.04479169651784276,0.005839995099511377,1.0
no_activity_persistence,20270215,0.0004992403699229967,0.022780258771400483,-0.11626369262101238,0.1461720243159148,0.030431453507500872,0.23662026795363583,0.21123455396260699,0.05426764532016677,-0.057951059313888734,3.2364249476793487,0.3014838019004156,0.8859835349677792,0.39880438856874995,0.5640408532727669,7.122560733254931,4223.235214339949,0.0116,0.0254154358414217,0.38072599000709695,0.0024,0.0184,0.0,0.1791572642298207,0.0,1.0837208140980114e-15,3.3072534609924663e-15,0.005537890864127684,0.06974015604165043,1.0
no_activity_persistence,20270216,0.0008150935275832549,0.021414280069327565,-0.05078431319603954,0.12747890456315517,0.028065953381198126,0.17727683661481008,0.16683787612065945,0.08723140238684486,-0.025209488360734507,1.291261963729669,0.14300949024143447,0.9245404964935929,0.42991435563039493,0.5848785665881963,7.086574148527017,2447.962491798874,0.01,0.14529737046850041,0.23316913893397595,0.0,0.0148,0.0,0.22943244630373139,0.0,2.7093020352450286e-15,2.248932353474877e-15,-0.1301047414591389,0.03820291925141973,1.0
no_activity_persistence,20270217,0.0003212820306293953,0.022574668254152025,0.00792724151296176,0.18878689544368785,0.031324436180410704,0.22127669448762874,0.2310348456298313,0.14184314367571244,-0.06941503886447886,2.1061075447513007,0.3031431616324344,0.889321205659523,0.43073674054136785,0.5777996662840293,7.231788158330761,6276.761730009387,0.0124,0.06270572738658925,0.3273899715644383,0.0,0.0168,0.0,0.2236041238508506,0.0,1.3546510176225143e-15,1.98435207659548e-15,-0.006676065752603549,-0.026434811596923877,1.0
no_activity_persistence,20270218,3.923829752913122e-06,0.022697101500033103,-0.06850711832943589,0.13434869414457587,0.03422769012895015,0.21735866696271602,0.20197873120131943,0.11887067391760386,-0.07652444292589443,2.1388509663263697,0.3582872069479185,0.8030417190604685,0.4098341300145292,0.5753104008362306,7.231454841008318,8252.677876892749,0.0136,0.027028951738140256,0.4992839551528664,0.004,0.0164,0.0,0.21981858919681652,0.0,1.7610463229092685e-15,1.7197717997160825e-15,0.09108643945680238,0.053262800352058486,1.0
no_activity_persistence,20270219,0.0004370444747719212,0.02261544105771093,-0.03034647662897538,0.15389472347726693,0.032232614509514236,0.20568595765047437,0.22069222339470235,0.04935502924290596,-0.039696632141424874,1.770646387080503,0.2523637555577329,0.8987547314662188,0.434736121293912,0.5869236017231859,7.22715647002968,8472.952595030662,0.0096,0.033117687398971314,0.32905725490523896,0.0,0.0172,0.0,0.24044675886367584,0.0,2.0319765264337714e-15,3.1749633225527677e-15,-0.07133335164723997,0.03842667455796838,1.0
no_activity_persistence,20270220,0.0003397821564447355,0.02263211431829929,-0.07038848067758885,0.1668894530245058,0.03436947172638952,0.28188606876038325,0.2699637881868325,0.10759158935061036,-0.09670867925635297,2.6915337858352144,0.3220232111961233,0.8946072328360064,0.4281077197724435,0.5505281904779142,7.174064707197559,6533.641634096583,0.0152,0.049402006870805155,0.27957994698096433,0.0164,0.0224,0.0,0.20050265297902725,0.0,3.251162442294034e-15,1.3229013843969864e-15,-0.09595464499490852,-0.01141408646224493,1.0
no_activity_persistence,20270221,0.0005536986080300103,0.022299121214962078,-0.06888727864179167,0.12284969492928006,0.03204192593478839,0.20398197861379042,0.19960038509518904,0.03638904640042898,-0.06903881456566496,2.2890118748791313,0.24536404575655718,0.8827763505125236,0.41302286555837414,0.5685563216299618,7.170288734196667,5106.730584164869,0.0132,0.05168739742082044,0.2521370380469573,0.0,0.0148,0.0,0.18710254032169638,0.0,4.063953052867543e-15,5.820766091346741e-15,-0.06773851525893057,0.037369052893941476,1.0
no_activity_persistence,20270222,0.0001339893309408261,0.0216605365641266,-0.057397404994596155,0.09674571025865668,0.02920432802336522,0.16841041763744477,0.16552428520043835,0.010269774733787164,-0.027000285847605266,1.205465638224485,0.3137352150129467,0.8094524759163715,0.41628477386110335,0.5776950941392137,7.087565421861101,8764.288648175465,0.0104,0.08257783081465962,0.5896556606848846,0.2724,0.014,0.0,0.21127754449374292,0.0,6.2313946810635656e-15,3.1749633225527677e-15,0.011600961802354152,-0.03158365074679118,1.0
no_activity_persistence,20270223,0.00023163575215185973,0.021921294298736925,-0.032478478182836674,0.13442058894350783,0.032646365856106294,0.16556591476333432,0.20098074997039023,0.08863984389258282,-0.08563781015541175,1.4390634776250915,0.26541696059440284,0.8597835212052191,0.4304966099932863,0.5781622834960227,7.163257613952688,3905.8009957879453,0.0104,0.07384481484474495,0.419475960290711,0.0,0.0172,0.0,0.218316248373027,0.0,2.7093020352450286e-15,2.3812224919145757e-15,-0.12200136539814924,0.0010183804425661289,1.0
no_activity_persistence,20270224,0.0007439313974903982,0.022148329077990327,-0.07405360917558071,0.1099419958374036,0.029987945812476345,0.15502920611383605,0.21368366484728749,0.057223431327150985,-0.008788712207973422,1.8691329669084062,0.17676909660592255,0.9204697116228763,0.40747151018700917,0.5701739153907388,7.139559898977167,4841.96437432395,0.0116,0.033801256368590354,0.24280158380318284,0.0,0.0148,0.0,0.2037008356912815,0.0,3.928487951105291e-15,3.1749633225527677e-15,-0.1293855869757917,0.0033447584338922275,1.0
no_activity_persistence,20270225,-2.5658142263988283e-05,0.023568586091227105,-0.08074981839925109,0.1449977109915085,0.036744081004908016,0.24145093568227394,0.2588524755014523,0.10765201655201564,-0.07344895210581699,2.365445773736364,0.4109265366801165,0.8358927479215461,0.4199578339130501,0.5641522164054595,7.312756927467568,6138.909807974821,0.0128,0.05800039707520784,0.4806741430307945,0.0,0.02,0.0,0.22610105982830597,0.0,3.251162442294034e-15,5.953056229786439e-15,-0.07038265864933232,0.026258401356631822,1.0
no_activity_persistence,20270226,0.0005752668639350464,0.022604848453071213,-0.057966986671145075,0.1525029560680569,0.03395744843920474,0.2192863448110395,0.19838433429199423,0.06259321791105245,-0.019833947947495302,1.856630829824308,0.2270678673541544,0.9131675976631648,0.42856090130492863,0.5852258666731992,7.18583061639975,3430.0825611362525,0.012,0.07839263598824235,0.2635934467161344,0.0,0.018,0.0,0.21766174835662655,0.0,5.960464477539062e-15,2.778092907233672e-15,0.014966048582993108,-0.02704829717252531,1.0
no_activity_persistence,20270227,0.0002559212824975166,0.022427130709850352,0.0003799197082814423,0.1305167031208055,0.02873298423646819,0.15060237374585603,0.2062032682444212,0.06171636572849367,-0.0664149560840303,1.6770356705419225,0.26608364158028414,0.8654656805355817,0.439224883511032,0.593482275386766,7.214799296418477,5386.388077568206,0.0096,0.10418795982690145,0.3172201566999542,0.0,0.0232,0.0,0.2303952532961362,0.0,2.302906729958274e-15,2.1166422150351785e-15,-0.08068909058684448,0.04619775360614727,1.0
no_activity_persistence,20270228,0.00016476733604899217,0.022965183852980513,-0.023134084225747854,0.12880478144832405,0.03444366634348357,0.2029602252371176,0.2314825499326789,0.04662078534483435,-0.06209349275505401,2.0293590915527417,0.3398176797758202,0.8550643838161687,0.4181964629282417,0.5663077855038731,7.223028445952872,5097.8902472282525,0.0136,0.10966576522509953,0.3722207303751984,0.0,0.0204,0.0,0.22339360981694045,0.0,2.980232238769531e-15,2.9103830456733705e-15,-0.0586407328481547,0.02410191587938613,1.0
no_activity_persistence,20270229,0.0005347639579469952,0.02345781234480306,-0.05243113576260108,0.15916943273859951,0.0364950662703918,0.26039468904276686,0.23281672820511556,0.12734998422350322,-0.01384011097420719,2.1237422528174585,0.28696415817759907,0.8985978537866913,0.417942603678945,0.5750668694746661,7.244888441914679,6974.851838735005,0.0116,0.03820422170645661,0.2805874825279626,0.0172,0.018,0.0,0.21149307125641625,0.0,1.7610463229092685e-15,3.439543599432165e-15,0.11791119869342546,-0.015315668294921956,1.0
no_activity_persistence,20270230,0.0004812142861986047,0.022497211782153005,-0.021053353441921153,0.15267344397733124,0.032324230466069886,0.1770336015635009,0.22224264509931155,0.03931172877303932,-0.052405732378548384,2.6354184006738146,0.27578051531230763,0.9053213802985629,0.41739232130724535,0.5754251998206257,7.120492802604056,7463.4748455769795,0.01,0.03150864782831315,0.41011506623841953,0.0032,0.0136,0.0,0.21442679287174293,0.0,5.824999375776811e-15,2.5135126303542743e-15,0.09363133577191823,-0.02380106119055044,1.0
no_activity_persistence,20270231,0.000462580915774922,0.022739097541649024,-0.07078471321281635,0.12958425353832684,0.034632944081031396,0.19532357926707478,0.21170737892192873,0.08179665805980645,-0.06899475944070015,2.2980122987861007,0.24735151465588107,0.885559867609832,0.3744399501498509,0.5882864836326152,7.250510698346042,5277.717400148163,0.0096,0.02355985165230239,0.259380772775768,0.0012,0.0172,0.0,0.19323263126797485,0.0,3.928487951105291e-15,1.5874816612763839e-15,0.09251653041319932,-0.0006341995919350795,1.0
no_activity_persistence,20270232,0.00023531477972560247,0.022351579695581103,-0.07757674632300501,0.1265596465435056,0.0329739798358862,0.24769029142574414,0.1986124267654163,0.06248257243599995,-0.06341413710108451,2.335701787051212,0.35112442485614626,0.8418910715948633,0.4324251280503873,0.5585857492562647,7.133556018534579,8080.62986222873,0.014,0.024871043696251514,0.4000988746397137,0.0,0.0184,0.0,0.21415459466214215,0.0,2.1674416281960227e-15,3.1749633225527677e-15,0.043872838380855456,-0.0010827584901381923,1.0
no_activity_persistence,20270233,0.00048044328908864635,0.022012435014711125,-0.04283951281806022,0.1770691521449133,0.03462667911773136,0.1673233786876656,0.2058837518247283,0.0932187581463498,-0.05660856589480715,1.7654791267114787,0.3405492185416067,0.8796104859125767,0.43277459463538265,0.5693540242108971,7.171800752275901,3711.201903730988,0.0108,0.19103252590293024,0.3471434033647185,0.0,0.016,0.0,0.22514659346849086,0.0,2.7093020352450286e-15,3.439543599432165e-15,-0.006570772705366519,-0.02954846745997693,1.0
no_activity_persistence,20270234,0.00046268530702936917,0.022267289303756727,-0.00996387702355444,0.10224537457926378,0.03241576982271503,0.19349695225018357,0.1675186053723218,0.05030824101350144,-0.04573199599698485,2.8415416046681043,0.29984308819592315,0.8723582339114787,0.4489118303291718,0.5612305595216822,7.110111520690218,3518.0410789751754,0.0124,0.05536025065313343,0.5142236506558271,0.0,0.0172,0.0,0.22042559857574417,0.0,1.4901161193847656e-15,2.3812224919145757e-15,-0.1980087160997494,0.02647759405966383,1.0
no_activity_persistence,20270235,0.0004150744798867329,0.02245733879944125,-0.017287147423940375,0.16412268148039158,0.03689802291342255,0.20341753360819098,0.21668180661166664,0.032879639427683946,-0.07952403634952963,2.0976101713168624,0.2788144171277126,0.8810405361228386,0.4204079009120108,0.5731226075138508,7.230601663464874,4646.401663206938,0.0124,0.1428449886109948,0.41283345541036276,0.0,0.0192,0.0,0.22040338998800402,0.0,1.8965114246715198e-15,2.3812224919145757e-15,-0.05774016837491208,0.020835586757447386,1.0
no_activity_persistence,20270236,0.0004119301322782533,0.022924340267860936,-0.11550237916086982,0.12269074100130045,0.029774658174322115,0.2290370975835988,0.2578869108612782,0.09019619289462245,-0.08615337158008164,2.4884198870702017,0.32693128676823374,0.9158616356381226,0.4313064709606774,0.5521752004251522,7.253888989691702,3436.7848756717012,0.0112,0.08792803944427785,0.3080358842700851,0.0,0.0204,0.0,0.2143897991013437,0.0,1.625581221147017e-15,2.3812224919145757e-15,-0.014255566717188294,-0.002779876791519768,1.0
no_activity_persistence,20270237,0.0003400144028140385,0.022048942258630775,-0.045926289065043084,0.12712529060971714,0.030491583947204026,0.20218155455305264,0.2068566691164225,0.07615275905612671,-0.03867998769806045,1.0532208987495464,0.2950884676510331,0.8643496417232598,0.4276334085737582,0.5639813805969334,7.216087174105933,11878.665368289714,0.012,0.04338389972239215,0.4858104565170004,0.0104,0.014,0.0,0.19579182831335773,0.0,3.7930228493430395e-15,3.042673184113069e-15,-0.0404781664188215,0.052923674095065924,1.0
no_activity_persistence,20270238,5.401476722542178e-05,0.022839529424397136,-0.05407857455700721,0.17510366965535343,0.029161516319719777,0.22692729533997308,0.22954116034963984,0.09205262638882597,-0.04637489046602989,2.4534306684791893,0.3787116538100634,0.8397947847499275,0.4231000637833898,0.5759504073164026,7.138254254661467,10151.183645391586,0.012,0.05678935136193007,0.4488607094988557,0.032,0.0176,0.0,0.2295731567989865,0.0,2.84476713700728e-15,3.7041238763115625e-15,0.03607564010113306,-0.00681494184620619,1.0
no_activity_persistence,20270239,-6.098667128432531e-05,0.022850542257359878,-0.07939137505189778,0.12987479583900802,0.03295254914960036,0.24841496891583145,0.21700863565263134,0.0710704010978059,-0.04374938788898371,2.3628666941470273,0.3877296941756193,0.8188748237406909,0.3801309037552988,0.5734585278018385,7.154650552914767,9429.912622135707,0.012,0.019744268385576587,0.4947772295550098,0.0004,0.0188,0.0,0.23024130157102363,0.0,2.302906729958274e-15,3.3072534609924663e-15,0.11814950581098385,0.02310626960515059,1.0
no_activity_persistence,20270240,0.0006817953197483518,0.02135343423324187,0.013612426397814615,0.15133200845689837,0.028874585146972713,0.18016702902218693,0.190933877696608,0.04251910770083442,-0.028549904980619108,2.2333787269477554,0.19544404929133297,0.9338304999385266,0.4376715826761605,0.5770491507952787,7.121199862408448,3397.568562264911,0.008,0.17451752767233328,0.34630457207166876,0.0,0.0124,0.0,0.23328171238168705,0.0,2.980232238769531e-15,3.5718337378718635e-15,-0.17055619973368844,0.01059214942297845,1.0
no_activity_persistence,20270241,0.0004918754001986695,0.021479873484304655,-0.03644071932910361,0.129752202564961,0.024322469517616022,0.2268283243631414,0.2070981276888396,0.047688760204038005,-0.010990633373952667,1.9845157659669974,0.33392813740972965,0.8695754519523967,0.4083847267109264,0.5610215489881357,7.0867076449384525,5784.786935274343,0.0108,0.043537130424573356,0.3242086451426547,0.0184,0.0176,0.0,0.16332532688449053,0.0,1.7610463229092685e-15,1.7197717997160825e-15,-0.11302544424034641,0.01754222726951623,1.0
no_activity_persistence,20270242,0.00047079794125538506,0.023329539798543037,-0.026273473627730422,0.19412720222763857,0.03064959502811861,0.18907623168165014,0.21315260028253455,0.10172841978096785,-0.023220337061398432,2.653824141087818,0.30998913913539117,0.8841408912931582,0.43540476552086155,0.5776959973311179,7.330892220402048,5865.550196380805,0.0136,0.03488137058825008,0.2961615495030626,0.0,0.0196,0.0,0.22236717110346782,0.0,4.199418154629794e-15,2.1166422150351785e-15,0.14114490508434324,0.030108093710791088,1.0
no_activity_persistence,20270243,0.00026524131764244706,0.022737992976411187,-0.025537395732396273,0.14020942315404497,0.032774392699409904,0.17680611093931206,0.19065742284803847,0.04298258072287419,-0.034431808941879354,1.9688332366547563,0.24368320794046136,0.8797651396907206,0.4238949132364725,0.5774588351076738,7.21111209516689,5158.003795193926,0.0104,0.0250821169335484,0.5296850220172142,0.0,0.0172,0.0,0.22181942840996904,0.0,2.573836933482777e-15,3.439543599432165e-15,0.19068689130866842,0.020646617674035465,1.0
no_activity_persistence,20270244,0.0002969743571409104,0.02251604907565891,-0.028890752460114032,0.17886136797074653,0.04036702028060985,0.17813659284906083,0.23947984833306102,0.07689490346313725,-0.019682407989419105,2.9039609240358804,0.32761759236570415,0.8753672057384001,0.4272488281817183,0.5681417033124232,7.123506268072559,6898.33942166787,0.0152,0.08441852046097567,0.3980057779219701,0.0,0.0164,0.0,0.22802005058920294,0.0,3.3866275440562853e-15,5.820766091346741e-15,0.06414636735151753,0.008744691484123959,1.0
no_activity_persistence,20270245,0.0003792236011748635,0.022261133579592463,-0.04089510858593228,0.15819591755610213,0.04025540763945448,0.2290289284941665,0.22536269053542418,0.07083089123525188,-0.013075571907895617,2.8480947823946066,0.3005428243535056,0.8616738724854177,0.462336303246418,0.5513284885541491,7.160575994687823,4368.958110976488,0.0132,0.06848470925097604,0.3753830396362354,0.0,0.0156,0.0,0.2385281003434121,0.0,2.0319765264337714e-15,2.645802768793973e-15,-0.048762614255528566,-0.004608810706120328,1.0
no_activity_persistence,20270246,0.0005639345505007632,0.022646974990829287,-0.026075056923143193,0.13572423076518875,0.04542155110693639,0.18399980320588805,0.2099287613121056,0.04313550515770394,-0.0501161731290679,2.903910560609143,0.23061628585465127,0.9116898500892332,0.42979955181571833,0.5736901162481691,7.1998775055939115,4363.808866289784,0.0108,0.14737114860782494,0.26634610889994736,0.0,0.0156,0.0,0.2394615004622156,0.0,1.2191859158602628e-15,1.1906112459572878e-15,0.17754986695081523,-0.031372041708226814,1.0
no_activity_persistence,20270247,0.0005812299929221627,0.02249502114127815,0.02376178172615832,0.1899747486899658,0.03407960098878448,0.23907129739649985,0.24852506275643474,0.09321700294695309,-0.06151599600597488,2.6806046825358907,0.28274830324608863,0.9068351764267253,0.43335554579121405,0.5707015981298883,7.158576516125508,3064.0912414499962,0.0128,0.21098317977400302,0.25297300577061455,0.0,0.0148,0.0,0.24178708269167948,0.0,9.482557123357599e-16,2.5135126303542743e-15,-0.06538660773081208,0.018379786419330035,1.0
no_activity_persistence,20270248,0.0003492562075827756,0.02244046403031591,-0.041228200787463705,0.13128866874498643,0.038386109687223474,0.22877384537677714,0.24953568971794526,0.06714748784588857,-0.07728427355322633,2.7690390799163476,0.31441053678586445,0.8680976838835113,0.44800714212437204,0.5652648268046806,7.225421383941009,7879.391597707859,0.0112,0.12322629122446015,0.3188319019493153,0.0,0.0168,0.0,0.2259655145859918,0.0,5.68953427401456e-15,1.98435207659548e-15,0.13119093123830602,0.002799856921001916,1.0
no_activity_persistence,20270249,0.0006723467304324125,0.022514626471665678,-0.056047905978832864,0.15984915552422546,0.03751104224336035,0.17397997720210356,0.16662717790346165,0.08784809905537275,-0.006000633041772826,2.292200168110205,0.277114680026685,0.8829288151840567,0.4084512419061833,0.5729830342083115,7.228223060224393,7949.273434529981,0.0124,0.02388188381544386,0.37261448091602223,0.0056,0.018,0.0,0.18167897935393107,0.0,4.7412785616788e-15,1.98435207659548e-15,0.08344258476340889,0.026910808538820937,1.0
no_activity_persistence,20270250,0.0005594611288269356,0.021924845782081297,-0.023341251651919873,0.12511143975984249,0.031856712301341863,0.20429198876082996,0.20723402137895242,0.04285622989958207,-0.05701362391076204,1.3024304411792027,0.21192654251940019,0.8977265233414372,0.41890213990222147,0.5787125492158068,7.163887055644032,3124.372617875977,0.0092,0.1410850045779023,0.36542829486189865,0.0,0.0148,0.0,0.20880684975287522,0.0,3.522092645818537e-15,1.98435207659548e-15,-0.06073365539594219,0.016492645424005317,1.0
independent_signals,20270201,0.00026969992372896667,0.012907409372534283,-0.07802562221563636,0.07802562221563636,0.023130741752724098,0.06558655231532216,0.028655736300170397,0.016313627687628465,-0.009734820764326177,-0.19664254062090025,0.07960001989702185,0.9100929627053772,0.6229169716014271,0.2362264261395086,6.701796836719734,6858.515470394172,0.0008,0.06473975240004132,0.5012281335229359,0.0,0.0,0.0,0.0429234264463354,0.0,3.3866275440562853e-15,3.96870415319096e-15,-0.01229136215637086,-0.0006977018408501259,1.0
independent_signals,20270202,0.0007288588216480907,0.012579058271641588,-0.06432238158640184,0.06432238158640184,0.020832183085042123,0.023417292886755762,-0.028070795610174018,0.009174009497223601,-0.03487822314046416,0.014430576734300704,0.027308524466760523,0.9531835410430897,0.5984783939016795,0.22292641898083418,6.611324495875102,5914.058023559068,0.0028,0.12201557298914359,0.24506914740022656,0.0,0.0,0.0,0.06310740215582644,0.0,4.7412785616788e-15,1.5874816612763839e-15,0.009590247916934691,-0.0221284964157023,1.0
independent_signals,20270203,0.0005344441002373003,0.012385312057036012,-0.047716774043956446,0.06026034299499087,0.017289243233846667,0.03612351736085543,0.03130938019001998,0.010639859924265777,0.01663866230614693,0.03181082621030784,0.05900873985696811,0.9346388868311336,0.6476752466712155,0.1502652178005406,6.617500235401306,2834.5851198761866,0.004,0.2324976658956146,0.345656266545574,0.0,0.0,0.0,0.07262656100040021,0.0,4.199418154629794e-15,1.98435207659548e-15,-0.06626976897047746,-0.006341193615721931,1.0
independent_signals,20270204,0.00044596642017714634,0.012747257694081852,-0.09073321066027497,0.09073321066027497,0.02125600865926361,0.04176250098581485,0.019495150889570885,0.028702583901617253,0.027471578036148955,0.07193564801531682,0.034295644332408094,0.9001229790486382,0.554703375584763,0.24595042027418038,6.620339855454811,6716.142863401586,0.002,0.07662882576909237,0.31663170606804203,0.0,0.0,0.0,0.04673764735291153,0.0,4.3348832563920454e-15,1.98435207659548e-15,0.02595107437333261,0.0025620308622166434,1.0
independent_signals,20270205,0.00035856937050942326,0.012660560340197887,-0.06921628306822025,0.06921628306822025,0.019229662615613975,0.030578333597426587,-0.010848124122041513,0.00798458216069869,0.0065192454853318935,-0.0218036834610289,-0.005040922378098628,0.9157008409398983,0.600711363636428,0.20180371587231405,6.640726716192759,6359.816238423251,0.0036,0.07788424065873246,0.3576550468234395,0.0,0.0,0.0,0.05167835857717806,0.0,2.84476713700728e-15,2.645802768793973e-15,0.036178103462398095,-0.032322749991848705,1.0
independent_signals,20270206,-2.0244904645353756e-05,0.013180939550351033,-0.07143085378876196,0.07143085378876196,0.022166490211915336,0.029176317297260532,-0.009885262803983387,0.01692809194514537,-0.021084578803715098,-0.07039800981688948,0.01407652313980274,0.7838266356438954,0.5653332602255209,0.2949695241230106,6.676981344409863,25819.99919530477,0.002,0.02070166213909214,0.4563742308345984,0.0,0.0,0.0,0.020052221411372972,0.0,1.625581221147017e-15,2.5135126303542743e-15,-0.07912557016908185,0.012471257567886281,1.0
independent_signals,20270207,0.0007622310690938921,0.012541248769988002,-0.05981860753752047,0.05981860753752047,0.02269817614196384,0.05164535553220299,0.0027769846775154033,-0.026436314438785035,0.009230731436011885,0.1250889142960574,0.05524042071632222,0.9625335948737186,0.6331062078024731,0.13699075662593654,6.609787992716204,3039.095444640461,0.0032,0.2054367678765616,0.22324877999075943,0.0,0.0,0.0,0.07562579470053099,0.0,7.044185291637074e-15,2.248932353474877e-15,-0.12302256820718967,0.041844477001681715,1.0
independent_signals,20270208,0.0005563656403934818,0.012703033485180842,-0.09048485481459786,0.09048485481459786,0.02082964396011616,0.055959644168385544,-0.0031752171226789344,-0.014734320781003249,-0.01683553333602676,-0.02679909850616813,0.060180035339448795,0.9400829302362792,0.54001286759019,0.26086979291614026,6.606155189646997,5380.187432050011,0.0028,0.10214451071124285,0.23204712488174906,0.0,0.0,0.0,0.05647715949576604,0.0,4.3348832563920454e-15,5.1593153991482476e-15,-0.02802279049710354,-0.010037524000552628,1.0
independent_signals,20270209,0.000449723700398172,0.012730582069668773,-0.056671211381041614,0.056671211381041614,0.015752165901248387,0.0193785610945342,0.01819527457223993,-0.0017840665489993735,-0.0048649320729318365,0.05377828455524414,0.019843547027153585,0.9271001615654191,0.5953872849268556,0.15854273996231452,6.620764013301802,3874.54664184855,0.004,0.16529494035705433,0.2481076617918273,0.0,0.0,0.0,0.06476886163715134,0.0,2.4383718317205256e-15,3.1749633225527677e-15,-0.022349045547069863,0.014033249419873661,1.0
independent_signals,20270210,0.0005000423565691221,0.012630004210204337,-0.05161759682428675,0.05161759682428675,0.02041414881651309,0.04539979804176803,0.013972987212450562,0.027725892805616336,0.0006186766764950318,0.08192186631825704,0.04033348808929184,0.9503490693364253,0.624508378647277,0.19252561741431584,6.631098152669683,4303.084324739629,0.0036,0.14575859870845734,0.32304046072106896,0.0,0.0,0.0,0.06132567144520529,0.0,2.0319765264337714e-15,1.98435207659548e-15,-0.08046409308835165,0.02219558980086507,1.0
independent_signals,20270211,0.00015314129968500688,0.012287157362574156,-0.056644265124634496,0.056644265124634496,0.01327581835130619,0.018675553767337087,0.025499799259837218,0.03774190969956033,-0.028164004829336106,-0.21600611136112358,0.017523147911902393,0.9307815861976311,0.595173837083526,0.18998696865064527,6.609019185807199,5959.653101383625,0.0004,0.10505176121771001,0.512989912223797,0.0,0.0,0.0,0.03901596095851767,0.0,4.605813459916548e-15,1.1906112459572878e-15,-0.0017515326216756308,-0.030084614556812373,1.0
independent_signals,20270212,0.00048663497022233845,0.01246219472655083,-0.04251802975902922,0.04251802975902922,0.01620676376470551,0.02689913678357474,-0.0062807313120632965,0.012380011296005359,-0.0036051647367191637,-0.19044475072871592,0.03741074724032114,0.9522871248250869,0.5882433094578804,0.22341707380041034,6.656859124512264,5357.062516625126,0.0016,0.11409043994155013,0.2759154158558823,0.0,0.0,0.0,0.06101736072503616,0.0,4.063953052867543e-15,3.042673184113069e-15,-0.04101100630029481,0.021614428653179463,1.0
independent_signals,20270213,0.00032294535184538057,0.012614908114065286,-0.08689745660406611,0.08689745660406611,0.021881987299962564,0.029070578079289602,-0.01864802082480455,-0.00888946999914035,-0.00241035342744205,-0.04871990879141386,0.014924041665432146,0.8862529058186914,0.5132576439580313,0.2796102033937679,6.641079552340475,13018.456477619522,0.0024,0.016251122841783167,0.3319934281767447,0.0,0.0,0.0,0.025085432999953694,0.0,2.7093020352450286e-15,5.820766091346741e-15,-0.042876118692576966,0.004881677432548037,1.0
independent_signals,20270214,0.00021567501029287685,0.012587969271434553,-0.06814080771109614,0.06814080771109614,0.02102358000453596,-0.0044719269157853705,-0.016412684162434094,-0.01960496055182434,0.019781978313610823,0.16404164372160945,0.018965072589047553,0.8822415351939125,0.5676171817134292,0.25562123830143213,6.617928543955738,11578.125807233957,0.004,0.026324422476730218,0.49965944941250207,0.0,0.0,0.0,0.035970552448036486,0.0,3.928487951105291e-15,2.248932353474877e-15,0.019072229697201466,0.010722963373803587,1.0
independent_signals,20270215,0.00041325688047673344,0.012770029571273501,-0.09574074056341088,0.09574074056341088,0.018943758073021507,0.04054320940071733,0.017517127059298,-0.004387588888341995,0.04457252691288198,-0.03675046427687301,0.05635371172600149,0.9122246052405284,0.6044732297071592,0.19669396892734095,6.626406610163762,4655.350965372172,0.0024,0.12104179508016985,0.3330798843484698,0.0,0.0,0.0,0.060531795932017296,0.0,2.4383718317205256e-15,2.9103830456733705e-15,0.03777425994990125,-0.028253038205922343,1.0
independent_signals,20270216,0.0007916144633011427,0.012577428787611315,-0.07174810791777879,0.07174810791777879,0.020687856249434432,0.018939900013158747,0.014220741212364472,-0.014942695481895932,-0.03924427301367217,-0.01183902666248704,0.030545419664931208,0.9611043570619335,0.5862895250080674,0.20448929413421177,6.634359489125071,2566.926265366879,0.0032,0.23039561163148883,0.2166156328130816,0.0,0.0,0.0,0.08312965719064169,0.0,6.502324884588068e-15,1.8520619381557813e-15,-0.10747507926963931,0.007024884148757602,1.0
independent_signals,20270217,0.000310709203287179,0.012558823285707479,-0.03651192883318389,0.053705628954999994,0.021514535557023713,-0.029815880036074164,-0.03260838592141721,-0.006300720843740843,-0.0027513651619455594,-0.03173800618476852,0.00686878385185447,0.9222816765559367,0.5927095782667883,0.22760599976847487,6.636495211206663,6391.886391146212,0.0028,0.10257572108053069,0.3101218433778935,0.0,0.0,0.0,0.05368029747269398,0.0,2.1674416281960227e-15,3.042673184113069e-15,0.020891842594032973,-0.0034216680201780403,1.0
independent_signals,20270218,-2.1982752928459703e-05,0.012650208040094894,-0.09676561777698955,0.09676561777698955,0.023643990969098003,0.04096807409652047,-0.02485038293576827,0.03931325049353726,0.007638353626162292,-0.08163606395730927,0.035116554302805976,0.8204441445101697,0.5571534898184768,0.2557366446478282,6.649747501671193,8552.236787706783,0.0028,0.05048535469614699,0.5120022197785061,0.0,0.0,0.0,0.02914604242444585,0.0,2.84476713700728e-15,3.7041238763115625e-15,0.02153018226595342,-0.0008402203562932877,1.0
independent_signals,20270219,0.00040638260195105535,0.012644301148425886,-0.07235454988862938,0.07235454988862938,0.01950498666428904,0.028527783725345594,-0.030195217516608322,0.004588001832098218,0.008794074028094442,0.008669606636299232,0.025296295941401196,0.9297327570308721,0.5953896934361954,0.287496779532633,6.604386219482908,8604.04883733969,0.0032,0.062050242113775494,0.30753258415644735,0.0,0.0,0.0,0.04599395990952737,0.0,1.7610463229092685e-15,4.365574568510055e-15,0.013784157476208758,0.01387451173044898,1.0
independent_signals,20270220,0.000298842200965391,0.01268563593169237,-0.07647272763111918,0.07647272763111918,0.02011309875112319,0.040537850654833917,-0.01800623221820649,-0.010221013158359245,-0.02645002021228686,0.026161927562289744,0.0029447918729192373,0.924581085989511,0.562833506615845,0.2266946439321101,6.618208448414349,7064.223872261794,0.0032,0.06452410663873762,0.2548211771036484,0.0,0.0,0.0,0.03751743327471169,0.0,2.0319765264337714e-15,4.365574568510055e-15,-0.03616262926526959,0.0445814057038391,1.0
independent_signals,20270221,0.0005026042684037691,0.012615116079198192,-0.05659712864843465,0.05659712864843465,0.016745306391992173,0.01983221917337861,0.003316352477415347,-0.002864483146767655,0.00857060839669532,-0.09299109980064468,0.05557415639145155,0.9325188103513251,0.5917085334209929,0.19502242150218893,6.6429255279868995,5222.926838981562,0.0032,0.09700512581995886,0.24906963250436231,0.0,0.0,0.0,0.05397119353417601,0.0,3.522092645818537e-15,1.4551915228366853e-15,-0.024195005346986362,0.03402984630468987,1.0
independent_signals,20270222,0.00010703986351614568,0.012922928713686681,-0.048882296423049316,0.048882296423049316,0.01413333153660169,0.04678853591973505,-0.01401215027063201,-0.0018263838113608576,0.006618488816283983,-0.07377973619277389,0.0019258884208837486,0.8406340620110622,0.533702116491413,0.26390248015098927,6.666772887604088,9610.259104590694,0.0016,0.03756508707331452,0.5608897005240421,0.0,0.0,0.0,0.030390768202062546,0.0,1.2191859158602628e-15,2.645802768793973e-15,-0.04021071250534735,-0.005622903574425752,1.0
independent_signals,20270223,0.0002120489077420153,0.012442530381262282,-0.04969742863640718,0.04969742863640718,0.017615961788752604,-0.01729152934963401,0.016717780712629346,0.011531186083057648,-0.015258619855957261,-0.07889665774112364,0.00835175608565237,0.8888263962084426,0.611819073809385,0.1894568903207596,6.650352064547894,4126.062462316343,0.002,0.15024253493077314,0.3913800466630516,0.0,0.0,0.0,0.05315755186233706,0.0,4.7412785616788e-15,2.9103830456733705e-15,0.007408363795054131,0.0030304089444298053,1.0
independent_signals,20270224,0.0006697357801827768,0.0126708476374201,-0.07711653614419942,0.07711653614419942,0.01727576719556966,0.01039915801614876,0.00016894670614070074,-0.006667345406041642,0.0141770796699821,-0.024720148172289846,-0.00024410161634527558,0.9554750914948784,0.5892520069758297,0.21468750521781235,6.581209457321945,5131.921530576648,0.0024,0.1313382692896865,0.2596952051800664,0.0,0.0,0.0,0.06112794879359007,0.0,1.625581221147017e-15,3.836414014751261e-15,0.04293246099808121,-0.00807507881247712,1.0
independent_signals,20270225,-4.167821500725388e-05,0.012311151793723087,-0.07619713111162547,0.07619713111162547,0.021074125495033867,-0.008304468050166111,0.008120181694975135,0.018013411493732836,0.009438451416915529,0.06655460030264138,0.012778901283932137,0.8210182448002697,0.5892382112997315,0.22381537608125698,6.590738704118706,6323.504525268158,0.004,0.10284770037922972,0.4748463235809931,0.0,0.0,0.0,0.0368112192974801,0.0,3.251162442294034e-15,4.762444983829151e-15,-0.042995116413637964,0.025909939415467844,1.0
independent_signals,20270226,0.0005219884190705422,0.012464756890915503,-0.06994760158743688,0.06994760158743688,0.02187583255573913,0.05477148985776569,0.004241702103390482,-0.007754768596473237,0.01273640720545994,-0.06716700321643376,0.025592501785804862,0.9465194243957007,0.6138621142918631,0.1728258773016402,6.625427899111708,3660.9058696430648,0.0016,0.18240402043245774,0.23128034686627952,0.0,0.0,0.0,0.06749992954131367,0.0,2.1674416281960227e-15,3.7041238763115625e-15,0.009391233579697181,-0.018285868191483225,1.0
independent_signals,20270227,0.00023936674833852968,0.012555866874122183,-0.07276074041398013,0.07276074041398013,0.018723612652886478,0.05122311169376666,-0.011154341559985227,-0.012588023998271587,0.021957388731860546,0.05078013340145393,0.04511091718341286,0.9007103813571359,0.5746794862366279,0.22070308552778747,6.628828270737959,5395.829009762067,0.0032,0.1233089864050369,0.3171646155470116,0.0,0.0,0.0,0.0529403559800965,0.0,3.3866275440562853e-15,3.439543599432165e-15,-0.02333131854121579,0.006691833947041261,1.0
independent_signals,20270228,0.00014720435842071992,0.012420194571754927,-0.0319027851869562,0.0497200921715788,0.019036845288273006,-0.005136245015585518,-0.003535336341700815,0.014947837564596793,-0.008754994379211416,-0.018768850045363994,0.02890406558284858,0.8783327302101287,0.6200920034160976,0.1717728734380098,6.617431145545648,5073.21304046992,0.0032,0.12970387999650249,0.38550067838764046,0.0,0.0,0.0,0.05294196857923894,0.0,4.063953052867543e-15,2.9103830456733705e-15,-0.007618206064247513,-0.024050759557755222,1.0
independent_signals,20270229,0.0004745151413298817,0.012742992530971694,-0.0485495132714606,0.0485495132714606,0.01630536016623326,0.05130835186698863,0.019524269579709985,0.00878291045952889,-0.010174802807204354,0.11147687068996914,0.01839624967292818,0.921731277891697,0.6251395305203425,0.2292560758875898,6.643050594710598,7501.633361533141,0.0032,0.07374586034180625,0.270359470760264,0.0,0.0004,0.0,0.05928320403517651,0.0,4.7412785616788e-15,1.5874816612763839e-15,0.006224930232728391,0.025615867524586385,1.0
independent_signals,20270230,0.00041353526521973087,0.01271038570990932,-0.08600362503670432,0.08600362503670432,0.017629730824260212,0.050868197390617154,0.007743427847910243,0.02538593766304797,-0.015294910283857014,-0.11791359021169923,0.07007484388718123,0.9365767650772189,0.5973452717636278,0.24173976772696765,6.639688518247776,7916.869549145264,0.002,0.06505857142036077,0.378356009893829,0.0,0.0,0.0,0.0426500247242545,0.0,3.251162442294034e-15,1.4551915228366853e-15,0.0028064857873223614,0.027996284415977936,1.0
independent_signals,20270231,0.0004124086701214278,0.0126661706261297,-0.0825578251912982,0.0825578251912982,0.021129921604995525,0.019645251431576808,0.026160594857856073,-0.0173536753711249,0.04208301703035849,0.011279804755072842,0.057624987572484125,0.9245988581240624,0.5296804441876745,0.2329651399510631,6.606621753150469,5705.368730208648,0.0024,0.08423343868964153,0.2602652136182987,0.0,0.0,0.0,0.046865132560044875,0.0,2.1674416281960227e-15,1.5874816612763839e-15,0.043205429622508715,0.004970364044985724,1.0
independent_signals,20270232,0.0002213289043607091,0.012960373360536206,-0.0876352487427682,0.0876352487427682,0.018582342156315056,0.03674872761158429,-0.018932674742451815,0.013544647348913346,0.005976558457648393,-0.0003105065858348688,0.027329123120461336,0.8445033336779129,0.5694860121573931,0.2748664760227724,6.649801296216671,8055.507972174892,0.0024,0.04304792629850531,0.3423746479117147,0.0,0.0,0.0,0.04039966509473736,0.0,4.7412785616788e-15,3.1749633225527677e-15,-0.08465803554703577,-0.009840181818154265,1.0
independent_signals,20270233,0.0005020801874298055,0.012287383375626766,-0.07150993857833773,0.07150993857833773,0.02270488984781149,0.04168134161719641,0.04002499500620034,-0.0011490716482624452,-0.0010694917047461192,0.23441693435213562,0.0373115050501706,0.9208150650501195,0.6050376412012624,0.19827074524934957,6.620589097751157,3571.505138794608,0.004,0.1667490242344733,0.26694973427634816,0.0,0.0,0.0,0.0692902283197323,0.0,1.625581221147017e-15,2.1166422150351785e-15,-0.0001329531020010421,0.01407683879695355,1.0
independent_signals,20270234,0.00043046174813628397,0.012815086856912454,-0.053175054438097905,0.053175054438097905,0.018978913377510946,0.020913071815551475,-0.0104941652354112,0.0002952190022503005,-0.0009346012005098893,-0.10878894101868886,0.05290847554889484,0.9088539960292569,0.5807079918382427,0.18112486077964476,6.631971615671647,3725.1216749679265,0.0016,0.14524582868984573,0.4782576958734944,0.0,0.0,0.0,0.06073605067239907,0.0,2.4383718317205256e-15,1.4551915228366853e-15,0.02307810806859954,0.01414336271390639,1.0
independent_signals,20270235,0.0003925697710516612,0.012396457992864183,-0.05833632993848491,0.05833632993848491,0.020664165468667246,-0.008391440188747214,-0.0015815669645108013,0.012744853076047884,0.0029221318007001205,-0.03122409519510727,0.02220417304570199,0.9147921560218285,0.5937858857994507,0.1912324265497153,6.6073293915765055,4649.11384213291,0.002,0.15416389593770288,0.3890303172952194,0.0,0.0,0.0,0.057538400802295664,0.0,1.8965114246715198e-15,4.365574568510055e-15,-0.06173820506165682,-0.02454496659820344,1.0
independent_signals,20270236,0.00039227391378416455,0.012821365589945687,-0.07798445234197296,0.0885673543787492,0.0262400582624725,0.06027589654391878,-0.0067717922226081615,-0.02120630052241807,0.0010482569365995837,0.20096751164170845,0.042219621897918766,0.9426318316308371,0.654609632848762,0.19388783627073505,6.627543210970934,3666.419000432609,0.0048,0.1775084988038725,0.2945629758705023,0.0,0.0,0.0,0.06513563433081249,0.0,9.482557123357599e-16,2.1166422150351785e-15,0.07719094137933867,0.02900453282684365,1.0
independent_signals,20270237,0.0002808736833175871,0.012912061007701313,-0.056339257550365285,0.056339257550365285,0.02318669761964954,0.00729877298765164,-0.02094505167613019,0.012400727597455665,-0.013121749372519276,-0.16097271269837288,-0.024256868625744513,0.9045325043806143,0.5853874745856179,0.277664134838531,6.670875602218603,12323.81367641716,0.002,0.024823779388160792,0.48570675228245275,0.0,0.0,0.0,0.04496410669302908,0.0,1.8965114246715198e-15,1.98435207659548e-15,-0.0010414569847214238,0.00418099779170113,1.0
independent_signals,20270238,2.2741462988251014e-05,0.012857085895078408,-0.11073080216076184,0.11073080216076184,0.02203079587509446,0.036181317755339774,-0.019511204387152096,-0.008120296335671911,-0.006986027110531036,-0.06604456562622651,0.02387894879850577,0.8363822817672121,0.5536227138087669,0.283204105452227,6.63499861853327,10719.946645772943,0.0036,0.030847989618508598,0.4297784929203463,0.0,0.0,0.0,0.023388007577301195,0.0,2.573836933482777e-15,1.4551915228366853e-15,-0.013494190497451472,0.03179634903864455,1.0
independent_signals,20270239,-7.344292611538492e-05,0.013043234379079054,-0.06510135188389435,0.06510135188389435,0.021262418712029836,0.04786736298770323,0.03116710472770588,-0.013220113900293436,0.02607506759415675,-0.09830411327216959,0.05287383704977459,0.8402210759670466,0.5132298979787091,0.2797689024382322,6.655928107370158,9615.334684975058,0.0028,0.04242157295667407,0.48398467451250315,0.0,0.0,0.0,0.020825385736927604,0.0,3.1156973405317828e-15,2.778092907233672e-15,0.004107798112552081,0.05859522798937308,1.0
independent_signals,20270240,0.000670789405069695,0.012340382534362836,-0.058127691813891505,0.058127691813891505,0.02227521725389615,0.024330145790500433,-0.0014070782600672702,-0.01718428460810906,0.004404592638255961,0.13084978200875463,0.053486351494355176,0.9655827289532027,0.6113677729851573,0.21274592624805835,6.599955916770787,3333.1140458210507,0.004,0.18345722728193456,0.33309316602148,0.0,0.0,0.0,0.06488757923483801,0.0,4.063953052867543e-15,2.1166422150351785e-15,0.0033640620990983165,0.03675072538753918,1.0
independent_signals,20270241,0.000420432388135907,0.01296526030115541,-0.06402011092281716,0.06402011092281716,0.021063252063084334,0.023341697841695565,0.016461141695354474,-0.021865216192566556,0.008348347117142607,0.3626548384565562,0.030077875704013768,0.8700360102382535,0.6510682512095078,0.21169079140025618,6.632535912841147,6468.621132747334,0.0032,0.09413943806485219,0.3146080567539844,0.0,0.0004,0.0,0.04911461655763638,0.0,5.0122087652033025e-15,3.3072534609924663e-15,-0.010462732313273793,-0.0021099566615852376,1.0
independent_signals,20270242,0.0004122210045058381,0.012515016240278867,-0.043129269178159776,0.051178798836393855,0.017580200081134475,-0.0026454457972988517,-0.005107178131696653,-0.00015937815278508382,0.02474771380278415,-0.05712704585045758,0.013032294325111849,0.9074745114124256,0.5890201339840113,0.255845926380298,6.618423158629022,6098.56803956853,0.0028,0.09131796478881044,0.27039244613632196,0.0,0.0,0.0,0.05001941227488893,0.0,2.302906729958274e-15,1.7197717997160825e-15,-0.05121342057278475,0.03463706681888355,1.0
independent_signals,20270243,0.00024000736369689121,0.01264348255847052,-0.03141705183055311,0.045473833507324465,0.02020956284117801,0.03852431273404328,-0.012891829544324955,-0.006888573475189436,-0.009231579735273061,-0.03297871468881208,0.009628586478792275,0.9133496065307828,0.621464184795427,0.21431099115331642,6.623243604953879,5519.642212407845,0.0008,0.10833421615420377,0.4922208823390507,0.0,0.0,0.0,0.05027723518123062,0.0,4.3348832563920454e-15,5.556185814467344e-15,0.032634187944315676,0.01592970748575656,1.0
independent_signals,20270244,0.000303392728290871,0.012606443206676874,-0.099016021837949,0.099016021837949,0.020838826975749868,0.059509035980133136,0.01660011261658294,-0.012824765733488916,0.008643842126862793,-0.042407174258066505,0.028008277943722078,0.9063101038017819,0.5529745194412867,0.2391994093807306,6.602968769595813,6672.186822237805,0.0016,0.07458879730027913,0.35455379345904703,0.0,0.0,0.0,0.04527026149986235,0.0,4.063953052867543e-15,2.9103830456733705e-15,-0.025680923096546508,0.030034245161515004,1.0
independent_signals,20270245,0.00036852135494461,0.01251926514692507,-0.06050780002272217,0.06050780002272217,0.021996330063658934,0.0088166603494098,0.0015294327762803677,0.0005701851264994337,0.01308478053213942,0.11112146210153373,0.06704487818497791,0.8953389673026684,0.6292930496226793,0.21344513905794893,6.589640350666873,4615.164834913288,0.0024,0.14477946761067056,0.35884924287074915,0.0,0.0,0.0,0.06165185162911735,0.0,1.8965114246715198e-15,3.1749633225527677e-15,-0.06861348440913499,-0.03357003483413276,1.0
independent_signals,20270246,0.0005380261003077422,0.012796360550246418,-0.058949099703889174,0.058949099703889174,0.017695235643404868,0.07306044405836488,0.010939838091607744,0.00983607683897499,-0.01966735109430078,0.07462902924222758,0.03385710250454275,0.9450419961327243,0.6368601923155527,0.1598238651718337,6.6278591136307465,4334.6388378241245,0.0024,0.15083667112481175,0.23601438580923007,0.0,0.0,0.0,0.06725911931508044,0.0,2.573836933482777e-15,2.645802768793973e-15,-0.08960025795527922,-0.0029353440178278884,1.0
independent_signals,20270247,0.0005589072100293059,0.01237250570140815,-0.06318313388181623,0.06318313388181623,0.021640333017506917,0.03547703003880996,0.0024994211670851052,0.008638309884170825,-0.03725729691354421,-0.05763473224446436,0.039852903524150385,0.9465388822796984,0.6334631783191099,0.21575532467281994,6.621200691550372,3019.0775901058614,0.0036,0.22444474407321346,0.23859373698951303,0.0,0.0,0.0,0.07196553689150731,0.0,4.3348832563920454e-15,4.630154845389453e-15,0.050577809239455755,-0.019586231244197453,1.0
independent_signals,20270248,0.00035996976984496064,0.012571119472335381,-0.04680209575196577,0.0709597389807749,0.025375733088788172,0.04755393203788842,0.008469616335852087,0.0060219992980307694,-0.01785060725788263,-0.14520024509934348,0.03791005371435049,0.9207896478361932,0.5829288887584757,0.23789267498375022,6.653132139038463,7256.152778470032,0.0004,0.06418174759725027,0.32822774131031274,0.0,0.0,0.0,0.049003259832344215,0.0,3.522092645818537e-15,2.248932353474877e-15,-0.022045871479341304,0.014451016634157899,1.0
independent_signals,20270249,0.0006066637697736276,0.012845791061699231,-0.042343417865887564,0.042343417865887564,0.014780440108841192,0.05682147713260734,-0.0402139024465188,0.012172846188652478,0.015455126370795734,0.09411615829088493,0.021588577010534123,0.9202471465798182,0.5376663478923289,0.235795382214417,6.627479680852387,8364.74242861968,0.0048,0.06605988194608958,0.32419369224527383,0.0,0.0,0.0,0.056892195853327054,0.0,2.0319765264337714e-15,5.0270252607085486e-15,-0.014773140714258443,-0.05002779461183325,1.0
independent_signals,20270250,0.0005243914362087893,0.01266005043951894,-0.07380457563677512,0.07380457563677512,0.02350593302227054,0.028555855755968137,-0.0002575072275724402,0.014110728855897245,0.03146809227194817,0.04184034186077534,0.006935476612733862,0.9442592522050868,0.6572211146307589,0.1614404753090065,6.644590008488558,3239.805132578432,0.0036,0.19928496822475456,0.34561574255733496,0.0,0.0,0.0,0.06525874878162807,0.0,1.8965114246715198e-15,5.0270252607085486e-15,-0.041527264069697506,0.03959565839160686,1.0
fixed_participation,20270201,0.00027504783484945855,0.022963083491209176,-0.09703061917551303,0.1419805869231606,0.02863693183144115,0.11140724247758269,0.11951738422089674,0.025866962045664937,-0.04360874236395977,0.9454231207514021,0.23123948555543522,0.8491040445036394,0.30486096321228046,0.6203780926194707,7.191459874910063,6963.084520098406,0.0072,0.05749145631214121,0.5047868885204263,0.0,0.0168,0.0,0.25194505152482405,0.0,3.3866275440562853e-15,1.4551915228366853e-15,0.02396882788178648,0.010035937773625006,1.0
fixed_participation,20270202,0.0007967172160640483,0.02413885468173557,-0.11672710019121921,0.13811949121602893,0.03445773260656829,0.14115532426748584,0.1615062485609747,0.05078712424356723,-0.03290204671037017,1.035368142721409,0.1422598259842228,0.9282946676626358,0.26592339389523134,0.648661927483645,7.340288981143787,5534.68292907666,0.0068,0.039251361328269264,0.27943636950594775,0.0,0.0208,0.0,0.2353462772263708,0.0,3.251162442294034e-15,1.5874816612763839e-15,-0.08888608860021953,0.05776650911997522,1.0
fixed_participation,20270203,0.0005775307701870552,0.023508377261282826,-0.05532016488670535,0.12306717191118084,0.03293971313344225,0.1763436170956753,0.19127016640596217,0.024475459335980335,-0.01911138836633646,1.6037060442324433,0.2122166068195541,0.8890700129240029,0.31503867920727885,0.6290800412588187,7.265981912351178,2657.7753626294657,0.008,0.14609770970138003,0.36523305427599106,0.0,0.0184,0.0,0.23537222756066378,0.0,3.1156973405317828e-15,2.1166422150351785e-15,-0.004861574298221657,0.007636626886743191,1.0
fixed_participation,20270204,0.00045482017017614817,0.024112096015267957,-0.10612343989294612,0.1441024604277589,0.035123921672709876,0.2100920121144958,0.185461652854887,0.08037824272979618,-0.04689670478680206,1.659430670844042,0.2734877260070716,0.8589288077042756,0.30021945015663964,0.6262809792521277,7.227404434006283,6674.088309181767,0.0108,0.05463673130820146,0.3255272761493522,0.0,0.0244,0.0,0.24492652905275025,0.0,3.657557747580788e-15,2.1166422150351785e-15,-0.027003545967469438,-0.010063822617259329,1.0
fixed_participation,20270205,0.00037247596331989427,0.02358274768474048,-0.05976294048957342,0.15077281523708802,0.031037638112283765,0.1314217012112498,0.11405605190684016,0.020335422377307483,-0.035593335724976666,0.6062153053616495,0.20268308477087013,0.8811870817303976,0.31807522108763736,0.6542860981318122,7.247599816707538,6162.77767677994,0.0076,0.039980601556558706,0.3793356133261597,0.0,0.0196,0.0,0.25107652845842776,0.0,3.251162442294034e-15,3.5718337378718635e-15,-0.042153079006137656,0.006958632958152572,1.0
fixed_participation,20270206,-1.5971227366584985e-05,0.023192280909590777,-0.11500600636702271,0.11500600636702271,0.0353827750271712,0.18351218388418145,0.19358345871412166,0.01874742638804213,-0.03736407664582568,2.745564173582233,0.3574722782829654,0.8374417357589533,0.2839474927147238,0.6176277960158179,7.158086784320503,25999.683786533613,0.0104,0.03720795052849408,0.5104517051590133,0.0028,0.0224,0.0,0.2272783628452697,0.0,1.2191859158602628e-15,3.3072534609924663e-15,-0.16355881396044916,0.014680691044146535,1.0
fixed_participation,20270207,0.0007721389990736729,0.024123047792342762,-0.08192314537497782,0.15220272630848214,0.03391404800181137,0.15689868623982042,0.19959069795092169,0.10425892364626456,-0.035856884494641264,4.019362737642526,0.23311169290176434,0.9271528203684613,0.32835946693541285,0.6077767995690039,7.169824085287109,3011.152379545809,0.012,0.1601630244949825,0.25863981874571074,0.0,0.0216,0.0,0.25542923026565,0.0,2.4383718317205256e-15,2.778092907233672e-15,-0.1890439395617097,-0.003567004183538131,1.0
fixed_participation,20270208,0.0005663021205558042,0.02326154292814891,-0.09754663864248446,0.13502317341749862,0.03702140975346407,0.14075008666239022,0.16770607947728366,-0.0001026985217792605,-0.02077595489023952,1.1380020725077342,0.199201647930261,0.9047819777425232,0.3074283971564887,0.6397945964988084,7.105181240088309,5443.955646350676,0.008,0.09794130701499626,0.28510131672816263,0.0,0.018,0.0,0.25806684160608295,0.0,2.4383718317205256e-15,2.9103830456733705e-15,-0.08064661006636085,0.035011261160520085,1.0
fixed_participation,20270209,0.00045473632461063895,0.023326165936028497,-0.05166175318807277,0.13432413639663066,0.03283369003080194,0.11794280009271485,0.1305166507788109,0.04183190707428071,-0.03165316847699053,1.6790430671705057,0.17685989078234743,0.8909876502892018,0.34616825772563753,0.6252854803508611,7.175955764590575,3698.608207175857,0.0092,0.10980608297730189,0.2970495081613126,0.0,0.0148,0.0,0.24656946444698846,0.0,1.7610463229092685e-15,1.7197717997160825e-15,-0.09017339605567652,0.0216678397240112,1.0
fixed_participation,20270210,0.0005214297066050201,0.024052522490785887,-0.07052733744197727,0.1765619135521688,0.03307093378521364,0.15698028350677518,0.15319978141119228,0.05745779094676816,-0.013881184070491624,1.038579004113405,0.23895609636364049,0.9119766230793529,0.335605942587428,0.6459124652591769,7.282378619536729,4165.712123178081,0.0088,0.10431580603547805,0.3102325611451314,0.0,0.0264,0.0,0.245023126075828,0.0,2.0319765264337714e-15,4.365574568510055e-15,-0.014286510666446494,0.011976220769700799,1.0
fixed_participation,20270211,0.00017256016470521018,0.022409032574946117,-0.026929724596578157,0.11990196131112589,0.03097257908659885,0.158551819985852,0.13565290219700923,0.06487671876758364,-0.04374576586014579,1.1092031434903777,0.24484327058961095,0.894944754447462,0.3588185322877273,0.6114161596472727,7.153939582451245,5880.998047035225,0.0088,0.07499687573950752,0.5154503613846755,0.0,0.0172,0.0,0.2558329716139849,0.0,2.1674416281960227e-15,3.5718337378718635e-15,-0.05285862715349669,-0.01570431285714902,1.0
fixed_participation,20270212,0.0004826685773113059,0.023698790944987863,-0.03793600479216983,0.1826859850878043,0.03378582494881514,0.14078317824619663,0.1661773416183292,0.047123118496471016,-0.03119663206736603,2.595006888502666,0.20872923117647113,0.9194300388097675,0.3157049548251953,0.6238229688341722,7.256071952272423,5335.343165071794,0.0072,0.0948637113965801,0.3127386829195332,0.0,0.0204,0.0,0.2492678778636377,0.0,2.980232238769531e-15,2.1166422150351785e-15,0.08212574087074302,0.008787971296074584,1.0
fixed_participation,20270213,0.0002950125574320211,0.02158594238604245,-0.11052107533535949,0.11052107533535949,0.026111747535330514,0.1106353979922548,0.1024579108262506,0.002349924426772524,-0.02339181422154519,0.5675545875643482,0.24318195484551877,0.8625906396712139,0.30473352795148057,0.623788155803727,7.064013032317702,13183.75751946542,0.0044,0.019974152567127118,0.31689151103176405,0.0,0.0136,0.0,0.24484798434301203,0.0,2.1674416281960227e-15,2.1166422150351785e-15,-0.03325409913365822,0.03347237354214814,1.0
fixed_participation,20270214,0.00021241455311982838,0.022973287400952298,-0.08439349467113358,0.13872607271561868,0.030537666165938664,0.14844374915501007,0.15464035558594097,0.04367396909398525,-0.020886450362913176,1.057758459431553,0.29796296249897414,0.8520640455669863,0.2818597472176721,0.636693239969151,7.163666238441693,11708.645693569619,0.0112,0.028996652791507357,0.5306083573153868,0.0,0.02,0.0,0.24333511522268303,0.0,1.4901161193847656e-15,4.365574568510055e-15,-0.0567279955503642,-0.0011417629900809917,1.0
fixed_participation,20270215,0.0004826434246546075,0.02392342772289276,-0.1551091550168098,0.1551091550168098,0.030525562493294016,0.16828478871426672,0.17068043676045344,0.03172461149056976,-0.028756748273050116,2.2893972190801115,0.27174343912284277,0.8777291044999695,0.27229749547517873,0.6273324754996785,7.1584651892717055,4252.302898927351,0.0092,0.019504276832840155,0.3798129210414608,0.0004,0.0208,0.0,0.2155212329188041,0.0,4.063953052867543e-15,1.7197717997160825e-15,-0.034145566814480596,0.06530593181747878,1.0
fixed_participation,20270216,0.0008010429210038669,0.02259575656185656,-0.08736279358297681,0.12637196705151182,0.02817584994274877,0.12506918697142203,0.1263418765730774,0.06346198229482539,0.001269821777002978,0.7223022738294587,0.12220399207847352,0.9301595428777921,0.3378132241687121,0.6358288646951915,7.133719062096661,2467.618677728784,0.0076,0.16742210495687537,0.23652434199939976,0.0,0.0196,0.0,0.25697264955973,0.0,2.4383718317205256e-15,1.98435207659548e-15,-0.14667729308070904,0.04187891877091456,1.0
fixed_participation,20270217,0.0003190808304622884,0.022862219191321687,-0.02699802525024015,0.17513473281636016,0.031980538190871564,0.1152021258070017,0.1408068940254066,0.08861940105479764,-0.03530356289334995,0.8790617167177408,0.2279427349800763,0.8803358499318681,0.31979518476497365,0.6401404556679205,7.181616136266175,6259.841087621995,0.0072,0.06812147130947017,0.3320103878302306,0.0,0.0136,0.0,0.24776261870245841,0.0,2.1674416281960227e-15,2.248932353474877e-15,0.006575913268652115,-0.025100244479877458,1.0
fixed_participation,20270218,9.605926970486678e-07,0.023296103709691526,-0.11154740600812142,0.122470859481456,0.03542054575368194,0.16133589638499546,0.15607961877675755,0.10364039544069067,-0.043870897881765875,1.2365792342439947,0.32480758842647084,0.7729682203660394,0.28847981308958087,0.6261862195138453,7.235360391044116,8277.979201525983,0.01,0.024427701668794127,0.4995714387684932,0.0004,0.0192,0.0,0.23852237872686155,0.0,3.522092645818537e-15,2.1166422150351785e-15,0.0661732087511338,0.05226558723617512,1.0
fixed_participation,20270219,0.00041952850892427237,0.023194480827238496,-0.06708362292515804,0.1501279227345176,0.032038063027561854,0.1753522353317624,0.1709850986132528,0.06107029598385282,-0.017436497136664675,1.220409616050719,0.24077429646011758,0.9104038167529871,0.316972992663077,0.6286545762610042,7.223085360973873,8575.468210889632,0.0092,0.045542947750126926,0.3164770927030367,0.0,0.0188,0.0,0.2621611154571093,0.0,1.4901161193847656e-15,2.645802768793973e-15,-0.08411127709184886,0.05584379116195688,1.0
fixed_participation,20270220,0.00032696967192965724,0.022956782590290808,-0.10030711942293644,0.16393466438945964,0.033569430926412916,0.20259915497994566,0.20522567599078975,0.09538350869455971,-0.07586111602209133,1.4282318363707356,0.26342910817646703,0.8953288031771562,0.29813918697674013,0.6121689379066175,7.164512566801551,6562.027990659956,0.0072,0.04207910037270267,0.27285740982853535,0.0056,0.0244,0.0,0.22406501983298055,0.0,2.980232238769531e-15,3.836414014751261e-15,-0.04365503886622003,-0.01291024801771744,1.0
fixed_participation,20270221,0.0005430763511768443,0.023592426780257317,-0.09149380382863648,0.12788109320100846,0.030347041937218655,0.14485208540088756,0.1363369123635917,0.016326646323562306,-0.06083946291477765,1.281508709511086,0.2001197074116132,0.8714815705307177,0.30558128876353624,0.6322218176458219,7.229673753791818,5168.376397397816,0.0088,0.07188043181968268,0.2550587821311098,0.0,0.0168,0.0,0.23012243342355254,0.0,2.573836933482777e-15,1.98435207659548e-15,-0.062326632146914335,0.03899577151538109,1.0
fixed_participation,20270222,0.00013508063869988797,0.02217876272359334,-0.07887498647874049,0.10525101508092374,0.03105302957976806,0.12414106767464642,0.1289238248680609,-0.0012240364356757934,0.01597463323555788,0.7950386473653372,0.2905014944745854,0.7903557385228478,0.32124682726961123,0.6194040099494255,7.07177546995668,8742.775703652453,0.0052,0.08340644680584483,0.5847526591495067,0.2892,0.0132,0.0,0.2313798653434389,0.0,2.4383718317205256e-15,4.233284430070357e-15,0.012476217122872533,-0.03098216184298613,1.0
fixed_participation,20270223,0.00022769121883162597,0.02276830687965287,-0.07529756517829711,0.12758794833244047,0.032596298716703415,0.08712047959266038,0.1435400400511583,0.06244936596704437,-0.04795387263928935,0.6332131736696152,0.23272430066464886,0.8594137004724467,0.3235401106921512,0.6335174021247003,7.163098344998147,3878.896072586418,0.0076,0.07210096086399852,0.4140614582268426,0.0,0.0196,0.0,0.2447965074679963,0.0,2.0319765264337714e-15,2.248932353474877e-15,-0.08243256933781143,0.007941968159349643,1.0
fixed_participation,20270224,0.0007261563763847743,0.023456461468525473,-0.10140307659904685,0.11242865876879528,0.03157116413002512,0.09729202191339809,0.15427087345034768,0.03694077508699073,0.001392146377039687,1.2444358503220192,0.12868047565322105,0.9165838835616099,0.303535794923815,0.6287002279747493,7.193687022826063,4889.120359857541,0.0096,0.05221286524223172,0.2467649759452465,0.0,0.0156,0.0,0.2468366729195961,0.0,1.7610463229092685e-15,3.042673184113069e-15,-0.11222996837030344,0.007242638102201512,1.0
fixed_participation,20270225,-2.811898171750471e-05,0.023975285294349946,-0.10530681750733871,0.1429481328026104,0.03594395676504055,0.1859243614217552,0.18493706916056163,0.08265887860121156,-0.05968347874234418,1.5997893666066014,0.35920136187946616,0.8082487400906518,0.29621449012165246,0.6191844861757456,7.257507507285851,6108.706998734173,0.0104,0.052809654769933524,0.4826625736340683,0.0,0.022,0.0,0.24733826851245855,0.0,3.657557747580788e-15,3.7041238763115625e-15,-0.037427028812737184,0.0319341499103207,1.0
fixed_participation,20270226,0.0005733193856923958,0.023591224704419433,-0.08396065901701906,0.13760728251677617,0.03365926083290734,0.13614154479793464,0.125212901458184,0.02944138646061666,-0.013539712646157364,1.2799230840013536,0.17689500915757678,0.9093588930204851,0.32482279503354083,0.6419775199924662,7.18983924761025,3440.4327172118738,0.0092,0.08526114699659977,0.26166634299091673,0.0,0.0184,0.0,0.2512312107840482,0.0,2.980232238769531e-15,2.1166422150351785e-15,0.0016622311326262092,-0.01976557903975828,1.0
fixed_participation,20270227,0.0002814560432887042,0.023204020046842806,-0.04192550926190213,0.13174154172895589,0.028663975781814,0.091553593357558,0.1602671819547934,0.04282607205312467,-0.038392296658350734,0.870140875717297,0.2150047422064501,0.8672016039997283,0.3322293077876093,0.6471963535028583,7.205254873462514,5285.98833397682,0.0096,0.08570446453815928,0.3177230349773883,0.0,0.0228,0.0,0.25322643612453755,0.0,5.418604070490057e-15,2.5135126303542743e-15,-0.0453250776287462,0.044114073617751555,1.0
fixed_participation,20270228,0.00015924774630128943,0.023678692054324994,-0.07766193192417906,0.11814495351689927,0.033602566499541416,0.11096045283588876,0.16254084287449122,0.010839862080736546,-0.020738164831598037,0.8984128282077459,0.2627528046662376,0.8317505100438312,0.300712726376812,0.6327237035712129,7.2215929621326564,5118.4874722324,0.0076,0.12230485263086016,0.3769452423495706,0.0,0.0192,0.0,0.25558203282975467,0.0,1.625581221147017e-15,1.3229013843969864e-15,-0.049804015993465296,0.02612840848008438,1.0
fixed_participation,20270229,0.0005295348196334579,0.023948917644815763,-0.09092367741906976,0.14850329808010793,0.03451207094723374,0.1762510800639461,0.17464744603419255,0.10088265346874946,-0.0029737003509685395,1.4240313211065168,0.25109163296229703,0.9000732768538249,0.31278006750625686,0.6256409122872545,7.208529010622101,6974.147428016342,0.0088,0.03448934395819936,0.2732962479596308,0.0032,0.02,0.0,0.23225742036742703,0.0,3.251162442294034e-15,2.9103830456733705e-15,0.08208756150547203,-0.011839632263413866,1.0
fixed_participation,20270230,0.000467471276375354,0.02318610020494331,-0.0585142316119053,0.1454589691047446,0.033013706555823946,0.11556515705890946,0.18427948022322815,0.03295941910235827,-0.01909163407485564,1.816248717297845,0.2601023813794256,0.9094530001728566,0.31504503191335986,0.6208759978210033,7.107324146718726,7446.2051267480965,0.01,0.030900133563422656,0.4113826547604691,0.0036,0.016,0.0,0.23243280229317764,0.0,3.657557747580788e-15,3.3072534609924663e-15,0.10991591804475895,-0.024570666838875124,1.0
fixed_participation,20270231,0.00045988744171547824,0.02351780199781629,-0.10267159359638739,0.11731944334876344,0.035861515257831225,0.12662701447313907,0.13460596140643788,0.046836277917569454,-0.06283639889809932,0.7337954186798781,0.20913062712675587,0.8790278994692091,0.2558255331255383,0.6510475525056986,7.230587784085627,5282.34824694643,0.01,0.02256830625289593,0.2672377614278937,0.0004,0.0172,0.0,0.22810896652992607,0.0,4.470348358154297e-15,3.3072534609924663e-15,0.01993466856448063,-0.016329879483759486,1.0
fixed_participation,20270232,0.00023604004172501014,0.023362660804040657,-0.10489722507351612,0.1292261371775785,0.03166905526437706,0.18764834256987217,0.13951959980262632,0.050995847034997044,-0.03844281418615657,1.4482948411338787,0.31607715604249387,0.8304295900617609,0.31350818545554304,0.6179357973154253,7.165271846843572,8029.342133247217,0.0092,0.025352308661811106,0.39642880651870194,0.0,0.0236,0.0,0.2471413636102484,0.0,3.657557747580788e-15,2.3812224919145757e-15,0.029541504150870583,0.009178011328533667,1.0
fixed_participation,20270233,0.00047768608762338723,0.02335649951035598,-0.0819540148632209,0.17269018062565386,0.03567753067063135,0.10628877710066914,0.16845002439110823,0.06077675654912334,-0.05438454635395485,1.0592726259242324,0.28470499215475353,0.8703936512358247,0.3223782195217581,0.6275625180279889,7.219140905627031,3665.9105464031445,0.0072,0.1855726922502821,0.32900878874847495,0.0,0.0216,0.0,0.25544191306787245,0.0,1.2191859158602628e-15,2.3812224919145757e-15,0.04293135669493479,-0.02954999541841995,1.0
fixed_participation,20270234,0.0004563988133882969,0.023294980774528733,-0.05152897850007354,0.10562603450195944,0.03382199197059123,0.15009562161920764,0.13468277761418948,0.032120513304874934,-0.030324714159922595,2.2228316430792496,0.26360024023190437,0.8677408001355261,0.3448849483621697,0.6137924675091597,7.127882948444105,3547.036306852245,0.0104,0.06761882038135342,0.512008288104852,0.0,0.0172,0.0,0.25108632772618433,0.0,2.4383718317205256e-15,1.4551915228366853e-15,-0.13482214025347344,0.022228692556577955,1.0
fixed_participation,20270235,0.00042059363613344375,0.02335871252978158,-0.04977892899026041,0.158169864456943,0.036688051051149986,0.13564693553295462,0.15772101565702557,0.013112993091699422,-0.06841561403331468,1.0055845906878877,0.23214494976333028,0.8786744841994077,0.32023298158999186,0.6321263319077561,7.252985693588606,4562.6368337327,0.0084,0.12926032097120116,0.409198786618303,0.0,0.0208,0.0,0.25179254292296105,0.0,2.573836933482777e-15,2.1166422150351785e-15,-0.010496745087834389,0.015770409421195047,1.0
fixed_participation,20270236,0.00042409138692077626,0.024110643351476977,-0.1460129450239761,0.1460129450239761,0.02930668867397513,0.184057556013603,0.20519713237687429,0.07993867227173168,-0.06355108168578212,2.0098874826649693,0.2837285994087675,0.9110999575437494,0.3182601333421663,0.6061407060403347,7.2525797290112175,3454.9710075386665,0.0104,0.09166896948313169,0.30034102084368863,0.0,0.0228,0.0,0.24787562600114366,0.0,2.7093020352450286e-15,2.9103830456733705e-15,0.012541907862232938,-0.0026331162522368603,1.0
fixed_participation,20270237,0.0003466789725885629,0.022988655538135852,-0.08599995998384694,0.12901174230517376,0.029317510092849795,0.1482526351600579,0.1651941560102766,0.053957180654597,-0.017684350348670542,0.6394805752191997,0.26979716866352893,0.8676834521340077,0.3241952660090541,0.6189436985445288,7.203137724507962,11878.735261582699,0.0084,0.04063197122004928,0.48456676542656363,0.0064,0.018,0.0,0.22150658954410685,0.0,1.3546510176225143e-15,4.762444983829151e-15,0.019516249578490272,0.04607954138654637,1.0
fixed_participation,20270238,4.293122963389315e-05,0.02338046008535638,-0.08345255667604655,0.1730842488888575,0.028297681072991243,0.18242113521740827,0.18454369357437664,0.0791588650965781,-0.0195871178829052,1.7834163093476203,0.3448358776932588,0.8519325881702151,0.3314541181962776,0.6178962817527894,7.096069509079852,10152.66446903045,0.0104,0.05606973477642542,0.44807812518990275,0.0304,0.0176,0.0,0.2508417698130112,0.0,1.2191859158602628e-15,4.89473512226885e-15,0.050861906303233104,-0.004813733779536646,1.0
fixed_participation,20270239,-5.794993884956661e-05,0.0234854893099719,-0.12654025883465975,0.12654025883465975,0.030594865433695266,0.20809463426502287,0.18658641075711943,0.06307985573626342,-0.022200494133082702,1.7730289281129679,0.36530840676980686,0.8078538388089022,0.2697423583000343,0.6159925119327893,7.131737815425297,9422.391772810126,0.0092,0.018776591647437665,0.4961329757463131,0.0004,0.0196,0.0,0.24822769765961117,0.0,2.84476713700728e-15,2.778092907233672e-15,0.07403035705048647,0.0305098573138871,1.0
fixed_participation,20270240,0.0006777884706311098,0.02244826939347882,-0.03019983690135465,0.15248549529150426,0.028875705060909744,0.10287789069284385,0.13312966020561193,0.01841118394650864,-0.01089012812659279,1.73586811400971,0.14397541921261167,0.9333699386769283,0.3455346811708608,0.6335632396841817,7.118252542614751,3410.9983537384583,0.0036,0.17829843766073045,0.33686223017325023,0.0,0.0128,0.0,0.2629669847740854,0.0,3.522092645818537e-15,2.778092907233672e-15,-0.19055857390275915,0.002312377076697619,1.0
fixed_participation,20270241,0.0004700802304238405,0.022760667742548497,-0.09556626018515378,0.13276788781491905,0.028126371922381523,0.13693361758014858,0.14050311950257713,0.009295351959133936,-0.001475263090861194,1.1481102399631196,0.2926021900613784,0.8451236244066381,0.2846647580473195,0.6285306132309918,7.137708642740027,5908.150484761251,0.0076,0.02067691037506116,0.3299009234474102,0.002,0.0168,0.0,0.20906840718969355,0.0,5.960464477539062e-15,2.1166422150351785e-15,-0.12004807861981398,0.003967019050614566,1.0
fixed_participation,20270242,0.0004630106383997326,0.023936592238715672,-0.0644190879325262,0.18414167229760653,0.03232794462127092,0.13512315357933694,0.15625906600175116,0.06011589511912556,-0.0018505304349867686,1.8145817654053324,0.2732992854311318,0.8692668136890744,0.319999555664422,0.6343298192106887,7.2720065274211265,5889.93082778139,0.01,0.04025921593474496,0.3037763135464885,0.0,0.0212,0.0,0.24800151906148038,0.0,2.302906729958274e-15,5.0270252607085486e-15,0.07919230462748696,0.03547951413752877,1.0
fixed_participation,20270243,0.00025671326203972493,0.023027408840991755,-0.058926928900877674,0.13744206798212247,0.030971171157994852,0.11444583728197986,0.11496068022104769,0.01401833958774543,-0.007126719860056161,0.747874309283564,0.2212910835859481,0.8863404774290348,0.31753742432070153,0.6328915240391133,7.16073043764391,5192.390056284538,0.0052,0.03514046326672838,0.5244054868325174,0.0,0.016,0.0,0.24713940940313583,0.0,3.3866275440562853e-15,2.5135126303542743e-15,0.08818088737958302,0.02281700761789028,1.0
fixed_participation,20270244,0.00029675999635873717,0.023349931867982357,-0.055790422003990335,0.17480129290427135,0.04042338113179291,0.15155070022586106,0.20546882345531745,0.06024229311555211,0.013963627591367388,2.1284891524042395,0.320828446595807,0.8755752924762312,0.3334598459670748,0.6081457591611773,7.109429101450204,6935.071060806816,0.0144,0.09109889173075097,0.39290506410378934,0.0,0.0184,0.0,0.2540873114899562,0.0,2.4383718317205256e-15,1.7197717997160825e-15,0.08680652236708196,0.01944553117666525,1.0
fixed_participation,20270245,0.00038316937066736756,0.023131473593662237,-0.07379288024244557,0.15599584921886642,0.03960782633755318,0.17663496573152024,0.16539705309705854,0.05095970882861219,0.006499243423427765,1.7188341436279542,0.2635913077577723,0.8547332796015592,0.35219048785745716,0.6101749628729989,7.177092560388491,4360.427384500452,0.0092,0.0699117488566699,0.36779323861194635,0.0,0.0188,0.0,0.26341502880492396,0.0,1.625581221147017e-15,1.98435207659548e-15,-0.06788484769889817,-0.003612574391109684,1.0
fixed_participation,20270246,0.0005573014224145421,0.023519499128551453,-0.05590103231551182,0.13071653044563664,0.04410214608204607,0.11902140634421189,0.16326317875064522,0.022174503404447155,-0.02237726682432966,1.8758187842319733,0.2023880356566243,0.9094881771449268,0.32578845439417503,0.6303686409611131,7.193086235296689,4358.819761863291,0.008,0.14936102876325727,0.2667573119729961,0.0,0.016,0.0,0.26820506431826807,0.0,5.68953427401456e-15,4.233284430070357e-15,0.13397748600204598,-0.020991686536700426,1.0
fixed_participation,20270247,0.000587133379436754,0.023588205548721024,-0.016304863617156336,0.1804944905612635,0.029997962426104908,0.16300933379658786,0.20428690117696685,0.06262990109510731,-0.03585319342610655,1.5331165156181807,0.24449372105509126,0.9039059876454647,0.34425691265346875,0.6268457735469044,7.217540914250004,3049.8545371379223,0.0092,0.21537100234268108,0.25709760857549635,0.0,0.016,0.0,0.27056370023599285,0.0,3.251162442294034e-15,2.5135126303542743e-15,-0.039391125879071696,0.02539199739118955,1.0
fixed_participation,20270248,0.00035166712399831965,0.023446279502873313,-0.08048845155900113,0.13283042564894634,0.03739236516717814,0.16506815357303126,0.1936205226689176,0.04393616413308868,-0.0651502234332762,1.4093187289525089,0.25912422890196946,0.8586346543250559,0.32870133433443177,0.6270088396080603,7.252659833653379,7729.420289720577,0.0092,0.11069089707833887,0.3217947619810172,0.0,0.0196,0.0,0.25474724311795294,0.0,5.418604070490057e-15,1.0583211075175892e-15,0.07914244534831075,0.0038530296510065373,1.0
fixed_participation,20270249,0.0006661444474825569,0.023524833481165054,-0.09541689429616232,0.1541673059197067,0.03774574792265399,0.13000242020971972,0.12998249577837367,0.07160960655645042,0.0015056533532842296,1.7012704309072575,0.24458113853360888,0.8789281048997813,0.29201011921801373,0.6253742828311586,7.2351203020940575,7981.840290677747,0.0096,0.020843784366313973,0.3712701478207291,0.004,0.0192,0.0,0.21928900601271195,0.0,1.7610463229092685e-15,1.8520619381557813e-15,0.07676357114805785,0.028112669092551196,1.0
fixed_participation,20270250,0.0005628593806563377,0.023141319006797608,-0.0687258166423145,0.11773574801245029,0.03153368889701972,0.1320308669658525,0.14347044595433406,0.018224062985417074,-0.039818883942464654,0.7197098816990533,0.14528428138362717,0.8953838031925836,0.3089896433628071,0.6440109238927433,7.196146986576196,3074.572432611721,0.0068,0.12848592331561295,0.3541855708587722,0.0,0.0184,0.0,0.24046793731422222,0.0,3.7930228493430395e-15,1.8520619381557813e-15,-0.06558077165912239,0.02690260436254062,1.0
fixed_liquidity,20270201,0.00027326192670532485,0.0186276913142578,-0.044026142057937256,0.09241846893673084,0.020611811820849254,0.04662903714704476,0.05021379145402554,-0.0358949264542454,-0.007847671352141037,0.042857343311474505,0.14199818921944826,0.8156425346838932,0.42252657134686694,0.5630227611010914,5.707354375382115,8026.776218102587,0.0032,0.037714140484048156,0.5044363366434386,0.0,0.0044,0.0,0.18483261598192713,0.0,4.063953052867543e-15,2.248932353474877e-15,0.017665645053725712,-0.004051833130312521,1.0
fixed_liquidity,20270202,0.0007752805236154905,0.018564019702183986,-0.041759758223649385,0.12452886970660179,0.029652554306508254,0.06392859398866768,0.03315449682553442,0.014848435157625477,0.007409612465426709,0.14732381201692402,0.1002859167010416,0.9159546278332285,0.39620879884341403,0.5882177956239422,5.7025860946088915,6692.44068918412,0.0032,0.06112940414008556,0.2679691736090465,0.0,0.004,0.0,0.17460164717419713,0.0,2.4383718317205256e-15,2.1166422150351785e-15,-0.047105564060328495,0.02404073967090427,1.0
fixed_liquidity,20270203,0.0005700193908553082,0.018274736824767285,0.01648333478009003,0.1176036021993633,0.03209005435392916,0.09641988540775323,0.055626324932668135,-0.017814690985941996,0.007301546947875605,0.1927987034557468,0.14649161688259865,0.8743563537509075,0.4129358826228663,0.57991542529727,5.689278720418927,3162.2076509473836,0.004,0.15612332783387686,0.3412694591765745,0.0,0.0044,0.0,0.17741508137357132,0.0,4.470348358154297e-15,2.1166422150351785e-15,-0.03853553552831242,-0.017346166382056858,1.0
fixed_liquidity,20270204,0.00046291472869749235,0.019225552476325493,-0.05269514123862137,0.11855980066888062,0.028268683895805048,0.13294307704730435,0.04771087132034662,0.020527013741807317,-0.029825232121888683,0.316575285415742,0.1574747166455126,0.822636806099057,0.4090406331390627,0.5873947111385319,5.7258961975497105,7813.03593451945,0.004,0.051516003303336014,0.32000447003447785,0.0,0.0056,0.0,0.18885816179557136,0.0,1.4901161193847656e-15,1.3229013843969864e-15,0.008617758260720995,0.030478518758077774,1.0
fixed_liquidity,20270205,0.00036458026452644034,0.01884919949479429,-0.00956731514765184,0.13598106317863282,0.027266268361491368,0.07222432401382456,0.023179293717571183,-0.0030458812048776147,-0.0124725416886641,0.0639461720657919,0.1101168381822489,0.8544887949498176,0.4363840968901363,0.6018151660757385,5.714514998456611,7344.564493256751,0.0024,0.04263753027518928,0.37155302751060737,0.0,0.0028,0.0,0.18210770861627457,0.0,5.5540691722523084e-15,1.7197717997160825e-15,-0.013161854238032504,-0.013695738643472703,1.0
fixed_liquidity,20270206,-8.008276905491485e-06,0.019263707611466382,-0.032190456326885254,0.11572633676024303,0.026513884394445388,0.09633698765412384,0.06457171483846685,-0.023715953087611437,-0.01703707758520395,0.4883465092652113,0.25740884707231104,0.7669317667021899,0.3930536007741693,0.5947039722142367,5.722144559305718,30629.459008699465,0.0052,0.028730673949787826,0.4848590943918224,0.0,0.0092,0.0,0.18505798637334725,0.0,5.824999375776811e-15,2.1166422150351785e-15,-0.0030567105213335083,0.010278719222179239,1.0
fixed_liquidity,20270207,0.000790255057235984,0.018514832336564105,-0.03004784879126462,0.12492821649350322,0.026380121309987466,0.059210322092493925,0.020045396833276018,0.0516703586391534,0.017036762538705213,0.6146869155073857,0.11972110274901392,0.914576481551191,0.43256013283518574,0.5692556144828308,5.700075276944775,3424.61958481801,0.0048,0.13395137311867392,0.24720582953932113,0.0,0.004,0.0,0.20105188843519528,0.0,2.1674416281960227e-15,1.0583211075175892e-15,-0.12849458290433766,0.0011093084383679242,1.0
fixed_liquidity,20270208,0.0005847087207409192,0.018961125363688883,-0.04035895754967775,0.1338318105661997,0.028027486403076823,0.08518659215348558,0.07960551508113764,-0.00722607160596185,-0.002759079535719734,0.41653913926638486,0.13853944890600514,0.8935297614337627,0.40979836332559644,0.5920125977834273,5.714888115072448,6208.047673517704,0.0048,0.0639970801119785,0.24383681378678623,0.0,0.0044,0.0,0.1917458481014911,0.0,2.84476713700728e-15,2.3812224919145757e-15,-0.03740044268664341,0.0262346104630032,1.0
fixed_liquidity,20270209,0.0004837933039237342,0.018648160735684927,0.009851315922252928,0.11642671439005985,0.027702248463232056,0.06357348849146068,0.04904904452151286,0.03178119899990408,0.0073238929839937895,0.1325789419782546,0.11461575896238148,0.880719166830185,0.44515693392129685,0.5664747571232601,5.706917160582146,4362.26876334636,0.0044,0.10210888463393096,0.27684040629746887,0.0,0.0048,0.0,0.1868147829474316,0.0,3.7930228493430395e-15,3.042673184113069e-15,-0.020670217852809977,0.01604142595958323,1.0
fixed_liquidity,20270210,0.0005196191111807209,0.018971147496974313,0.0027279630282653127,0.13837364662041163,0.02789681061434663,0.09499824960859536,0.06629629715081116,0.031505420920158796,0.0015923717127219747,0.18581261223132017,0.14542749133937435,0.9059669784872062,0.43903713653350435,0.5881813320257412,5.717760637078701,4950.2485982541475,0.0036,0.1029002726464207,0.31676597733012746,0.0,0.0048,0.0,0.18743169563720352,0.0,4.876743663441051e-15,2.778092907233672e-15,-0.07329135969700076,0.0045069189250948076,1.0
fixed_liquidity,20270211,0.00018419464694174862,0.018303305492443345,0.014398213141854299,0.12041837106803621,0.022796602034881208,0.0801054233239118,0.03921129436907897,-0.013638421430055264,-0.03116471243924858,0.13470411779123337,0.1156536228068658,0.8679962640762422,0.451083805087475,0.5710657240008593,5.692470954855066,6760.91032339211,0.0044,0.04807313192417456,0.5244160561117273,0.0,0.0052,0.0,0.19595710149175538,0.0,3.1156973405317828e-15,2.3812224919145757e-15,-0.056410559444913896,-0.02819543433237828,1.0
fixed_liquidity,20270212,0.0005035468849853156,0.01837069341686536,0.011745429674951395,0.1450969972483376,0.026908762390878492,0.0775506888670494,0.05248730756244899,-0.015338515441577149,-0.0031267941751118565,0.593914893007705,0.12462172846343811,0.9071576376583192,0.41897018649484746,0.5683247863951544,5.691247474086751,6179.913119965359,0.0048,0.06613802026478287,0.30131778579230983,0.0,0.0044,0.0,0.17997398553317168,0.0,2.980232238769531e-15,4.89473512226885e-15,-0.025269323643745283,0.014225093092249584,1.0
fixed_liquidity,20270213,0.00030970252506019055,0.018332961605212656,-0.03528636103032197,0.09410918062051202,0.022399871344486767,0.06909385765982796,0.054104420809657515,-0.031895864911594754,-0.0013861928795733595,0.2001963526077466,0.13643998036373833,0.8021444660692336,0.40723114920046094,0.5703831632628424,5.696869747473014,15259.777156881744,0.004,0.018376751305684322,0.3192552646733835,0.0,0.0048,0.0,0.18689380339196981,0.0,1.4901161193847656e-15,5.820766091346741e-15,-0.04330505408571195,0.01737643285021813,1.0
fixed_liquidity,20270214,0.00021612704459387117,0.018380477970288623,-0.01722972381847637,0.12256534450338635,0.026230417782940097,0.07139574198923168,0.06914748524488784,-0.010145124993276506,0.014513515304391898,0.5632348174318218,0.1861738064377694,0.8204460329798149,0.39228053552338193,0.5852517971583936,5.690458862903716,13555.135146606535,0.0076,0.019190343707187002,0.5092899063827888,0.0,0.006,0.0,0.175684822316871,0.0,1.625581221147017e-15,2.9103830456733705e-15,-0.01130356129771419,-0.025228042706397738,1.0
fixed_liquidity,20270215,0.00045819295841464616,0.018672409774033644,-0.05491278278840988,0.10876808683215879,0.01975819916360305,0.0798170651112486,0.058119644325927276,0.019726494770862968,0.013084973001878959,0.1732894300551897,0.17653055714276666,0.8522687618185741,0.4114489576829793,0.5706375499722284,5.705946305800734,5310.614813220355,0.0036,0.07135387957061103,0.36639009136215217,0.0,0.0052,0.0,0.1972329797060013,0.0,4.199418154629794e-15,4.100994291630658e-15,-0.06408905842730352,0.05607297524251828,1.0
fixed_liquidity,20270216,0.0008188930693058044,0.01838926195038063,-0.0485051817782548,0.10439269791450234,0.027099699825353707,0.0898603657737416,0.06826862028578928,0.01767318717397956,0.006081961308324629,0.13846383640942506,0.07776124613469078,0.9237515056024568,0.43217808642320205,0.5768255442226644,5.699112378568348,2882.9261484124772,0.0036,0.15560433776742408,0.22765792345830171,0.0,0.0052,0.0,0.19942291817859403,0.0,3.522092645818537e-15,1.3229013843969864e-15,-0.12846015145858009,0.03578156742910762,1.0
fixed_liquidity,20270217,0.0003295364642100001,0.018496162875972093,0.01963573266502438,0.14918579061136691,0.030936119183907908,0.08685638941883984,0.03922408755896547,0.054362443946008136,-0.0036762043629479965,0.06191633148811526,0.11026117237285017,0.851702104582205,0.42073999910684745,0.584389633064256,5.703025807936944,7306.804754273742,0.0024,0.05302935116866478,0.33314810764343605,0.0,0.0016,0.0,0.1837827876256901,0.0,3.251162442294034e-15,1.7197717997160825e-15,0.020317158991406983,-0.014577942166696615,1.0
fixed_liquidity,20270218,-5.686374720153609e-06,0.018768139782439176,-0.05677033111954122,0.08807655522117175,0.030703966482001722,0.06596217853196132,0.016793339547082464,0.034119007236189394,-0.0037826801899067436,0.22145699871143654,0.19014205117644092,0.7333129304923426,0.4063308366113383,0.5897542393842835,5.712463335563589,9886.395942471958,0.0052,0.023516239937209908,0.508269712881614,0.0,0.0052,0.0,0.19304060770504883,0.0,1.8965114246715198e-15,3.7041238763115625e-15,-0.01985339265048889,0.048330573662145396,1.0
fixed_liquidity,20270219,0.0004373325484037313,0.018763078896477325,-0.030598568360059395,0.10712363500361606,0.026335596490967082,0.08084525787531709,0.031681502781659106,-0.012433213903657812,-0.00711722474488817,0.10716010048936653,0.1423691669628156,0.8737991563294224,0.43288453708804653,0.5900108764762204,5.712164932530799,9852.118267597076,0.0052,0.024880447275587057,0.29689494247352166,0.0,0.0056,0.0,0.19609171896961786,0.0,3.657557747580788e-15,1.3229013843969864e-15,-0.052737352062904266,0.01701072988724331,1.0
fixed_liquidity,20270220,0.0003314225868250929,0.018265035058843027,-0.04013848881098996,0.14198167695839034,0.025757428524065023,0.03248106035471211,0.045555586062014174,2.5330864626846197e-05,-0.05007500045477399,0.20743987842070366,0.13060378167695966,0.8555365220370289,0.40883318349563197,0.5778938374799836,5.694963217932208,8119.883238387948,0.0036,0.03335334551225069,0.2755270274343359,0.0,0.0056,0.0,0.18859246705100707,0.0,3.251162442294034e-15,4.762444983829151e-15,-0.04989315739759976,-0.009524130137939282,1.0
fixed_liquidity,20270221,0.0005394864055573272,0.018458257558908044,-0.035279744918976334,0.12641666121954281,0.028400752062243052,0.06309541731200574,0.01971033902100581,-0.010505935149048191,-0.04459687984769723,0.10063716582702975,0.13209304837896788,0.8560949691965218,0.41231053684810925,0.5717568192710382,5.701430527807724,6124.066652146029,0.0048,0.0743446663942662,0.2512703004907523,0.0,0.0056,0.0,0.16478826447228068,0.0,5.824999375776811e-15,1.5874816612763839e-15,-0.040382176664637316,0.04547377385895112,1.0
fixed_liquidity,20270222,0.00012125397102530755,0.019060510108660143,-0.04776747998089103,0.08949560226075559,0.02415370935966216,0.052132520158626544,0.05320891711522392,-0.028248290680505286,0.0095029538589587,0.04333661550948742,0.17909618679427272,0.7605776587805487,0.37828428758794114,0.593775845839437,5.7255389581452025,11120.301586647012,0.0032,0.017072292289354585,0.5745577734781093,0.0,0.0032,0.0,0.19919398241253417,0.0,2.573836933482777e-15,2.9103830456733705e-15,-0.00327610101671508,-0.011447644381992096,1.0
fixed_liquidity,20270223,0.00022967334698564202,0.018159947727760344,-0.007563519611620723,0.09984873779802353,0.024822399060875532,0.03800176454417973,0.027746923995440907,0.02134875501470391,-0.039022751345989225,0.04494266669965308,0.13609708223179512,0.8242193217721128,0.4318288998350925,0.574437734539581,5.692156014973183,4650.184012525168,0.0044,0.08700334945268408,0.415932410416212,0.0,0.004,0.0,0.18683297839721758,0.0,3.7930228493430395e-15,2.9103830456733705e-15,-0.05283216695262365,-0.00014371639853769826,1.0
fixed_liquidity,20270224,0.0007166387112289929,0.01823955997214997,-0.027546398024547402,0.09556324199041345,0.028024300415020114,0.024104463483870443,0.01942754776098698,-0.039054177733662175,0.026681225067903373,-0.06442307110750534,0.06480562310283652,0.9061770240752332,0.42044655198390707,0.5659651879490508,5.696407434906652,5824.052596528584,0.0028,0.07568762932189711,0.2489180017868503,0.0,0.0024,0.0,0.18347703351224998,0.0,2.7093020352450286e-15,2.3812224919145757e-15,-0.025879359286966677,0.004198394646576822,1.0
fixed_liquidity,20270225,-2.218334672734876e-05,0.019056762068672062,-0.030036051027324998,0.15240678833056248,0.028543457904146634,0.04853445262504965,0.036593246494233136,0.00762305218957896,0.00984119056586614,0.12166155941478918,0.18958800183189428,0.7524276527578703,0.405449104954282,0.5915300121962416,5.720720115735034,7068.076039765021,0.002,0.042308953522050795,0.49413569509870003,0.0,0.0052,0.0,0.18595743926157748,0.0,4.605813459916548e-15,4.365574568510055e-15,0.01979460605283158,0.04186485872244543,1.0
fixed_liquidity,20270226,0.0005648136694328617,0.01861492794502927,-0.03242366441917335,0.10928648248293624,0.028599488966048858,0.0820028150320582,0.0420164532233144,-0.010629236854097843,-0.0010935265664051915,0.26228179927654516,0.09592859340450384,0.8971521949177623,0.4388482865242242,0.5841778167095011,5.702899383751411,4128.464548868269,0.0036,0.11530821558197786,0.24046984873081223,0.0,0.0056,0.0,0.19364595771541393,0.0,2.4383718317205256e-15,1.7197717997160825e-15,-0.043349175982233784,-0.01910157988444093,1.0
fixed_liquidity,20270227,0.000287323490605527,0.018677916762855896,0.013131082931877125,0.11283168048501345,0.025873856397019224,0.021510854986969467,0.054050108706252833,0.0036592913019630594,-0.020752468216993034,0.34414663643237287,0.10650974594310951,0.8330560070957675,0.4289880367477393,0.5933381827642945,5.7084314942000685,6070.774154952012,0.0056,0.060377811324366266,0.3115767651729626,0.0,0.0052,0.0,0.18219212930141504,0.0,1.625581221147017e-15,2.9103830456733705e-15,-0.03663354690801565,0.04032903319488487,1.0
fixed_liquidity,20270228,0.00017526169374961533,0.01899035793409482,-0.038591066144381216,0.0933085258329324,0.029294731536037972,0.043589303295646115,0.06856803856536128,-0.04409050100175571,-0.001407061918702348,0.06668806332442889,0.1344983934051409,0.8157312431991641,0.3924410796671401,0.5863120879996602,5.721363736944314,5709.698653439199,0.0036,0.06988373031226175,0.40345942832393744,0.0,0.0056,0.0,0.18517877153533657,0.0,3.251162442294034e-15,3.042673184113069e-15,-0.017237553506603786,0.009737797894136405,1.0
fixed_liquidity,20270229,0.0004848629749420187,0.019352496587589165,-0.01953362187609904,0.14299888142934752,0.027574637171519128,0.0908770692796465,0.04083624209838095,0.034796164436117154,0.009532382339003883,0.06058192939433882,0.15129822163817905,0.8669667845160435,0.4104527450173706,0.5954861475022561,5.730964768101156,8545.043753724065,0.0032,0.02727941667111745,0.2755123090335778,0.0,0.0048,0.0,0.21102881496318715,0.0,1.4901161193847656e-15,3.836414014751261e-15,0.0045767779519652494,-0.009067574226895114,1.0
fixed_liquidity,20270230,0.000452612318519677,0.018760856723795443,-0.004811994613639891,0.12660698515213933,0.029250861270238182,0.06077522469415675,0.08195135641202621,-0.05309188866808221,-0.006145432139945845,0.38102572665468015,0.1748850444616745,0.8817543986987347,0.42300456756142696,0.5735209453884386,5.707622454709548,9125.037095754895,0.0064,0.030452346967841028,0.40591693561387543,0.0,0.0048,0.0,0.19722117225018776,0.0,1.8965114246715198e-15,3.5718337378718635e-15,0.0344554559591003,-0.019562887227516774,1.0
fixed_liquidity,20270231,0.0004297709500836895,0.018620867401615827,-0.04727235240856552,0.10632414880430267,0.028997108960206065,0.07172496693299486,0.01422467828295961,-0.007079219736873156,-0.011914224172043244,0.12090620994779178,0.1468792411695275,0.8597318486617721,0.38510019754067587,0.5863678808829008,5.706921822555195,6591.079264639891,0.0036,0.050023478092325296,0.26475048791176214,0.0,0.0044,0.0,0.1831221346934131,0.0,2.4383718317205256e-15,2.1166422150351785e-15,-0.036230072377322134,-0.026024552308114558,1.0
fixed_liquidity,20270232,0.0002247488410192247,0.01864301333135088,-0.060046745426954554,0.099771471884127,0.026901479616418443,0.11639433263326855,0.05224408642782613,0.0226520314435674,-0.017870573080329213,0.37872762687547645,0.19983471327153174,0.7813488916395536,0.43007146132838064,0.5640189171067508,5.701260985006704,9426.199807165118,0.0056,0.024741627930454497,0.3716018158612028,0.0,0.0052,0.0,0.17965204978695537,0.0,4.7412785616788e-15,2.1166422150351785e-15,-0.08511120262677394,-0.017198951255018892,1.0
fixed_liquidity,20270233,0.0005238969470989485,0.018514373533693538,-0.052758205307128346,0.14114711000502275,0.02765791466199406,0.047669805303567674,0.08416203552846357,0.009756876330196212,-0.013936425771684727,0.20566468903811108,0.1769074958767293,0.8753795470616814,0.4104002025150754,0.5754439164181617,5.699651228023752,4007.6684570280922,0.0044,0.09970940311721987,0.2802224877731908,0.0,0.004,0.0,0.1902426732884197,0.0,4.605813459916548e-15,2.5135126303542743e-15,0.03538139627684177,-0.034444120770226266,1.0
fixed_liquidity,20270234,0.0004427428005489475,0.018600745802496675,0.014923880572924365,0.11172091020918146,0.029130819726438772,0.1085215059984829,0.04584304975328082,-0.005376104093914399,0.012115962906950535,0.32968618671215877,0.17093535018955586,0.8482200070386853,0.451815856689957,0.5632165445213595,5.70152603080505,4184.076590547356,0.0064,0.08207663662034403,0.4960720718209606,0.0,0.006,0.0,0.18965783592032737,0.0,2.84476713700728e-15,3.1749633225527677e-15,-0.058096134558726906,0.010446756344126132,1.0
fixed_liquidity,20270235,0.0004357700885475513,0.01857005308152708,-0.02282943601643476,0.1321137149225993,0.029585663204378283,0.09311843748499243,0.07363833044326229,-0.006770267565312826,-0.03892981815000472,0.06245436095667101,0.14150432173726082,0.8591586099025151,0.4109882631514307,0.5809269346472586,5.704798130512268,5219.638104458774,0.0036,0.08912303466596716,0.4016777273952823,0.0,0.0036,0.0,0.18205983036145268,0.0,2.4383718317205256e-15,2.5135126303542743e-15,-0.041083715968851665,0.016582291701683,1.0
fixed_liquidity,20270236,0.00042189527448774166,0.018522970208731344,-0.07445041395236159,0.07445041395236159,0.02213494442029207,0.053617557385556555,0.043998481229971464,-0.025196957276414668,-0.03393783543318543,0.14217725659084435,0.1112384633495563,0.8912383860256767,0.4308803601200033,0.5640863576638652,5.703296058714936,4072.4290823528104,0.0028,0.09885101730717277,0.2874030770839022,0.0,0.004,0.0,0.18511438280905446,0.0,1.2191859158602628e-15,3.7041238763115625e-15,0.10593193868732696,0.003517074738007252,1.0
fixed_liquidity,20270237,0.000320720957622191,0.018626509413321363,-0.020018747495843123,0.11000722929000732,0.023298000096649774,0.07098374014165919,0.06242580860684964,-0.007956375109469374,-0.006234981343462799,0.07169313529868804,0.15300579401868425,0.8391134494522395,0.4119347289044832,0.5706889736098614,5.705196955247204,14464.734269026863,0.002,0.017926978173663278,0.4867267188742648,0.0,0.0048,0.0,0.18262409050490103,0.0,2.573836933482777e-15,2.248932353474877e-15,-0.04397992548801432,0.05021559011216435,1.0
fixed_liquidity,20270238,5.0758723736504765e-05,0.019148949997225585,-0.06108706288066505,0.1406659519862314,0.024250211804211087,0.06866893333505683,0.025145087463207743,0.026676402702509167,-0.006053609167122178,-0.006546715738063202,0.19608263908978296,0.7671777471969544,0.4033214912985466,0.600944421924362,5.728072673257672,12397.632691172295,0.0032,0.015746935654943624,0.41313752114163005,0.0,0.004,0.0,0.20345830809762577,0.0,2.573836933482777e-15,3.1749633225527677e-15,-0.02877206245743852,-0.0018578088790227954,1.0
fixed_liquidity,20270239,-6.279723837269806e-05,0.01924958462309305,-0.056292993770595226,0.10089330788421862,0.026967327393764597,0.08263289233280521,0.0734727562331302,0.0033862754086362544,0.017606061958132014,0.2269348223412342,0.22081792832712985,0.7472631034329047,0.37561614231350987,0.5830505531577935,5.727416411501766,11109.009896687536,0.004,0.018198182542844,0.4937820092019166,0.0,0.0068,0.0,0.19695828495754708,0.0,1.8965114246715198e-15,3.042673184113069e-15,0.030793269689507803,0.016832365220542007,1.0
fixed_liquidity,20270240,0.0006909987836879498,0.018174592660083866,-0.007837740517210178,0.13688987673641598,0.0267363876440868,0.05820638308725327,0.05205185807507451,-0.02022722220969125,-0.013753766657807061,0.13880822036965146,0.11452867241618389,0.9306518057456402,0.42450044137376525,0.5796914467925979,5.690406564365975,3783.8714200865684,0.0036,0.11601239530002756,0.350477198199018,0.0,0.0028,0.0,0.19194685009500612,0.0,2.84476713700728e-15,4.100994291630658e-15,-0.07477539899343046,0.007003812316918337,1.0
fixed_liquidity,20270241,0.00045190122909145137,0.017952542910877445,-0.03318168853052241,0.11403058008673266,0.023042618967632364,0.06880878280484996,0.03513988018035017,-0.02355998157302353,0.027032689030299237,0.18937225965784998,0.16712955486448686,0.8128321062781347,0.41353355457312835,0.5544348788710787,5.681359373184861,7321.57263443107,0.0048,0.042928130563651634,0.3262170170518044,0.0,0.0048,0.0,0.16613226059570874,0.0,2.4383718317205256e-15,2.778092907233672e-15,-0.0700224216072598,0.005259223301794123,1.0
fixed_liquidity,20270242,0.00044579640978734076,0.018579711905830364,-0.02292707029763334,0.15142534460774537,0.024128566653247255,0.05808869670040815,0.04552494350426885,0.03248554844404293,0.02202067956512827,0.24837547239363378,0.15860998469127313,0.8389143125971825,0.436601491603176,0.583132518896687,5.701488745139871,7037.635573498655,0.0036,0.05462548321912536,0.2839934788308528,0.0,0.0052,0.0,0.18236040560003275,0.0,2.4383718317205256e-15,4.365574568510055e-15,0.0007753608921677142,0.01721856831550362,1.0
fixed_liquidity,20270243,0.00025331393989971965,0.018851464695034018,0.011575737111177513,0.10903342827648659,0.02823740997158362,0.07631253794412253,0.04630088783106801,-0.029101449126898344,0.005126500316885214,0.06673760705147957,0.13565941012055616,0.8578873839268264,0.4418313282846765,0.5719235472285698,5.717807032699243,6246.355300301105,0.0032,0.05170367887900756,0.5114404386431775,0.0,0.0028,0.0,0.197608587880868,0.0,2.0319765264337714e-15,1.98435207659548e-15,0.03793019558188353,0.01298100615749295,1.0
fixed_liquidity,20270244,0.0003145006164808219,0.01860132814990948,-0.033041619205735784,0.10792300171099667,0.02953840713989076,0.0774687134671093,0.05104366132513651,-0.021121952989971653,0.03907405196512991,0.2653485138462983,0.1637462385929532,0.8350200259334437,0.4062735606250277,0.586792290599641,5.701860676345694,7721.868517074337,0.004,0.045391964787316316,0.363138077768559,0.0,0.004,0.0,0.19007132260401627,0.0,3.3866275440562853e-15,1.3229013843969864e-15,0.04518827899317886,-0.008504659193177132,1.0
fixed_liquidity,20270245,0.0003930943021366545,0.01840899619833645,-0.02944369948028663,0.12070694318525436,0.03126708588973545,0.10965364864046649,0.05254179707154061,-0.005536091599862789,0.04893161533948196,0.26050034205164163,0.19470824197629477,0.8273910537476381,0.45927142734687343,0.5595197529594717,5.696395058286374,5122.743947133716,0.004,0.07233189700881087,0.35637271296306494,0.0,0.0068,0.0,0.2029742606877143,0.0,7.856975902210582e-15,2.5135126303542743e-15,-0.12589295359706137,-0.01720601524736549,1.0
fixed_liquidity,20270246,0.0005871563292691806,0.018993147510330134,-0.020355773466158973,0.09975414905227385,0.033125467959378076,0.0780602059109446,0.07090962899161452,-0.030614880911278897,0.01192047866546536,0.24917324575431676,0.10530714068843952,0.8968789305655002,0.4137579104251327,0.5801089870651069,5.7198696117815055,4901.945958256039,0.004,0.08676609598112937,0.24186072612653842,0.0,0.0056,0.0,0.19967849365135204,0.0,5.5540691722523084e-15,2.3812224919145757e-15,0.0043071457062545445,-0.019675267103934427,1.0
fixed_liquidity,20270247,0.000617962124239979,0.018545123077721947,-0.007214794382477535,0.14159857342504373,0.027322493277860516,0.05750460444083656,0.06489721515014603,-0.013674339669079284,-0.021265685000469017,0.044982953129737435,0.123415178296021,0.9010109669747417,0.4167592620942848,0.5906492706225509,5.704547100833914,3342.6244798413813,0.0028,0.13818712855641738,0.2531048324363031,0.0,0.0036,0.0,0.20285548045302693,0.0,2.4383718317205256e-15,1.98435207659548e-15,0.025412096735748638,0.015136050023980404,1.0
fixed_liquidity,20270248,0.00037924442274060477,0.018520331243615587,-0.03734195381223981,0.11181675831116251,0.030600833469904932,0.09381631381846693,0.08797957128362634,0.008140901965717925,-0.04507305737068115,0.19161982808170963,0.17085113839949675,0.8495661693698425,0.41878977034199066,0.586476626654996,5.698512063243919,8538.668740971769,0.0036,0.04449922964701549,0.3097008547396962,0.0,0.0036,0.0,0.1757387941471038,0.0,2.573836933482777e-15,1.4551915228366853e-15,0.05271001938106912,0.024176361856774846,1.0
fixed_liquidity,20270249,0.0006407060052300253,0.018515658471989247,-0.016905038426319467,0.136125453977542,0.030436840733364605,0.0942462240716371,-0.0056247814278028024,0.025940647542566513,0.04357303008911459,0.08189911679277762,0.13443163270093605,0.852422096501813,0.41026562229297325,0.5723062678049337,5.702284778793995,9615.949309982574,0.0032,0.02846256113172817,0.3218935211865054,0.0,0.0024,0.0,0.17272358325566417,0.0,3.522092645818537e-15,3.042673184113069e-15,-0.0003201498010891896,0.021246401429507598,1.0
fixed_liquidity,20270250,0.0005721584748382053,0.0184953433661274,-0.0006101267002407962,0.10531399577679548,0.025981485333448583,0.09034471687284383,0.06470911589610898,-0.007998722526017764,-0.0010783850516746945,0.2766903799022331,0.11500043736906634,0.8854222446360421,0.4190606969831622,0.5740845327937326,5.699084714884924,3652.9094587658064,0.0032,0.13136841637810967,0.34425342759689503,0.0,0.004,0.0,0.1866330716701161,0.0,3.251162442294034e-15,4.762444983829151e-15,-0.0009185668732491081,0.002110495352651412,1.0
liquidity_stress,20270201,0.00026392253162492343,0.03594061747097714,-0.19082303961028993,0.19082303961028993,0.0430785921633647,0.4148676749277019,0.3536365733843482,0.20943349435307548,-0.0506839198721228,4.856054191969837,0.5288750693383779,0.9390589828479243,0.44219370431829563,0.5634387070494259,18.977059185463812,2940.187999359891,0.0192,0.0631474538430618,0.5151462288584563,0.0008,0.0584,0.0,0.3277913168780837,0.0,2.84476713700728e-15,2.1166422150351785e-15,-0.2599613749652396,0.040668914626157224,1.0
liquidity_stress,20270202,0.0007864832208505653,0.03834110657773841,-0.20617094057498864,0.20617094057498864,0.04251189054534667,0.3975851002363571,0.3437900088241054,0.18742612278612578,-0.005080639841769773,3.838598748181001,0.4680021750933463,0.9542884715708764,0.41002326228857167,0.5835217737137947,19.45155714072183,2317.258150163814,0.0224,0.054734593737833515,0.3815729947104185,0.0076,0.0696,0.0,0.32216774658272707,0.0,4.7412785616788e-15,3.836414014751261e-15,-0.07713073237730525,0.05878630797045047,1.0
liquidity_stress,20270203,0.0005586565098383676,0.036803110718251895,-0.0826076088394442,0.1399884769168405,0.03923302813777994,0.3787452963939061,0.3278458201913656,0.179992853243585,0.0899068822530326,4.78875390942417,0.5332405008918515,0.9437019941663658,0.4790613926405045,0.5528256307674094,19.062332643191365,1192.3837259985562,0.0212,0.22271127156602466,0.41708471320521767,0.0,0.0624,0.0,0.3269842558286773,0.0,6.2313946810635656e-15,3.3072534609924663e-15,0.2727770148451644,0.019163870937584503,1.0
liquidity_stress,20270204,0.0004651940537748185,0.03787028963923618,-0.16562777291950204,0.1660145102712464,0.034302955745297126,0.385273128886142,0.3186121659040804,0.2279496908085571,0.01768024290362814,5.780310853038754,0.5455471219134634,0.937871983977939,0.42658517010836927,0.5633362463840498,19.02751114308328,2852.0259167507334,0.0224,0.046397779280236744,0.36349175241866594,0.002,0.0656,0.0,0.33715167714426597,0.0,2.302906729958274e-15,2.3812224919145757e-15,-0.07298677971163481,-0.008476808190543226,1.0
liquidity_stress,20270205,0.00033577095919663726,0.0368266074487177,-0.14663501073627358,0.15492783086680179,0.032600286470788054,0.36168391274498785,0.3059967044373248,0.17306764799587282,-0.008643189690256988,4.288636847449469,0.47149146425669913,0.9405715868085547,0.4185758067967252,0.5936888758770487,19.497288416787534,2588.9228806990764,0.0184,0.047986780966521286,0.4114484116706125,0.0068,0.068,0.0,0.3340891097877252,0.0,2.573836933482777e-15,3.96870415319096e-15,-0.2572371678165134,0.03768228236056086,1.0
liquidity_stress,20270206,-2.252508212578448e-05,0.036269431554905626,-0.1862345032110805,0.1862345032110805,0.03630533454841908,0.37349684836373914,0.3776230154997061,0.11556467111392618,-0.061774580961784786,5.786046170415117,0.5901062233827182,0.903825364221965,0.4091322142588509,0.5846757244236546,18.683615565281514,11192.42008728329,0.022,0.029786557679651774,0.52786372141487,0.0136,0.0584,0.0,0.33833906376603284,0.0,2.302906729958274e-15,3.3072534609924663e-15,0.026220697384937364,0.01344743990748158,1.0
liquidity_stress,20270207,0.000700927634710019,0.03786502946460623,-0.09342079559940064,0.17658906718037382,0.04289883860409973,0.3580956920690788,0.35249917870549197,0.2599404668076932,-0.011837764418437076,5.791443478418611,0.5117976201118097,0.9604123178761664,0.4950351683861942,0.532080141456951,19.18278109406547,1331.381127184848,0.0212,0.2212914603303163,0.33982568644877775,0.0,0.0624,0.0,0.33213356691822593,0.0,5.0122087652033025e-15,2.9103830456733705e-15,-0.15579985493407814,0.005336094284399084,1.0
liquidity_stress,20270208,0.0005757618652930649,0.03531287828992201,-0.16948717374859995,0.1833555085782095,0.036469971683424966,0.29748659015946904,0.3115359995201267,0.12170483722952849,0.02429888914570877,4.512762454238249,0.47824237979772494,0.9460367778234526,0.41604545217067945,0.5888080320575176,19.70018719172002,2004.934190265239,0.0176,0.06086176162812252,0.31428236257598763,0.0036,0.0592,0.0,0.3254771008527686,0.0,2.302906729958274e-15,5.1593153991482476e-15,0.1335029208508197,-0.004580207854659738,1.0
liquidity_stress,20270209,0.00043695542613824046,0.0354511365674109,-0.08103189144225648,0.14670305355719587,0.0357409469647145,0.30388654503884865,0.23695657534180653,0.1769610442665358,0.007212187339903478,4.313525889571062,0.4803574093951817,0.9527455744636634,0.5254672252760595,0.5536651545501727,19.97725304286224,1497.8957031883328,0.022,0.15247217190844156,0.3181303895089944,0.0,0.0644,0.0,0.34002125967195185,0.0,2.1674416281960227e-15,2.248932353474877e-15,0.049541565989818556,0.019577872551216315,1.0
liquidity_stress,20270210,0.0004844561920837876,0.0384385666288547,-0.07846477776603113,0.20957540676582812,0.04958188278700323,0.37081706097581213,0.37622147362963837,0.2117295778896284,0.04892078421591205,3.9739460603221666,0.5295022821204877,0.9570265761423944,0.5021556115009286,0.5627609317034661,19.929400259043327,1828.2076102559693,0.0196,0.18472434181792213,0.3679114677765688,0.0016,0.0736,0.0,0.3366868172930444,0.0,2.1674416281960227e-15,1.3229013843969864e-15,-0.08585261096814067,0.021216516481838622,1.0
liquidity_stress,20270211,0.0001810336985989423,0.035506596461624275,-0.14639407667813298,0.14639407667813298,0.037954226634561335,0.3972828087470711,0.36143449255809623,0.145392582739981,-0.05439134472030362,5.434350348387888,0.4938619369715047,0.9395225169164141,0.4704755835594137,0.5547472290951505,18.685029994603102,2502.0055896652857,0.0212,0.07890822993187514,0.5513445110456259,0.0036,0.0568,0.0,0.3316066352753373,0.0,3.1156973405317828e-15,1.5874816612763839e-15,-0.09794092350404042,-0.009726919202173495,1.0
liquidity_stress,20270212,0.00045673717134505834,0.038923807695563126,-0.08544139980308978,0.2447691654636071,0.03396769641993379,0.3793279045014331,0.368289260376465,0.15371807813068925,-0.008229374407652664,6.360356252971778,0.5050156458463515,0.9525644183341063,0.5142258606493363,0.5252718115335456,18.668190996528708,2344.2279881399504,0.0228,0.12069547151392387,0.33826758222369324,0.0028,0.07,0.0,0.34714001476601886,0.0,2.980232238769531e-15,2.5135126303542743e-15,0.1126536420544678,0.02144634126552349,1.0
liquidity_stress,20270213,0.00035130847083920534,0.03523644471727619,-0.13451612168462854,0.13555939728338032,0.03628219858995926,0.3339347506848923,0.3097168813023126,0.15440591297309877,0.00011639887315875643,3.2879740495216385,0.48804526299547024,0.9284177873856942,0.4473454086975678,0.5846394485170039,20.03252872791443,4752.402926794639,0.0176,0.1024182349636998,0.38833917921642447,0.4976,0.0664,0.0,0.3214819560747859,0.0,2.980232238769531e-15,1.8520619381557813e-15,0.14815272054170123,-0.014610001188917745,1.0
liquidity_stress,20270214,0.00018302973590220972,0.038992457861585596,-0.22422840424297252,0.22422840424297252,0.04210488927069577,0.40920158693922903,0.34814931356550743,0.21279615618746567,0.03825207652744746,5.772611729211521,0.5356816256926951,0.9225926962223338,0.3633415711453878,0.592990458818514,18.98393124622479,4892.604782667422,0.0184,0.03299820843474465,0.5811293850210917,0.0268,0.0724,0.0,0.30665655915847756,0.0,2.573836933482777e-15,1.8520619381557813e-15,-0.1720882401992081,-0.01307082274964069,1.0
liquidity_stress,20270215,0.00042074666296384924,0.03602146577620666,-0.14301589385923863,0.14704216094573888,0.039256526092229946,0.3709873127312221,0.3640487317328422,0.2306017764855807,0.10711359695038694,3.4176024427826475,0.5417675449427284,0.9295870895755616,0.46638537622828885,0.5739090286899056,20.021602701940317,1825.7293498783781,0.0164,0.12168439748437368,0.3901658826547364,0.0,0.0608,0.0,0.3368722206322985,1.0,3.522092645818537e-15,1.98435207659548e-15,-0.2688538435600397,0.014153375055157761,1.0
liquidity_stress,20270216,0.0006950526608127142,0.035177382652581995,-0.10965767007719937,0.14591876856197533,0.03749278506553798,0.35777970681014487,0.31116863921330074,0.20288166205809136,0.035528664762185865,4.441935479786562,0.4751526979372975,0.9568566573360214,0.46935339887847816,0.5699843244865977,19.649765586272697,1073.6729168180198,0.0164,0.29171101645583974,0.3232348360831765,0.0,0.058,0.0,0.3388466317135981,0.0,3.7930228493430395e-15,1.3229013843969864e-15,-0.3085291707431362,0.05343545010123216,1.0
liquidity_stress,20270217,0.00032578719806717336,0.036267152512083595,-0.11501412605780213,0.19637468822889503,0.0371069053851812,0.35771495111559876,0.3319204253410661,0.1880885379732283,0.014587292586901179,3.9006421188330496,0.508850109840923,0.9381096049560678,0.39847517108295183,0.6008794220830561,19.427905211250703,2528.5757438885003,0.0224,0.0396087756316072,0.40659784339402727,0.006,0.0608,0.0,0.33001165074286454,0.0,2.4383718317205256e-15,2.5135126303542743e-15,0.031309706909604884,0.009324509469258644,1.0
liquidity_stress,20270218,-9.918418944655016e-06,0.03804371369670492,-0.23892969599009,0.23892969599009,0.04683341885855595,0.37620081431128527,0.3525756699839446,0.22805698078897255,0.10307014016545264,3.498060794700902,0.5734197282408714,0.9019622994810634,0.38351769512483763,0.5998561164064169,19.804698450120974,3376.2281359077333,0.0208,0.03380675453086378,0.506878958389175,0.0104,0.0716,0.0,0.34508825826329503,0.0,2.7093020352450286e-15,1.4551915228366853e-15,0.03466522428990277,0.032914960251870774,1.0
liquidity_stress,20270219,0.0004374162174847886,0.03644987154379615,-0.16139316420433195,0.16139316420433195,0.038158170620737286,0.3686359868858482,0.303781899903353,0.15463365887293498,0.010042681833398095,4.605314140369327,0.47525530066841065,0.9446765344235241,0.42368834127654265,0.5880730667130908,19.30992273274019,3390.866571238032,0.0208,0.03586932295151171,0.3670634561696592,0.0452,0.0616,0.0,0.333562031372427,0.0,4.876743663441051e-15,3.1749633225527677e-15,-0.07104760982654372,0.058287113545866714,1.0
liquidity_stress,20270220,0.0003201099180988514,0.034607905633971835,-0.1846270056760285,0.202535111070595,0.03837678320898774,0.4071357287316422,0.3910843451992301,0.25822984311526187,-0.013251906419659915,4.809523868986224,0.5106537846326609,0.9444197057101369,0.39623676809473046,0.5700683912999133,18.893065171631495,2840.1615706706702,0.018,0.03285586272455003,0.32029815245451154,0.0216,0.0588,0.0,0.31702578822065774,0.0,1.8965114246715198e-15,2.248932353474877e-15,0.17855569807835117,-0.04619249689891429,1.0
liquidity_stress,20270221,0.0004939619122637694,0.03976646641074484,-0.19889334389749197,0.19889334389749197,0.041618110216494045,0.3859516709320923,0.32771984417276356,0.171245552812964,0.004947338482847488,4.517621167632166,0.5277041683355476,0.9445441802590131,0.4561402090343789,0.5590443648742734,19.380492325491534,2226.2308537729423,0.0196,0.10232138855529152,0.39513098329874763,0.0012,0.0764,0.0,0.31882482289929914,0.0,4.063953052867543e-15,2.5135126303542743e-15,-0.11487783911769306,0.02731687841417725,1.0
liquidity_stress,20270222,0.00012506641127980558,0.03506644931035581,-0.15945992860914104,0.15945992860914104,0.04582606498084822,0.393015522073044,0.32418304138939835,0.14681709179114671,0.03511240702596186,3.9378440752768817,0.5822641727969136,0.896256036844219,0.43375481147661554,0.5791927768264504,19.430942195747736,3674.9175798371175,0.0192,0.0359453200260298,0.6106153132131944,0.0336,0.06,0.0,0.3518142287315571,0.0,4.7412785616788e-15,1.8520619381557813e-15,0.12231775172498874,-0.024390110170145283,1.0
liquidity_stress,20270223,0.00018947735313245672,0.03784885853687429,-0.1372204353992497,0.16779138849774675,0.03387572680500526,0.39378527763003074,0.3571688816191306,0.2435164183266851,-0.022755183911425902,4.235876025943855,0.5648120879174188,0.9435643714699469,0.47995292660116196,0.5614828670369612,19.70351093255346,1683.0595218034684,0.0184,0.12288189121894492,0.39672348385509826,0.0008,0.0688,0.0,0.3406979507562151,0.0,4.470348358154297e-15,3.1749633225527677e-15,-0.20354987393689963,0.020724688649205302,1.0
liquidity_stress,20270224,0.0007147073556944484,0.0380383264726524,-0.1904306033533039,0.1904306033533039,0.0435550075240169,0.3372943834936583,0.31683518136855365,0.15732019037884498,0.02878292623904028,3.161063607174394,0.441627545574503,0.9517995003786568,0.4367213387748812,0.5765095901014547,19.50264434600159,1999.9045883332446,0.0208,0.06563396873671899,0.3125477141815669,0.0048,0.07,0.0,0.337139796661184,1.0,2.84476713700728e-15,2.248932353474877e-15,-0.14377659460844397,-0.0011049193189341285,1.0
liquidity_stress,20270225,-3.907193134960032e-05,0.036083027155569235,-0.1237711853420415,0.17783916312794892,0.04275999137542358,0.3669209749895799,0.35335851790186956,0.2161764757737439,0.001341369350694804,4.610161568991632,0.5886413226998798,0.9116362044265608,0.4245616915282358,0.5790000545932613,19.18884909794977,2546.213746599197,0.0204,0.0521665456941257,0.48698213362872356,0.0,0.0636,0.0,0.3513709843193813,0.0,3.251162442294034e-15,2.778092907233672e-15,-0.09534064820588987,0.05302331050123061,1.0
liquidity_stress,20270226,0.0004902027646766005,0.03601487076981899,-0.040323640750808,0.1993863674033668,0.039933445820616045,0.3457183307339589,0.29888316058020237,0.14033268626640805,-0.05673564542964351,6.315489852742964,0.4863907223643785,0.9457141439465782,0.49914887872606084,0.5705801694348426,19.253909668040617,1621.5815982925133,0.02,0.23343505430267641,0.3382888135903809,0.0,0.0596,0.0,0.3362878766482733,1.0,3.522092645818537e-15,3.5718337378718635e-15,0.048820029217046236,0.007238396548624355,1.0
liquidity_stress,20270227,0.00019835293581896103,0.038702105060928776,-0.16321778314774293,0.16321778314774293,0.04323550074654313,0.3696626607033687,0.3709204918452789,0.23441700618168226,0.046846194754470376,4.35407004841483,0.5541219252512857,0.9453334626108315,0.46986603952569056,0.562212490646283,19.236469840660504,2265.9953336308563,0.0188,0.0989765555867638,0.36091367680642106,0.0004,0.0688,0.0,0.336642946285137,0.0,2.4383718317205256e-15,1.8520619381557813e-15,-0.3587168816672431,0.08251589277899397,1.0
liquidity_stress,20270228,0.00014880832152696968,0.03675425435935675,-0.0913914216581007,0.18232238885051155,0.043663413630859495,0.35615752145965707,0.3821377851365754,0.18859048991353333,0.03652219782167807,4.185379722494539,0.5789783521592121,0.9380311615862011,0.5048495583127394,0.5313612707897739,18.83265926095266,2270.739887572006,0.0216,0.15765323297458927,0.4137669185845215,0.0,0.066,0.0,0.34681939360647784,0.0,2.302906729958274e-15,2.5135126303542743e-15,0.0957186965307023,0.01995750142003378,1.0
liquidity_stress,20270229,0.00045104622599548175,0.03804443545519932,-0.16704464512400696,0.19076035833605534,0.050785473750131184,0.3706087593275119,0.3567568976427405,0.20692135255749003,0.06353245018507923,5.154436661329578,0.5131814909506813,0.9480734553914544,0.40444519956022784,0.5822115554278543,19.202791603688755,3046.756505976461,0.0188,0.029137663616142312,0.35728885189334425,0.0168,0.0692,0.0,0.3299486575191357,0.0,2.4383718317205256e-15,2.248932353474877e-15,0.1582254559005262,-0.012542258925734502,1.0
liquidity_stress,20270230,0.00046219601937352053,0.03633482410221517,-0.14591923701379483,0.14591923701379483,0.04115972968484328,0.3873377432560245,0.3515974126964367,0.20655133496061504,0.0363452989553184,4.65131254477817,0.5303621376057537,0.9484109369952495,0.4436274792773661,0.5681288240292052,19.27689762260964,3177.7139637925648,0.0184,0.03983677356911758,0.43012089198371184,0.0156,0.0636,0.0,0.34610924844588764,1.0,2.0319765264337714e-15,3.439543599432165e-15,0.21179345235176097,-0.0006353574034486227,1.0
liquidity_stress,20270231,0.00042523640273422385,0.036512863944280806,-0.17988130546943457,0.17988130546943457,0.04476047351447728,0.33630223112898927,0.29607485648502446,0.1698662349517478,-0.06576149288893875,5.239869636180677,0.47049547770296696,0.9369298556321637,0.3635538530207698,0.6071342120064804,19.672324827907527,2234.219223999017,0.018,0.04197487578421717,0.2950776352643436,0.002,0.0604,0.0,0.3338301630317311,0.0,1.8965114246715198e-15,3.042673184113069e-15,-0.3393191955325969,0.02830645731704725,1.0
liquidity_stress,20270232,0.00021115424595045197,0.03640251096884555,-0.18184947054184397,0.18184947054184397,0.04010214658576401,0.37936490401996503,0.2946722640892326,0.22520141671629657,0.03150000446203663,4.525435410900289,0.5472417838389089,0.9267555454024528,0.4086844252171082,0.5783977403997725,19.529568814934894,3150.612139226833,0.0156,0.029957549363924058,0.440839069235896,0.0164,0.064,0.0,0.32469106949615134,0.0,1.8965114246715198e-15,1.3229013843969864e-15,0.27612605746408736,-0.012372754286437505,1.0
liquidity_stress,20270233,0.00044702597933115023,0.036660283389217965,-0.12435600315629608,0.17624792195513123,0.049423355863182666,0.3609774666178791,0.3335085719620938,0.23191253273609963,0.031919938518898947,5.081769983506547,0.5689801780431956,0.9410327937559887,0.5410280625893577,0.5293573066721547,19.275566403487613,1498.8273243473031,0.0204,0.17243085171484027,0.39484041830777883,0.0,0.0648,0.0,0.3571453119042187,0.0,1.3546510176225143e-15,3.96870415319096e-15,0.11792973405336947,-0.00988339330354145,1.0
liquidity_stress,20270234,0.0004009592977098592,0.036151944847381504,-0.10987814696233308,0.1253734579037941,0.03940133249886793,0.389843287287029,0.35667933789791983,0.2191910678025228,-0.010564222413317045,5.817643511357778,0.5227095672973827,0.942711919847256,0.4817261087600783,0.556562491919347,18.626497150109294,1568.6781836773764,0.02,0.08870371457806975,0.5209718986716505,0.0,0.0604,0.0,0.34701479940476365,0.0,3.7930228493430395e-15,4.100994291630658e-15,-0.2796542324405616,0.017406758911196796,1.0
liquidity_stress,20270235,0.0003533665986289499,0.03737146420887107,-0.1235769937106361,0.19001258151676514,0.03652251668677132,0.337159106414858,0.33536588379621524,0.1633174416722606,0.016866659847099497,3.7646906108172757,0.5161484714944461,0.9482907922283687,0.4880808553443078,0.5504280428455536,19.442997720374567,1863.587894418603,0.0224,0.11768350471815181,0.45534607688069106,0.0008,0.0752,0.0,0.33243891593241326,1.0,2.4383718317205256e-15,3.1749633225527677e-15,0.17159925314251892,0.019568156493089097,1.0
liquidity_stress,20270236,0.0003945594542260835,0.03705390959865276,-0.14104587516881611,0.14938095739876087,0.034598878147480486,0.37582933998135837,0.3535961040761911,0.2267858859958578,0.037176556497493574,4.450837559831938,0.5032830591197847,0.957408439321474,0.526524454966173,0.5339522114840782,19.35013344000879,1532.5025334505617,0.0204,0.15856512917479634,0.3676144390553875,0.0004,0.0632,0.0,0.3506517572529082,0.0,2.7093020352450286e-15,1.3229013843969864e-15,0.05883246262682779,0.0024849752948612517,1.0
liquidity_stress,20270237,0.0003358698926411307,0.03862767147039979,-0.18670256336964372,0.18670256336964372,0.042686521575680744,0.38198492508182574,0.34862886001914545,0.24271676209473494,0.02977374736871996,4.937255425186752,0.5343391929010344,0.9228940789635884,0.4219241753758399,0.5703504959453913,19.05009131149387,5313.131119364333,0.02,0.0426223518774314,0.5515789352232376,0.0404,0.07,0.0,0.33351607027193886,0.0,2.4383718317205256e-15,1.4551915228366853e-15,0.09293424967559452,0.016158103330120577,1.0
liquidity_stress,20270238,4.8789463366163585e-05,0.03677904108994893,-0.130852249218988,0.19766194253663022,0.04208900067388808,0.3834301612891696,0.332643692995805,0.1978562022118377,0.10517215388020273,4.632350686695524,0.5778213043736455,0.9165574468052432,0.4244387678930901,0.5878585233985382,19.965089906664318,4002.0058351028742,0.0188,0.054142031981942486,0.48683325388847565,0.0864,0.0604,0.0,0.3638231506992202,0.0,3.3866275440562853e-15,2.9103830456733705e-15,0.1319499392638298,-0.035810127815875614,1.0
liquidity_stress,20270239,-8.400021443728143e-05,0.03823786653572378,-0.20664130200605682,0.20664130200605682,0.038446777839891436,0.39312287761264175,0.33115521050884433,0.19939625425093097,0.014916312799716381,4.13267999597038,0.5525699574111805,0.9149227866464371,0.375255605943528,0.5948468381665535,19.852469377103944,3759.3551035941914,0.0212,0.02735568278222595,0.5176845718504637,0.0092,0.0728,0.0,0.33668475121124053,0.0,5.68953427401456e-15,4.762444983829151e-15,0.06669327572334001,0.025265502131224023,1.0
liquidity_stress,20270240,0.0006266148691900718,0.036748760449810146,-0.08742125535520091,0.14099291458445917,0.033218358111134674,0.36969547026783556,0.3450987163895837,0.19881958670128422,0.012214859067350863,4.158122207959054,0.4739694084083172,0.9635270845317035,0.4789654110240954,0.5585772770876105,19.77775354900323,1356.516225374689,0.0156,0.20281082092636596,0.3304159533030242,0.0016,0.0684,0.0,0.33606790895922845,0.0,3.1156973405317828e-15,1.3229013843969864e-15,-0.25283787777221806,0.011737681494595946,1.0
liquidity_stress,20270241,0.0004301686046034096,0.037354562233048186,-0.2219252405191199,0.2219252405191199,0.0411481652521366,0.3669228803178337,0.3244787205603053,0.16899977793565604,-0.011250187173747792,3.8258625946798563,0.5227222064111375,0.9358006137264395,0.39907408717032994,0.5796517727165443,19.477663623050987,2496.5203302617265,0.0204,0.029962387530715517,0.36061753177417444,0.0148,0.0672,0.0,0.31919756308827596,0.0,2.0319765264337714e-15,3.3072534609924663e-15,-0.08036283949249935,-0.008553308997644784,1.0
liquidity_stress,20270242,0.0004452504826371186,0.03710431021331894,-0.12537322200880371,0.21416902399418708,0.03620135085539746,0.36156192821126226,0.3454609083796899,0.19468064837505292,0.05866777339777256,5.624350132771962,0.5294099613230164,0.94065497868086,0.47329068981749545,0.570028104798685,18.963526849770957,2518.311034436195,0.0208,0.05888104252686658,0.3617820766506208,0.0048,0.0624,0.0,0.34236582419458395,0.0,2.0319765264337714e-15,3.3072534609924663e-15,-0.1640883355232796,0.04133437101319478,1.0
liquidity_stress,20270243,0.0002523685103840087,0.03791811177044801,-0.1187865373898675,0.18382387658724655,0.03958715375389697,0.4086784748769983,0.3782695016665974,0.19277184182032311,0.06605102877756519,4.153236380226757,0.5491237487293988,0.941692689762037,0.4824409565445095,0.562315209414214,19.54381093725938,2204.6951490527144,0.02,0.06689238449694784,0.5055520577473649,0.0056,0.0736,0.0,0.353355936579141,0.0,3.657557747580788e-15,1.7197717997160825e-15,0.025335603898717408,0.017361110831111866,1.0
liquidity_stress,20270244,0.0003209884837442878,0.03629018667669063,-0.13616382399339277,0.16498940610889534,0.042473400252018706,0.32307163250342863,0.3230209968929597,0.15218991547896057,0.08718705380612851,4.148407119351559,0.5200942378353322,0.9389478154741031,0.41573662637080744,0.598490302351009,20.04116792507751,2619.1168052507956,0.0156,0.05465297910624336,0.413688799656595,0.0004,0.0636,0.0,0.3443842025835886,0.0,1.8965114246715198e-15,3.5718337378718635e-15,0.0034351924551761313,0.04675037998268522,1.0
liquidity_stress,20270245,0.00035922314713888353,0.03770248621870555,-0.16726289358756466,0.17579100727601085,0.055128735453393606,0.3638942665122078,0.3172187715827918,0.18881921286285847,0.04208337251013323,5.39797937490315,0.5181367467070607,0.9346234810823901,0.4647097472902705,0.5642740774097453,19.234608524212362,1777.0649975681831,0.0236,0.05429720252518981,0.38531125322970294,0.0016,0.064,0.0,0.3436717398642022,0.0,2.573836933482777e-15,1.8520619381557813e-15,-0.20608298735763533,0.010054563787034277,1.0
liquidity_stress,20270246,0.0004836778952824794,0.03789477384497461,-0.1424402420720214,0.1740048619110967,0.04819946305537934,0.3969961052526663,0.39633264738113655,0.19292984509026648,-0.0022823542520159536,6.508499307270176,0.5371488219721149,0.9550259610266821,0.5120330839897748,0.5207791282394509,18.494064081988306,1958.4265277692539,0.0224,0.16509327235367674,0.36728419803577805,0.0,0.0604,0.0,0.34740402112020474,0.0,4.605813459916548e-15,2.5135126303542743e-15,0.3128051760625227,0.02123975536747606,1.0
liquidity_stress,20270247,0.0005347760986527629,0.03659055187882466,-0.054469955443467444,0.19533347748307778,0.03919873274479173,0.3099994407804104,0.29547469805933846,0.1705575017205694,0.08618273162476696,4.581764703689421,0.5118078683086708,0.9443392863723628,0.49657833126335826,0.5858320719621857,20.227446666297553,1243.9089840711144,0.0168,0.2802320330365515,0.3507072827629609,0.0,0.0696,0.0,0.34586226679925436,0.0,1.625581221147017e-15,2.778092907233672e-15,0.03511617932346447,0.05720059062669226,1.0
liquidity_stress,20270248,0.00039912844608781876,0.03707027802651644,-0.14477085537506856,0.14477085537506856,0.041468636841535886,0.3803252335009699,0.41843967586811964,0.2335630445172533,0.03651190282754944,3.870112888785772,0.50863238197576,0.9318617944460075,0.4094259814722573,0.6000469704513401,19.28724439371085,3034.943312074867,0.0168,0.03802853995331314,0.3719509728826669,0.0036,0.0724,0.0,0.33735280931664646,0.0,1.4901161193847656e-15,2.1166422150351785e-15,0.05087725563723538,0.0175146385974273,1.0
liquidity_stress,20270249,0.0006205928723411052,0.0362249349753987,-0.12109283202655921,0.18140174046455676,0.0399376341395971,0.301732156984108,0.34834040224702123,0.18619331370156839,-0.02108122157607728,4.5884107454949214,0.4720428027853443,0.9359564218540681,0.38438774855521907,0.5863451074448499,19.284923881092666,3401.305253249158,0.0188,0.04363092987923725,0.36543762923978795,0.0112,0.0652,0.0,0.33250532793010756,0.0,2.302906729958274e-15,2.1166422150351785e-15,0.09228182380468597,0.04669697990046807,1.0
liquidity_stress,20270250,0.0005017431068675996,0.03840637588921594,-0.12162087873417429,0.16043946692892289,0.04056553265110266,0.3414667445491253,0.354685896692905,0.22556451340549474,0.045092645821098544,3.7056162773842125,0.5073644418095901,0.9530253529604791,0.4812630876378533,0.5615082172641825,20.012234411668313,1223.6924869743832,0.0212,0.13106955109786772,0.3791065183414618,0.0008,0.0688,0.0,0.33249260698310934,0.0,6.095929579301314e-15,2.248932353474877e-15,-0.0017410738090235212,0.013542404238077465,1.0
concentrated_wealth,20270201,0.00026888999954580335,0.023955882318215986,-0.08251298678921914,0.1428950884466049,0.0314811232365951,0.19042508947015047,0.20735057867567916,0.06650863759148534,-0.0630723113546583,2.4456076636114634,0.3563772176872833,0.8425257244912443,0.40447686440030955,0.56390421835753,7.314442939055177,6984.233309595258,0.012,0.05468880458680205,0.4975693244725312,0.0,0.0236,0.0,0.6039236174890674,0.0,2.1674416281960227e-15,2.5135126303542743e-15,-0.04455790807719592,0.016805981567271464,1.0
concentrated_wealth,20270202,0.0007974434535570669,0.02243448525547862,-0.08133565767195751,0.15527260304786572,0.036486514174884355,0.19063745845091398,0.2161914344011416,0.10019026282513438,-0.046505974326664624,1.677944880648794,0.17071990569385165,0.9222255438792418,0.38075104173987656,0.5886641436936886,7.302934379591681,5581.888831423289,0.0072,0.041400903778268085,0.2672340487573167,0.0,0.0196,0.0,0.5815059914871035,0.0,3.1156973405317828e-15,1.4551915228366853e-15,-0.04595908509775549,0.06174913479645815,1.0
concentrated_wealth,20270203,0.0005879429925711446,0.022809341439948047,-0.024843495591000145,0.1257419925712879,0.03327275280125522,0.2621348203164241,0.2669494029546408,0.05277085235216197,-0.05815427153550318,3.029132436277955,0.29235259962313387,0.8980778459785314,0.41429629795023304,0.5694848382973735,7.234631353920397,2642.45596881378,0.0104,0.1340045244489478,0.3724078904720777,0.0,0.018,0.0,0.5544771616414195,0.0,1.0837208140980114e-15,3.042673184113069e-15,-0.0016535429343647024,0.012095316798630436,1.0
concentrated_wealth,20270204,0.0004540021624113773,0.02347440347250282,-0.07646669991338767,0.1484459793477668,0.03566925223871592,0.2504324566146112,0.2247426456602321,0.11213942665070413,-0.0656079735042952,1.9132817104226074,0.2995713984217726,0.8598230971704163,0.39706069416887374,0.5892754706275029,7.207168214567883,6717.640736237016,0.0112,0.055868811938604,0.3192064392081079,0.0,0.0232,0.0,0.578345514141364,0.0,2.980232238769531e-15,2.248932353474877e-15,-0.02404397997070574,-0.011353218918808175,1.0
concentrated_wealth,20270205,0.0003660572412339363,0.0225781149990631,-0.025323867692161012,0.1540350467241403,0.030773462844780303,0.20639110899977178,0.1821664617273194,0.05525430650511324,-0.06046583452312389,1.5660460328538948,0.2479332277978409,0.8815463918330639,0.43382382872099473,0.5944001562882689,7.237321744705303,6190.509198526383,0.0096,0.0425849292799431,0.38055946384317507,0.0,0.0176,0.0,0.5580966627468997,0.0,2.573836933482777e-15,4.233284430070357e-15,0.01622051951535501,0.00922051709692946,1.0
concentrated_wealth,20270206,-5.961406682101256e-06,0.022830271703065275,-0.08720657509594472,0.09492061665182124,0.03035183596274361,0.21607751292569433,0.21584684289298828,0.01920391260547052,-0.04820080823338599,3.822071866748482,0.3944029095973367,0.8350441242727842,0.40997979222422115,0.5699649352605295,7.150795863154765,25959.963030369883,0.014,0.04582542962942962,0.5151951609011591,0.024,0.0232,0.0,0.5733695765367852,0.0,1.8965114246715198e-15,2.9103830456733705e-15,-0.14534533796526466,0.002942981542709967,1.0
concentrated_wealth,20270207,0.0007793172762044666,0.023313277626433794,-0.05521877532502991,0.16346980509226566,0.036380112306219035,0.2404110616200828,0.2579653705553016,0.12537196938509715,-0.05571345921009405,6.408144630359965,0.2913380394776733,0.9267728453693986,0.4440816675340166,0.5343982841681131,7.124139988241284,3048.303458402098,0.0156,0.16186526357262374,0.27397635455363056,0.0,0.0212,0.0,0.5698804821726866,0.0,4.199418154629794e-15,1.5874816612763839e-15,-0.15901514285695864,-0.008018537678231755,1.0
concentrated_wealth,20270208,0.0005650943181654945,0.022126824470915896,-0.0735412925327922,0.11482469216689806,0.03640564457019916,0.21259238972938946,0.23382091594629897,0.016728837982283945,-0.03576025062925011,1.8619915411783081,0.2317498539832268,0.9052636995906082,0.4050682966481757,0.5870129853657763,7.072077736140493,5411.953800498581,0.0128,0.08942299564419175,0.28634364416688063,0.0,0.0164,0.0,0.5456546376455205,0.0,5.0122087652033025e-15,2.9103830456733705e-15,-0.07751408550408145,0.03806312184048407,1.0
concentrated_wealth,20270209,0.00046669183306529403,0.021970212649482266,-0.015103585353296117,0.1327942034339572,0.03108652531166417,0.1801829073958246,0.18741677324995373,0.06741766850305504,-0.029830023168172043,2.7446640698076408,0.22200943851530694,0.8920359559333001,0.4434462748735093,0.5609844154141302,7.1317089051620774,3743.036230701539,0.0124,0.114339814969331,0.30138992708867374,0.0,0.0156,0.0,0.5678880302607123,0.0,1.3546510176225143e-15,2.248932353474877e-15,-0.14423200203502715,0.014332709060336509,1.0
concentrated_wealth,20270210,0.0005028034150919758,0.02071317476547164,-0.02212444143709337,0.16886984882928488,0.02973395350832362,0.18023286334547625,0.17443359987098964,0.05713893343920558,-0.03472327109177233,1.3848554360111445,0.2449337375111525,0.8987146658636777,0.4444688762009205,0.5706655566592173,7.119805031815481,4298.108344440599,0.0096,0.13619548892098082,0.3149121248002381,0.0,0.0136,0.0,0.5660596902074897,0.0,5.0122087652033025e-15,2.3812224919145757e-15,-0.08106551047875027,0.003905721005652108,1.0
concentrated_wealth,20270211,0.00018539689461228087,0.0214334685506316,0.0002554130926655618,0.11439362202521235,0.029967287584225184,0.20526838328161853,0.1954480912353861,0.08012256832342687,-0.07571441888926407,2.5500357695862927,0.25600534544140746,0.8846793715194414,0.45759085062957594,0.5632253858736328,7.145110012440514,5837.2310192597215,0.0104,0.061833870861302306,0.5247602284707997,0.0,0.0152,0.0,0.5799817976284862,0.0,1.625581221147017e-15,3.042673184113069e-15,-0.12124393605403079,-0.0018450389318098775,1.0
concentrated_wealth,20270212,0.00047898934870856455,0.021532576956858385,0.006596809273541302,0.19145216231155754,0.03581753113043571,0.2053263453385064,0.20557900807765161,0.07563992287304684,-0.05361998212586087,5.280704165685021,0.2367654933873013,0.9095043039519243,0.44663280120806675,0.5422203741250557,7.139872397707632,5463.1132100491595,0.0108,0.11222240794767663,0.3144718091517732,0.0,0.0128,0.0,0.5460323106378835,0.0,1.4901161193847656e-15,2.5135126303542743e-15,0.2385176947003324,0.002144054384553838,1.0
concentrated_wealth,20270213,0.0002945677979592215,0.02137156093518297,-0.04864890588789899,0.12353601555404158,0.027543207909334816,0.1734641670343886,0.1997144918496276,0.015419868125704532,-0.04479682597134425,1.9838290060176362,0.24831874832205944,0.8362396171468819,0.4057673263571668,0.5696909436248012,7.142743304791458,13188.36576513719,0.0088,0.021641393105873534,0.3114160647078299,0.0,0.0128,0.0,0.5918370891438405,0.0,2.1674416281960227e-15,1.8520619381557813e-15,-0.17281791076224973,0.006007905550067352,1.0
concentrated_wealth,20270214,0.00020964543616158586,0.022518597241102563,-0.043867911400358645,0.1369047720513727,0.028810377551708823,0.20655659768234405,0.21763868894611318,0.05483219519292241,-0.039470306330467664,2.1280529639818475,0.3330189973608136,0.8564770134586978,0.39456113772236623,0.5814997263809256,7.158258815902153,11808.186678253907,0.0136,0.028093309894983487,0.5296899986243084,0.0,0.0192,0.0,0.574872795954338,0.0,2.84476713700728e-15,1.98435207659548e-15,-0.09675743203924143,0.01435661746122438,1.0
concentrated_wealth,20270215,0.0004905164696966999,0.022747284492171352,-0.12956825311010553,0.14065822781446738,0.030954268744106513,0.25647079069880063,0.24193447582439984,0.04889068453260545,-0.06052343795353761,3.6147182655378742,0.31395319634314944,0.8798967140980779,0.3966509378699073,0.5570849636278945,7.121928237327188,4299.122730358439,0.012,0.018666380887093343,0.3803117328732116,0.0008,0.0176,0.0,0.5749896857098942,0.0,2.4383718317205256e-15,3.1749633225527677e-15,0.012923940223471311,0.07343161565481554,1.0
concentrated_wealth,20270216,0.0008189544319174932,0.022519926593704567,-0.041905434411636105,0.1287890191035649,0.0282234116128752,0.18203916363142333,0.16531301117018496,0.0791939691460454,-0.022278811606456114,1.7358915049567045,0.15410656945449505,0.9208703534174878,0.43391011362949994,0.5889867758992063,7.14371160886542,2509.218170837283,0.0108,0.16759767668625236,0.24913714463246717,0.0,0.0168,0.0,0.5495515104370603,0.0,2.1674416281960227e-15,3.1749633225527677e-15,-0.14185865505229334,0.03454858058054948,1.0
concentrated_wealth,20270217,0.00031784149268435866,0.022898630512323805,0.016902018855123352,0.18388844605256063,0.032192320382191955,0.18174004178912817,0.20474092968351612,0.12731027180691387,-0.06524213243084828,1.8171957381281896,0.2823634447871196,0.882995324389197,0.42977231104583136,0.591001856266066,7.228396479404193,6282.427733988114,0.0116,0.06676766895092509,0.3336041470879064,0.0,0.0156,0.0,0.5820240322173507,0.0,1.8965114246715198e-15,1.5874816612763839e-15,0.0090241344821933,-0.02780285078720764,1.0
concentrated_wealth,20270218,8.604157863441486e-07,0.02316950877537285,-0.09750687008467593,0.11547782469773034,0.03668951728649208,0.22914978708126893,0.21513916766119118,0.1193738245994725,-0.07255384834771222,2.120824811518517,0.36119477532022704,0.8052771440174449,0.3992282477699019,0.5792404696564563,7.253085351488743,8346.031951182144,0.0132,0.024894205502960856,0.5010102418030364,0.0032,0.0204,0.0,0.5702036887876076,0.0,1.3546510176225143e-15,1.8520619381557813e-15,0.1181017194497037,0.03680567730918687,1.0
concentrated_wealth,20270219,0.00043870292294706026,0.021678363992232805,-0.04336249113301101,0.13829498787672093,0.03307798180693356,0.2077008934169341,0.21684586985874837,0.05052892266103665,-0.044410400703431746,1.9373009503580896,0.26270892416402986,0.8908260791040865,0.42571505980755303,0.5783197950528793,7.152804170483484,8418.045533793373,0.0104,0.025116205006363912,0.32412710675161494,0.0,0.0128,0.0,0.5688787604561358,0.0,3.251162442294034e-15,5.556185814467344e-15,-0.06981892207700761,0.0361125037592328,1.0
concentrated_wealth,20270220,0.00033362907046042737,0.022618867035472064,-0.07800544684955694,0.15430336504826175,0.03273261438733129,0.2336815071899932,0.22297135668748738,0.09543113433136564,-0.07597862578319772,1.9572726170150903,0.31119600308663486,0.8946528965391494,0.38704289292655675,0.5776913682081356,7.167105963796439,6555.770382908299,0.0108,0.04408928888298014,0.2788654181344389,0.008,0.0212,0.0,0.6060467641143332,0.0,1.4901161193847656e-15,9.260309690778906e-16,-0.06423659297577965,-0.012577572037053687,1.0
concentrated_wealth,20270221,0.0005419931935127525,0.022552189979616246,-0.06706330574314055,0.12201928890804396,0.03030659578906551,0.19711193705972652,0.20298216521545462,0.02584335323320546,-0.07176462934719263,2.313217809757587,0.24931011801511474,0.8789102049366216,0.415097370308338,0.5679237728091836,7.175982535812288,5184.628592133191,0.012,0.06669533836635647,0.26065412297964563,0.0,0.0148,0.0,0.5546859370410377,0.0,3.1156973405317828e-15,1.8520619381557813e-15,-0.054681052212838234,0.04024255106385962,1.0
concentrated_wealth,20270222,0.00014358212637454528,0.02255202232835199,-0.06122416297518571,0.09698056596292785,0.028969554408250147,0.19704602827478043,0.17096269769437122,0.02822801538300212,-0.018391613308005303,1.8820346468771998,0.3414748132960698,0.8141546096223904,0.4153563209269048,0.5789153992110119,7.084328551170984,8773.851793024422,0.0096,0.08981931797272948,0.5882768162072299,0.3796,0.0164,0.0,0.5908104764674402,0.0,3.251162442294034e-15,2.645802768793973e-15,-0.00951891477091345,-0.04456538123649822,1.0
concentrated_wealth,20270223,0.0002306335920635732,0.021437488733967003,-0.029970805643090372,0.12767495900320966,0.031001947326627997,0.160214133285153,0.2018800721042282,0.0868491670912004,-0.10113914554113716,1.3034379158840528,0.26017797762240935,0.8494103018960822,0.4344490880382566,0.5709334115205067,7.117576432549574,3927.8817510523736,0.0112,0.07705920428571339,0.4199363095705003,0.0,0.0148,0.0,0.5702375000094655,0.0,4.3348832563920454e-15,3.96870415319096e-15,-0.10903200034992455,0.0011075437213393662,1.0
concentrated_wealth,20270224,0.0007384570005059249,0.023028719237673308,-0.07542640229127315,0.11435471207750916,0.032777700488825494,0.1596544803250768,0.23733930639026377,0.06685129704981119,-0.02218155455909862,2.0795231438385473,0.1761255879641415,0.9189973718696501,0.40471760124120804,0.5735508910254742,7.204252844133707,4863.9727884980875,0.012,0.039134912833765086,0.24783078814330406,0.0,0.016,0.0,0.5481856189424303,0.0,3.251162442294034e-15,3.7041238763115625e-15,-0.1269039280381683,0.005534433115067704,1.0
concentrated_wealth,20270225,-2.607697247706078e-05,0.024009572770349312,-0.10165929869958971,0.14286535091370803,0.035117374848907416,0.24485540944054443,0.2530995420746687,0.12151988200769227,-0.07184324589848845,2.457867977173513,0.40171973881505757,0.8329434650930058,0.4102715671286588,0.5701906858904958,7.320372696150406,6030.092024461884,0.014,0.0423009828680317,0.4816653508818819,0.0,0.0216,0.0,0.6025607410765452,0.0,2.7093020352450286e-15,1.5874816612763839e-15,-0.08353369067285529,0.029166124184670857,1.0
concentrated_wealth,20270226,0.0005701129943369359,0.02291978631075178,-0.058560226062446624,0.1588530808433678,0.034492577128257575,0.2366793854894651,0.2157215617380407,0.06537915048506547,-0.03097015705577362,2.065650300373358,0.2432813621472291,0.9126445632093404,0.4391006464650881,0.576083519764294,7.205706574513472,3473.468630039788,0.0132,0.09076169864503825,0.2568554003654817,0.0,0.0216,0.0,0.5580275527018743,0.0,1.625581221147017e-15,1.7197717997160825e-15,-0.009597793958880373,-0.019473436900134665,1.0
concentrated_wealth,20270227,0.0002581497700092175,0.022061620926502618,-0.004651193862237561,0.12267305139809924,0.027236332904943546,0.18552856423190642,0.2256033860784043,0.059612111107242155,-0.06041074510918815,2.090114261186785,0.2902135669027516,0.8637896076292426,0.43525815683518654,0.5819898921766666,7.187567353425987,5382.803500339092,0.0112,0.0983465029618695,0.3144230365217269,0.0,0.0208,0.0,0.5639096341286818,0.0,2.4383718317205256e-15,1.98435207659548e-15,-0.09409281254431946,0.04966865041205109,1.0
concentrated_wealth,20270228,0.00015590092326924214,0.022066928662505283,-0.03077656630677742,0.130408334823827,0.032316976041512215,0.22027354476075425,0.24624995403529187,0.046291508767112216,-0.053256642224510556,2.1599651956934016,0.35009301845830815,0.8475830976251159,0.4233217321212044,0.5481791655174042,7.159826388380089,5161.386260724887,0.0148,0.12130162963787766,0.37651369348772823,0.0,0.0176,0.0,0.5604173423584808,0.0,5.824999375776811e-15,3.1749633225527677e-15,-0.11162717723847504,0.018799317308846,1.0
concentrated_wealth,20270229,0.0005408499192187506,0.024186493431161287,-0.057398472364071966,0.14903026866664848,0.035260915969827875,0.27571885554942505,0.26148582973675466,0.13751087859626196,-0.003227952688380281,2.4962620756636733,0.31446162029573227,0.9029266792335182,0.419467546798289,0.5724005495092317,7.259273711213838,6893.910060820678,0.0144,0.053769162961992106,0.29430033250586307,0.118,0.0188,0.0,0.5733031441119858,0.0,2.1674416281960227e-15,5.291605537587946e-15,0.10636957378134342,-0.020689983276104794,1.0
concentrated_wealth,20270230,0.000474527497981353,0.022856436457275846,-0.020389179863310312,0.15501004301165486,0.03372498410275438,0.18638967962498365,0.21721365068447243,0.04474325443092566,-0.04476978968700458,1.9579945444186917,0.2963824557604841,0.9135476999683604,0.40974761115872754,0.5837753790966992,7.133338828807158,7328.505468084487,0.0112,0.04223687108940282,0.4105785998931901,0.0124,0.0192,0.0,0.5823000286148405,0.0,1.3546510176225143e-15,2.5135126303542743e-15,0.13739381965004804,-0.038087773063432445,1.0
concentrated_wealth,20270231,0.0004616432693774026,0.022537542823721404,-0.0848921933503962,0.11654046288907624,0.03463795914701759,0.18150955432836235,0.18477205228987656,0.06863808909419913,-0.05577316027771918,1.864110619727481,0.23036109566858878,0.8839598872265385,0.3633776460743995,0.594805381141556,7.220226867666831,5286.214084580246,0.0104,0.02184842901251992,0.26055069495315697,0.0,0.016,0.0,0.5522907893879763,0.0,4.3348832563920454e-15,3.1749633225527677e-15,0.07225443556869585,-0.004728091711172346,1.0
concentrated_wealth,20270232,0.00023673928424637047,0.022284125739890727,-0.08591733836028934,0.12839767689479706,0.03313848832027845,0.23427712872355477,0.17731192557640812,0.06351087067931958,-0.05871802450348539,2.0985512255277703,0.335680489840713,0.8324189252249895,0.4197988604448502,0.5646010000870935,7.131025419646851,8028.486808166552,0.0144,0.022319398202987936,0.3948655047333589,0.0,0.0208,0.0,0.556123907145035,0.0,2.84476713700728e-15,2.5135126303542743e-15,0.031954072021174076,-0.0011606656935876421,1.0
concentrated_wealth,20270233,0.0004803109500585215,0.022951530134752766,-0.05234534682868876,0.17019218407495418,0.03573284644303943,0.18392693018750364,0.21108202412150584,0.10342137043211194,-0.058903564339053305,1.9116830076958706,0.35250760217526417,0.8777509750991969,0.41985468485687394,0.5793675878219261,7.200328331631979,3675.3633269250454,0.0116,0.17846313259157096,0.3431049660639207,0.0,0.0212,0.0,0.5816342869706117,0.0,2.1674416281960227e-15,4.100994291630658e-15,-0.06007564230536063,-0.029810365689756736,1.0
concentrated_wealth,20270234,0.00047102893828036087,0.022726220548463547,-0.028588109227869397,0.10549056399980554,0.03210223028451712,0.19456018962436566,0.18665204187367976,0.04743350877966983,-0.04832184548106657,2.8579564656124568,0.30532992875402265,0.8757900981642592,0.43570446417281056,0.5645735507299607,7.124426667488733,3490.482226727277,0.0132,0.046248936182331404,0.5138891785289743,0.0,0.016,0.0,0.5852943268527762,0.0,3.3866275440562853e-15,3.96870415319096e-15,-0.07513417591114525,0.025103863818439362,1.0
concentrated_wealth,20270235,0.0004181036712045298,0.022429996309462977,-0.01619375621749311,0.15513041853092857,0.03556204675894858,0.19038051964666847,0.19757523763785245,0.03308063653946453,-0.06703645917243085,1.5154599972716696,0.27620153013076343,0.8816830021749491,0.41508071708023203,0.5804373377434909,7.247216566138092,4599.148974526828,0.0104,0.1347685649905161,0.4049520358274864,0.0,0.0188,0.0,0.5886633929788143,0.0,4.7412785616788e-15,1.4551915228366853e-15,-0.02732355203030503,0.01823712472032143,1.0
concentrated_wealth,20270236,0.00041144188433007647,0.022768506026006177,-0.11652934131910087,0.12042527262753772,0.028136981669392425,0.2567352567689139,0.28047110754142696,0.08932513515291982,-0.09167169397242551,3.0585641736052747,0.34488822081901016,0.9144274899794741,0.4306508953214455,0.5402057152000475,7.221333091729743,3425.5365131077706,0.0104,0.0817199112201012,0.3254784052088756,0.0,0.0184,0.0,0.5763284246711653,0.0,3.928487951105291e-15,1.3229013843969864e-15,-0.004357760830171458,0.00969876355087887,1.0
concentrated_wealth,20270237,0.00034640106954923126,0.022053321753399857,-0.05334558693929122,0.13342036737396512,0.03171064716981061,0.2317674898932905,0.20126285024378168,0.0756661508197739,-0.04308527062473264,1.237322227297553,0.29726850647682035,0.8605100904008887,0.4316310722472297,0.5586319200348482,7.2144616285009615,11733.46257037992,0.0124,0.05571300407162825,0.47744421632215517,0.0396,0.0144,0.0,0.5626134822349487,0.0,4.063953052867543e-15,3.96870415319096e-15,-0.020439639309023618,0.05473814124028518,1.0
concentrated_wealth,20270238,4.611939700778152e-05,0.021866431847025254,-0.06090782412661182,0.177661191314291,0.030422997833741073,0.22637440396207018,0.22923844013090347,0.08896772766393332,-0.041417559315815096,2.2116013736532247,0.35970998309856744,0.8197860284997602,0.41417171293180527,0.5720868135926215,7.071271557621504,10355.482548997392,0.0124,0.038202288584296744,0.4309389197799911,0.0048,0.0156,0.0,0.594648380632607,0.0,2.7093020352450286e-15,4.762444983829151e-15,0.02720368392564407,-0.006730054247493852,1.0
concentrated_wealth,20270239,-6.0018386242817454e-05,0.022095303685856087,-0.07808567643260557,0.11723985032325472,0.034094388333303416,0.23963682449111226,0.20946064412153528,0.07949798418291253,-0.03991588675443311,2.3389526886394076,0.38073164318413416,0.8136324480098106,0.37972111845935835,0.563311617612197,7.114057247045513,9437.474067176103,0.0116,0.018135132616256332,0.4969665988867509,0.0004,0.016,0.0,0.5730096792597863,0.0,4.3348832563920454e-15,2.5135126303542743e-15,0.09427429925709611,0.026746924215785003,1.0
concentrated_wealth,20270240,0.0006727085749072774,0.021201895895710237,-0.0036524512625938327,0.136059027021832,0.028819113788636736,0.1894405357649373,0.20514304761855062,0.04673189494902888,-0.03370077594069649,2.1128309242225,0.21060895662320678,0.9300424886525471,0.43880107058020185,0.5693674336867846,7.142030899247345,3458.575421965351,0.0088,0.20071803489249523,0.3401553121065334,0.0,0.01,0.0,0.5945944380447636,0.0,2.1674416281960227e-15,1.98435207659548e-15,-0.19491370519331735,0.012518451649282395,1.0
concentrated_wealth,20270241,0.0004887454130396567,0.020625188828744083,-0.04966464487575075,0.12456347899949864,0.02385261970340498,0.2215107697939365,0.2053513932302598,0.04976653485626188,-0.01075271584678118,1.676923837596422,0.3250036864792536,0.8663511359955566,0.40639628464441685,0.5503636063512531,7.03351813041378,5820.700799687806,0.012,0.036406655251166944,0.33017670797759735,0.008,0.0128,0.0,0.5651896880699294,0.0,1.625581221147017e-15,1.5874816612763839e-15,-0.12826426391482704,0.019903229685646066,1.0
concentrated_wealth,20270242,0.00047251777141077086,0.024408767889807233,-0.03910171056513314,0.18957371432499237,0.028043182873212353,0.21023310054305924,0.2283976471967444,0.10957277775095886,-0.0235601068234058,2.8070201919592774,0.3276011426640511,0.882566281373803,0.42760045633526134,0.5813875760941593,7.3926642947143835,5846.53153075557,0.0132,0.030066040738342802,0.31584036885766753,0.0,0.024,0.0,0.5595938452429481,0.0,2.980232238769531e-15,2.645802768793973e-15,0.07715026794841531,0.025067328221355,1.0
concentrated_wealth,20270243,0.0002781085155771262,0.023644048495021237,-0.018974459566280973,0.1496331601406848,0.035192221326385095,0.2122912817617594,0.2204372021265563,0.06049385442693989,-0.05398166214136905,2.377346041814378,0.2675269802085268,0.8778133019737577,0.4327700406987944,0.5700067291347438,7.25949020879441,5065.127144851168,0.0112,0.024276130559872107,0.5391048304522947,0.0016,0.0236,0.0,0.5873172927980033,0.0,2.573836933482777e-15,3.439543599432165e-15,0.25226631084648443,0.034153999147034736,1.0
concentrated_wealth,20270244,0.0002886042426679882,0.023132420597964398,-0.019680625052794595,0.18532076904413045,0.03660702181631995,0.1892479255534728,0.2608599490280221,0.08401301403703543,-0.03648704974444724,3.035523963196739,0.33165886663591115,0.8683902260480783,0.42902168806034274,0.5697727487860469,7.166784295666623,7091.4878798817945,0.0124,0.11349716072934457,0.3977083303670229,0.0,0.0196,0.0,0.5956195782265141,0.0,3.7930228493430395e-15,3.836414014751261e-15,-0.01949448370551337,0.01876973981417867,1.0
concentrated_wealth,20270245,0.00039068614294126365,0.02288960021089423,-0.04377131048187012,0.1455624500312842,0.03847749461871849,0.20933817420626474,0.21175517951111175,0.06149108206663696,-0.020946713604564623,2.718704054287328,0.2991784572342872,0.8639904503384049,0.44719838379054516,0.5673933595404937,7.181288026560825,4375.444874774395,0.012,0.06671575534230004,0.3684076300682395,0.0,0.0188,0.0,0.5891774173980935,0.0,2.1674416281960227e-15,3.1749633225527677e-15,-0.04165403684539447,-0.006105467500716826,1.0
concentrated_wealth,20270246,0.0005617568663060328,0.02233656992777088,-0.0245103184405741,0.13466619689674672,0.04317097191971185,0.18076142538661083,0.20482415146104288,0.04221846422967837,-0.05034079601601602,2.915716353122609,0.23638443898486025,0.9051488792115622,0.4271610441309854,0.5709065032723116,7.182516447793672,4373.95954145249,0.0112,0.14906404748188506,0.2645802142695992,0.0,0.0144,0.0,0.5875298403184277,0.0,1.3546510176225143e-15,1.5874816612763839e-15,0.17885748501048274,-0.02704163822979387,1.0
concentrated_wealth,20270247,0.0005792797254577497,0.02186075097868368,0.011944856583152953,0.16641319608296137,0.03036048500454422,0.2035663308941932,0.21794119965197156,0.08568970678274039,-0.054974158026582884,2.2983534863751025,0.2572126242913919,0.9029411337439325,0.42525660582928393,0.5748021949569656,7.1335181321754515,3052.890031300973,0.012,0.2098377014907296,0.2556469456127294,0.0,0.0132,0.0,0.5937531261617801,0.0,2.4383718317205256e-15,1.5874816612763839e-15,-0.09728639829538482,0.02252806505861415,1.0
concentrated_wealth,20270248,0.0003502424359505689,0.02169123904678492,-0.04410711468554486,0.1275825324551823,0.03686111241436619,0.2315298992399985,0.2421948485537144,0.06564503536428154,-0.0716760104858617,2.410891298019335,0.30301098760819495,0.8608508398233679,0.44388675440835174,0.5596620587956769,7.187732144803635,7905.442403650698,0.0136,0.1254629864010034,0.32396092015939915,0.0,0.0172,0.0,0.5777417111137346,0.0,1.8965114246715198e-15,1.1906112459572878e-15,0.10895685188299999,-0.0096264875448617,1.0
concentrated_wealth,20270249,0.0006612538121667455,0.023576909039426844,-0.05658313744619609,0.1657683145884115,0.03691677985071937,0.20788926150734155,0.18429673398475793,0.09196428241948217,-0.02258159961347979,2.984108297118758,0.31023573702084034,0.8832637424347917,0.4135493240949227,0.5709890702036219,7.278612444403798,8071.394650269772,0.0152,0.021186475036450825,0.37446096822405606,0.0048,0.0236,0.0,0.5433577824935591,0.0,3.522092645818537e-15,4.630154845389453e-15,0.05884403243671236,0.030798800070426628,1.0
concentrated_wealth,20270250,0.0005608696455914018,0.02246524971272169,-0.03871197001343263,0.12262671467385264,0.033846081158862305,0.2111865836784801,0.21731627515151464,0.05736804381634062,-0.06683845899806952,1.506401775500274,0.23830509736585803,0.897705382260954,0.41227494693596495,0.579460549694468,7.194004069147379,3116.2208328876177,0.0112,0.13382354581180875,0.3741339503721297,0.0,0.0164,0.0,0.5598383885502265,0.0,3.928487951105291e-15,1.8520619381557813e-15,-0.084286518808909,0.023863348275498804,1.0
garch_t_control,20270201,0.0004380782069798954,0.02063923851226582,-0.02108154711054179,0.20339390574501467,0.0321543521252388,0.41366097726301065,0.36305577461188054,0.16424443348472795,-0.07969000394073406,5.834681360906011,0.48961128988783215,0.9244422732561216,0.4940170871317699,0.52578706791674,7.1237187805175015,7466.036895818215,0.0212,0.04096233180499107,0.33191667074830267,0.0156,0.0172,0.0,0.17728761980568075,0.0,1.4901161193847656e-15,1.8520619381557813e-15,0.0894603688505015,0.014336446696019358,1.0
garch_t_control,20270202,0.0002816255328808605,0.022706173434717633,0.00624695418877591,0.1326770132523163,0.039694831965825225,0.3938454919619163,0.3450651164268677,0.19004118067895767,-0.0439085780663591,5.766588321786179,0.40940081936677236,0.9127533473534444,0.4523491343022984,0.5230488230318299,7.131052432268424,4062.554054316105,0.02,0.0904755470724404,0.5071817821525266,0.0,0.0248,0.0,0.21612496048388286,0.0,4.605813459916548e-15,7.011377337304029e-15,-0.3561358064322844,0.02638976087495769,1.0
garch_t_control,20270203,0.0005653608952420371,0.020769693601970823,-0.03954246542099848,0.12061526306904442,0.04108273144377673,0.3567323233855489,0.3418789326775911,0.14223979210729068,-0.045672635976892306,3.6902021143474206,0.4136603401149985,0.9081645290327722,0.4619776258174798,0.5443575317959252,7.172549121346044,2325.921581797204,0.0156,0.1250999184750112,0.2742393866193764,0.0,0.02,0.0,0.20639787838263124,0.0,1.8965114246715198e-15,3.7041238763115625e-15,-0.20058879089939788,0.01695939224651363,1.0
garch_t_control,20270204,0.00027743169697134036,0.02138086405733417,-0.060298888728505216,0.18728692977678033,0.03493258426711031,0.3229822634669128,0.33297631162791574,0.16232922354143758,-0.06312979112641627,7.136967601716856,0.48664155057384356,0.8946342277756294,0.4597607828820507,0.5347043218210271,7.057721625205977,9387.47441959013,0.018,0.024965807751280114,0.3141314548705083,0.0,0.02,0.0,0.20552392171524958,0.0,3.1156973405317828e-15,3.042673184113069e-15,-0.1772188964144684,-0.0186416142868897,1.0
garch_t_control,20270205,0.00023718890588738582,0.02570897199863515,-0.029193318748144913,0.1473947464429808,0.043749891043713005,0.34646625143650683,0.365084750772358,0.22446350779208862,0.09734697347085211,9.161853385227914,0.4308184093508458,0.8998204356900585,0.49601631593927437,0.4535557067302888,7.359408105026638,5149.857485355848,0.018,0.06634751628483147,0.5788544591537037,0.0,0.0296,0.0,0.1955726993475817,0.0,2.1674416281960227e-15,4.100994291630658e-15,0.06177408786982619,0.018150204308256302,1.0
garch_t_control,20270206,-0.0007679138362573454,0.03137819579710987,0.002101041756329797,0.09449472825417257,0.033879364932933934,0.40582384253076054,0.4202288525968358,0.2838357086643827,0.10006903835968407,17.51855249488799,0.3225135119500276,0.9255138670323996,0.5098262852993026,0.37125223526229434,7.520361420830166,51094.67949638731,0.0236,0.07576334837959389,0.9280523500441654,0.3248,0.0448,0.0,0.2716280685626338,0.0,3.7930228493430395e-15,1.5874816612763839e-15,-0.23035635366234905,-0.002726866208839007,1.0
garch_t_control,20270207,0.00019663558215115025,0.021160561422049782,-0.058474186753046706,0.16678642987387873,0.042199330712944336,0.3087863430134136,0.35753680814636934,0.13768948395111286,-0.03767154668135751,6.800769153211283,0.521102444566342,0.8979816951447075,0.4693688238610317,0.5527687524132601,7.192576649436946,4213.786525757524,0.0224,0.05906008016571915,0.3479697020818302,0.0,0.02,0.0,0.20076084602094646,0.0,2.302906729958274e-15,2.645802768793973e-15,0.39597233317002684,0.007913799083153863,1.0
garch_t_control,20270208,0.0004315565684152475,0.021897243290535953,-0.0758997029794779,0.11936107862598552,0.035633027850550295,0.353369839419347,0.41760271615069977,0.16527571618395762,-0.08912133361283299,5.52913248327593,0.38191948543685056,0.926354150985558,0.4936486288999623,0.5366989093694339,7.232381460549825,1377.3053749229696,0.0176,0.22935763097357117,0.29330793095483276,0.0,0.0192,0.0,0.2140278450003319,0.0,3.522092645818537e-15,2.778092907233672e-15,-0.15459635855374007,0.07158995068441038,1.0
garch_t_control,20270209,0.00032681128894997044,0.023043295020291194,-0.04905291132345935,0.16168750416592456,0.03777751479957191,0.3281525859389834,0.3161863407732204,0.19107045399258252,-0.03747735701987086,6.408622460753026,0.4321281779634956,0.9168759283998333,0.48136519639057224,0.5228657050580688,7.230273117962202,4910.411412270799,0.02,0.05395523594314791,0.32443729172202085,0.0,0.0244,0.0,0.19089582625275447,0.0,5.68953427401456e-15,1.98435207659548e-15,-0.45923525710545726,0.017473623333892362,1.0
garch_t_control,20270210,0.0003750113319545363,0.021987346503108154,0.007621494467419861,0.21725822370675887,0.04331345786112775,0.3162969460037272,0.33819386317492733,0.18147378382405513,-0.09100054561059553,5.706147324625597,0.48862827044275625,0.9134481432465652,0.5019411794529102,0.5419712864035305,7.1764854301189,3757.79788179546,0.0164,0.10926088473598482,0.3170107863000423,0.0,0.022,0.0,0.201637097581163,0.0,4.605813459916548e-15,2.778092907233672e-15,0.13629117768282953,0.02286954728577825,1.0
garch_t_control,20270211,0.0005693922071899316,0.02348417801332509,-0.03710969770893706,0.11906685862729391,0.0351947980443643,0.31329859758169404,0.2813003107448696,0.1298781870281557,0.003258649612607448,3.07620593647753,0.4003099707194764,0.9197906341929719,0.49559446286117737,0.5016883552215332,7.296772545083855,5157.951583312836,0.0188,0.11310431916698367,0.36589663725735144,0.0,0.0272,0.0,0.21157193134305174,0.0,2.573836933482777e-15,1.5874816612763839e-15,-0.03530088387836817,0.016119331076406805,1.0
garch_t_control,20270212,0.000385099613504644,0.023551038752981392,-0.038853770546292014,0.16738085509090023,0.039667335736588046,0.3966201994931206,0.39555251865020474,0.17873788245561806,-0.00799122611239102,9.90380058127492,0.4136075640536658,0.9259558215700711,0.5061546044085231,0.49587121150014857,7.139654959751796,7666.078225494127,0.022,0.047801265302659,0.43858158015573767,0.0,0.0252,0.0,0.20457868762776177,0.0,1.3546510176225143e-15,2.248932353474877e-15,0.4633168152119619,0.061011472984239375,1.0
garch_t_control,20270213,0.00041815033627936167,0.02177737799649768,-0.06506678138801487,0.15003414456603603,0.03732625108078437,0.3173031738197111,0.2987876288608225,0.11611059349926674,-0.07572460826041578,5.138297265823093,0.3821262540597224,0.902102741394894,0.4607064939275761,0.5415625870495377,7.116913718186973,6283.31896222212,0.0184,0.06118017793865547,0.2445526069690348,0.0,0.0172,0.0,0.20394378761926935,0.0,3.251162442294034e-15,1.4551915228366853e-15,-0.22152171476091426,-0.03327429680182719,1.0
garch_t_control,20270214,0.0005425597688723422,0.021719544594721883,-0.03019666715893905,0.16242514134175018,0.040535567890353195,0.31400416273341597,0.29726648260623684,0.1629714263793452,-0.10620678414065372,4.329201023539808,0.4509728281498876,0.910510461634892,0.4349055743053085,0.5789455063966732,7.192951420022778,6133.886896853823,0.0144,0.020566695632590358,0.3656591614775053,0.0004,0.0224,0.0,0.17618650660689394,0.0,1.7610463229092685e-15,1.7197717997160825e-15,0.022389866563984857,0.026776702060730115,1.0
garch_t_control,20270215,2.032501285306907e-05,0.02123314337620448,-0.1128220723662354,0.1333468663668036,0.0322266395070917,0.3587219185455528,0.3732253260796423,0.18699025191094543,-0.06313627732784668,8.010780308853523,0.5158985083483715,0.8907110901268434,0.43180492803063114,0.5523100148835524,7.088969196357517,4797.958551075666,0.018,0.01990272505976358,0.366728793135525,0.0004,0.0188,0.0,0.17780607795535386,0.0,2.573836933482777e-15,5.0270252607085486e-15,-0.35655404296266985,0.027600988815001035,1.0
garch_t_control,20270216,0.0002755228826078451,0.020980594242508747,-0.009948698659068677,0.16905946676044364,0.03558177239193398,0.3367964811480953,0.32165506231188806,0.18574193090958474,-0.029175747653006383,4.4785167395988825,0.43200799814636104,0.8948724584534239,0.44908454971778644,0.5576947279003003,7.212805275092408,3469.3855023718997,0.014,0.09739356960689485,0.2526076293230912,0.0,0.0188,0.0,0.2164277636990315,0.0,1.8965114246715198e-15,2.3812224919145757e-15,-0.14145798193207973,0.024048574696991454,1.0
garch_t_control,20270217,0.00024400056764797533,0.021958285127454853,-0.04801114120041719,0.1526220444033512,0.04480399037201576,0.340283549637362,0.36252620027046156,0.2087407790502467,0.003584239135572654,5.647030180540931,0.48610715271521554,0.9016800248263762,0.4771511857467223,0.5175729149406965,7.186778773916614,6919.80158785116,0.0164,0.020992708574753532,0.34257774549276576,0.0004,0.0204,0.0,0.20859176025361448,0.0,3.522092645818537e-15,2.248932353474877e-15,-0.1588013501002559,-0.0049750505418108635,1.0
garch_t_control,20270218,0.0008533897609391883,0.02543616822638122,0.009187325490675921,0.11125392018527148,0.04867727849843443,0.42413997872101855,0.41493974024373126,0.24491678213879264,0.12294668275153857,16.40009618808403,0.28033802826394816,0.9522402772482548,0.5045434721342961,0.43119472568293743,7.184415175388803,3400.9448505756272,0.0196,0.144470915694013,0.4307911185015397,0.0004,0.0248,0.0,0.19751362575554388,0.0,3.7930228493430395e-15,2.3812224919145757e-15,0.6230320414127546,0.05505117542602158,1.0
garch_t_control,20270219,3.450863836450324e-06,0.023739887398009824,-0.0872785675144151,0.13197651815955316,0.03557801968043321,0.3828649607752323,0.36293896846883844,0.1904338870691602,-0.010874064467233798,6.589187126612114,0.5017148908105298,0.9059753717691091,0.48773299890509075,0.5098024379962222,7.284460740458741,14394.867510370981,0.0204,0.05233728709544097,0.5757653075052959,0.0296,0.0304,0.0,0.23123851761594194,0.0,2.980232238769531e-15,2.1166422150351785e-15,-0.13580767183719,0.017244809663023768,1.0
garch_t_control,20270220,0.0001522246204179023,0.022716860597933784,-0.09724764011856894,0.19321479507512127,0.04143420243897115,0.349042675802669,0.32770166117491584,0.19061663852327201,-0.022586184348894492,5.069550524410674,0.4679632275469748,0.8851698108386079,0.4491208588702717,0.5280548062219935,7.206579179624355,8369.651327626125,0.016,0.039067121240290735,0.5668661177834444,0.0172,0.0216,0.0,0.18929390900264464,0.0,4.7412785616788e-15,2.9103830456733705e-15,-0.3110186798487999,-0.005007946997064444,1.0
garch_t_control,20270221,0.000289489471480136,0.022515654705052925,-0.0792143503603132,0.13067398182631043,0.031589755308587035,0.3540972264801503,0.3113972288287099,0.15882699408363551,-0.05008436643383151,5.403902119798861,0.49034943181464846,0.8918716368044441,0.451778932401057,0.5200183392909783,7.214419102052455,7502.116453129528,0.0192,0.022314497296124575,0.4306846526447833,0.0012,0.0232,0.0,0.18520023443803568,0.0,2.1674416281960227e-15,1.4551915228366853e-15,-0.22244479492612462,-0.010666757287830817,1.0
garch_t_control,20270222,0.0005102734161946074,0.021552918785698764,-0.08320426659394581,0.13673637563139446,0.039057257257802146,0.31310367857362675,0.2613141221246768,0.09986438262135224,-0.045002942074641644,7.4944528146808,0.37059387125220883,0.9338485782519556,0.43040844746970786,0.5716241603359085,7.098901456602549,6051.070484501742,0.0152,0.03456709882572547,0.2535801098811633,0.0096,0.0164,0.0,0.1639853251323291,0.0,4.063953052867543e-15,2.645802768793973e-15,-0.46545982745318126,0.020737160412280953,1.0
garch_t_control,20270223,0.00022781117973993972,0.02337612549070599,-0.07896680641108303,0.17481982793742742,0.03688976402701894,0.35640274277982725,0.37184646722380954,0.18187587247705325,-0.059253390403559945,5.971812723905558,0.5127884281360208,0.8970377201296724,0.46387184262065334,0.5225408876016548,7.237185141193981,9225.199751702994,0.0208,0.01890073342361619,0.6036430904413247,0.0004,0.0236,0.0,0.19725583741017783,0.0,2.1674416281960227e-15,6.3499266451055354e-15,-0.12222236683431234,0.027041377165497822,1.0
garch_t_control,20270224,0.0005619056113557942,0.02235165295947785,-0.06486480397950445,0.16067636690230694,0.0406765696410857,0.40073133552407403,0.35544381691134813,0.18826158774707852,-0.06095034520019346,6.152618718475736,0.349490616639478,0.9303736261357723,0.48406841744630547,0.5478136132523482,7.3315426610201655,5871.186856960499,0.02,0.020162935924620415,0.2014797631123676,0.0024,0.024,0.0,0.1900277126623513,0.0,5.418604070490057e-15,3.7041238763115625e-15,-0.11572420297270106,0.024612775640735076,1.0
garch_t_control,20270225,0.00013559607055177594,0.022619476688941067,-0.015912623751902152,0.20819499989712947,0.04481325093670514,0.3903521766152161,0.39838289200005833,0.2111670512303567,-0.021777945541398995,5.635011259812751,0.5108974360571312,0.9070619944882867,0.4666605418580576,0.5308060679121982,7.210788684195213,8311.316332623412,0.0244,0.029815103195257427,0.5567574677845853,0.006,0.0252,0.0,0.1927159966515115,0.0,3.928487951105291e-15,1.1906112459572878e-15,0.05913678250609945,0.008135351284697757,1.0
garch_t_control,20270226,0.0005786460081406172,0.021262172766527587,-0.02757613937087081,0.1439782905370615,0.03667358136982497,0.3639457044519551,0.3338971120850575,0.19193776666681084,-0.0007811075727408241,4.290957418662777,0.36268152537300075,0.927247926169705,0.5336108704632224,0.4972505083587241,7.0561931964354745,2954.209965488152,0.0192,0.18366065047555552,0.31574098719457044,0.0,0.0196,0.0,0.22319485210949286,0.0,2.0319765264337714e-15,2.778092907233672e-15,0.18482441131737068,-0.006331184746480539,1.0
garch_t_control,20270227,8.89372034063065e-05,0.02288929260662894,-0.07071487078264041,0.15220288932610335,0.042346295785689235,0.3698857498087624,0.3595672814201187,0.19759899589319999,-0.06817237612463041,7.22154019194482,0.4995694167626174,0.8754791233973651,0.4756980310622599,0.5012275112855011,7.178299871206047,5274.990782491592,0.0176,0.06820838152799083,0.49661264771348135,0.0,0.0248,0.0,0.20175943697440313,0.0,1.3546510176225143e-15,2.3812224919145757e-15,-0.4876188443401603,0.007279846625365867,1.0
garch_t_control,20270228,0.00023476815958343558,0.021816892979645505,-0.0506079622065477,0.2103008742925133,0.044994209797567394,0.3955096599795171,0.39782148603811535,0.16134862458598156,-0.07560513319117143,5.269344723800067,0.46933095305393147,0.9235430793810061,0.43226900805752677,0.5586642050740412,7.0620540196780235,10702.218611697868,0.0204,0.027308460403791854,0.46596887379941665,0.0032,0.0256,0.0,0.1750457258591689,0.0,1.8965114246715198e-15,4.762444983829151e-15,-0.22007292648667987,-0.004374163309785808,1.0
garch_t_control,20270229,0.0003909025312790625,0.024219039462754336,-0.08947488809202565,0.143209038314677,0.038203889940263955,0.3893182035678792,0.3544178641376729,0.18914061525015602,-0.04574199203402749,6.344520145899569,0.4690409616558659,0.9076606413608806,0.47108391436676933,0.49403304328672537,7.224373549207065,5386.875066173795,0.0216,0.08329514675066928,0.5355348874159764,0.0,0.0264,0.0,0.20925071082135172,0.0,2.7093020352450286e-15,3.836414014751261e-15,-0.18711765707929973,0.034643452840883056,1.0
garch_t_control,20270230,-9.398332444993472e-05,0.023859254043207604,-0.09774251529689983,0.11252056668293217,0.04773260081453927,0.37689125387240946,0.4084500622400263,0.1889431554346161,-0.04921804343382572,9.226385562268852,0.5375918220226852,0.9125765453026653,0.5003546734928334,0.49130535052136515,7.247779618837797,10905.914725421753,0.0204,0.04287145083658054,0.5167353631357088,0.0608,0.0276,0.0,0.21562123692546065,0.0,3.657557747580788e-15,1.7197717997160825e-15,-0.03093325081526542,-0.0205007347795508,1.0
garch_t_control,20270231,0.00039190244021934006,0.021473330217718207,-0.04318806846737751,0.17407837919742528,0.03871894450763528,0.275858164069727,0.3348466796386341,0.1358229304264582,-0.0712338134266572,5.542402630133273,0.3755122851082874,0.9020325310979587,0.4576646411234883,0.5754661182574262,7.229851053598816,5325.177224527872,0.0148,0.09413195720156363,0.24722085355814916,0.0,0.018,0.0,0.19814740136170772,0.0,2.1674416281960227e-15,2.645802768793973e-15,0.13921499088199302,-0.02465197384085133,1.0
garch_t_control,20270232,0.0002878086616791215,0.021869564067162884,-0.04292979070193416,0.13361185903844847,0.03426180397310504,0.369048699082748,0.3560161221144023,0.2100484938989359,-0.06893816001543972,5.593793120558377,0.4551528000977275,0.9148270855407086,0.4884795344371736,0.5378292549289393,7.194129504525003,8420.091413637483,0.016,0.06771723830964527,0.28895203028532856,0.0,0.0224,0.0,0.21786385983211098,0.0,2.4383718317205256e-15,4.233284430070357e-15,0.20639168734474425,-0.00028130647164697754,1.0
garch_t_control,20270233,0.0005965373804528707,0.021394895932057574,-0.0907766939432661,0.1823965702635221,0.04804078841189678,0.35565210061383484,0.3354910141332973,0.13586470792466324,-0.035441186759692885,7.367561804031576,0.3962136618113216,0.9331458354406599,0.44658696181140073,0.5633110278360638,7.163223917827241,6475.832193609311,0.02,0.05278128977035847,0.23535459877359066,0.0568,0.0188,0.0,0.15639509328532508,0.0,1.8965114246715198e-15,2.5135126303542743e-15,0.20213032093135005,0.04019277696121978,1.0
garch_t_control,20270234,0.0009480381898880477,0.04117275977004575,0.0032103287980041265,0.11657634951562303,0.04694097463806784,0.42616236123299606,0.4568729684445189,0.32752654379781915,0.29202041965371517,27.514073717119107,0.29214768815405123,0.9529091956928165,0.5342981057777657,0.30805296003316346,7.675880914770742,5466.972694564905,0.022,0.1154547390049909,0.8281125873428403,0.0004,0.0428,0.0,0.18871922429512078,0.0,4.605813459916548e-15,1.1906112459572878e-15,0.4029748842452249,0.04066736369451847,1.0
garch_t_control,20270235,0.0005068005698085486,0.02385500773493393,-0.11009661019556986,0.11009661019556986,0.03667226998881469,0.3573034552542049,0.3087488604479595,0.16428030412792544,-0.08002988255093779,8.053471963217943,0.3885562840615704,0.9241259983897607,0.4425061525436441,0.507218937276146,7.250377354567396,5963.007300608916,0.0192,0.028502579420196104,0.397063724121671,0.0048,0.0228,0.0,0.1587122696254033,0.0,2.84476713700728e-15,2.645802768793973e-15,0.39112225671462814,0.02648741773214086,1.0
garch_t_control,20270236,0.00041091210023544916,0.02174207342712556,-0.07746975356564342,0.1409763501786765,0.03706768871326626,0.3863570028295032,0.37910104119924676,0.1840400574349077,-0.06803369310848391,5.073812215205763,0.4024791169312062,0.9233400804075707,0.47441752023510725,0.5369659459180747,7.2500926688829175,5500.097092959556,0.024,0.030356961453462356,0.3125132543076925,0.0008,0.0224,0.0,0.19721064037417335,0.0,4.063953052867543e-15,1.7197717997160825e-15,0.11513193342678105,0.039186646491180185,1.0
garch_t_control,20270237,0.00040183461660968156,0.021756133632096324,-0.045344141762543054,0.1451281949601294,0.03274571081651919,0.3369338335519266,0.34010196884451893,0.1646534614294773,-0.032567618051713904,4.337777118546824,0.36262444663560456,0.9012766366388187,0.45601922286105506,0.5525726141173504,7.195795289895244,7897.552558054655,0.0184,0.07203118426513445,0.3944364151077062,0.2356,0.022,0.0,0.16776965625544804,0.0,2.1674416281960227e-15,3.042673184113069e-15,-0.13462376623607844,-0.04798542810843526,1.0
garch_t_control,20270238,0.0002846893905145326,0.021391142281630634,-0.08604320194187517,0.1407484817816082,0.03167731607348999,0.34745439293548047,0.3465123233969569,0.18281180402056185,-0.060125431157007865,4.266539856878505,0.45892751073233673,0.9065611287086801,0.45707133124010635,0.5463686480552422,7.183343681238323,5085.3615597819935,0.0196,0.03387805069536562,0.4572060694224882,0.0076,0.0188,0.0,0.1705055749432869,0.0,2.4383718317205256e-15,1.0583211075175892e-15,0.08578869350477827,-0.03572729728198763,1.0
garch_t_control,20270239,0.0001476442557729854,0.021625802939301074,-0.04954182105088686,0.15229482373369432,0.039545221231511996,0.3087946912280479,0.335805501042358,0.11420633821347996,-0.03968237960744732,5.706383868045759,0.4714366052147128,0.8779250497532338,0.4381252223489254,0.5360693127806105,6.959381850632402,7876.738098888245,0.0184,0.018359696580660913,0.36342363261595834,0.0012,0.02,0.0,0.2029352797775703,0.0,1.3546510176225143e-15,4.762444983829151e-15,0.11306853723305955,0.030011689477364142,1.0
garch_t_control,20270240,0.0001386228225113822,0.01945067024785212,0.018714147208685743,0.1812428986276224,0.03177363681066399,0.37716681924870915,0.36227629713477,0.11010463326837819,-0.05728301732144576,3.804060343497768,0.49116731616400555,0.8798331969375576,0.49750326681349155,0.559517311808465,6.978714204715447,5291.8140148872935,0.0172,0.16974815305711904,0.32088555427662857,0.0,0.0132,0.0,0.2038197048713526,0.0,1.625581221147017e-15,3.1749633225527677e-15,-0.12053560755253843,-0.040816338589238374,1.0
garch_t_control,20270241,0.0004819656980995507,0.022117936889551538,-0.06773783940654189,0.10762721593080718,0.03363239912096007,0.3276960733349688,0.2902518077425252,0.1538067641224337,-0.024469297086601928,3.5157670376146015,0.3430035545820449,0.9226409661064486,0.4622636469668418,0.5287301126118004,7.178429678959847,6621.300320231773,0.016,0.11469149594070804,0.5013446694176967,0.7208,0.0256,0.0,0.1487683256208463,0.0,3.522092645818537e-15,2.5135126303542743e-15,-0.21614359529617333,0.02993576030026793,1.0
garch_t_control,20270242,-1.2804484830974162e-05,0.021088181944321143,-0.05515792687593242,0.18300569496728095,0.031091498841053444,0.34649122842796926,0.3129398999964879,0.1214255649650795,-0.10066136442593597,5.690460493175756,0.4931969158311374,0.8758210593044093,0.47827042879367787,0.5631127226052353,7.029337858056039,11808.47485362188,0.0204,0.029552133420876193,0.5159333574464986,0.0056,0.02,0.0,0.20236198759281931,0.0,1.8965114246715198e-15,2.778092907233672e-15,0.1299696263237504,0.01653608309149767,1.0
garch_t_control,20270243,0.00015524262246651013,0.024975211825296873,-0.07272352358628476,0.13015054473077742,0.040666398916026344,0.3078484915546529,0.33384477898412784,0.23817815052703942,0.04424248112193079,5.391254145978813,0.3596372087844682,0.9128603334163236,0.4746453841583224,0.5072506260181874,7.369290365015095,14128.204549176637,0.0224,0.03259424628847497,0.6540335211876731,0.0116,0.0308,0.0,0.19237339372373197,0.0,1.8965114246715198e-15,2.9103830456733705e-15,0.23158288416316017,-0.028625202496307636,1.0
garch_t_control,20270244,0.0002112640108765742,0.022877212764876434,-0.10746123649514304,0.11882319833526397,0.04132373678705427,0.3529041866971916,0.399853718235164,0.22420731238387395,-0.05214710524058023,3.9396520184405848,0.5120172534371228,0.8986442836796047,0.46619611117664356,0.5398151851893428,7.338489994788921,5596.582720191874,0.018,0.02501260345827346,0.3201478718533055,0.0,0.0224,0.0,0.20720787914896888,0.0,2.1674416281960227e-15,3.042673184113069e-15,-0.07311134573564718,-0.025006115312647157,1.0
garch_t_control,20270245,0.00010661971268201498,0.020641182166862223,-0.05670870706330113,0.14611480467731272,0.034750995598721725,0.2976892004891443,0.3139135638853367,0.17499105253791683,-0.08027390547895534,4.092469000162508,0.48395942278932436,0.8628102412648725,0.4658307028546071,0.5664469297924782,7.153714873631407,4635.65096291838,0.018,0.049568548843504104,0.3672506810506555,0.0004,0.0184,0.0,0.19713213542608532,0.0,2.1674416281960227e-15,2.645802768793973e-15,-0.22333650503271305,-0.04250562589231037,1.0
garch_t_control,20270246,3.349422839375187e-05,0.021921708758185707,-0.022378378966040613,0.11517287747558183,0.031377809816324015,0.28972056168042803,0.32130104606978604,0.18368381961172547,-0.05046794484514108,6.189218031215965,0.47082013513760174,0.900141001139284,0.47963732885342086,0.5208750716437416,7.028012916035602,15699.236925421641,0.0184,0.03622009623139059,0.5790570228509297,0.0,0.0208,0.0,0.18652689056515204,0.0,5.0122087652033025e-15,3.1749633225527677e-15,-0.10273284457414106,-0.01887304112926458,1.0
garch_t_control,20270247,0.0001080773224422952,0.02267264757379897,-0.025164111432167555,0.18780165665149387,0.03262140331122855,0.31854605604654584,0.3233882291743959,0.14233862658507376,-0.049951125966642786,4.354761604914117,0.4396580252394508,0.887880868298046,0.4553978988270078,0.5555446148267816,7.389983626324109,5976.825121050772,0.0192,0.13846988930016824,0.45505380396694606,0.0,0.0224,0.0,0.2255542103342505,0.0,2.573836933482777e-15,3.7041238763115625e-15,-0.2051188004831955,0.02195981320313773,1.0
garch_t_control,20270248,0.0001440903643922656,0.023170939346419783,-0.054053156656059476,0.12476222646890037,0.04509258943704929,0.36562024940177307,0.39245304398625686,0.2261934053457621,-0.05301993304105171,3.876291637805256,0.5250594924456689,0.9083751635542315,0.47488144473728533,0.5229545387628957,7.357896300309742,11702.145031070688,0.0196,0.040302274413917004,0.4670036074552949,0.0004,0.026,0.0,0.22822292480567952,0.0,4.063953052867543e-15,3.7041238763115625e-15,0.023356993861465628,-0.0172920019155847,1.0
garch_t_control,20270249,0.0006812222214496277,0.022161233968175983,-0.03065289305364914,0.1719220121169462,0.0551825566104384,0.34126273159287207,0.4042942354111799,0.19351133640730755,-0.04938673263174393,5.570945411246152,0.44250509722621517,0.9395209875431901,0.4721741793396061,0.5373660392423998,7.185940859812861,6080.190413951373,0.022,0.0784412586492339,0.2814397040406784,0.0,0.022,0.0,0.20923973717353683,0.0,4.3348832563920454e-15,1.98435207659548e-15,-0.008204226611834361,0.02127162690907131,1.0
garch_t_control,20270250,-0.0009818547090933427,0.0384141487062983,-0.01302761057124502,0.1536194043204051,0.04879981023601125,0.4214545650424849,0.4289868030105176,0.2962951102445587,0.14301691219537438,93.6310738615732,0.23132245954592304,0.9407903739198175,0.508607945020915,0.3369882113014804,7.6768856330718,107883.95126458809,0.014,0.07921197630830225,0.9485916613913066,0.3612,0.0472,0.0,0.22142171988218795,0.0,2.1674416281960227e-15,3.7041238763115625e-15,-3.9032951607366164,-0.07830483201692712,1.0
logit_learning,20270201,0.00029675992671147287,0.026517710976143742,0.05996447598335462,0.1912328668131704,0.03441297473610651,0.21421167865169372,0.25903777120234117,0.1177287659114218,-0.08162086845299213,2.3824361404239394,0.370821015227263,0.8820430676934607,0.5135765502014701,0.5689667396146156,7.468468356581225,7198.19078002035,0.012,0.08893610562409372,0.5224119215884744,0.0,0.0324,6300.0,0.20301825893019942,0.0,2.1674416281960227e-15,3.042673184113069e-15,-0.003703010054094557,-0.016134177227380628,1.0
logit_learning,20270202,0.0008355924888684026,0.028599039068100275,0.04868996680416735,0.23564757467767772,0.04291715500999087,0.25206624985887666,0.3014949397092233,0.12599524975561793,-0.08453261385336214,3.000654056069516,0.24544365116475503,0.9308807052184618,0.4704663407752301,0.5861770137764639,7.613452906263638,5617.83241567366,0.0136,0.03872901175596226,0.32227879233660894,0.0032,0.0388,6300.0,0.1792381781653809,0.0,2.4383718317205256e-15,6.614506921984933e-15,-0.08152320571765649,0.028225414706397476,1.0
logit_learning,20270203,0.0007045422478858413,0.030285932446494253,0.09338436022095685,0.17815090284104534,0.051750622679342904,0.3058565712483968,0.3201862095407292,0.11467303204290084,-0.0873565241096994,4.098188239984966,0.3159873576955673,0.9200575153599504,0.4688913243171693,0.5914981015089401,7.633127287178693,2509.2509571953083,0.0152,0.07190153570551051,0.40291654135689114,0.0264,0.0432,6300.0,0.20234651650432744,0.0,3.1156973405317828e-15,3.5718337378718635e-15,0.1863231110773609,-0.013932623706035338,1.0
logit_learning,20270204,0.000502806598700159,0.0273582535031913,0.07694019897302959,0.19730086778451578,0.04910072575365777,0.2906481475199801,0.26608161727224494,0.12286765591372982,-0.0683378569840066,3.4506086695253693,0.351512459586015,0.8654977262731018,0.48800754089301207,0.582870552086231,7.378609578052705,6854.437001016413,0.016,0.06011015600070134,0.33127779550621816,0.0004,0.0312,6300.0,0.18641989510220225,0.0,3.3866275440562853e-15,3.042673184113069e-15,-0.09371769435880997,0.0016281849148138104,1.0
logit_learning,20270205,0.000396966736686915,0.026501760107762253,0.11598592795047938,0.1980439488353416,0.04203227311135082,0.22564240977137445,0.22621471179876668,0.05508615584952782,-0.04938101853603772,2.084203745283408,0.2890609352480685,0.8899772051094806,0.5048409582772144,0.617008380681401,7.342972203200365,6487.5014439964125,0.0108,0.06740182554856598,0.39734333823860246,0.0,0.0288,6300.0,0.21369386114861721,0.0,3.251162442294034e-15,1.8520619381557813e-15,-0.0007262728270360469,0.00831591189617433,1.0
logit_learning,20270206,-8.930965494369403e-06,0.031108528530223525,-0.049115044244635954,0.12049623616545858,0.03694356473231853,0.3211473421061951,0.30943119123639623,0.08679394904295994,-0.08834506717676602,4.99214279741853,0.48435014609501187,0.8636714305775498,0.4586253686493261,0.5807914548234183,7.5697999663413995,26423.584653101472,0.0188,0.05500415825066227,0.5954071264555958,0.1228,0.0476,6300.0,0.22205861808757832,0.0,6.095929579301314e-15,2.5135126303542743e-15,0.06698260667634155,0.0022361587731580513,1.0
logit_learning,20270207,0.0008599292123865646,0.02857466701522094,0.08945383779790383,0.21274494831309695,0.04453720446837543,0.2847253996716994,0.2946648528182098,0.11241949588957982,-0.06493215591951661,4.31837306846663,0.31601225864926175,0.9327938035247748,0.5014148362721356,0.5799899469990729,7.436144090359233,2872.8706533235254,0.016,0.07452773141734421,0.31309553023057146,0.0,0.0364,6300.0,0.2174093743208736,0.0,2.4383718317205256e-15,2.645802768793973e-15,-0.09913378353449555,0.003850387023906115,1.0
logit_learning,20270208,0.0006371264751721803,0.028216890814373088,0.04550426322944837,0.16634312048518088,0.04284908856736254,0.3248792910504984,0.29301129786093283,0.08120533718014879,-0.0598460815279387,2.580924751130742,0.3144591040233021,0.921131065293778,0.4713650201480797,0.5999887803839477,7.42005751233075,5439.632493574351,0.0132,0.06981473448033727,0.32164673375956354,0.0004,0.0376,6300.0,0.2175598996398722,0.0,4.470348358154297e-15,2.9103830456733705e-15,-0.03525710714635654,0.03711344350420017,1.0
logit_learning,20270209,0.0004976006724045263,0.02724576727270718,0.132063849887242,0.19131899530443006,0.04592935962881899,0.2597589938135217,0.24207123255748428,0.10797516091935618,-0.06393291090327718,2.56314767049178,0.3227350161885605,0.9137551266661746,0.509707921312307,0.5903356180133824,7.417748777408822,3705.2395477945006,0.014,0.09039754181375764,0.3562912368133859,0.0004,0.0348,6300.0,0.20804632010714874,0.0,4.3348832563920454e-15,2.248932353474877e-15,-0.17640775710052448,-0.0011877917088808786,1.0
logit_learning,20270210,0.0005765905734162726,0.028807745901960637,0.07858732098829543,0.24637482616042236,0.04695231827920744,0.2775000384074907,0.24298821477002752,0.10540408887690572,-0.05440381063331494,2.4573892871987697,0.3609038855306109,0.9243380146216789,0.5034016250702302,0.6038125799394722,7.555175376911134,4109.884530432197,0.016,0.07054221072526959,0.3435503246365289,0.0,0.0412,6300.0,0.21026752482803013,0.0,1.2191859158602628e-15,1.1906112459572878e-15,0.022668417691349124,-0.021255867534075195,1.0
logit_learning,20270211,0.0002708424122969937,0.02585150723778484,0.16583125222703252,0.194144861701798,0.04875013603870294,0.2831004075753196,0.2532814866084507,0.09378001209139845,-0.09227785875435979,3.0308948206275153,0.31167099429827405,0.9086630179864457,0.531631235873435,0.5751068090078472,7.285640590917738,5620.817007876669,0.0132,0.052511968427458214,0.5260943502477978,0.1284,0.024,6300.0,0.2244627985573444,0.0,2.4383718317205256e-15,2.248932353474877e-15,-0.09439506276652983,-0.02262351700865212,1.0
logit_learning,20270212,0.0005098095860361856,0.028532327564045223,0.13225398705374034,0.24539796464068195,0.05831061831481797,0.25932453027764524,0.2756886019890088,0.11503801060666122,-0.05271188219734283,6.474048937925854,0.27047615636464556,0.9330386413843502,0.4967272704036705,0.5819021339527832,7.563319788123531,5137.951662919507,0.0124,0.04479402170030306,0.33553049154799763,0.0028,0.0376,6300.0,0.2107759203638353,0.0,4.605813459916548e-15,3.042673184113069e-15,0.158048061209919,-0.0003663953757972267,1.0
logit_learning,20270213,0.0002571410247487215,0.027624415289253888,0.008885189733507944,0.17245112080180172,0.03267791254889685,0.2304868636683967,0.2455734440422824,0.07168192060412096,-0.08215564307458773,3.7400163749150135,0.3553266518920202,0.8685702690742982,0.4627132325701998,0.5876854665667117,7.445286901157864,13411.318299451423,0.0148,0.04627777663088796,0.3292019938448223,0.0052,0.0324,6300.0,0.2249352517244172,0.0,2.4383718317205256e-15,5.1593153991482476e-15,0.07566674402472823,0.0020109454994066416,1.0
logit_learning,20270214,0.00023678843398699528,0.027115237784789484,0.02097379803940214,0.15835194217191648,0.03548796102459263,0.26160426327532255,0.26347861563637226,0.09031229907463707,-0.04325855595363408,2.6235790520643274,0.39771119562924945,0.8812012825060326,0.4721749529060884,0.5862667210468411,7.472582752435887,11774.224378678087,0.0136,0.04245007989536004,0.549861221953013,0.0028,0.036,6300.0,0.19235257496417013,0.0,2.980232238769531e-15,2.645802768793973e-15,-0.04849284692698178,0.007633226701628409,1.0
logit_learning,20270215,0.0005306634910391068,0.026172589665447256,0.06376573348223237,0.17585144666300084,0.03226790871829047,0.27498876707598985,0.21517716913817772,0.06537065984289184,-0.07363389534628297,2.5492681815011524,0.3400724007483706,0.8934727075240313,0.48940719751373846,0.5880361404806634,7.289359355380653,4215.014172561921,0.0096,0.05447892703716346,0.4058594702375212,0.16,0.0288,6300.0,0.20090735063815401,0.0,1.8965114246715198e-15,1.8520619381557813e-15,0.005686965834035904,0.03657674001100607,1.0
logit_learning,20270216,0.0008822006346037583,0.02748326455489105,0.07941591774471646,0.18951620085702428,0.037675556220114155,0.23498176894321585,0.226500127687663,0.117725431992753,-0.05823508053684327,2.341123481043887,0.21848641473200633,0.9360664323406372,0.4968853974042502,0.6056320981991395,7.396137807982507,2441.876872400882,0.0104,0.1035981785429996,0.3237081819762345,0.0,0.0324,6300.0,0.2086393530052073,0.0,5.960464477539062e-15,2.645802768793973e-15,-0.227994439319996,0.014987659440493541,1.0
logit_learning,20270217,0.00032291892698112397,0.02706352904210887,0.12149121834629366,0.22489319623887258,0.047730142040002504,0.2790324158682983,0.24143477849171702,0.1343374218642104,-0.06016371310431225,2.5090405811814493,0.37443361274446346,0.9044762036050522,0.5014018221601171,0.6005914404077439,7.4159119359103975,6491.863946825321,0.0108,0.09458493060302689,0.3428044402893904,0.0,0.0316,6300.0,0.22031530120412013,0.0,2.84476713700728e-15,4.630154845389453e-15,-0.04853964741064528,-0.018441341016601765,1.0
logit_learning,20270218,5.3490430774222375e-05,0.027892947948207132,0.0843925331676416,0.1926047422869975,0.043929144513604676,0.26954164223044486,0.26783917887052533,0.16491390273246836,-0.08095758237279523,3.739042619986077,0.4441116474342822,0.8237040784474725,0.5020058660113361,0.576511793941465,7.494387577368855,7890.812362518303,0.0136,0.06899486631393165,0.4887354829076853,0.2532,0.0344,6300.0,0.20446766473617606,0.0,1.8965114246715198e-15,1.8520619381557813e-15,0.08172708429026987,0.014800952892144661,1.0
logit_learning,20270219,0.00044042614463726083,0.027241592717230374,0.10422065578692617,0.20800796765283727,0.04718210974091086,0.2708071592533629,0.2650309285331158,0.1164622919719153,-0.04860736131474706,3.5242829382392413,0.3454710233541275,0.9158096251654803,0.5046885291394255,0.586225849010808,7.3720808402587705,8487.836668772487,0.0136,0.03381612792526761,0.364770222647531,0.0032,0.0348,6300.0,0.2364077400197948,0.0,2.4383718317205256e-15,1.1906112459572878e-15,-0.013477124383761094,0.015864552323990682,1.0
logit_learning,20270220,0.00035082807072964927,0.024816485172932817,0.06759898971389972,0.193527368647101,0.03802551600209731,0.24568315595989665,0.24018257918522695,0.11497304638226814,-0.08882134467593158,2.538096376690773,0.3273802485009866,0.8829831705145513,0.4935243785372985,0.5754153462767542,7.341397513394371,6624.536635066044,0.0124,0.03662318064033297,0.296973105886596,0.01,0.0312,6300.0,0.18180038784470343,0.0,2.302906729958274e-15,2.645802768793973e-15,-0.15345835877697706,-0.0026871614691753765,1.0
logit_learning,20270221,0.0005968177301689089,0.02676101745656741,0.06605388892570327,0.20148526075775552,0.03647038063425104,0.2309886751192607,0.2886681853004757,0.07945492195994856,-0.07619746553758822,2.378095033051139,0.3063519449784448,0.903726024565105,0.4764137494469599,0.5843552192158048,7.40873390222341,5119.993716596677,0.0144,0.04830507455840797,0.2721175032689058,0.0,0.0328,6300.0,0.18007222555625857,0.0,4.063953052867543e-15,1.8520619381557813e-15,0.020613728012378863,0.03736407976731055,1.0
logit_learning,20270222,0.0001668945849373877,0.02507811570219272,0.0476820157147808,0.1564307910112276,0.03656940892131699,0.21721215149742784,0.2254872438191911,0.037174970689740655,-0.031055018650087574,1.6214284244845727,0.34268621352562345,0.8023155513668164,0.47865974586171,0.5959810089495495,7.322294992347345,8558.749447873759,0.012,0.10189984983893711,0.58528530069576,0.5456,0.0296,6300.0,0.2010060437948964,0.0,4.063953052867543e-15,3.042673184113069e-15,0.00637891960447788,-0.015087816282884138,1.0
logit_learning,20270223,0.0002460526524681171,0.026778509019404782,0.09434938947900548,0.20963551348929443,0.0458409266553108,0.2896685171770476,0.26996503145735,0.16791644922321977,-0.09282753863012048,2.2034138998523147,0.3981438692905006,0.8950155417593297,0.5081720488001862,0.5837589406340195,7.437297195471096,3963.307483490629,0.0144,0.08409651403112729,0.4606771844738088,0.0004,0.0336,6300.0,0.2006501663448097,0.0,2.302906729958274e-15,1.7197717997160825e-15,-0.16712092881509746,-0.04375968911251946,1.0
logit_learning,20270224,0.0007736555415487426,0.027381899363504436,0.0590899692358102,0.15792429623501036,0.04202585553195572,0.22593841502072734,0.2747900230072855,0.08605518404962655,-0.02831664645368029,2.640900860240003,0.2650877487211703,0.9311554841690106,0.49427794686018584,0.5774130979784999,7.440870305649508,4803.9574095528005,0.0164,0.03259805755552305,0.28719601085087,0.0032,0.0304,6300.0,0.20213600131057463,0.0,2.84476713700728e-15,3.1749633225527677e-15,0.026283027034659665,0.02138944980745206,1.0
logit_learning,20270225,-1.749083266685538e-05,0.028036964365361187,0.07018170689005913,0.2124339916866974,0.050548702311115856,0.2583729822833515,0.2922895856184379,0.13367099363242319,-0.07651589689883076,3.769513995863809,0.46142456540126037,0.8465002102344228,0.4982525497651374,0.5662709287321801,7.494678045728064,6157.267228716973,0.0156,0.056763425260219345,0.5120841370660412,0.0,0.0376,6300.0,0.20119602237515366,0.0,1.8965114246715198e-15,2.645802768793973e-15,0.11176803396051717,0.0021132476534942396,1.0
logit_learning,20270226,0.0006535838576714699,0.027903158395017353,0.12683290169501912,0.2338799469554844,0.04814949652211306,0.3013480414390417,0.2619506546564152,0.12033332838732955,-0.054615013143106475,3.2199152375508087,0.33875708534387283,0.93086758518623,0.5181229791225795,0.5855959222819157,7.507187444129232,3472.5676720362753,0.0128,0.07527704140285013,0.31418498298207453,0.0,0.034,6300.0,0.229024557599812,0.0,3.522092645818537e-15,2.3812224919145757e-15,-0.07813792796714913,-0.012060801566015251,1.0
logit_learning,20270227,0.000301607622763774,0.029298133249805666,0.08378630538157555,0.17954638172113782,0.04078624612779658,0.26375899390793117,0.3004958355646254,0.12591629154322082,-0.11353985272378957,2.768398750327674,0.3897781342573596,0.8939991768119022,0.5037761230402472,0.5966427064418558,7.558746629820572,5707.163423089711,0.014,0.13733111122155237,0.3422558421108812,0.0,0.0456,6300.0,0.22247637596917724,0.0,1.7610463229092685e-15,1.5874816612763839e-15,-0.0423202327684558,0.04399786940858245,1.0
logit_learning,20270228,0.00021861466062293928,0.02814804223798435,0.10088097293066116,0.1947012479790002,0.051620608474106745,0.3019246765302511,0.287369441630737,0.09802182342331356,-0.07239643030957263,4.018198632984944,0.40052044788869506,0.8986642542115271,0.48250851431344616,0.5711323046743609,7.385523744299929,5114.42716796068,0.0164,0.09926660759816354,0.38644282544800546,0.0,0.032,6300.0,0.214147499097459,0.0,4.199418154629794e-15,4.100994291630658e-15,-0.08146887882006715,0.020492687108841126,1.0
logit_learning,20270229,0.0005500242590468712,0.027855442225244765,0.10044373649423387,0.20884465520567752,0.04840629696796629,0.3188744826340391,0.3093838313863712,0.16093196900209508,-0.016785087582808052,3.2814729144963977,0.3198231379865192,0.894242544794535,0.48212306961671736,0.5849852535459916,7.499382174910992,7013.617451932748,0.0132,0.04873800340459758,0.32170331576651645,0.1348,0.0332,6300.0,0.20314644215776778,0.0,1.8965114246715198e-15,1.3229013843969864e-15,0.06645448672537842,-0.011447670410263582,1.0
logit_learning,20270230,0.00048342687206719896,0.02735549375310336,0.11061809327877349,0.23079253345318923,0.0507923296716542,0.3014663815910793,0.31808132078343215,0.09332198781434597,-0.07578946779830177,3.269977818974276,0.38164739926115754,0.9176547894475411,0.5031361260877929,0.5675155029178834,7.463263868650504,7367.426729297343,0.0176,0.04962371720394062,0.435974139825,0.1156,0.032,6300.0,0.20982335194414792,0.0,4.876743663441051e-15,2.3812224919145757e-15,0.007600253628634374,-0.03206079957103865,1.0
logit_learning,20270231,0.0004559967392100791,0.028613312021014126,0.1091370272801793,0.22728854647406585,0.05088347487614223,0.28796319293068035,0.28860760089754695,0.1261471654714424,-0.07759380591514202,4.881261118918567,0.3534973762598954,0.896476108840088,0.4902560815508369,0.5756107991927955,7.535370698398858,5447.2856433611505,0.0164,0.033412184176496496,0.29907451755940617,0.0048,0.0392,6300.0,0.19601947410337783,0.0,1.625581221147017e-15,1.98435207659548e-15,-0.020726301579137133,-0.052182951444185326,1.0
logit_learning,20270232,0.00024306744113411618,0.025795906517496737,0.04258146693555036,0.20141663040064026,0.03590772115228512,0.25595999727959956,0.2482317977199672,0.06919919057266499,-0.07224186246260396,3.307554636613002,0.4236055644512182,0.8651832443667927,0.5159276398609086,0.560670549501898,7.288028667071625,8470.403154841057,0.014,0.061900747132292475,0.42719636549647044,0.0,0.0272,6300.0,0.18104001841188877,0.0,2.84476713700728e-15,1.5874816612763839e-15,0.12517785898725595,-0.010222877680748884,1.0
logit_learning,20270233,0.0005330325166285934,0.02833816704292956,0.048818120112845476,0.24633118830606837,0.0432890475015618,0.2665763312000441,0.28329054714645974,0.14661948549025508,-0.07617183721239218,2.7530939403364894,0.4421592299894781,0.9096989349810848,0.48601867784664704,0.5830834714940359,7.442917472157791,3747.3597975559533,0.016,0.1781322509476776,0.4234337276273151,0.0,0.0388,6300.0,0.22590907639505975,0.0,3.1156973405317828e-15,1.5874816612763839e-15,0.02378294213140762,-0.04062498194459183,1.0
logit_learning,20270234,0.0005074973884586054,0.02693700903044963,0.14795585097837655,0.1699707431986419,0.050167389245585184,0.27159529763667234,0.24771997178923003,0.10302231872961075,-0.05600456467745545,6.249019248197559,0.3890490400913679,0.8953413687402535,0.5461532966183633,0.5536204172974931,7.255488350307171,3442.8412362502904,0.0148,0.037629500990627604,0.53931317234247,0.0068,0.028,6300.0,0.20273683079935378,0.0,2.573836933482777e-15,1.8520619381557813e-15,-0.029277269477134382,0.0298300660914901,1.0
logit_learning,20270235,0.00046623784775667187,0.027859037241671176,0.09757978652785722,0.23778049552956468,0.04471648118147808,0.24231227104579658,0.26396675363148825,0.06060078743592493,-0.06278687451075374,2.0667542120722686,0.35054079220993395,0.9045174718488272,0.4769002137226366,0.6039541736579227,7.5240233256219575,4536.059924234693,0.0124,0.10969208150398126,0.446039700819019,0.0,0.0344,6300.0,0.20158531613347197,0.0,3.251162442294034e-15,2.5135126303542743e-15,0.060452836923628184,0.016644919990651937,1.0
logit_learning,20270236,0.00046467331927944856,0.027817253766290993,0.022053781396087498,0.20525255373541323,0.03315340409670821,0.2710384031986882,0.3117116668864864,0.11991189665355387,-0.08090680524303541,3.6139966363410236,0.35411743296744425,0.9237545217889186,0.5106282067315644,0.5669973788879757,7.493201586368123,3333.23707853675,0.0148,0.04686853778055571,0.3340846077121896,0.0008,0.0324,6300.0,0.20984277780922533,0.0,1.8965114246715198e-15,2.645802768793973e-15,-0.046872035739728785,0.007433255359903775,1.0
logit_learning,20270237,0.0003150891591771536,0.02531753757155725,0.03546352620774753,0.16391433047512793,0.040801699218571755,0.24142709001565535,0.24237428891681043,0.09814971658330107,-0.03642011092200868,1.7178482615426063,0.3453463033462495,0.8604573209062267,0.4691388658351115,0.5794707858150622,7.332951165879742,11697.979566746275,0.0116,0.06249332943173018,0.4805461217273582,0.1844,0.0284,6300.0,0.16270832581782968,0.0,3.928487951105291e-15,2.1166422150351785e-15,-0.040915525756566845,0.04367569434359724,1.0
logit_learning,20270238,5.260485475382097e-05,0.025068467709261705,0.02307242801274158,0.21202746524733174,0.03289414104741352,0.2176846037670093,0.24340547557110853,0.09035600833840075,-0.06836263040296162,2.2295384587016667,0.3903909576526939,0.8370439196007589,0.4575751430312664,0.5947025108003797,7.2796619387365835,10110.21406387401,0.0116,0.05765827339779507,0.45143706768503067,0.0732,0.0264,6300.0,0.1709709897014844,0.0,2.573836933482777e-15,4.497864706949754e-15,-0.06419176374808622,-0.020388523182577677,1.0
logit_learning,20270239,-3.8610561381446474e-05,0.02679341883849021,0.065970594894212,0.18431001760322346,0.04341760236217963,0.2487125015114331,0.25050834570673325,0.0639224699660874,-0.05024681667568669,3.9222202234998873,0.43499498163131856,0.8204959620666229,0.4544037192533085,0.5805208891857907,7.300548869616621,9652.631765376917,0.014,0.03194642859524707,0.5072001744289429,0.0028,0.0284,6300.0,0.20945595765202607,0.0,2.4383718317205256e-15,2.645802768793973e-15,0.044205995420245885,0.0019694171542360343,1.0
logit_learning,20270240,0.0007528334304551457,0.027944415996316294,0.11097173206719743,0.2128791918557958,0.04125727550949042,0.27901465835644185,0.2677136843665966,0.12111439619525324,-0.03904086466527557,2.566647826865119,0.2654506383675477,0.9420240236134876,0.4940652654446589,0.5918739842794525,7.493508288196473,3309.6857235129,0.0172,0.12105645961441983,0.38651926544452553,0.0,0.038,6300.0,0.21480291763951986,0.0,1.4901161193847656e-15,2.1166422150351785e-15,-0.05554353994299219,0.007005866672757514,1.0
logit_learning,20270241,0.0005082426910395842,0.025507296414491103,0.061261027474933144,0.19723886224529386,0.036225470808290056,0.22918236840714265,0.2082840894024884,0.08572539468212999,-0.050448453140093594,2.2686154715059574,0.3581627789267438,0.8445369700948117,0.46929335295247476,0.5957635867601053,7.283981997251773,5892.236316894694,0.0112,0.03746641070865417,0.362261749545954,0.0196,0.028,6300.0,0.16545599220100216,0.0,2.302906729958274e-15,3.3072534609924663e-15,-0.11965127885600975,0.003595032959727489,1.0
logit_learning,20270242,0.0005327896607991586,0.028945642967828464,0.10287761233093567,0.24090250531065863,0.04677181850893429,0.29681457377052717,0.29014137290095066,0.16632809462362777,-0.03891166238401161,4.517122061415938,0.4204519098277459,0.9109572301640242,0.5148441925617407,0.5778968424394356,7.524401678186272,6012.427033897753,0.0184,0.05145224054384869,0.38758462260985405,0.0012,0.0364,6300.0,0.20820420994056965,0.0,1.7610463229092685e-15,4.89473512226885e-15,0.2148435445666064,-0.006452312618992953,1.0
logit_learning,20270243,0.00033753371899625934,0.027178228019285388,0.11516418116364703,0.21640685935869342,0.04081956454657158,0.2547489861597928,0.26398449010066494,0.08519723822570417,-0.05627301821865793,2.517203732372372,0.30110566275467215,0.8978724569731112,0.5161742520508028,0.5788212412319415,7.475632507151703,5143.069374768866,0.0116,0.048130148654678004,0.5074940325260002,0.102,0.028,6300.0,0.2077311719050563,0.0,2.573836933482777e-15,3.836414014751261e-15,0.2937181741012229,-0.005922564128488062,1.0
logit_learning,20270244,0.0003102047934941293,0.027006862052468952,0.08142215163687297,0.23776588446889296,0.054598481830930655,0.24190436888661376,0.31517071038590383,0.13268771163116608,-0.03393168325068741,4.7959673256625495,0.40260864404514857,0.8954681974515978,0.48407015153326566,0.5729783099228892,7.3147460563742595,6937.253846215971,0.0152,0.08051865296814642,0.44198214804208924,0.0,0.0276,6300.0,0.19531748732331833,0.0,2.980232238769531e-15,2.1166422150351785e-15,0.17797801127537632,-0.00817614285897728,1.0
logit_learning,20270245,0.00045270448229621605,0.02702941805747754,0.11530202175844978,0.2202100789111893,0.05818579385314886,0.33815050262942986,0.25027709569946555,0.07681306596801,-0.0331635719565704,3.739675423790116,0.3261843223520578,0.8790631255120342,0.5387311011943996,0.5664299424167683,7.397632362209182,4297.272731072527,0.014,0.06710436096117228,0.42459399834757716,0.0164,0.0308,6300.0,0.21862081813967604,0.0,2.1674416281960227e-15,2.645802768793973e-15,-0.03940091653769291,0.00023851979107786212,1.0
logit_learning,20270246,0.0006282469122161601,0.03017847293995291,0.09567883552779119,0.2163714727240947,0.08040920915575744,0.3038671517618349,0.31857687701471277,0.12191344242534896,-0.08551607378515297,4.339080372690906,0.3531397486139635,0.9277575080539799,0.4932877667661738,0.5820234793160628,7.579625098395084,4247.216272083119,0.0168,0.09030125684469821,0.3256157072135938,0.0,0.0368,6300.0,0.2119804039938662,0.0,3.928487951105291e-15,2.778092907233672e-15,0.31086490640003045,-0.03236600941628718,1.0
logit_learning,20270247,0.0007226264796025429,0.03056286426706981,0.15944642072027865,0.25513562178887045,0.05374924402116158,0.33409088574218787,0.370359863798964,0.18056751970880497,-0.07394660033786794,4.348026083971567,0.3514589028764316,0.9337842240843045,0.49652133133809184,0.5774052550672452,7.6111181966662755,2828.127912126251,0.0168,0.08794581150440296,0.3398129882408676,0.0008,0.04,6300.0,0.23190503577131127,0.0,1.4901161193847656e-15,3.042673184113069e-15,0.028009597649258432,-0.0033064441255878938,1.0
logit_learning,20270248,0.000396755200503452,0.02780083590604621,0.05432905421536325,0.18165759738540424,0.04731163110937793,0.2774649220599047,0.320801169143633,0.11995227689238214,-0.10860391693261542,3.9251221325501113,0.40041618168345167,0.8925956037290017,0.5056408744436895,0.5662117530834756,7.519676815997634,8379.962983976304,0.018,0.16778244157428046,0.38698299035007455,0.0,0.0364,6300.0,0.19982436824650152,0.0,2.573836933482777e-15,3.042673184113069e-15,0.0158156446523957,-0.024746508575599853,1.0
logit_learning,20270249,0.0006422826505043123,0.02761543604428066,0.05381141620197976,0.2026867942000109,0.042413469661748734,0.27797178114711313,0.26767871835358276,0.12994115321958824,-0.036370389363983055,3.9175157212179084,0.39971141822750617,0.9023486911116387,0.48519574892410755,0.565079136903706,7.521623763968318,8178.875161187029,0.0156,0.03602880842879415,0.41740791851123493,0.0096,0.034,6300.0,0.19952735520054876,0.0,2.302906729958274e-15,2.5135126303542743e-15,0.05356465171033974,0.04532419524471091,1.0
logit_learning,20270250,0.0006409613104186707,0.02847898409071424,0.08777680651708607,0.18165591143224286,0.04626686324002778,0.2785090013711782,0.26621643743666296,0.09346461463695062,-0.08217432540513667,2.0020950084768163,0.32162981573030974,0.9224702872318874,0.48079472212239527,0.6035816146446079,7.521456391242896,3048.3558461183993,0.0128,0.09473751204735004,0.39487281591754453,0.0,0.0392,6300.0,0.1997991748668404,0.0,3.1156973405317828e-15,1.7197717997160825e-15,0.12406391673097576,-0.025391001386005856,1.0
