scenario,seed,mean_return,daily_volatility,return_acf_1,maximum_absolute_return_acf_1_20,mean_absolute_return_acf_1_20,absolute_return_acf_1,absolute_return_acf_5,absolute_return_acf_20,absolute_return_acf_50,excess_kurtosis,volume_absolute_return_correlation,volume_acf_1,order_flow_imbalance_acf_1,order_flow_imbalance_return_correlation,mean_spread_bps,mean_depth,three_sigma_tail_fraction,mean_absolute_log_price_gap,maximum_drawdown,bubble_day_fraction,crash_day_fraction,strategy_turnover,final_wealth_gini,price_cap_hits,maximum_cash_relative_error,maximum_share_relative_error,return_skewness,leverage_correlation,learning_fitness_alignment
full,20261101,0.00023245553546010349,0.022878606595328782,-0.03843797858492321,0.1862829030085947,0.033139495616569876,0.1943555630652325,0.22024346122168717,0.0939299061444074,-0.05445220317514419,1.968384016290039,0.3820371378461829,0.8303693246472194,0.43316705625288277,0.5653599351719015,7.240430781134428,5340.311674442455,0.01,0.046376686214438335,0.401256725641463,0.0,0.0224,0.0,0.22293782971470222,0.0,4.063953052867543e-15,2.9103830456733705e-15,-0.25796609808739085,0.03635394822973284,1.0
full,20261102,0.0006338814061883905,0.02251509572620384,-0.048543750619554814,0.13262917312967717,0.03686200798872293,0.22867175547476273,0.18867016244670753,0.04899519851625308,-0.02372685352270203,1.3871890894985697,0.20888638169851428,0.9008222738285097,0.40338940358724135,0.5857596952617538,7.207479703983511,2764.562273239899,0.0096,0.03055369919218864,0.37487865256453423,0.0,0.016,0.0,0.20136128761761984,0.0,3.3866275440562853e-15,2.3812224919145757e-15,0.054753666650480155,-0.024009206972388775,1.0
full,20261103,0.00015490599718112215,0.02185731163499072,-0.060185810498746294,0.11017189851415324,0.029134291919114635,0.2049501775356496,0.15958405481602111,0.030951875980960112,-0.08151365532079989,1.0206944195892733,0.3039021176873318,0.8442706681280687,0.39822058644311475,0.6000134132190021,7.08340879194864,8842.725199817034,0.0068,0.02004317277683849,0.3347230751985577,0.0,0.0128,0.0,0.22445513129371353,0.0,2.980232238769531e-15,2.3812224919145757e-15,0.024815770049047364,-0.011593477272350937,1.0
full,20261104,-8.175823057108288e-08,0.022124639862124644,-0.0217828589573721,0.15506769261275932,0.028786679317807908,0.18213314709610273,0.20054488106616902,0.09477510972111902,-0.04692644968477899,2.362311741617029,0.3409089846072402,0.8453563920024301,0.44285422511451,0.5459243215870011,7.117861708236173,4828.445109853102,0.01,0.061003624776098005,0.4991920211899151,0.0,0.0188,0.0,0.22480771118032905,0.0,4.876743663441051e-15,1.8520619381557813e-15,-0.07558773292670139,0.0024725850546165077,1.0
full,20261105,0.0004777403796906974,0.023512254877534926,-0.06887105902367063,0.14541450799103636,0.035706214608955296,0.22674702105381778,0.2180539118271052,0.09704218991545964,-0.054536538177689456,2.4123705857464577,0.3164472183623993,0.8962199563164559,0.40493308331949085,0.5833154842657442,7.261990732128713,11818.81865423835,0.012,0.028832835325470693,0.4267583865312472,0.0028,0.0208,0.0,0.203194992629818,0.0,3.3866275440562853e-15,1.3229013843969864e-15,-0.16315497913058324,0.0364228530025721,1.0
full,20261106,0.0004217813696992156,0.02369457715768844,-0.03836923622340158,0.16139409018615913,0.03827180976152165,0.244772054212474,0.2264228155104733,0.07666744279915061,-0.05303497122215105,2.80097207585525,0.2927414686268662,0.889432106900655,0.42331152500258823,0.5672088297232294,7.251926961807537,5030.050057436802,0.0116,0.049430744854835854,0.4706348604924888,0.0,0.02,0.0,0.20743924125606616,0.0,3.1156973405317828e-15,2.248932353474877e-15,0.10820647704503317,0.04294752545126934,1.0
full,20261107,0.0003709097771730022,0.022752617231335537,-0.05449456491008348,0.17254598493960627,0.028969335029921044,0.2171285294979911,0.18821741656120716,0.0645497043801853,-0.061370429595175094,2.2153004985010973,0.2693663002531122,0.8869789584553339,0.4248524275050573,0.573364181354919,7.202883558026469,5176.293549650886,0.0132,0.1428661956716941,0.30896393934566324,0.0,0.0196,0.0,0.22831865666882156,0.0,3.251162442294034e-15,1.5874816612763839e-15,-0.09790006957943596,0.008505067726813507,1.0
full,20261108,-5.4348287026175155e-05,0.02151412909271954,-0.009957694326688986,0.1257130910016132,0.027830778672721455,0.24330780654750103,0.23305285730240777,0.061484825683929836,-0.040575195897028946,1.8797973301797821,0.3699600113184982,0.8196228886116441,0.45014046948006947,0.5795003097849076,7.143914920910728,13197.881890450497,0.0108,0.06111830763220521,0.5873258372891579,0.216,0.0136,0.0,0.2304991328129431,0.0,2.980232238769531e-15,5.0270252607085486e-15,0.21669606236719632,-0.00859517179525358,1.0
full,20261109,0.00024337932515355903,0.022770189684391845,-0.030976993228596744,0.12119165483323702,0.028022892655749032,0.17180257524004255,0.1481359706551632,0.04756304563401381,-0.03145641155296382,2.3161720239528094,0.3512069051219825,0.84868243346259,0.4329019373582929,0.5685223646095144,7.202361276704902,7065.557791312087,0.0116,0.03422419059929946,0.42892047873029326,0.0108,0.02,0.0,0.21797341296902362,0.0,1.8965114246715198e-15,2.778092907233672e-15,-0.21715307485315616,-0.0122432355933183,1.0
full,20261110,0.0006340085956599065,0.022847217621481283,-0.08991861460793843,0.14599239471541645,0.03847557641864072,0.2528441665959468,0.25294130135551024,0.07352821067124513,-0.06824937624287954,4.312252786448901,0.2850662738924228,0.9261175393457796,0.41773367804084266,0.5570776792291731,7.076676094200385,7362.279503419612,0.0136,0.024461881157926375,0.2985374591463038,0.0008,0.02,0.0,0.19596774972432196,0.0,1.8965114246715198e-15,1.5874816612763839e-15,-0.27962950063818337,0.001660358035206443,1.0
full,20261111,0.0005422229830222367,0.022217905907268864,-0.09137364909576144,0.11947652749671134,0.03044688634297756,0.22411763252504227,0.1950597052512196,0.043367948074238064,-0.042211550268116536,1.9005258431198886,0.19979004475050957,0.9160061897680236,0.4076336322188739,0.5721673977887898,7.104398046112266,6589.573130617636,0.0112,0.021354185515852418,0.3271800507876813,0.0004,0.0156,0.0,0.18160209496179647,0.0,4.063953052867543e-15,1.4551915228366853e-15,0.03257011239997828,-0.012354670359456529,1.0
full,20261112,0.0003235828366861945,0.02195306319767977,-0.04728634136336744,0.1348672353782898,0.03199374639512296,0.22986225907350216,0.20266901490663192,0.06037738767274631,-0.010576892278940632,1.7232223092283894,0.32443863250292654,0.8417375498414444,0.44017361690327755,0.564941211282362,7.146440911551359,15433.224530474099,0.01,0.08618078337877838,0.42886989737372194,0.378,0.0184,0.0,0.1688411501194249,0.0,3.7930228493430395e-15,1.8520619381557813e-15,0.03998233548262646,0.017168182618697084,1.0
full,20261113,3.3563057057531154e-06,0.022363454516721077,0.006825596519075419,0.14918858907510216,0.034600560097859515,0.2013044735597408,0.2155718785800768,0.04483688449542843,-0.047389408522278506,0.9688426804891161,0.36446925224634874,0.8075359372246266,0.4453839434682535,0.5771358645743057,7.24110166924048,6823.7864059080985,0.0068,0.0828090433996572,0.48529328691009066,0.0,0.0164,0.0,0.22965059174538882,0.0,6.095929579301314e-15,2.5135126303542743e-15,-0.0007637899327052765,-0.012942349487907059,1.0
full,20261114,0.00034781521614002744,0.022958074643847446,-0.06478674735062485,0.11861917661791453,0.03709844455775954,0.24775830750371092,0.23180079829123953,0.10818264206135629,-0.04856933390495515,1.9787751326127152,0.35749284207875887,0.8809024626333937,0.4047883367715189,0.5664809264614367,7.191494951327944,7971.835967913251,0.0128,0.044978462628676885,0.38543545938171,0.0,0.0188,0.0,0.23771120639002197,0.0,2.1674416281960227e-15,1.8520619381557813e-15,0.07555794357202823,0.012234840383703711,1.0
full,20261115,0.0003848440397890343,0.021151240666647378,-0.013375228757066432,0.11551237647265952,0.02605651898712847,0.12127012676449285,0.1639807536043943,0.015112007221730133,-0.05372551177129837,1.7664872412365238,0.27090796410689316,0.8314816679377282,0.4586100265486422,0.5515394432548656,7.043535087533923,5107.272724119676,0.0116,0.10951716218377003,0.4817716775901384,0.0,0.016,0.0,0.2235735645600634,0.0,3.657557747580788e-15,2.3812224919145757e-15,-0.2757841615488216,-0.005380981508653234,1.0
full,20261116,0.0006290800844635954,0.022428375632094065,-0.01635838311654665,0.10560720565580342,0.030516515071846613,0.2024145818200628,0.22753058191690692,0.08018853482913246,-0.038134048958007205,1.9049674191119053,0.2935354242324848,0.8908183532140913,0.43483247238148753,0.5740518060406155,7.145606196408842,4434.811330281375,0.0104,0.06593817322538212,0.3976487842315778,0.0,0.0156,0.0,0.24339822857886584,0.0,5.147673866965554e-15,2.1166422150351785e-15,-0.04452609032392077,0.025917979953883147,1.0
full,20261117,0.0007218565869145774,0.02219427810531583,-0.04599939856413353,0.15243433954579544,0.03226445117357659,0.2546624952492747,0.20232215988911315,0.0413140506921853,-0.050575332968632175,2.4043075245832712,0.26833097125010963,0.9072655614838718,0.4267825175554031,0.5645120497490737,7.134837707216162,3426.5096023070128,0.0136,0.05569951923998833,0.2921015408879237,0.0,0.016,0.0,0.21507596494020365,0.0,4.063953052867543e-15,4.630154845389453e-15,-0.008117890337247377,0.04068311761157314,1.0
full,20261118,0.00041057227702823943,0.02314838190276121,-0.05239803316065814,0.145794324252496,0.031678436513388725,0.2255423555215452,0.24627765161024337,0.025028758643861598,-0.059251932588491575,3.424762080036486,0.2712927392381768,0.9074336207199715,0.43782197065120837,0.5663023392411255,7.128943934842843,7017.63347102744,0.0136,0.04648521398792279,0.39481171074989463,0.0,0.0196,0.0,0.23324508520837695,0.0,1.7610463229092685e-15,1.8520619381557813e-15,-0.13173653209090339,0.031014792059006473,1.0
full,20261119,0.0005169587889671767,0.022299567526339183,-0.0659432074015623,0.17208783648335196,0.030257200524875693,0.20537317939389346,0.2751816860114249,0.03378620770570739,-0.0593217573952981,2.2067107763475766,0.29359503475436294,0.9020535500617916,0.4219775442890427,0.5821914994896628,7.147889184879366,5764.506793931414,0.0088,0.03167597348341539,0.2933474665038134,0.002,0.0172,0.0,0.21511070065538918,0.0,2.0319765264337714e-15,2.5135126303542743e-15,-0.09421773871324311,0.01763623532012616,1.0
full,20261120,0.0003706829073342206,0.022434308416318945,-0.04684715928006354,0.15190627056051154,0.033400067380694884,0.17634539543523717,0.2057044859279796,0.0388118352240578,-0.04684393799656627,3.191647697946993,0.25014098565058784,0.8876011034901279,0.41564419402520975,0.5658297998963145,7.154643363067357,6897.656698274144,0.0096,0.03858689797886707,0.4852977224822199,0.0,0.0172,0.0,0.20814474100855285,0.0,1.4901161193847656e-15,1.98435207659548e-15,-0.05076320314044268,0.020342428847624158,1.0
no_direct_news,20261101,-9.802083744862245e-07,0.01705719407718606,-0.06619765144775015,0.1434981878766944,0.04856311872269021,0.5496002436775853,0.5746173534435918,0.36842385725488674,-0.07195515411974396,13.080647366272029,0.7500021112173604,0.9679482918603022,0.866545878123611,0.31433034541579924,6.660883443109391,12613.597114555025,0.032,0.8668560088620055,0.24738954362248367,0.0,0.0164,0.0,0.11787608414080974,0.0,2.4383718317205256e-15,1.98435207659548e-15,-0.5208999986956353,0.017500017300400406,1.0
no_direct_news,20261102,3.0218797439243163e-05,0.017685971896629987,-0.015026371065449188,0.15287179922941255,0.04989308609265849,0.6090208641676346,0.5639311642070208,0.34113433349565697,-0.06178946140937856,11.43097391322917,0.7523121617751668,0.9648626068963871,0.8469927631150741,0.33693133659227614,6.775547599351077,11823.158662699168,0.0332,1.5256322144740633,0.2202620659689798,0.0,0.0168,0.0,0.13523321119148335,0.0,2.84476713700728e-15,1.7197717997160825e-15,0.6322227374779471,-0.028383522106008068,1.0
no_direct_news,20261103,6.947772012957927e-05,0.017832323723953613,-0.03480701098612854,0.17532674391159886,0.04756111158338044,0.55779953448892,0.5526855088695344,0.35556040616525053,-0.013536801801607093,13.754322136321502,0.7297624403979167,0.96560031224047,0.8494881152219712,0.3350938392793237,6.753744963082854,13089.434846597062,0.0316,0.37100715574726517,0.2628471728381744,0.0,0.0196,0.0,0.14042215380641254,0.0,3.522092645818537e-15,1.7197717997160825e-15,-0.04926133125245464,-0.004246662537520818,1.0
no_direct_news,20261104,6.766876942604868e-05,0.019497299391151086,-0.057050858636968696,0.150863225126195,0.04820224335620345,0.5790823638936692,0.5471067698635173,0.3678554039535929,-0.06009736900026463,13.71738179459257,0.7333074073946372,0.9724638764721962,0.8647310704213038,0.3275618460840566,7.016390507959427,12314.632742216587,0.0364,0.9918537294883379,0.25391470649817194,0.0,0.0244,0.0,0.13709433042153418,0.0,2.573836933482777e-15,1.5874816612763839e-15,0.0512501940227638,-0.031957164091498576,1.0
no_direct_news,20261105,9.121897438968212e-05,0.018714134599081212,-0.02163233173172206,0.2471061205949502,0.05839168612620058,0.4964956720745927,0.5116254555662286,0.31614946962044427,-0.03475535541315119,12.452671539926413,0.7106781734598941,0.9650139927949184,0.8233641189942731,0.3609538782293734,6.847103203716267,13484.4358868154,0.0308,0.26108847919182027,0.24869086628773385,0.2448,0.0208,0.0,0.1257132958989826,0.0,2.980232238769531e-15,1.98435207659548e-15,-0.24308612934581014,-0.03242835245751596,1.0
no_direct_news,20261106,9.284453471871146e-06,0.017379250140607566,-0.11406590151758043,0.16202396275855,0.04570506213707894,0.5552260579424232,0.5444237052490726,0.3082991449781995,-0.06614431538825313,16.062977547702786,0.7287255648004156,0.967309392028369,0.8675940607967955,0.3048442521689212,6.712434601903678,12679.867433449703,0.032,1.001720725646823,0.23683418336509887,0.0,0.018,0.0,0.12427683163207659,0.0,3.3866275440562853e-15,3.1749633225527677e-15,-0.11902401788819848,-0.04190388369584932,1.0
no_direct_news,20261107,1.828604613095912e-05,0.018134882274265074,-0.017115361213649507,0.18206914295990334,0.04062237782535903,0.47953701232078255,0.5472321190185372,0.35362720549613147,-0.044697944362773266,15.578301791522726,0.72061794917611,0.9699395176546273,0.8622596186122036,0.31490072556615856,6.698696344888052,13110.815468150844,0.032,1.0685679286528882,0.25770281580988474,0.0,0.0184,0.0,0.12257589980108885,0.0,4.063953052867543e-15,3.836414014751261e-15,-0.598130666997901,0.018849509609847888,1.0
no_direct_news,20261108,-5.0497471946158616e-06,0.01794659549209522,-0.05620438721301646,0.17448514771517087,0.04101529039809664,0.5679504709241848,0.5756850035262443,0.3130175231871146,-0.07326396544731413,13.865874854286204,0.732172152472763,0.9596527376443192,0.8643884282555674,0.3417015776553488,6.791107927249605,14014.545113883109,0.0316,0.1581208472927189,0.2735246929031321,0.4004,0.0164,0.0,0.13648050040504245,0.0,3.1156973405317828e-15,2.5135126303542743e-15,0.22075502170828804,0.012117305395685578,1.0
no_direct_news,20261109,1.2042939884418047e-05,0.017348526518439322,-0.006084145539598406,0.17652277541720524,0.039781452362615335,0.5904147422513794,0.5556531656066097,0.31285629919391833,-0.092110239222191,15.311922354135206,0.7378396538789743,0.9694083927779836,0.8626222969368129,0.31866467922639735,6.562401789351776,12719.178314199125,0.0312,0.5160079980543494,0.2171126741362146,0.0,0.0168,0.0,0.13356078125407977,0.0,1.8965114246715198e-15,6.87908719886433e-15,-0.5462398510162008,-0.02621146298313876,1.0
no_direct_news,20261110,0.00010571534238803366,0.017253855408861683,-0.02634564462019254,0.1633053752766917,0.04097301307757798,0.5406660149302077,0.5383849816790945,0.288563258548955,-0.1025389400148108,14.543816099134066,0.7205613670175728,0.9615962990979494,0.8463132541613068,0.3380861585541728,6.723994571159649,12440.814817362214,0.0312,0.6166396573266083,0.2110026897834706,0.0652,0.0152,0.0,0.12736353673385414,0.0,2.980232238769531e-15,1.98435207659548e-15,-0.0070987313445625205,0.011000539445414122,1.0
no_direct_news,20261111,8.391454953286725e-06,0.017655342650597056,-0.09251649994471554,0.16539154468171458,0.04821787231859804,0.5694114634105434,0.5572698737731041,0.3579174107948599,-0.07583988174734115,18.624836580864255,0.7542062137878549,0.9725997829861245,0.8770487588270759,0.29656641784245485,6.472471385575584,14362.574676632494,0.0308,0.8260776238039703,0.26472448401933246,0.002,0.0196,0.0,0.10407371602307847,0.0,3.657557747580788e-15,2.3812224919145757e-15,-0.32028137767604714,-0.04169181359232233,1.0
no_direct_news,20261112,0.0001459736853590492,0.01761439314473134,0.029359450707786287,0.177690327572622,0.050330297821233924,0.5314021677932739,0.5342759924199663,0.2975833308445411,-0.08564567187897246,15.876319636226928,0.7360883584059225,0.9696679287507057,0.8621887458389166,0.330523784431644,6.714874651864582,12294.9183013091,0.0308,0.34485502229250525,0.23471843668670012,0.856,0.0172,0.0,0.1153202739381094,0.0,3.657557747580788e-15,4.89473512226885e-15,0.2070704916795653,0.002602408708285625,1.0
no_direct_news,20261113,4.9061465372050964e-05,0.019226226882598528,-0.005245370935901915,0.1742695636549438,0.03986494902114968,0.5539266101263508,0.5625365688243061,0.36706556281469277,-0.06320724221442403,10.877553126574105,0.7410459105262107,0.9629658915732061,0.8554069439829958,0.3379223889172161,6.949598815202332,13077.969993897108,0.0328,0.7018394852787138,0.22794312857456978,0.0,0.0208,0.0,0.13308613262633173,0.0,3.522092645818537e-15,1.98435207659548e-15,0.3907607468690833,-0.007848256432285828,1.0
no_direct_news,20261114,2.922507360715301e-05,0.018911268162899966,0.0005692270226431929,0.16719371985434744,0.055221469603886984,0.5751645113837908,0.5584664787601777,0.323215095761322,-0.0566436720816468,12.428320183524052,0.738350622179834,0.9679542245312519,0.8694200082500695,0.3342089162700586,6.822104650861013,12623.634117296777,0.0348,0.516094142293858,0.25400558567930664,0.0,0.0216,0.0,0.13449511039335293,0.0,2.4383718317205256e-15,1.4551915228366853e-15,0.021074289464006322,-0.030468379034680495,1.0
no_direct_news,20261115,1.1132868851277777e-05,0.016437251734944997,-0.05421028214322764,0.11935719247753498,0.05504163109997051,0.5435260912566164,0.5408904210391228,0.3437759914799481,-0.0606354491593776,13.452005075841612,0.7392240352085503,0.968866880191684,0.8514404438428199,0.3281167043992639,6.715419203652655,12669.206880635955,0.0292,1.0119542043723684,0.27837558011401153,0.0,0.0152,0.0,0.12377559622194667,0.0,8.127906105735085e-16,2.9103830456733705e-15,0.03366321147764543,-0.005492588605109862,1.0
no_direct_news,20261116,-3.786352698905162e-05,0.01775835356723593,0.0014721729719765929,0.21030653642878466,0.04291661078468401,0.5960342324993522,0.5638341206173163,0.3316723676236739,-0.05227733598592225,15.157988627859556,0.7467934853992328,0.9720859932914401,0.8763883229649192,0.3069537195204264,6.571287874019931,13865.67415492968,0.032,1.2103996361471578,0.2525134634423476,0.0,0.018,0.0,0.11555508827241279,0.0,3.1156973405317828e-15,2.9103830456733705e-15,-0.2309056356997566,0.06245865548195903,1.0
no_direct_news,20261117,3.734103967275857e-05,0.01747637296607965,0.003243508153765363,0.21715076700579533,0.0424415501602964,0.5943353174117983,0.5767108546987928,0.3618250874890202,-0.07466664649113199,12.546633833056875,0.7720376936652865,0.9685419352546599,0.8762780025087297,0.3101733657532609,6.59761818427251,12458.497533432455,0.034,1.3805783609767779,0.24283492741869106,0.0,0.0212,0.0,0.12503253839661999,0.0,1.7610463229092685e-15,1.8520619381557813e-15,0.07107143325118034,0.004936546161313708,1.0
no_direct_news,20261118,1.3763459288982104e-05,0.01923364020819649,-0.02528359779520803,0.27131242069791545,0.055575437470094004,0.5730429278256074,0.5563336004037998,0.35751527174170983,-0.0737513247037345,13.608807684239558,0.7394408562662338,0.9636819720436756,0.869767294377559,0.32132414883702354,6.795681005321018,14111.53914646486,0.036,0.7681208672316461,0.23877393114153067,0.0008,0.0188,0.0,0.13386851156017965,0.0,3.7930228493430395e-15,1.98435207659548e-15,-0.5401891781810769,0.02718511145045788,1.0
no_direct_news,20261119,9.589145509719189e-06,0.018076528930463236,0.056042820794485075,0.2549252184557743,0.06005978467440395,0.4831168260206357,0.5227618025876134,0.2854072637733164,-0.07942953471163415,14.388745899216591,0.7186835232754653,0.9660376011357755,0.8426314839213424,0.35016677432427096,6.743217831901008,12209.196371406188,0.03,0.8223820529998815,0.23841981558607894,0.0,0.018,0.0,0.1381076595108066,0.0,4.470348358154297e-15,1.3229013843969864e-15,0.0006209290866961282,-0.00646454852592818,1.0
no_direct_news,20261120,6.646147785650065e-05,0.017803061277000664,-0.09266908783405915,0.16805007401980418,0.04681689134886231,0.6079419758606681,0.5825736250909545,0.31202905596884634,-0.07321162121350848,15.422891216220687,0.7460513961451749,0.9694109211158253,0.8657891447457785,0.3091293227583056,6.714206310559771,13149.614477427456,0.0312,0.691956505843929,0.24890545762400051,0.0,0.0176,0.0,0.1262512419553683,0.0,1.8965114246715198e-15,3.5718337378718635e-15,-0.05233242224583744,0.0005562194879391104,1.0
no_agent_information,20261101,0.00024005418444164803,0.02254517517671428,0.009963084667143875,0.17936658527177068,0.03204424267600687,0.21913440608149495,0.23804025247321994,0.09399993398236048,-0.0550813411303578,1.9359551721875254,0.3922408047465011,0.829780184570652,0.4831849650495491,0.5425126032883884,7.239231691506918,5565.852501579233,0.0104,0.0880502158219696,0.3967901403686066,0.0,0.0212,0.0,0.20288400432984033,0.0,2.1674416281960227e-15,1.8520619381557813e-15,-0.19810184294196206,0.04164647715093187,1.0
no_agent_information,20261102,0.0006332824965073442,0.021978991737381715,0.007160540609432336,0.13059191051467886,0.037386582438043645,0.2290364389385349,0.18746690277243136,0.03451909136335114,-0.012748309309678584,1.5224433027643736,0.20400050150531318,0.8975869861171857,0.45799902723493996,0.5632249692047788,7.164406451701584,2731.9407627246096,0.0092,0.02774000275113266,0.37098504610497296,0.0004,0.0144,0.0,0.17553251664569514,0.0,1.7610463229092685e-15,4.89473512226885e-15,0.0670121350952271,-0.03184266998314759,1.0
no_agent_information,20261103,0.00015485189594056692,0.021478462489533397,0.009952495684696644,0.10714908850120602,0.028638844079502714,0.2058600725406233,0.1704020775093903,0.019541534236691496,-0.0827397738407031,1.1339212620483456,0.3117236147999054,0.8373414601295623,0.46333190925243367,0.5765710682755989,7.0670075632618605,8815.96954740341,0.0056,0.029194603571200798,0.3275928519579222,0.0004,0.0128,0.0,0.21259924003847375,0.0,3.1156973405317828e-15,3.836414014751261e-15,0.030677725749156993,-0.019466139822997865,1.0
no_agent_information,20261104,3.314489420920488e-05,0.021745703111260048,0.026171203957107987,0.1437025760127904,0.02811901722824821,0.19227872900900037,0.18354915288309712,0.08584711479117609,-0.05049932349359814,2.3094246579027056,0.33397015716897427,0.8437297417801769,0.4866106067686971,0.5301443339320824,7.096547941779594,4697.728550313111,0.0104,0.042231021220865715,0.4913391722672201,0.0012,0.0148,0.0,0.20231251611052214,0.0,4.3348832563920454e-15,4.497864706949754e-15,-0.011402128703711045,-0.0006040644084516646,1.0
no_agent_information,20261105,0.00044756627114556194,0.02303803722689331,-0.01307216995819207,0.16564138057324065,0.03365671391917646,0.23235894349206987,0.22300974792436587,0.09431195657716394,-0.05102098527738853,2.6384400927693585,0.32971569524615846,0.8898697329693491,0.4570102592962207,0.5618447321682475,7.228614696797126,11929.674630599373,0.0124,0.03881582129416182,0.41950067099612065,0.0068,0.02,0.0,0.20435686081573023,0.0,1.8965114246715198e-15,3.3072534609924663e-15,-0.17351298615534275,0.020623413495315723,1.0
no_agent_information,20261106,0.00042928631204569107,0.023347168182007483,0.009429346594694863,0.16004104907617173,0.03738172503522677,0.2435771159297472,0.22568632574522066,0.08051520403994958,-0.05479501446611334,2.6959433394737307,0.3107978549547271,0.8867323399166502,0.47402643935976424,0.5444029206167996,7.248490057308932,5016.414952197983,0.0112,0.04859307451140627,0.4779844171864994,0.0,0.0196,0.0,0.17886647182431492,0.0,3.522092645818537e-15,1.98435207659548e-15,0.11688593423013499,0.02478984719499403,1.0
no_agent_information,20261107,0.0004065206933071011,0.022732112020641442,-0.04279742559511461,0.17168696055770297,0.028589277324415564,0.22641705589373887,0.19078255668803293,0.07547335753957464,-0.07423021537415826,1.9543773409218597,0.25412462348597264,0.8909599788571234,0.44439936261832125,0.5676634673149671,7.213264983361034,5230.110582022505,0.0124,0.14648572861332687,0.3151878966462819,0.0,0.0192,0.0,0.19227873643833449,0.0,3.251162442294034e-15,2.645802768793973e-15,-0.08070765632296921,0.01634649424386564,1.0
no_agent_information,20261108,-2.5685697109547336e-05,0.021417573395554012,0.0426692652191583,0.12060135751999844,0.030619464000668516,0.2735126728400804,0.2383304690179607,0.07382977517953601,-0.04196672506221364,1.7539693212429475,0.39695448752574264,0.8245870053254665,0.49675330316502964,0.5603179161758601,7.141939137839595,12849.385025801354,0.0104,0.0876177956243159,0.5685224236470184,0.4612,0.0148,0.0,0.21327536819051862,0.0,4.199418154629794e-15,1.8520619381557813e-15,0.15560959441260494,-0.00583733309355397,1.0
no_agent_information,20261109,0.0002365571091807446,0.022543339210005835,0.027669953373800054,0.12016613338869535,0.02934372536492243,0.1802885982363909,0.15877530259543776,0.04719621237393788,-0.03647579512401723,2.6064460091341974,0.3572098444096486,0.8474646154925984,0.48766895529245974,0.5438223050604759,7.177509802977335,6892.482260339223,0.0128,0.05724043967826749,0.42486599476566445,0.056,0.0184,0.0,0.21037799714214334,0.0,1.625581221147017e-15,3.439543599432165e-15,-0.23518433454573878,-0.005667064800818514,1.0
no_agent_information,20261110,0.000591068815524012,0.02229897666861804,-0.02356306816127985,0.15643590918797134,0.036265718136492084,0.2569376694825535,0.25914736867217,0.07407235116686935,-0.07024328761382082,4.054064456483716,0.3114885236080643,0.9208726021040697,0.47449958415479115,0.5356105161999513,7.062998402715229,7424.260299383887,0.0144,0.04352443224370386,0.3142380814525052,0.0028,0.0192,0.0,0.19826233665032733,0.0,3.657557747580788e-15,5.1593153991482476e-15,-0.32817758794846047,0.006522474297200381,1.0
no_agent_information,20261111,0.000543193540897633,0.02177092682304499,-0.03533110975066371,0.11067813231425083,0.027623416367396493,0.2287211575466537,0.19439369996944927,0.03260451173766586,-0.044187504445315426,1.9770599255311208,0.21580133631125661,0.910801969880464,0.4668451602233828,0.5503767654517804,7.100218920839861,6782.538770665027,0.0108,0.04431935950304298,0.32962348041563183,0.0,0.0144,0.0,0.17415029124632309,0.0,2.573836933482777e-15,1.8520619381557813e-15,0.0461441608166167,-0.019916829990511184,1.0
no_agent_information,20261112,0.0003010633987721981,0.02171101816212653,-0.006848983252544131,0.13101268694524368,0.03272150859273473,0.2231881869338546,0.19785107810961308,0.07177237673936905,-0.01414045208664564,2.2940036654135376,0.33555228397727616,0.8394367194592474,0.47576902626880324,0.5470995450348727,7.123844101736194,15118.516305624884,0.008,0.10474167457695878,0.41600029198238964,0.5728,0.0188,0.0,0.19159799392015797,0.0,3.522092645818537e-15,2.1166422150351785e-15,0.05197888569524021,0.01519365830041619,1.0
no_agent_information,20261113,8.981650772577154e-06,0.0221601569622733,0.047932727166342844,0.1708607673934187,0.03872564807310096,0.1975967504521064,0.20947271281323906,0.04140387288960124,-0.052947662363054426,0.9195782890321063,0.36619757995545926,0.8079494202378298,0.4788972552574085,0.5633050024426824,7.224882072061907,7090.600782250378,0.0064,0.12006194942573256,0.483565369343233,0.0,0.0148,0.0,0.20160401261467453,0.0,3.928487951105291e-15,2.1166422150351785e-15,-0.015976386941548616,-0.019711840828217163,1.0
no_agent_information,20261114,0.0003657231367200165,0.022529059521606724,-0.01050471296110907,0.13308007736331284,0.037797417271588266,0.24623098879738556,0.24149545963601302,0.10903274615908518,-0.04672975482252614,2.253850902602843,0.3594784981539733,0.8783216671999238,0.4599923596022942,0.5432166586326814,7.155132047080608,8269.721649036148,0.0128,0.07515728090269502,0.37652953261208555,0.0,0.0164,0.0,0.20879343496123548,0.0,2.1674416281960227e-15,1.8520619381557813e-15,0.08735731863051263,-0.001698130132799416,1.0
no_agent_information,20261115,0.00041680243892221896,0.02103562349609241,0.019697634290597062,0.12244064415936518,0.0271822133225818,0.1278666729547775,0.169367972205097,0.014262468306408574,-0.05680005749478439,1.5587847092436276,0.2743844899245327,0.8328787476725907,0.48681269213201595,0.5438631676603289,7.041665050091163,5168.368229576218,0.012,0.11872447306198217,0.48618587474867303,0.0,0.016,0.0,0.17983756295559505,0.0,2.1674416281960227e-15,4.100994291630658e-15,-0.2620789209352416,-0.004782001458368007,1.0
no_agent_information,20261116,0.0006514960874234085,0.022142540749484452,0.03254715175547607,0.10727650637981369,0.031039514719338374,0.20798511448955317,0.23012265130668258,0.0771205142151221,-0.046801494869393334,1.577955786500877,0.30519296417444663,0.8895250059888996,0.47777441338389576,0.5596732649514368,7.136970043290534,4472.231753706608,0.0104,0.069440678452216,0.3839686379657483,0.0,0.0152,0.0,0.19673876356395703,0.0,1.8965114246715198e-15,1.5874816612763839e-15,0.024399843648781176,0.02334396910174715,1.0
no_agent_information,20261117,0.0007505836604140942,0.022037548145749816,-0.007964135895937226,0.14708193611925038,0.031097570757324073,0.2712222424865871,0.22237840899808523,0.05826183484152166,-0.055139414750426385,2.2823523260435143,0.2701344470904779,0.909055476515921,0.47037205066900684,0.5462303147286658,7.148747779322922,3335.151841416304,0.0124,0.03544850948168413,0.29664899253647825,0.0,0.0144,0.0,0.17223183366639216,0.0,4.063953052867543e-15,5.1593153991482476e-15,0.03495376138284967,0.027467790394886508,1.0
no_agent_information,20261118,0.0003899947786513561,0.02274883561698554,0.003543445654075234,0.13617226658634554,0.03177232445373547,0.23583896252104875,0.23814629950036925,0.02743073017529478,-0.06045923758678406,3.181911031858893,0.2870462581859891,0.898682148508144,0.4877470817032972,0.5453339076171373,7.129605286123619,7411.294533961457,0.0132,0.10174258274041682,0.4014086483134349,0.0,0.0192,0.0,0.21164099586142893,0.0,3.251162442294034e-15,2.5135126303542743e-15,-0.12731656075259193,0.0187649471517326,1.0
no_agent_information,20261119,0.0005174567376526795,0.022059360570490377,-0.006757010084374643,0.1650602634227412,0.02862912687500027,0.21399191690667516,0.28207851062059647,0.03628984389892895,-0.07853771458028456,2.769181967379944,0.3041679400137108,0.8972643024230067,0.48245459939897534,0.5546951768954852,7.15465434657612,5811.678288971324,0.0092,0.04524769060795176,0.3117915480791168,0.0048,0.0184,0.0,0.1868072188752341,0.0,2.4383718317205256e-15,2.248932353474877e-15,-0.13445227077754202,0.01186838919072012,1.0
no_agent_information,20261120,0.0003687957777676779,0.021756503083020573,0.011761831771294314,0.14318894715855554,0.03137389372552786,0.18379995266214963,0.18315239060503313,0.039426818991798986,-0.05585462230748076,2.130480852822946,0.23835393757959017,0.8823255920894616,0.4645560778765884,0.5552079030925822,7.138290576077879,6988.081590612045,0.0092,0.054171471933875795,0.47827871655287113,0.0,0.0152,0.0,0.1915417099221739,0.0,1.625581221147017e-15,3.7041238763115625e-15,0.013688214598338242,0.019004988333283953,1.0
no_information_channels,20261101,1.0928548078968348e-05,0.016862601436694904,0.028483466122458403,0.2584402255843008,0.057369753020771366,0.5294883489167855,0.5613693491942351,0.30776676600462205,-0.09510346318975844,17.18639719803508,0.7322476658860956,0.9735462384009306,0.879457957323662,0.29267380834109086,6.539797774180368,14043.69494942684,0.0304,0.9668509344966199,0.21802447967140948,0.0,0.0176,0.0,0.1104933385712874,0.0,3.657557747580788e-15,2.248932353474877e-15,-0.24164228616654942,-0.0066815395892439455,1.0
no_information_channels,20261102,-5.177461364453962e-07,0.017590127647194243,-0.025679163508871374,0.14853041185016785,0.04358688175745029,0.5842041994325841,0.5621501891360028,0.2949519276929567,-0.06712654174641351,12.36961755673198,0.7512824325474579,0.9691057314299075,0.8736984101481426,0.30262778220288167,6.722927668797797,13340.19660989611,0.0352,1.6437682133853362,0.24574294312871503,0.0,0.0184,0.0,0.10520640363852407,0.0,1.625581221147017e-15,3.439543599432165e-15,-5.198946479513324e-05,0.007206326757041935,1.0
no_information_channels,20261103,9.871386728789169e-05,0.01934877901528472,-0.028528856399841613,0.15302843268274605,0.03667453747112766,0.5941286614968789,0.5373813770905542,0.32676395198547936,-0.060835463418357945,14.826656535213885,0.7342819491405941,0.9693735292419634,0.8872464653091046,0.3072643306053212,6.838918106328472,11899.410572418816,0.0344,0.27446970031150586,0.2549775876505972,0.0012,0.0236,0.0,0.13453228034336284,0.0,2.4383718317205256e-15,6.482216783545234e-15,0.30508211832597626,0.003838161423663542,1.0
no_information_channels,20261104,7.310234513929466e-05,0.017953844032949303,-0.017810011259440553,0.20529231602409195,0.043151493052183965,0.53125270201527,0.48852763216424305,0.3521151811619092,-0.1202698864403245,13.211219662573118,0.7225905448660713,0.9667159046461693,0.876024243151939,0.3212320440765789,6.866783969739991,13055.184403923682,0.0348,1.0442315440852286,0.2715966050110513,0.0,0.02,0.0,0.11898595873305085,0.0,3.522092645818537e-15,2.778092907233672e-15,-0.1400815523477791,0.011290374690042546,1.0
no_information_channels,20261105,-1.1728320924136426e-05,0.01865192379140206,0.03058259239682298,0.1966276103090802,0.05109044898551376,0.5669787589461246,0.5921539317623915,0.3183041243850457,-0.05452235524792442,13.483530193383483,0.7533465842930146,0.9715262488232148,0.8668448893735288,0.304429700958048,6.759257218805884,13546.644683414108,0.0344,0.35012803279579197,0.27283313322502756,0.4384,0.0212,0.0,0.12027447972117633,0.0,3.251162442294034e-15,1.1906112459572878e-15,-0.5654633392936328,0.009492559501977882,1.0
no_information_channels,20261106,2.6550349431721187e-05,0.019232385244185468,-0.08307343340731378,0.13261619991476137,0.045090501962596875,0.515803698403217,0.525757369010246,0.26592886800711807,-0.09203171009216189,13.839358543494786,0.706573370334549,0.9637874255051162,0.8620878887369946,0.32626432950518264,6.975564274736737,13419.201900191922,0.0308,1.075866060781965,0.24547516641363065,0.0,0.02,0.0,0.13520035201776714,0.0,3.7930228493430395e-15,3.439543599432165e-15,-0.052847989405629986,-0.0013599610274151947,1.0
no_information_channels,20261107,4.787787927105569e-05,0.01962599450359755,-0.04152904162241048,0.22841669205122728,0.06393181131040498,0.5541775544810397,0.5174876929281917,0.307825630594057,-0.07316395395203733,14.252955498898064,0.7360318218344128,0.9696196925307686,0.8786881286651929,0.2999023868227343,6.878410766926963,13248.398149680843,0.0332,1.08700734188372,0.23722398377604625,0.0,0.0232,0.0,0.13052847321685812,0.0,3.251162442294034e-15,1.3229013843969864e-15,-0.07480847275105018,0.02616012771661031,1.0
no_information_channels,20261108,2.8329141041322714e-05,0.018438492319721462,0.01663951763331368,0.18739611317336893,0.04531468395194985,0.5739772205629099,0.5355038519724299,0.34598952473410394,-0.07651860213467825,15.825462641574802,0.7369694904271032,0.9683033223100743,0.8921222559399423,0.2995752788559872,6.712520581883233,13427.472119077307,0.0312,0.2191839621655612,0.2692372615288199,0.5148,0.0196,0.0,0.12855442548509588,0.0,1.3546510176225143e-15,3.3072534609924663e-15,0.3348167562199936,-0.017232069274104183,1.0
no_information_channels,20261109,-3.171627638664347e-05,0.019132709693313224,0.00908566491005651,0.15713132291484022,0.04449476725633588,0.5358923907274892,0.5457282386311353,0.35594553780332255,-0.04688255857557465,11.281322454098754,0.7274564273293825,0.9676771794260008,0.8597154013438477,0.3392026373857542,6.939815540265914,12938.750624918324,0.0316,0.561022275864257,0.2575945595025213,0.0,0.0208,0.0,0.13508790499293544,0.0,2.4383718317205256e-15,2.778092907233672e-15,-0.6026094926552169,0.02746010430986189,1.0
no_information_channels,20261110,0.00012609047889660586,0.017575808962033854,0.008481430987949947,0.19440429429628528,0.048431151099153136,0.5370197461455463,0.5445222363716017,0.2931650796207361,-0.07791642916029962,15.270412217043038,0.7468908901172204,0.9689450081519931,0.8883548461750089,0.29413385904783157,6.673381172929449,14087.687710372918,0.0324,0.7297310492941449,0.223144406593484,0.0464,0.0176,0.0,0.10879991014614698,0.0,1.625581221147017e-15,3.96870415319096e-15,0.028366667877698638,-0.00515186222320418,1.0
no_information_channels,20261111,1.9799032620685607e-05,0.018606760807814687,-0.07572339986015192,0.14511274322362516,0.049364455528575726,0.5624068782548347,0.5976535764882859,0.3159276642997687,-0.09744709114102176,18.20327505584505,0.7531242577635144,0.9756106014157236,0.8857087845454107,0.29400866075231125,6.679721558017499,14043.112735847604,0.0336,0.820427407373003,0.319165001705768,0.0168,0.0192,0.0,0.11641670743619748,0.0,2.1674416281960227e-15,1.1906112459572878e-15,-0.05155858613572864,-0.003689011731934874,1.0
no_information_channels,20261112,-5.643977677170078e-05,0.01822789614535087,0.014924252121514573,0.24541374486011613,0.04859272387567935,0.5625530018104683,0.5597937552112189,0.3502527225356235,-0.07576775929479267,12.310304807378422,0.7482630584175634,0.973763159664028,0.8726924247783426,0.3066284310177677,6.794877056419565,16106.185736410629,0.0328,0.23019373253880213,0.28793222029775856,0.5404,0.0212,0.0,0.11477018903271996,0.0,8.127906105735085e-16,5.0270252607085486e-15,0.0014445104811630358,-0.0010735968463503325,1.0
no_information_channels,20261113,5.2729626153277566e-05,0.01890464928571848,0.00743785240542448,0.16959420946915424,0.04541399814603728,0.5356913524213303,0.5633026501241649,0.36239302547651653,-0.07560041062267621,11.874941230062728,0.7486984630314812,0.9705003403458077,0.8888774989371255,0.2965708890877418,6.861629040601022,14629.861254046249,0.0352,0.8045454067751107,0.24323985845767826,0.0,0.022,0.0,0.11751832670646456,0.0,1.625581221147017e-15,2.1166422150351785e-15,-0.13350234595621363,0.029244168627365865,1.0
no_information_channels,20261114,2.5189000229679335e-05,0.018881052009538806,-0.0204580448233816,0.18590007402146846,0.04827715527668109,0.5536905904405011,0.5750816215161435,0.37987947770197444,-0.013384863678868443,11.160089834560576,0.7377489633898213,0.970312065078579,0.8678962773414679,0.31803027289067004,6.92039518071001,14693.687455182315,0.0324,0.6733086327316014,0.2790324784830224,0.0,0.0216,0.0,0.13104749899581125,0.0,2.1674416281960227e-15,2.9103830456733705e-15,-0.08381911332660766,-0.0002694871825169232,1.0
no_information_channels,20261115,4.481080657849041e-05,0.01687640616369983,0.11119237964344253,0.23195638574616317,0.05503272411404551,0.5088995364376169,0.5661037990544626,0.32592876941304805,-0.0716898579527752,14.42530950965433,0.7259865100699148,0.9687969863279265,0.8815341875556716,0.31125744813327244,6.618288896112881,12893.404598727626,0.0296,1.0169190400156196,0.23040530634880607,0.0,0.014,0.0,0.13006357597578289,0.0,2.4383718317205256e-15,1.8520619381557813e-15,0.08517950231964178,0.024219791098221477,1.0
no_information_channels,20261116,4.766403853755819e-06,0.01754628182909219,0.0029139608871451696,0.16526682608554313,0.0543439306336496,0.6066246616214607,0.6092103954801669,0.36104248145803747,-0.0686173206157497,15.159559743899113,0.7563842148795211,0.9704626043074444,0.8740611848896144,0.29661479186399947,6.63328896538808,14400.33297630071,0.0288,1.2526462757966343,0.25461679807980686,0.0,0.0164,0.0,0.1167071728382465,0.0,1.3546510176225143e-15,4.233284430070357e-15,-0.194564179097647,0.017519645419130855,1.0
no_information_channels,20261117,1.713707654623704e-05,0.01839655571081313,-0.04061572813196919,0.19894512125562053,0.059326763441930254,0.598775534521601,0.6080734421745178,0.38917187446764834,-0.03403995366963456,11.070245220266562,0.7515563600597952,0.9720044144983686,0.8749907566160523,0.3010084329474073,6.750406061031012,13426.322611032792,0.0368,1.4637326137464783,0.2266657221558087,0.0,0.0248,0.0,0.11933221619171253,0.0,2.302906729958274e-15,2.645802768793973e-15,-0.11080496322170498,0.014331302429257757,1.0
no_information_channels,20261118,5.1628787395031495e-05,0.019065019223778047,0.07939779913037946,0.15750011588717844,0.04981832575983976,0.5756311375236498,0.5766234513263004,0.36950512315426703,-0.04181490338436269,11.51178186037999,0.7441082225983702,0.9687759905515034,0.8662008004376467,0.3239443237024156,6.939313804168814,13227.871893179909,0.0296,0.7219004189550655,0.24706201891765733,0.0008,0.02,0.0,0.13370254150505434,0.0,2.1674416281960227e-15,1.98435207659548e-15,0.05451763951214603,0.015853534031727196,1.0
no_information_channels,20261119,1.3400152295711365e-05,0.017602406664473394,-0.011915390125555364,0.23403938645266767,0.05164763116615543,0.49464113028253914,0.5323176616381986,0.30115189108031987,-0.04559879311054144,15.581780351393174,0.7259449389476563,0.9717346929298782,0.8722887572527036,0.3202137478121124,6.704423016883258,12597.210049834423,0.0312,0.8527907362305704,0.24322312302007343,0.0,0.0156,0.0,0.12904932020168203,0.0,2.573836933482777e-15,2.3812224919145757e-15,0.14368887033461786,0.06055169166412528,1.0
no_information_channels,20261120,-1.3244989718836563e-05,0.017780381142382267,0.0265782584641074,0.17385773231478693,0.0603913412511768,0.6093952128462787,0.5840598617303371,0.31844028265239654,-0.08875444710756174,16.49553386392964,0.741599954381283,0.9669040305153357,0.8768722120270812,0.29941333876774656,6.621314480145844,14499.365449926168,0.0296,0.7821138571766852,0.2856674513025165,0.0,0.0168,0.0,0.1216436378207848,0.0,2.980232238769531e-15,1.3229013843969864e-15,0.009459436615959077,0.000502998942193393,1.0
value_only,20261101,0.0002208019440065321,0.013593954134159172,-0.09142247390238954,0.09142247390238954,0.021192906768812077,0.06638781814646813,0.007026291102178822,0.004331910564061009,-0.012190244578218441,-0.06658514425908502,0.1962881438680036,0.6287787614799585,0.36211810284945883,0.44782557946476437,6.683678417493807,5294.1421523446115,0.0032,0.05792677133986256,0.3982844491626224,0.0,0.0,0.0,0.010279229887474761,0.0,2.4383718317205256e-15,3.836414014751261e-15,-0.07674271615039793,0.03540373423425782,1.0
value_only,20261102,0.0005576933502246813,0.012663614411843235,-0.0538019672762862,0.0538019672762862,0.01538147553503704,0.020966421292912568,-0.007907579293101092,-0.011051525127908862,-0.02470714955715006,0.23276266667743473,0.13877935401269417,0.8320566614121169,0.7460982192315966,0.15900735399359428,6.618070937015611,3060.0524318806783,0.004,0.16006612947483023,0.3274033229683967,0.0,0.0004,0.0,0.011453342457054871,0.0,2.980232238769531e-15,7.011377337304029e-15,-0.0356964596289778,-0.00906466860278759,1.0
value_only,20261103,0.00013216876312301763,0.014044955990127264,-0.09511688374763867,0.09511688374763867,0.022811654885180426,0.021759844392851384,0.005112336241552719,0.0035272504575189624,-0.0338352079751898,-0.05414535354550987,0.21557033565955294,0.5189492269770202,0.32409292460450206,0.4706208243712561,6.71180782055721,8843.13810681998,0.0016,0.02032374506956278,0.31062645129844924,0.0,0.0,0.0,0.005318627744701043,0.0,1.4901161193847656e-15,3.1749633225527677e-15,-0.09698763648615294,0.026088709197436118,1.0
value_only,20261104,-3.080363028813657e-05,0.01352307435880726,-0.09625455917548173,0.09625455917548173,0.014783277958891982,0.03290740078600076,0.014746048552447651,0.011573373637063776,-0.0038200359446788853,0.23375798524923352,0.17545611434108566,0.7289114884636171,0.4141376754037833,0.40374267967420713,6.652720179091113,4758.346008806887,0.006,0.06868855903441276,0.45605155960457644,0.0,0.0008,0.0,0.010365587346465643,0.0,6.2313946810635656e-15,1.7197717997160825e-15,-0.15336922197879982,-0.014365831905360268,1.0
value_only,20261105,0.0004399533226105248,0.014226805806969021,-0.11113508751027097,0.11113508751027097,0.022445701782640184,0.005791216628405684,0.04920530738267583,-0.004399168827713041,-0.004314214740451128,0.30474000615243435,0.29817358877144173,0.6399383384349049,0.32811259559704115,0.45513785133956886,6.6828482914072005,12090.582748840678,0.0052,0.01814875416938594,0.3955435090707483,0.0,0.0008,0.0,0.007441468966022935,0.0,3.1156973405317828e-15,1.98435207659548e-15,-0.08746918769590828,0.013076781100956484,1.0
value_only,20261106,0.0003606748577240655,0.013668590884688312,-0.10865139505057454,0.10865139505057454,0.0260180443928271,0.05908687249388395,0.03109258410223037,0.029625471090481022,0.01789458939278725,0.705823145844064,0.1594984564277907,0.7992873593528645,0.5567880581898232,0.3333836195907528,6.657096263733411,5078.338851528936,0.0036,0.08065738309486047,0.4480804399577567,0.0,0.0008,0.0,0.011745680074846332,0.0,3.7930228493430395e-15,1.4551915228366853e-15,-0.15226826535476148,-0.024052452051501073,1.0
value_only,20261107,0.00036679130803942463,0.013128757062269767,-0.09246797261149188,0.09246797261149188,0.020329980099916913,0.034828677316771264,-0.004679352215076654,-0.013821517852379676,0.016816499435670512,0.14682197850262435,0.11977384470573695,0.8097624788908862,0.4914100906957902,0.3503800245089897,6.638410016068355,4742.899110011716,0.0048,0.07424315388775511,0.2765246429518382,0.0,0.0,0.0,0.011090556516657468,0.0,2.980232238769531e-15,4.365574568510055e-15,0.0026450494488390176,-0.018223103373631155,1.0
value_only,20261108,-0.00012924318476812254,0.013986629009066321,-0.10577143485088306,0.10577143485088306,0.022923695646750876,0.07884285831661697,0.06413103308998896,-0.009680574211225677,-0.03152525338016269,0.3659023841422946,0.3915565469127326,0.5623231806179702,0.3178539448613309,0.49942544287493307,6.7126132118391,13919.373451403957,0.0048,0.008823754563772622,0.5821371239452149,0.0,0.0004,0.0,0.005630984678599571,0.0,1.8965114246715198e-15,2.778092907233672e-15,-0.0451883126980395,-0.03250372637216449,1.0
value_only,20261109,0.00020465356107674388,0.01429082179322696,-0.09997334308336416,0.09997334308336416,0.018567985030364685,0.04576383961018651,0.0016012694783420743,-0.010780378808492447,0.01822357299237769,0.08010370565850389,0.2075317144315364,0.5307644948370979,0.335629833219193,0.4785816657709733,6.7302112030024945,7335.706585656791,0.004,0.028502116827251758,0.3822316936086878,0.0,0.0004,0.0,0.008690638620256985,0.0,2.573836933482777e-15,1.4551915228366853e-15,-0.0015696675932895317,-0.022931468580414754,1.0
value_only,20261110,0.0005886380718698576,0.013658701399640644,-0.10211447413811636,0.10211447413811636,0.016924853677777532,0.07005514786643964,-0.027835264281998673,0.0024845275183244787,0.0345359985625086,0.30888545112173027,0.23012749624153728,0.7334408716602132,0.39095975457926163,0.4427548820061291,6.681274115189139,7423.585661091238,0.004,0.04023932859480303,0.2649167472238567,0.0,0.0004,0.0,0.011009526481524645,0.0,1.8965114246715198e-15,1.4551915228366853e-15,-0.14375765385219724,0.014968877102511447,1.0
value_only,20261111,0.0005429273129447332,0.013752556017767011,-0.1125309703286348,0.1125309703286348,0.019379174109365387,0.0674373613815134,0.014150578398159279,0.0376490279429661,0.003280393614291245,0.1847467052560221,0.20154572124116638,0.6944120631498373,0.3397959796263495,0.45695683376460733,6.694029665993848,6586.316152219446,0.0032,0.03685348779361389,0.2986177762841088,0.0,0.0,0.0,0.008764045729628744,0.0,1.8965114246715198e-15,2.645802768793973e-15,0.02414916249563605,-0.0009884827990109557,1.0
value_only,20261112,0.0002892279097241197,0.014574442285350254,-0.1410841986547779,0.1410841986547779,0.0216229556004476,0.0747837924189832,0.0484927828963395,0.021236858168382576,0.009654701940781364,0.5683624506903668,0.39396658943255924,0.5996050882976047,0.32282385089866744,0.5031624986172097,6.717677122773481,16513.632908243595,0.006,0.00882024095977156,0.42712874943320356,0.0,0.0016,0.0,0.005110804237048239,0.0,3.3866275440562853e-15,2.5135126303542743e-15,-0.10749460655815574,0.0011038680736166165,1.0
value_only,20261113,2.3921820389009695e-06,0.014189396729729868,-0.09153419079748515,0.09153419079748515,0.02168952333019186,0.039574414478924555,0.019506131287046185,-0.013486578151660643,0.0010288627935862082,0.12245427794754704,0.23032293838580895,0.614909620705651,0.3566286282535731,0.4744547868891864,6.714968641696436,6491.278222494384,0.0044,0.040800799355456226,0.4735700963958729,0.0,0.0004,0.0,0.008528533980920239,0.0,1.8965114246715198e-15,1.7197717997160825e-15,-0.11968302697768575,0.006130184440104602,1.0
value_only,20261114,0.0003046283332633667,0.01391719277747753,-0.13405753188455322,0.13405753188455322,0.02125448744737702,0.04701382136896509,0.020772251718648622,-0.033073289695685855,-0.019078699055651602,0.0743062850287215,0.21226024443537975,0.6310966918972961,0.3486730606907712,0.45869866018122224,6.712789461837836,7661.447550358677,0.002,0.033247775847434415,0.36032075570253397,0.0,0.0004,0.0,0.009462819850634796,0.0,3.251162442294034e-15,2.3812224919145757e-15,0.001569825177549876,-0.0030878473922819733,1.0
value_only,20261115,0.0003945550163084956,0.013732706932198805,-0.10182138900901302,0.10182138900901302,0.01940615311547627,0.026489628993623664,0.03595055467136548,-0.02120947083102657,-0.015901207131421704,-0.014522969420064147,0.20672417549259237,0.7466725217056186,0.46912083626682455,0.40121504939402475,6.699973977028024,4809.472269719527,0.0024,0.070714910273169,0.48604736843931207,0.0,0.0,0.0,0.014149728938515738,0.0,1.8965114246715198e-15,3.7041238763115625e-15,-0.11115884501557878,0.030466240990908985,1.0
value_only,20261116,0.0005963718582147134,0.013271736425786494,-0.11363292268277153,0.11363292268277153,0.018823051807593163,0.044792241071401125,0.043213152314013285,0.002327784974698511,-0.00940005913244148,0.014448100201282621,0.14332410178486446,0.7962153862257852,0.5806144172275326,0.30640202256904814,6.624408307439978,4452.665499032862,0.0024,0.08697237567420227,0.3552144561861712,0.0,0.0,0.0,0.012608061975502682,0.0,3.7930228493430395e-15,2.9103830456733705e-15,-0.11745457680121515,0.016082207558976647,1.0
value_only,20261117,0.000645818088141646,0.012361479152311328,-0.0767587456833387,0.0767587456833387,0.021229500867449184,0.018449325487343585,-0.04240925530645565,-0.022717027044293233,0.008430649350590418,0.23093011153572585,0.14382063984658694,0.8600024881666368,0.6629401456904134,0.24493554166179518,6.5765345920484215,3557.285695555252,0.0044,0.1219396707148306,0.2601067826334481,0.0,0.0,0.0,0.011357796685556032,0.0,7.586045698686079e-15,4.365574568510055e-15,-0.0855760395285643,0.011672693187617739,1.0
value_only,20261118,0.0004161364205146086,0.013922429453696315,-0.1043899916678146,0.1043899916678146,0.022200359240387834,0.012444838448803036,-0.010677121098955814,-0.032441243305676194,-0.004013224119283866,0.23782966062291422,0.19516370801231375,0.6708073280070379,0.3497489548213525,0.46777991397743335,6.678316920929342,6841.304148421917,0.004,0.0386941884188044,0.3468378431032847,0.0,0.0004,0.0,0.009085944740754082,0.0,2.4383718317205256e-15,1.98435207659548e-15,-0.10457458520023238,0.02614085826296253,1.0
value_only,20261119,0.0004728859109267116,0.013210224387904748,-0.11447424000953615,0.11447424000953615,0.022027947988005555,0.07555560936743429,0.04331613493392456,-0.018461176484430908,0.02880438621549754,0.12156539994921944,0.18823683202996572,0.7656654781895901,0.5194891034947976,0.35715119578769455,6.632251859429404,5897.576956322496,0.0036,0.06701174738769387,0.24764968356988748,0.0,0.0,0.0,0.012939217678782589,0.0,3.7930228493430395e-15,3.439543599432165e-15,-0.055377962349445406,-0.042038174375410554,1.0
value_only,20261120,0.0003646997991979813,0.014115756936679491,-0.10542901592386653,0.10542901592386653,0.022863497359854643,0.06590378874963218,0.040226157735897154,-0.009790873417640681,0.027950662644415585,0.11527920656069002,0.1799473891385766,0.6734892283664441,0.3368063735393454,0.45839811754573634,6.706597192934607,6768.666767058236,0.0036,0.04024292833102907,0.4639269310856201,0.0,0.0004,0.0,0.008168460946807565,0.0,2.84476713700728e-15,3.1749633225527677e-15,-0.06552370481819997,-0.016196611933346986,1.0
trend_only,20261101,0.00015710942301346974,0.030056871678903703,0.02723502595298365,0.1620023924296134,0.045848161319388125,0.4518738100260979,0.45389707987551875,0.1800938709394715,-0.06590904830184299,11.25619308887522,0.6283842615911823,0.8269413525200331,0.6640413035053535,0.4355470414986433,7.398186954606269,5538.862543963541,0.024,0.07353448570935509,0.5477699928296171,0.0256,0.0376,0.0,0.04731454470576879,0.0,4.063953052867543e-15,4.365574568510055e-15,-0.5575753370595257,-0.026665522480772665,1.0
trend_only,20261102,0.0005880114683589511,0.02996354053867861,-0.08506937229575326,0.22354804591378602,0.035451479798515595,0.43538966237118326,0.41707546645872007,0.14908840347645302,-0.0717273018546347,12.673676001246257,0.5755521228753729,0.8773101786282624,0.6992166567852862,0.40704803507749493,7.228980468427887,3507.9221741474435,0.024,0.22538111018469487,0.48464031652959494,0.0,0.0312,0.0,0.046814043197517474,1.0,4.605813459916548e-15,2.5135126303542743e-15,-0.23326917876413467,-0.02444036864088494,1.0
trend_only,20261103,0.00025542604145353744,0.03259918568037784,-0.012235493728482044,0.1791570320924275,0.04640020302072165,0.4416135930609071,0.4257474946158735,0.2361751333464426,-0.06627052857625416,12.833671559191007,0.6520317356544333,0.884127617478148,0.6997218157546672,0.38448846612648074,7.43873973796307,8563.42193830692,0.0264,0.09598298539489938,0.38582120097316497,0.474,0.0384,0.0,0.03712125479849582,0.0,2.573836933482777e-15,2.1166422150351785e-15,0.05593186152909789,0.009663578427804497,1.0
trend_only,20261104,-4.814045046827004e-05,0.03114507869345167,-0.0024985171537487173,0.1567003798404922,0.036224389783791965,0.4281213059800063,0.4287584901662534,0.20870024663740147,-0.0728345135990271,17.298046868349623,0.589300597480423,0.8501450005619857,0.6815770752184421,0.3952299523380386,7.266660384710354,5919.681170849812,0.0256,0.22343882094704878,0.5555491143077727,0.0,0.0332,0.0,0.06425779170307244,1.0,2.1674416281960227e-15,1.5874816612763839e-15,-0.10442160400742388,-0.014889612446069721,1.0
trend_only,20261105,0.000474831061573903,0.030198044743174692,0.05065102383589398,0.24456695603911963,0.039040087322693706,0.4310110750957019,0.4109078941288706,0.1504439834303244,-0.09987412624281482,11.474690960445455,0.5445603110269204,0.8761750983183112,0.6841398311656781,0.43409453942985143,7.271558722905152,10715.860830442487,0.0256,0.1660676796177121,0.48355070783493204,0.8172,0.0328,0.0,0.03913068650637008,0.0,1.625581221147017e-15,1.7197717997160825e-15,0.4718320945597655,-0.021921790774010064,1.0
trend_only,20261106,0.00036543278691440333,0.029676465191137494,-0.03742265230046457,0.17511837112507384,0.041972551357309464,0.419541753659909,0.4523370644350035,0.13341242050219257,-0.08721841595162748,11.885239404159904,0.5280509260303761,0.8801063776644128,0.6606835263696524,0.42293171664155893,7.232761294536634,5987.6589822914975,0.0236,0.18298931921463166,0.5347538842033177,0.0,0.0328,0.0,0.03774705920850141,0.0,3.1156973405317828e-15,3.042673184113069e-15,-0.2931921477248408,0.009028204297034218,1.0
trend_only,20261107,0.00037241317288125834,0.031000475042001856,-0.028120264240393544,0.13888187248065326,0.039375088364563174,0.45184773710950105,0.4054265384275114,0.07412028344203268,-0.06412749999853594,15.978691747744847,0.5845774737697531,0.8802476125405015,0.6881473922158642,0.41535389445673115,7.325730155623008,5594.476211671394,0.024,0.1814752909773192,0.4038751243604145,0.0,0.0364,0.0,0.04240908597590942,0.0,3.928487951105291e-15,2.3812224919145757e-15,-0.5735874059876858,0.025735107029058877,1.0
trend_only,20261108,-6.937619856517329e-05,0.030351266945706078,0.04072775198043889,0.15132199567128807,0.048173431747220066,0.4776686654295229,0.4977870644976931,0.16137011471733823,-0.0685674254896234,17.147097761324012,0.6510779390725424,0.8554166780037088,0.7329229364520822,0.39536968453227767,7.130827730055939,16020.905230514103,0.0248,0.09415012820612643,0.5820803838288207,0.0096,0.03,0.0,0.06088289631751698,0.0,1.4901161193847656e-15,3.3072534609924663e-15,0.3006165151895293,0.021886734356251245,1.0
trend_only,20261109,0.00029100955629089465,0.031135268920120404,-0.005213327808879269,0.09997141942269001,0.02694670943936514,0.36629750941994976,0.41624079039754613,0.15197046125648656,-0.07381284387427868,12.853422706753156,0.5978143858284546,0.847249301163647,0.6861875661367459,0.44019742557811015,7.530325645735428,7332.2167908300235,0.0208,0.10507118219375232,0.4573382730281431,0.3316,0.0388,0.0,0.08970740318564663,0.0,2.0319765264337714e-15,3.1749633225527677e-15,0.5512570971713945,-0.0027556590997150124,1.0
trend_only,20261110,0.0005679859395079326,0.03211192702962284,-0.05055047023543273,0.15212675374202742,0.058812137336460256,0.4704501541625268,0.4576450442889105,0.1952379107325444,-0.059918589083003994,15.704287113931105,0.5859218381345304,0.8924417089572728,0.7138395421943501,0.3917734189698089,7.3199385250794275,8366.931911319192,0.0244,0.11642754725169771,0.45132785663753805,0.0204,0.0356,0.0,0.051657829717385084,2.0,2.4383718317205256e-15,3.1749633225527677e-15,-0.6128427140660124,0.03361378376196874,1.0
trend_only,20261111,0.000536006530804799,0.031340810285509044,-0.047144158211279874,0.12575756968594426,0.04553829374953493,0.45940630147040656,0.422580484098955,0.18830381401605925,-0.05126119726639328,12.488661075943522,0.5001586250564105,0.8920123020121181,0.667452918306776,0.4261079788076033,7.469435680225545,6481.299370966245,0.0248,0.058481232149533345,0.4516608659856196,0.1648,0.0364,0.0,0.03602327685661244,0.0,4.3348832563920454e-15,1.7197717997160825e-15,-0.2898668475000902,0.0030877658349276796,1.0
trend_only,20261112,0.00039651749385250597,0.030845730174039087,0.01740171089585959,0.18466588884574162,0.04780055220695166,0.4283735516027075,0.4163527279684908,0.19923299470098685,-0.06088888135323511,13.124767613605375,0.6113461803501313,0.8544758940962509,0.6706390376806655,0.4246805054288579,7.3310052819064815,15772.613487297136,0.028,0.12555440232226148,0.5026457018788044,0.6416,0.0348,0.0,0.06151634557959551,1.0,1.7610463229092685e-15,1.1906112459572878e-15,-0.2679382340050105,0.04611834664139051,1.0
trend_only,20261113,7.970448944701935e-05,0.029500233811386074,-0.029963666022877873,0.1847468156423377,0.03721148406393687,0.41241782711380603,0.3927255502212195,0.16579425519850818,-0.05359473696939335,13.176805148220975,0.6035032645078299,0.8441026992655276,0.6520549953726822,0.42993271796506166,7.298895899002276,6307.5004659352135,0.0224,0.09279615700074938,0.47105342594696353,0.3512,0.0312,0.0,0.02940614313259582,0.0,1.7610463229092685e-15,2.3812224919145757e-15,0.6420405722471277,0.033595080742029326,1.0
trend_only,20261114,0.00034326055259517927,0.0293080648896641,0.032743638023336,0.17828039022259268,0.05439007456891243,0.48118547555765895,0.4782389294323074,0.12135458013444372,-0.09094365884013175,12.032896292579684,0.594543767770441,0.8648543514146821,0.6886899048914233,0.41010958321859137,7.194950939915719,7712.215889941364,0.0236,0.07262743148007142,0.4509159913161681,0.2496,0.0328,0.0,0.04937012692958076,0.0,1.7610463229092685e-15,2.248932353474877e-15,0.00735348854312623,-0.0009178311263744415,1.0
trend_only,20261115,0.0005101852020057496,0.03040230260774103,-0.008582518734104575,0.10934406002795136,0.045943958786298075,0.3880385959367269,0.445771990920387,0.17963854390098288,-0.057571264056569406,13.177614745430724,0.5625312520915936,0.8641725276937483,0.7019341368505118,0.410359352201742,7.2406589904029115,4121.362797214031,0.0276,0.18573752608628424,0.4951189079573558,0.7832,0.0284,0.0,0.045537640391282164,0.0,3.7930228493430395e-15,2.9103830456733705e-15,-0.009349250855172022,-0.04486805681914681,1.0
trend_only,20261116,0.000673324239740462,0.030132981166946054,0.03545176667469203,0.12433156223849451,0.042151558440161135,0.39132762592511033,0.3771915404975723,0.15891495341561745,-0.0795688030296747,10.5801486482434,0.5566207088819944,0.8733273197369166,0.6809546607996706,0.4246378984609526,7.339828253618043,4370.376141522633,0.0256,0.04894289615873264,0.4394169126238625,0.0268,0.0344,0.0,0.04602651962190585,0.0,1.625581221147017e-15,3.1749633225527677e-15,-0.054752712687784345,0.011239870343191072,1.0
trend_only,20261117,0.000668805724195931,0.028801673790811305,-0.028558610684147397,0.16116737022551572,0.03223676977806795,0.4642389526578426,0.38902752711409433,0.1072429063943247,-0.047929205694417075,15.09866985635836,0.5755126592352098,0.8824428880472923,0.6569388723210172,0.41884838162024424,7.117233940095003,3565.9137294053794,0.024,0.08043311157687326,0.37580688783105254,0.0304,0.0308,0.0,0.031408432431243805,0.0,1.625581221147017e-15,1.0583211075175892e-15,0.14698341442634022,0.03387162014455847,1.0
trend_only,20261118,0.0004044392185611734,0.03143263168776077,0.004646668841135353,0.197211284977261,0.044914158339581046,0.43944386142793707,0.41867690088745524,0.12982552393364094,-0.07427657384108949,14.04821897629877,0.5574583442835662,0.8969636811173379,0.685125302016275,0.4098768275636007,7.23512048131237,6349.4605253487125,0.0248,0.10486496068807978,0.43756018540768304,0.496,0.0328,0.0,0.042227145790799,0.0,1.8965114246715198e-15,3.7041238763115625e-15,0.07309197471941704,0.006349521559669136,1.0
trend_only,20261119,0.000548522481551419,0.031312573824531946,-0.053935890855881456,0.2316407071642428,0.04257704987978259,0.431552043288881,0.4425745850229025,0.14630451777675002,-0.07855183618823372,16.441092509090737,0.559476292794837,0.8704334790462674,0.6928998760050266,0.41482214283239593,7.249162329385729,5890.703183620603,0.026,0.05309442703283281,0.4061912993985066,0.0952,0.0344,0.0,0.05714671579450625,1.0,3.3866275440562853e-15,2.3812224919145757e-15,-0.44074247771424746,-0.03430414534518964,1.0
trend_only,20261120,0.0003083350788849032,0.03014028383602209,0.044408258988823064,0.22493259936335655,0.04622188420069438,0.4101297615470153,0.44944802128070527,0.11269863151709548,-0.08970548263271211,14.578055881887952,0.5320473075980887,0.8623820485349384,0.6649681818432686,0.4209729560582441,7.305887707432589,5589.401962926982,0.0212,0.2159364751569732,0.5733621051352853,0.9564,0.038,0.0,0.05154302012821055,1.0,2.4383718317205256e-15,3.96870415319096e-15,0.23515834575573882,-0.05195161995369142,1.0
noise_only,20261101,0.0002259325414558198,0.021076838920033775,-0.02532776627625298,0.23167099054227502,0.042587216762997364,0.32699198657953005,0.28345452198034177,0.14905627004805697,2.0032935755126703e-05,24.28281942098732,0.5947116760108004,0.9146788856298055,0.5005994817729106,0.2796948833303992,6.738608270850403,5686.05537735316,0.0172,0.08762730117244723,0.4177672081306182,0.0008,0.012,0.0,0.24118204608957328,5.0,4.063953052867543e-15,2.248932353474877e-15,0.5891350107821642,-0.004544462280523922,1.0
noise_only,20261102,0.0006983020590142398,0.023463490957304576,0.03058870703536403,0.18010366002429348,0.04021204485480255,0.3915845501659879,0.3549522172845075,0.15340177016160167,0.04269750890354452,13.047514541703336,0.6186950472792518,0.926662891302502,0.5254693733933398,0.32381985936838037,6.84371514590381,2200.0453814182206,0.018,0.26321473919222493,0.35319566824391313,0.9944,0.0156,0.0,0.22522800846863134,8.0,3.1156973405317828e-15,3.3072534609924663e-15,0.02266443371032924,-0.04460253208824053,1.0
noise_only,20261103,0.000119405454351703,0.017616115507956814,0.04214174889895555,0.1287976261706196,0.026596198602575165,0.2646243033590371,0.18332385701634457,0.09658025740471188,0.03665945557095627,7.083247812026794,0.5262121306556925,0.8734334804559898,0.5336743757625281,0.30353444574489086,6.628562500583348,7844.644794196659,0.0152,0.14277554209601767,0.31642161637441035,0.9552,0.0064,0.0,0.27779185412922613,14.0,4.470348358154297e-15,2.248932353474877e-15,-0.054777327623191194,-0.04904080431186981,1.0
noise_only,20261104,3.0788604683322874e-05,0.02490640909904438,-0.002776904995237778,0.24972683210404958,0.062423895974229524,0.4555860857217382,0.37910576811115604,0.23441911146460537,-0.01333770694749642,28.43827975330808,0.6527160913193948,0.9317410115892238,0.50577499443452,0.28335645971131157,6.812100835647795,3476.723035894347,0.0176,0.29570667621130853,0.5096468567896782,0.9916,0.0152,0.0,0.3023895054236654,11.0,2.7093020352450286e-15,3.7041238763115625e-15,0.02118765925445433,0.059934212090837304,1.0
noise_only,20261105,0.000496086091019761,0.018100431856634625,0.015247042778315132,0.13805625720430853,0.029931403047461114,0.27443029442698524,0.2322330276019774,0.049915782047692085,0.024410554332315416,9.31968120279035,0.5566380955397578,0.8839664060117297,0.4968398421370378,0.3107229175916657,6.68280112296224,12654.453676486684,0.0136,0.020426721419946166,0.4229528942764067,0.0004,0.0068,0.0,0.25011736790089056,11.0,5.960464477539062e-15,1.7197717997160825e-15,0.8549583573921667,-0.025974490115654093,1.0
noise_only,20261106,0.0004618480549087263,0.020077012914243568,-0.042792432194161914,0.14138641003608743,0.032308425064931236,0.30995886745089435,0.3104157012888353,0.12736508716848297,-0.0026034577229315527,8.174233386123184,0.5089170388433135,0.9090359687350057,0.5118785214770851,0.336721900527012,6.706095891527422,3440.952903200981,0.0164,0.37785672542118826,0.4647941239634097,1.0,0.0096,0.0,0.30357432284984287,6.0,2.573836933482777e-15,2.9103830456733705e-15,0.45129978788474656,0.0043863296056147645,1.0
noise_only,20261107,0.0004107771722167019,0.020996945631735417,-0.019510736796151004,0.14302840524103097,0.037148873692923357,0.40560741101658204,0.331915372248501,0.16663164181779122,0.02633845391048298,11.623006996370089,0.6144044167241454,0.9204481945989325,0.4896703366256322,0.3017165502855602,6.780324608791711,4496.636821268515,0.0176,0.04634858351721897,0.3013494776352844,0.0244,0.0112,0.0,0.2619253322106523,7.0,1.4901161193847656e-15,3.836414014751261e-15,0.8226868021132357,-0.0275127514317949,1.0
noise_only,20261108,-3.9607102804651716e-05,0.017987065001477145,0.09896009995376548,0.14347729427849376,0.05042567783710746,0.38639313833989025,0.3407803288095485,0.04671332101824877,0.02941163181019203,14.769150666532227,0.590389727268355,0.8959956451912401,0.5310827469079212,0.25286965718745813,6.615357976981075,12326.647696524284,0.0168,0.14361416906773203,0.6202186122448454,0.974,0.0064,0.0,0.2560656275472566,7.0,5.0122087652033025e-15,4.233284430070357e-15,0.9076667311842679,0.0791007383845176,1.0
noise_only,20261109,0.0002323847407363342,0.018608981689112795,0.04829867320696717,0.1442804591014759,0.043321781548652565,0.3165703685161399,0.290329831108641,0.09525289931041657,0.016900231935384244,14.89927758171319,0.5785030246342899,0.8890012832189483,0.5204058764867925,0.257907315170626,6.609218602865033,7618.818155451997,0.0164,0.024727458369484808,0.4270157618775555,0.0004,0.0084,0.0,0.2934633458037694,8.0,2.4383718317205256e-15,3.7041238763115625e-15,0.7450753423730354,-0.023552284300699174,1.0
noise_only,20261110,0.0007079498924576565,0.018018569171719043,0.056296354311400544,0.12203670657388475,0.031347765223566346,0.29514408060806246,0.20950950077299005,0.0011577492574591866,0.003622025696861094,6.065144478957915,0.4840233801359308,0.8878548185754183,0.5124323585184616,0.3089542351881726,6.630388099799635,6864.902860013259,0.0172,0.13363808144159153,0.28621228503049534,0.8104,0.0064,0.0,0.22216217743055888,10.0,4.470348358154297e-15,2.3812224919145757e-15,0.36384379931477945,0.041648722983113354,1.0
noise_only,20261111,0.0005517769627542172,0.021001183148721892,-0.07225575232565133,0.11061435583425865,0.032203378998063636,0.37133149727297354,0.29292272427873745,0.1024405220345423,-0.03617318946314772,18.820105689677117,0.5882761013958075,0.9181628381871184,0.4988540544459229,0.32733993877596057,6.662076514407595,6572.995381749847,0.0172,0.04577594773339612,0.31878789060646595,0.0196,0.012,0.0,0.27049769347565245,8.0,2.1674416281960227e-15,6.085346368226138e-15,1.5748761976409786,-0.03193738432772188,1.0
noise_only,20261112,0.00031126596856732896,0.017337590555823137,-0.026998801519953226,0.08490888312564476,0.024078111051038787,0.28479476003304666,0.16892601511023062,0.050280093723624686,0.023519527128115215,13.810196016292892,0.4791341297461365,0.8917427263137979,0.48993624687513254,0.2949554422965959,6.5398178782141105,9609.171971755391,0.0108,0.5886491124864803,0.4337445534989607,1.0,0.0036,0.0,0.25318388553319693,10.0,3.251162442294034e-15,2.9103830456733705e-15,0.594267271323288,0.03795623661682418,1.0
noise_only,20261113,-1.449835501245289e-06,0.017996954312699723,-0.02956421186016387,0.20399135961029605,0.0395221069423045,0.2754614179830897,0.24610396020065617,0.029568330636731296,0.02928841948475759,21.092891060538225,0.5217710554544057,0.8763326651953777,0.4927513937510163,0.2619522417575151,6.596908375832928,4024.2359244653717,0.0112,0.4734655661461935,0.5155327985139919,1.0,0.006,0.0,0.31136610437133716,3.0,2.1674416281960227e-15,5.291605537587946e-15,1.3605845251606303,-0.06252565402004069,1.0
noise_only,20261114,0.0003741726257785388,0.01808646364644721,-0.03527057687660397,0.14461736590879046,0.04087930143169229,0.2908878657481925,0.2318192123934531,0.07710012769667127,0.011901797418378232,22.251935192417914,0.5173459688398008,0.8812851420407204,0.5278884120802172,0.2615758638830485,6.604812495939268,6079.399483791027,0.0128,0.26330776219274854,0.38562530753616187,1.0,0.0072,0.0,0.24209100587407506,7.0,2.980232238769531e-15,2.248932353474877e-15,1.648308143796762,-0.014742336079070247,1.0
noise_only,20261115,0.0004784275269983979,0.019641381896891436,0.0045522277579341085,0.1474371920520723,0.034158350472746464,0.2552300830233291,0.27296474710419427,0.10666744624611572,0.016829614194094792,11.567875775856374,0.5349130352756627,0.9145151768082581,0.5095873019845392,0.2896035268172233,6.731095142950562,3676.625304618046,0.0192,0.25911362819150263,0.5257798762786257,0.9984,0.0096,0.0,0.26563695755532746,15.0,3.522092645818537e-15,1.3229013843969864e-15,-0.009572375155573406,0.04748905595779375,1.0
noise_only,20261116,0.0006752962554516508,0.019624025131244425,0.020688491876848226,0.15552404569447945,0.04224307273771703,0.30405155680806234,0.3055812043574877,0.16588160001435695,-0.012231502489173533,14.769698069900056,0.5775602655370122,0.9010770573337902,0.5268013966906747,0.2950629459998472,6.712858822945716,3998.3971465882437,0.0152,0.07446117462565055,0.3840996475588334,0.102,0.008,0.0,0.22091345127691842,7.0,3.928487951105291e-15,2.5135126303542743e-15,1.0779815112273123,-0.03912929910149264,1.0
noise_only,20261117,0.0008123121035345882,0.020325086902281336,0.02532897888262395,0.1995010384621231,0.04036072135686736,0.3425859200150366,0.31087897878509013,0.11840046760486221,-0.020427418978438788,10.753614696722154,0.5836460176951636,0.9248536443057702,0.5067333412383965,0.3087034511993482,6.765057164203214,2743.762399080631,0.0208,0.21005306971463175,0.2843991066849292,0.9908,0.0128,0.0,0.24362611001841894,7.0,3.522092645818537e-15,2.3812224919145757e-15,1.0207764847693181,-0.020674261367745098,1.0
noise_only,20261118,0.0005147368450423887,0.01987750059434704,-0.015542899379143393,0.11572829117646254,0.032560231344894316,0.3550887128049737,0.25345757460318413,0.0996930742469064,-0.030275639021297707,10.618158397985587,0.5959664788018988,0.9176663600418007,0.5015590609734969,0.3090813338980451,6.729583181085641,5848.513164081088,0.0176,0.17511884590507015,0.3664278662338746,0.9832,0.0104,0.0,0.2559832425784103,9.0,2.980232238769531e-15,1.7197717997160825e-15,0.895057125821703,0.048304110085021765,1.0
noise_only,20261119,0.0005796867120333971,0.020190161811100695,0.012615429561405817,0.13097786339494275,0.033635262267236704,0.301239522891644,0.318515780593551,0.14994774579450162,-0.0029677421194254225,12.77882250215382,0.5704432194902118,0.9244734969995774,0.5020217264999705,0.33401127387094476,6.708508469330095,5020.037781874452,0.0152,0.1699981746689838,0.3575383197044608,0.9576,0.0088,0.0,0.25819690794726413,12.0,1.4901161193847656e-15,2.5135126303542743e-15,0.04450782974957601,-0.008683890831381547,1.0
noise_only,20261120,0.0004263743647787066,0.022107640751458543,0.026263156521972947,0.13558749234649747,0.03983729223882196,0.3502911295322028,0.33082260442947375,0.18093100067519124,-0.003213728396685368,14.259085696847794,0.5559891801680193,0.9307270379830742,0.5113725840354431,0.3124820587949558,6.837252737742648,5379.170345063861,0.0192,0.23841714519955412,0.5315953010912713,0.9988,0.0128,0.0,0.24678046733285708,10.0,2.84476713700728e-15,4.233284430070357e-15,0.9127862940749725,0.05680153002283309,1.0
no_logit,20261101,0.00023245553546010349,0.022878606595328782,-0.03843797858492321,0.1862829030085947,0.033139495616569876,0.1943555630652325,0.22024346122168717,0.0939299061444074,-0.05445220317514419,1.968384016290039,0.3820371378461829,0.8303693246472194,0.43316705625288277,0.5653599351719015,7.240430781134428,5340.311674442455,0.01,0.046376686214438335,0.401256725641463,0.0,0.0224,0.0,0.22293782971470222,0.0,4.063953052867543e-15,2.9103830456733705e-15,-0.25796609808739085,0.03635394822973284,1.0
no_logit,20261102,0.0006338814061883905,0.02251509572620384,-0.048543750619554814,0.13262917312967717,0.03686200798872293,0.22867175547476273,0.18867016244670753,0.04899519851625308,-0.02372685352270203,1.3871890894985697,0.20888638169851428,0.9008222738285097,0.40338940358724135,0.5857596952617538,7.207479703983511,2764.562273239899,0.0096,0.03055369919218864,0.37487865256453423,0.0,0.016,0.0,0.20136128761761984,0.0,3.3866275440562853e-15,2.3812224919145757e-15,0.054753666650480155,-0.024009206972388775,1.0
no_logit,20261103,0.00015490599718112215,0.02185731163499072,-0.060185810498746294,0.11017189851415324,0.029134291919114635,0.2049501775356496,0.15958405481602111,0.030951875980960112,-0.08151365532079989,1.0206944195892733,0.3039021176873318,0.8442706681280687,0.39822058644311475,0.6000134132190021,7.08340879194864,8842.725199817034,0.0068,0.02004317277683849,0.3347230751985577,0.0,0.0128,0.0,0.22445513129371353,0.0,2.980232238769531e-15,2.3812224919145757e-15,0.024815770049047364,-0.011593477272350937,1.0
no_logit,20261104,-8.175823057108288e-08,0.022124639862124644,-0.0217828589573721,0.15506769261275932,0.028786679317807908,0.18213314709610273,0.20054488106616902,0.09477510972111902,-0.04692644968477899,2.362311741617029,0.3409089846072402,0.8453563920024301,0.44285422511451,0.5459243215870011,7.117861708236173,4828.445109853102,0.01,0.061003624776098005,0.4991920211899151,0.0,0.0188,0.0,0.22480771118032905,0.0,4.876743663441051e-15,1.8520619381557813e-15,-0.07558773292670139,0.0024725850546165077,1.0
no_logit,20261105,0.0004777403796906974,0.023512254877534926,-0.06887105902367063,0.14541450799103636,0.035706214608955296,0.22674702105381778,0.2180539118271052,0.09704218991545964,-0.054536538177689456,2.4123705857464577,0.3164472183623993,0.8962199563164559,0.40493308331949085,0.5833154842657442,7.261990732128713,11818.81865423835,0.012,0.028832835325470693,0.4267583865312472,0.0028,0.0208,0.0,0.203194992629818,0.0,3.3866275440562853e-15,1.3229013843969864e-15,-0.16315497913058324,0.0364228530025721,1.0
no_logit,20261106,0.0004217813696992156,0.02369457715768844,-0.03836923622340158,0.16139409018615913,0.03827180976152165,0.244772054212474,0.2264228155104733,0.07666744279915061,-0.05303497122215105,2.80097207585525,0.2927414686268662,0.889432106900655,0.42331152500258823,0.5672088297232294,7.251926961807537,5030.050057436802,0.0116,0.049430744854835854,0.4706348604924888,0.0,0.02,0.0,0.20743924125606616,0.0,3.1156973405317828e-15,2.248932353474877e-15,0.10820647704503317,0.04294752545126934,1.0
no_logit,20261107,0.0003709097771730022,0.022752617231335537,-0.05449456491008348,0.17254598493960627,0.028969335029921044,0.2171285294979911,0.18821741656120716,0.0645497043801853,-0.061370429595175094,2.2153004985010973,0.2693663002531122,0.8869789584553339,0.4248524275050573,0.573364181354919,7.202883558026469,5176.293549650886,0.0132,0.1428661956716941,0.30896393934566324,0.0,0.0196,0.0,0.22831865666882156,0.0,3.251162442294034e-15,1.5874816612763839e-15,-0.09790006957943596,0.008505067726813507,1.0
no_logit,20261108,-5.4348287026175155e-05,0.02151412909271954,-0.009957694326688986,0.1257130910016132,0.027830778672721455,0.24330780654750103,0.23305285730240777,0.061484825683929836,-0.040575195897028946,1.8797973301797821,0.3699600113184982,0.8196228886116441,0.45014046948006947,0.5795003097849076,7.143914920910728,13197.881890450497,0.0108,0.06111830763220521,0.5873258372891579,0.216,0.0136,0.0,0.2304991328129431,0.0,2.980232238769531e-15,5.0270252607085486e-15,0.21669606236719632,-0.00859517179525358,1.0
no_logit,20261109,0.00024337932515355903,0.022770189684391845,-0.030976993228596744,0.12119165483323702,0.028022892655749032,0.17180257524004255,0.1481359706551632,0.04756304563401381,-0.03145641155296382,2.3161720239528094,0.3512069051219825,0.84868243346259,0.4329019373582929,0.5685223646095144,7.202361276704902,7065.557791312087,0.0116,0.03422419059929946,0.42892047873029326,0.0108,0.02,0.0,0.21797341296902362,0.0,1.8965114246715198e-15,2.778092907233672e-15,-0.21715307485315616,-0.0122432355933183,1.0
no_logit,20261110,0.0006340085956599065,0.022847217621481283,-0.08991861460793843,0.14599239471541645,0.03847557641864072,0.2528441665959468,0.25294130135551024,0.07352821067124513,-0.06824937624287954,4.312252786448901,0.2850662738924228,0.9261175393457796,0.41773367804084266,0.5570776792291731,7.076676094200385,7362.279503419612,0.0136,0.024461881157926375,0.2985374591463038,0.0008,0.02,0.0,0.19596774972432196,0.0,1.8965114246715198e-15,1.5874816612763839e-15,-0.27962950063818337,0.001660358035206443,1.0
no_logit,20261111,0.0005422229830222367,0.022217905907268864,-0.09137364909576144,0.11947652749671134,0.03044688634297756,0.22411763252504227,0.1950597052512196,0.043367948074238064,-0.042211550268116536,1.9005258431198886,0.19979004475050957,0.9160061897680236,0.4076336322188739,0.5721673977887898,7.104398046112266,6589.573130617636,0.0112,0.021354185515852418,0.3271800507876813,0.0004,0.0156,0.0,0.18160209496179647,0.0,4.063953052867543e-15,1.4551915228366853e-15,0.03257011239997828,-0.012354670359456529,1.0
no_logit,20261112,0.0003235828366861945,0.02195306319767977,-0.04728634136336744,0.1348672353782898,0.03199374639512296,0.22986225907350216,0.20266901490663192,0.06037738767274631,-0.010576892278940632,1.7232223092283894,0.32443863250292654,0.8417375498414444,0.44017361690327755,0.564941211282362,7.146440911551359,15433.224530474099,0.01,0.08618078337877838,0.42886989737372194,0.378,0.0184,0.0,0.1688411501194249,0.0,3.7930228493430395e-15,1.8520619381557813e-15,0.03998233548262646,0.017168182618697084,1.0
no_logit,20261113,3.3563057057531154e-06,0.022363454516721077,0.006825596519075419,0.14918858907510216,0.034600560097859515,0.2013044735597408,0.2155718785800768,0.04483688449542843,-0.047389408522278506,0.9688426804891161,0.36446925224634874,0.8075359372246266,0.4453839434682535,0.5771358645743057,7.24110166924048,6823.7864059080985,0.0068,0.0828090433996572,0.48529328691009066,0.0,0.0164,0.0,0.22965059174538882,0.0,6.095929579301314e-15,2.5135126303542743e-15,-0.0007637899327052765,-0.012942349487907059,1.0
no_logit,20261114,0.00034781521614002744,0.022958074643847446,-0.06478674735062485,0.11861917661791453,0.03709844455775954,0.24775830750371092,0.23180079829123953,0.10818264206135629,-0.04856933390495515,1.9787751326127152,0.35749284207875887,0.8809024626333937,0.4047883367715189,0.5664809264614367,7.191494951327944,7971.835967913251,0.0128,0.044978462628676885,0.38543545938171,0.0,0.0188,0.0,0.23771120639002197,0.0,2.1674416281960227e-15,1.8520619381557813e-15,0.07555794357202823,0.012234840383703711,1.0
no_logit,20261115,0.0003848440397890343,0.021151240666647378,-0.013375228757066432,0.11551237647265952,0.02605651898712847,0.12127012676449285,0.1639807536043943,0.015112007221730133,-0.05372551177129837,1.7664872412365238,0.27090796410689316,0.8314816679377282,0.4586100265486422,0.5515394432548656,7.043535087533923,5107.272724119676,0.0116,0.10951716218377003,0.4817716775901384,0.0,0.016,0.0,0.2235735645600634,0.0,3.657557747580788e-15,2.3812224919145757e-15,-0.2757841615488216,-0.005380981508653234,1.0
no_logit,20261116,0.0006290800844635954,0.022428375632094065,-0.01635838311654665,0.10560720565580342,0.030516515071846613,0.2024145818200628,0.22753058191690692,0.08018853482913246,-0.038134048958007205,1.9049674191119053,0.2935354242324848,0.8908183532140913,0.43483247238148753,0.5740518060406155,7.145606196408842,4434.811330281375,0.0104,0.06593817322538212,0.3976487842315778,0.0,0.0156,0.0,0.24339822857886584,0.0,5.147673866965554e-15,2.1166422150351785e-15,-0.04452609032392077,0.025917979953883147,1.0
no_logit,20261117,0.0007218565869145774,0.02219427810531583,-0.04599939856413353,0.15243433954579544,0.03226445117357659,0.2546624952492747,0.20232215988911315,0.0413140506921853,-0.050575332968632175,2.4043075245832712,0.26833097125010963,0.9072655614838718,0.4267825175554031,0.5645120497490737,7.134837707216162,3426.5096023070128,0.0136,0.05569951923998833,0.2921015408879237,0.0,0.016,0.0,0.21507596494020365,0.0,4.063953052867543e-15,4.630154845389453e-15,-0.008117890337247377,0.04068311761157314,1.0
no_logit,20261118,0.00041057227702823943,0.02314838190276121,-0.05239803316065814,0.145794324252496,0.031678436513388725,0.2255423555215452,0.24627765161024337,0.025028758643861598,-0.059251932588491575,3.424762080036486,0.2712927392381768,0.9074336207199715,0.43782197065120837,0.5663023392411255,7.128943934842843,7017.63347102744,0.0136,0.04648521398792279,0.39481171074989463,0.0,0.0196,0.0,0.23324508520837695,0.0,1.7610463229092685e-15,1.8520619381557813e-15,-0.13173653209090339,0.031014792059006473,1.0
no_logit,20261119,0.0005169587889671767,0.022299567526339183,-0.0659432074015623,0.17208783648335196,0.030257200524875693,0.20537317939389346,0.2751816860114249,0.03378620770570739,-0.0593217573952981,2.2067107763475766,0.29359503475436294,0.9020535500617916,0.4219775442890427,0.5821914994896628,7.147889184879366,5764.506793931414,0.0088,0.03167597348341539,0.2933474665038134,0.002,0.0172,0.0,0.21511070065538918,0.0,2.0319765264337714e-15,2.5135126303542743e-15,-0.09421773871324311,0.01763623532012616,1.0
no_logit,20261120,0.0003706829073342206,0.022434308416318945,-0.04684715928006354,0.15190627056051154,0.033400067380694884,0.17634539543523717,0.2057044859279796,0.0388118352240578,-0.04684393799656627,3.191647697946993,0.25014098565058784,0.8876011034901279,0.41564419402520975,0.5658297998963145,7.154643363067357,6897.656698274144,0.0096,0.03858689797886707,0.4852977224822199,0.0,0.0172,0.0,0.20814474100855285,0.0,1.4901161193847656e-15,1.98435207659548e-15,-0.05076320314044268,0.020342428847624158,1.0
no_activity_persistence,20261101,0.00023076933093599763,0.022708209680186588,-0.03941557455018851,0.17858960521197506,0.03333959823703713,0.17990247530426853,0.20526906547162035,0.08176023771930631,-0.05451405743208284,1.92506049940432,0.3666139788236541,0.8260927211061606,0.428148636704738,0.5674097016982486,7.2230988345944995,5304.780033291794,0.0084,0.040822285093081265,0.3961647142229576,0.0,0.0232,0.0,0.22122769819676513,0.0,3.251162442294034e-15,4.100994291630658e-15,-0.2519502178126694,0.03276905616366715,1.0
no_activity_persistence,20261102,0.0006293843794411327,0.022409812734742504,-0.048520053214378515,0.13116123345240785,0.03730918901527905,0.23352131935323853,0.19153988171031353,0.04364538155890296,-0.022881924384267695,1.3094314857618174,0.20147386361800504,0.8993077341536545,0.40692939066798,0.5854713424406477,7.204311992851866,2774.1499654412282,0.0088,0.03441123280337463,0.37304145472455796,0.0,0.0156,0.0,0.2030767614392852,0.0,3.928487951105291e-15,3.439543599432165e-15,0.06316499092412475,-0.025740786441076347,1.0
no_activity_persistence,20261103,0.00015400353385323733,0.021845967534634442,-0.06019570008373088,0.11456150337864934,0.03028423502976248,0.20573198481028537,0.15595605564585288,0.0317503674715752,-0.07792249712151628,1.0714973841382252,0.29939653789604187,0.8407870384408213,0.40016957216509097,0.600061253891706,7.072455159894186,8877.370322232864,0.0064,0.02013341045055968,0.3337528235666104,0.0,0.0132,0.0,0.22571998634529122,0.0,4.605813459916548e-15,3.439543599432165e-15,0.02641051289143926,-0.012569199198598115,1.0
no_activity_persistence,20261104,-4.221157586627555e-07,0.022113967851714957,-0.017831197041145205,0.1532789297598001,0.030487021612289295,0.17502509169062852,0.1960339457496813,0.08975500352495537,-0.04300034507811023,2.528261943778692,0.33658872261291717,0.8484564192289882,0.4472099934747426,0.5436756489773125,7.124957951517855,4821.741698666103,0.0104,0.06208439287653355,0.5019511216042634,0.0,0.0168,0.0,0.22508242250273147,0.0,1.625581221147017e-15,2.1166422150351785e-15,-0.08566399506373049,0.003473521507845498,1.0
no_activity_persistence,20261105,0.00048440288500694527,0.023497778699564785,-0.06241284024359703,0.15062974809008933,0.036123798127014134,0.23043333041306016,0.21858684632439673,0.08794710641223674,-0.052081479020762836,2.537828346272514,0.32148256192097613,0.8970941812288068,0.40745706863166514,0.5832006990620588,7.266791818694282,11704.003489985698,0.0116,0.03602566501135977,0.42639420950259344,0.0084,0.0208,0.0,0.19872783243864145,0.0,4.7412785616788e-15,4.233284430070357e-15,-0.17707533167643413,0.03301954967355927,1.0
no_activity_persistence,20261106,0.0004275103696907916,0.02370696089861823,-0.04225378631331706,0.16063380757790455,0.03807839734196456,0.2443724080429142,0.22295501918786065,0.07623158858967671,-0.0497984295437321,2.7006796785858267,0.28702596706307554,0.8891801236919804,0.41736000032494763,0.5704606387779316,7.2449794498342905,5015.711465371445,0.0108,0.04564819067611229,0.4709141006342875,0.0,0.0192,0.0,0.20690516865200537,0.0,2.7093020352450286e-15,3.96870415319096e-15,0.1149963512632967,0.044999445550018294,1.0
no_activity_persistence,20261107,0.0003677137171472221,0.022750650133750574,-0.05217684541617677,0.17531568276090984,0.029703432368533823,0.2206547161570315,0.18825326078942906,0.06280409755494122,-0.06219049965025699,2.3412012698140696,0.27362364656986626,0.8868247959652804,0.4286897466042937,0.570766414376607,7.197150116810902,5175.993957699498,0.014,0.14217336735736325,0.30614038694647305,0.0,0.0192,0.0,0.22692249764962136,0.0,2.573836933482777e-15,2.1166422150351785e-15,-0.10922992565597724,0.010125943854719748,1.0
no_activity_persistence,20261108,-6.324269283053318e-05,0.02173869818705408,-0.010288724145695071,0.1317212907065234,0.027868342560064884,0.2529180923162846,0.2367599507483557,0.07501493164744939,-0.05032159790284347,1.886508487778646,0.37002115480080694,0.8193686723405593,0.4414391658539149,0.580520375554267,7.154043532824762,13272.944889237386,0.012,0.05755257616805287,0.5936302843707335,0.1656,0.0164,0.0,0.23341478062555465,0.0,1.8965114246715198e-15,3.3072534609924663e-15,0.18497107166075746,-0.015416525197782072,1.0
no_activity_persistence,20261109,0.00024172824203357095,0.022863496206917362,-0.03189540881725157,0.12142741076479906,0.02808894065785774,0.17360895266349738,0.15136815742003537,0.0527628406890838,-0.03712896399808767,2.3040633398998054,0.3516176113219483,0.8485179567744848,0.4260418682729067,0.5699352487779126,7.207917947168593,7102.1337659933,0.012,0.030213006235820183,0.43032082558892426,0.008,0.02,0.0,0.2206098047259788,0.0,5.147673866965554e-15,2.3812224919145757e-15,-0.21979282166462294,-0.014312481758725544,1.0
no_activity_persistence,20261110,0.0006351179451097348,0.02271732273129484,-0.08948180334255755,0.14247785639186294,0.037292544197068914,0.2461259109854382,0.244376994650377,0.07110399746284153,-0.06544134169998951,4.027171186485838,0.2668790448032732,0.9250993042229131,0.4137984310337081,0.5607726815259945,7.078871454398281,7347.018388164895,0.0136,0.02449956632761893,0.298710399595977,0.0004,0.0196,0.0,0.19558808605203826,0.0,2.1674416281960227e-15,1.7197717997160825e-15,-0.2734055980721463,-0.0018254110785089971,1.0
no_activity_persistence,20261111,0.0005373314928244028,0.02223353979521809,-0.09001508346716645,0.12189397871640302,0.02990432138074075,0.23149520600797388,0.1999787213982798,0.04786147078736583,-0.0402670170356329,1.9421521413772194,0.20234767610881227,0.9157898222803058,0.41207622313953685,0.5685958148992771,7.10729212135551,6614.045985938056,0.0104,0.022167857077836358,0.3246753035808274,0.0004,0.018,0.0,0.18383339296389867,0.0,2.7093020352450286e-15,4.100994291630658e-15,0.01368118286110731,-0.011793342566896101,1.0
no_activity_persistence,20261112,0.00033004877489804834,0.02192137113822981,-0.042664320864911655,0.12575870708291645,0.031222859067407367,0.20579544313372253,0.1792203059164613,0.051927564166353524,0.0013935730210779397,1.31167747256828,0.3143939728880687,0.8418472638821413,0.4385126390217902,0.5737909430206004,7.180037850981214,15220.074870417839,0.0072,0.09352252472024414,0.42814115802207053,0.458,0.0176,0.0,0.17119215973112167,0.0,2.302906729958274e-15,3.3072534609924663e-15,0.0005413838990525846,0.0194462897094632,1.0
no_activity_persistence,20261113,5.4743139223056406e-06,0.022386679486011404,0.003977324782827221,0.14553672253688665,0.03327500145226328,0.19977608257885335,0.2097872606643724,0.04638925722122367,-0.04838735194103961,0.9297033573503852,0.3624209755612604,0.8015312858606805,0.44475453986784874,0.5756267683677403,7.249202583371486,6863.375425390822,0.0072,0.08915009824177933,0.48007491126964597,0.0,0.0152,0.0,0.23086379828960713,0.0,1.7610463229092685e-15,3.7041238763115625e-15,0.007586274226135048,-0.008033799711944827,1.0
no_activity_persistence,20261114,0.00034376839926448177,0.022965381140157254,-0.06980833454594458,0.12832430131035133,0.0371584949667112,0.24560341553177018,0.22731930891778368,0.11119343850394738,-0.054744850824043664,2.0206938990536925,0.35922723298796966,0.8826102002803241,0.4086181083763423,0.5654015804188005,7.200375718994987,7956.5067922771095,0.012,0.04644965452880749,0.388320120816648,0.0,0.02,0.0,0.236875218532135,0.0,5.283138968727805e-15,3.5718337378718635e-15,0.054800791787613025,0.011907204614763196,1.0
no_activity_persistence,20261115,0.0003838001035591226,0.021177559923339064,-0.012968795787138892,0.11486837320034346,0.026614892703757154,0.11881844030462652,0.16549003876664464,0.01634228867646651,-0.05208166829487989,1.7628107171199847,0.2733067725323411,0.830435604198831,0.4574654560680449,0.5521674622580562,7.042778880569735,5156.854942404438,0.0112,0.11984811538322787,0.47846329841436064,0.0,0.016,0.0,0.22460733328910343,0.0,2.84476713700728e-15,3.5718337378718635e-15,-0.2817346361900918,-0.0043247761951467015,1.0
no_activity_persistence,20261116,0.0006313218358316615,0.022484371158435063,-0.017131683182011356,0.10866642247756696,0.02999080984699256,0.20550569684028852,0.22624267821544958,0.08401113792568238,-0.03795128605514968,1.8640732537317541,0.30021090650345084,0.8922635782000177,0.4285150660058436,0.5764729450655425,7.146649772933495,4435.78652693121,0.0112,0.06532284388740828,0.3950821418221312,0.0,0.0164,0.0,0.2426870929144651,0.0,1.625581221147017e-15,3.5718337378718635e-15,-0.04840126424268359,0.02609781221629893,1.0
no_activity_persistence,20261117,0.0007227952647757281,0.0221653270506091,-0.04480082895249933,0.15477192981899998,0.031845834125220567,0.2543469490018351,0.20677933750973826,0.037903392144531756,-0.05140479759138825,2.4118387294050843,0.26624126080605715,0.9078937066470798,0.42889630923851335,0.5639564339480934,7.131280709168939,3434.530217854789,0.0132,0.05719714078476045,0.29118475238018193,0.0,0.016,0.0,0.2169462091991523,0.0,5.418604070490057e-15,1.8520619381557813e-15,0.008044091699975468,0.04669221822325805,1.0
no_activity_persistence,20261118,0.0004133327066959538,0.023128952837656508,-0.05766030117440063,0.14177402350495086,0.0307915512561776,0.22538297298574198,0.24078096346021896,0.02395511918141627,-0.056860169728919246,3.251236110728403,0.26604219532866097,0.9044186534008215,0.4322955597436824,0.5717625966500128,7.127925420392535,6976.776052468351,0.0128,0.04121901345194342,0.3987304908407153,0.0,0.0188,0.0,0.23371649902968938,0.0,3.657557747580788e-15,2.645802768793973e-15,-0.1241021277155709,0.02918882751719935,1.0
no_activity_persistence,20261119,0.0005124869990436377,0.022177640455938008,-0.06301189650012726,0.17383973789177443,0.029929330720121522,0.20112299121795527,0.2715552778091809,0.027797744288409414,-0.051616737905692496,2.1533432521376685,0.290653482028124,0.8998034433189644,0.4242801764324369,0.5823015680574044,7.1406611171227095,5780.29888144465,0.0084,0.03255781603440476,0.29885913920149054,0.0004,0.018,0.0,0.21579587613024676,0.0,2.84476713700728e-15,3.042673184113069e-15,-0.08477898550266494,0.0198717265056941,1.0
no_activity_persistence,20261120,0.0003708148271979141,0.022499409268851713,-0.046373244706583897,0.1550083176034004,0.03309283229565525,0.1762790351736068,0.2053646240184166,0.03481953621829013,-0.0470733968496832,3.227250630006213,0.25675167906910684,0.8864681823124503,0.4107407939134983,0.5688812144118244,7.153990663035438,6905.507101336566,0.0096,0.03905994781167266,0.48600300610336145,0.0,0.0184,0.0,0.20985266513376732,0.0,2.0319765264337714e-15,1.4551915228366853e-15,-0.039729595390323336,0.017071856297584162,1.0
independent_signals,20261101,0.00020428135075705852,0.012531247264044103,-0.05101207853574003,0.05101207853574003,0.0182386010659447,0.02969468655004588,0.009175768215238375,-0.0004782719801565875,0.0011723589811853564,-0.12836829353039736,0.03543546993530489,0.8120210703795546,0.5744237003681432,0.17722753887407733,6.643044319621478,5440.980327466145,0.0028,0.08782203252458112,0.41156975859923217,0.0,0.0,0.0,0.04086265098342046,0.0,1.7610463229092685e-15,1.5874816612763839e-15,0.0016069397913073432,0.022342043701506647,1.0
independent_signals,20261102,0.0005626020955949692,0.012608817943527252,-0.060635413352040854,0.060635413352040854,0.01648902990780582,0.015687963330961882,-0.0021676982059120743,-0.0037286885173995017,-0.0050928145197110765,0.04889864197411864,0.00955109921994728,0.935687767204757,0.6497848127757134,0.18493085412354332,6.640993077429389,3222.16085336316,0.0032,0.21824821126420393,0.37523926191747614,0.0,0.0,0.0,0.07359610244660209,0.0,2.7093020352450286e-15,4.100994291630658e-15,0.03391764262691559,0.0022709344288406558,1.0
independent_signals,20261103,0.00011205388909547799,0.01281248030044985,-0.07037845892084356,0.07037845892084356,0.021788523490037813,0.009421676483665518,-0.01481666721192794,-0.0040566231661107195,-0.01752613582520153,-0.13768039277013155,0.018012525825823793,0.8597739693823606,0.5162175535488183,0.25421592839261636,6.630045655469513,9016.278582448587,0.0016,0.039555487278143314,0.3208586751034955,0.0,0.0,0.0,0.028866938336341796,0.0,4.605813459916548e-15,2.645802768793973e-15,-0.07289709357641191,0.005553191985279066,1.0
independent_signals,20261104,-3.777717124845843e-05,0.012700238314097306,-0.061087295205947786,0.061087295205947786,0.015235008590651003,0.03151564301857575,-0.013844593653965358,0.009975450253167623,0.0020342157033769923,-0.08761066401722362,0.0013641309262166252,0.8558113102981968,0.6051158311617195,0.21761269012588474,6.611402587755405,4967.225246408,0.0024,0.11505550921911346,0.4532072309164622,0.0,0.0,0.0,0.03798163694593337,0.0,2.7093020352450286e-15,2.1166422150351785e-15,-0.08146952573030572,-0.011174435176996234,1.0
independent_signals,20261105,0.0004307416136468909,0.01312161576429173,-0.09006605217744121,0.09006605217744121,0.019786958113488427,0.03445751235563454,0.03225812502544487,-0.00367150807727998,0.013787482383490498,0.029109670631151552,0.03335524495213157,0.922647568531757,0.5502630121139614,0.2879176433675762,6.647713674945229,12022.22180620809,0.0032,0.02561740749674259,0.41593484739467457,0.0,0.0004,0.0,0.02615865872699219,0.0,2.1674416281960227e-15,1.4551915228366853e-15,-0.08886468026345458,0.021442022244140182,1.0
independent_signals,20261106,0.00035322894372687516,0.012729139813510678,-0.07612787922956794,0.07612787922956794,0.02367068050341693,0.016978009177477386,-0.00909708725111726,0.02169064447373174,0.02112915171661164,0.17446391977113507,0.005384917938198676,0.927403411768549,0.5967325791280372,0.1885058821951784,6.628113834583434,5240.907201970953,0.0044,0.1182014641562012,0.4572650930852854,0.0,0.0,0.0,0.0605557141409363,0.0,1.2191859158602628e-15,1.8520619381557813e-15,-0.014954915027140157,-0.01116382013609417,1.0
independent_signals,20261107,0.00035354804564189345,0.012462453209442687,-0.06545755224082238,0.06545755224082238,0.021370406750316186,0.040983362257025174,-0.013871675208917269,0.004583341716838412,-0.002099630369345787,0.10364234921754667,0.03665404123544493,0.9140440139277162,0.6099190199606771,0.19495995038835603,6.598365951158036,4926.130832286723,0.0032,0.1140264019149961,0.3122362493893732,0.0,0.0,0.0,0.053033305765095795,0.0,1.4901161193847656e-15,7.408247752623125e-15,0.01937068080950675,-0.024672997660113695,1.0
independent_signals,20261108,-0.00013910313866625154,0.012618719622681435,-0.08193463180601697,0.08193463180601697,0.019991602220877966,0.00516678789452979,0.05297296663669881,0.021483076506898825,-0.005548881171086114,0.09794745841794672,0.053426595362264656,0.8565176426576707,0.5230699056527034,0.32167738586746003,6.641365949702622,13966.351191954132,0.0036,0.014103816448567747,0.5957806357833857,0.0,0.0,0.0,0.021407834693249583,0.0,2.1674416281960227e-15,6.2176365066658364e-15,0.01509432648567672,0.004244184781023785,1.0
independent_signals,20261109,0.0001929576811248854,0.012931885965770157,-0.05529884690335833,0.05529884690335833,0.01597066219560318,0.03727198440529597,-0.015064977750330088,0.0015677446592399977,0.009444671648483841,0.24880900679133466,0.03872186502727261,0.8303024863488151,0.5776662029532283,0.25044380575229214,6.606432004946528,7586.994781203258,0.0044,0.059892695930024345,0.3954340060827968,0.0,0.0004,0.0,0.041100000254342905,0.0,6.095929579301314e-15,4.89473512226885e-15,0.010520416736563936,-0.01751212934381921,1.0
independent_signals,20261110,0.0005702319559702464,0.01252802895773987,-0.06810408688332915,0.06810408688332915,0.020401443616161443,0.02701194822810334,-0.02336671899882925,0.00022386256166233892,0.024418395690023062,0.06463969852825047,0.061263172491644605,0.9553927414693539,0.6063452345732953,0.24499476477165255,6.637567095151852,7598.980864735755,0.0032,0.07596843096598971,0.29958407602274817,0.0,0.0,0.0,0.04994141994443124,0.0,2.7093020352450286e-15,5.556185814467344e-15,-0.0636178959809113,0.03207915003622184,1.0
independent_signals,20261111,0.0005064092156573626,0.012502097037344253,-0.07881098996855904,0.07881098996855904,0.016452535383967327,0.062048692269230925,0.008855403948485118,0.02826383936581991,-0.008300775711182408,0.16834246316069423,0.025453083916979907,0.9497140270901124,0.6132799353926338,0.20913727615220168,6.601218150891005,6920.216872742575,0.0044,0.09553038688163504,0.32806247494911,0.0,0.0,0.0,0.041358206747518445,0.0,1.8965114246715198e-15,1.4551915228366853e-15,0.01325068047865974,0.03390303937103947,1.0
independent_signals,20261112,0.00028214325330244456,0.012979891014684773,-0.09252840340717827,0.09252840340717827,0.018075196487859414,0.010781924520591134,0.027611992287834706,0.01215143308240679,0.01556944800285509,0.08566838672829347,0.06692617956724405,0.8733875142287959,0.4994909202339039,0.2834856966200253,6.647890000701806,16518.840147901003,0.0028,0.014934604990016342,0.44304994216941895,0.0,0.0,0.0,0.03323327719067004,0.0,3.522092645818537e-15,3.439543599432165e-15,-0.036437357371112526,0.018074286792146777,1.0
independent_signals,20261113,5.382685010743771e-06,0.012830340887747657,-0.07080656062354813,0.07080656062354813,0.017467712267351235,0.035415445473769104,-0.02964042355192674,-0.016137897859108144,-0.005092738032604239,0.0520740153030661,0.021132744483333417,0.815501169451813,0.5345218447573963,0.2590195853969331,6.599572565858676,6672.766272088325,0.004,0.06706244219898551,0.4754651824177826,0.0,0.0,0.0,0.02967579914726448,0.0,3.928487951105291e-15,2.248932353474877e-15,-0.07400009005864804,0.009227052324752245,1.0
independent_signals,20261114,0.00029872482557279626,0.01285373953387872,-0.09128715605030634,0.09128715605030634,0.019833707337930835,0.036420925891349,0.006859268249335895,0.007392171563554454,-0.03458751925706872,0.043800987321780394,0.0452689896247095,0.9062924045864222,0.5759616502691819,0.26668412328943575,6.63914455198986,7774.750800536264,0.0028,0.04698016450378969,0.36826810502612983,0.0,0.0,0.0,0.041185589814173085,0.0,2.4383718317205256e-15,2.1166422150351785e-15,-0.017698040127580136,0.04420150440970813,1.0
independent_signals,20261115,0.0003894757197982937,0.012742132886708902,-0.0535976212126932,0.0535976212126932,0.019963179384428428,0.004153164964334704,-0.0020496242603655797,-0.02942431254000824,-0.006080185749626901,0.048575152955034895,0.0021448369192679016,0.8818057150800399,0.6124839648865479,0.20556230315273094,6.663246644090449,5075.305080407689,0.0036,0.12779742956681017,0.4764431771444241,0.0,0.0,0.0,0.06441271257611136,0.0,1.8965114246715198e-15,3.042673184113069e-15,-0.045720273452944576,0.014798036125760819,1.0
independent_signals,20261116,0.0005888007838896584,0.012620566830143938,-0.08003560434731208,0.08003560434731208,0.01721645586849703,0.03833052836808254,-0.004509717830271246,-0.0013688316872583674,0.005698477530050289,0.022669053716692034,0.008369198651309718,0.9117338437618923,0.5938611708893836,0.18930366240815644,6.607576949534398,4602.970416451992,0.0024,0.1288504566080729,0.38563023779606687,0.0,0.0,0.0,0.07194645050912474,0.0,1.8965114246715198e-15,4.497864706949754e-15,-0.06338828359656709,0.019196139667188614,1.0
independent_signals,20261117,0.0006622632550232467,0.012174063282422442,-0.07736464807667237,0.07736464807667237,0.01832611419346617,0.05765864905469226,-0.05106613082230495,-0.024861080091402504,-0.021648543310636325,0.27710541489430307,0.02173276760287519,0.9325606961447458,0.6178886433378791,0.17745932398287173,6.582784443437072,3643.78154669113,0.0068,0.14979561701989083,0.2692423581815182,0.0,0.0,0.0,0.07272656589679549,0.0,2.302906729958274e-15,2.645802768793973e-15,-0.15173550918974124,0.03675478927641984,1.0
independent_signals,20261118,0.00037604285161767556,0.012630449024480735,-0.07170536989351776,0.07170536989351776,0.019842604695093233,-0.0011812857553142218,-0.02749575867468266,-0.04418861953088959,-0.006064976714714909,0.06459774889915115,-0.017409735658053177,0.9303957444709261,0.555465674634864,0.2352951636180793,6.618724874095503,7193.58381665178,0.004,0.09898210368299225,0.359275035845264,0.0,0.0,0.0,0.046218661173738296,0.0,4.876743663441051e-15,2.3812224919145757e-15,-0.054646856411366754,0.021894366339787225,1.0
independent_signals,20261119,0.0004839127433725785,0.012348281373358637,-0.08561466180034052,0.08561466180034052,0.022048154788884278,0.01954731527189132,0.012252071360375713,-0.02311433639581289,0.0007993507142797736,0.08246999935901123,0.022157245558427255,0.9358071362776157,0.6191573565404521,0.2131938317875231,6.6003072025295495,6043.954530227205,0.0036,0.09746865285868744,0.24032681872347061,0.0,0.0,0.0,0.06321895656261356,0.0,1.7610463229092685e-15,4.233284430070357e-15,-0.04074723890594684,-0.012140450010428135,1.0
independent_signals,20261120,0.000339211040429074,0.01286468881462238,-0.06646814413584752,0.06646814413584752,0.022082435930151183,0.03982948262745735,0.006732144151493137,0.003677173741518662,0.013366713617842828,0.1432111456201377,0.012123465769035682,0.923008424159593,0.5982663488582723,0.2155723917405265,6.62558290216508,6985.573640078526,0.0036,0.07803093175279095,0.4732665990824205,0.0,0.0004,0.0,0.031170295862536168,0.0,2.302906729958274e-15,4.630154845389453e-15,-0.04118519516886582,0.014067049242751073,1.0
fixed_participation,20261101,0.00022899774506210946,0.023332807914460362,-0.07036930584801002,0.1802841246001724,0.03381587062787415,0.11771982342431049,0.16105586461995589,0.07549866006477808,-0.03610745652526842,1.1917254771902561,0.3128679263622042,0.8039316796142864,0.31848255692037386,0.6208534862875599,7.215691389427148,5383.168116721818,0.0072,0.05890066322227066,0.40592228830072097,0.0,0.0232,0.0,0.24519301180468211,0.0,2.302906729958274e-15,3.1749633225527677e-15,-0.17932629578773995,0.03488927860644509,1.0
fixed_participation,20261102,0.0006278790861681319,0.023589738550762785,-0.08244740861004043,0.12871048642750477,0.03565674184360363,0.1698295601683466,0.13326012215270194,0.01757060969766607,-0.0026513687356028407,0.7206685391535439,0.17893628475913867,0.8997429494246643,0.3003159849099557,0.6401727794991288,7.239671179178215,2802.277182209916,0.0072,0.04819682917793039,0.3749599392095604,0.0,0.0184,0.0,0.2409113642277272,0.0,2.0319765264337714e-15,2.1166422150351785e-15,0.06205076957529539,-0.03321124356298345,1.0
fixed_participation,20261103,0.00015021501814824027,0.022658958402182187,-0.10952347862299922,0.10952347862299922,0.029826678786073795,0.1679937078890651,0.13265052425428786,0.03680380123876583,-0.054037304616460155,0.9959013918660844,0.3006638946942484,0.8633299365812523,0.2945223269945253,0.6341141945753296,7.0652325131953635,8902.28187049734,0.006,0.02042900508636059,0.33389920796264194,0.0,0.0168,0.0,0.23952822829278286,0.0,1.625581221147017e-15,2.1166422150351785e-15,0.005714879839925743,-0.00040459968933020826,1.0
fixed_participation,20261104,-5.309372030257009e-06,0.02266550815208818,-0.05449044765737498,0.13871300722979468,0.03039167438188155,0.11434297172720093,0.1477354908421984,0.08772449147437593,-0.017217614357490703,1.2772428884408118,0.29733011639028406,0.842143207962854,0.34308320356697647,0.5999631626290499,7.132939935882925,4799.453299093252,0.008,0.0628179227462514,0.5005866200414877,0.0,0.018,0.0,0.24623646662865029,0.0,3.251162442294034e-15,2.1166422150351785e-15,-0.0019117125966049229,-0.010736657537991892,1.0
fixed_participation,20261105,0.0004772581748050303,0.023770448892760726,-0.08052151990685388,0.14806314429799586,0.03480165042879657,0.13914834847432178,0.14268164967496058,0.058993830564252774,-0.042693776416673546,1.5714881816411879,0.29712195854887496,0.8997746477836988,0.30226928265349795,0.6353669671319307,7.202169628529656,11714.077235822017,0.0092,0.031384714332619953,0.42969875328410245,0.006,0.0216,0.0,0.2220588421111278,0.0,4.199418154629794e-15,5.1593153991482476e-15,-0.13500278912160843,0.025814447207233925,1.0
fixed_participation,20261106,0.0004228705450132747,0.02487629201914405,-0.09084928067286234,0.1514288835385646,0.037078713342484845,0.19212608920373572,0.16482510094787356,0.06536107077258486,-0.042682999059669234,1.5550515202835058,0.22718719327255937,0.8812132296421796,0.3017282666427054,0.631953587925334,7.292453203488415,5006.335051382105,0.0096,0.04954869968316906,0.4700548062626255,0.0,0.0232,0.0,0.24153018820777894,0.0,2.4383718317205256e-15,2.248932353474877e-15,0.017013757075068383,0.04863376999915375,1.0
fixed_participation,20261107,0.0003671797329668227,0.02359772536024227,-0.07976014723167156,0.1687932509801494,0.03035937150764694,0.1419017447479556,0.1225586784651051,0.0487515772211812,-0.033514606940891374,1.4402478915061776,0.2112687225846789,0.8853073980757894,0.31957755833195484,0.6296342621110493,7.196137955238426,5092.635382095115,0.0096,0.13101682838218362,0.30255826604219693,0.0,0.02,0.0,0.2571445847249392,0.0,5.147673866965554e-15,1.8520619381557813e-15,-0.11337848644764915,0.020541082015223727,1.0
fixed_participation,20261108,-7.316134077117553e-05,0.022284167059537632,-0.046810351219548935,0.1335772064457714,0.03011317555375228,0.21801300370859636,0.21609648122245695,0.06797505971169718,-0.03987975938162884,1.6548254844994723,0.36425251433388417,0.7878480912297765,0.33143450435072863,0.6112299486009408,7.118874586862853,13469.384828564322,0.0104,0.05068928806921717,0.5875786198045885,0.0824,0.0164,0.0,0.2521606220962267,0.0,2.980232238769531e-15,1.7197717997160825e-15,0.1504375799634016,-0.005443763432344381,1.0
fixed_participation,20261109,0.00024034733226274802,0.023262924366825758,-0.09045458563359644,0.09953950689963588,0.02818983497714469,0.11045542663269065,0.0814974087601623,0.022861372081003934,-0.01183655140063746,1.2939175997783572,0.3033638142240826,0.849764390635121,0.30247451646617124,0.6225361068498764,7.164759198823311,7134.0557222024945,0.0056,0.022049660440463806,0.42887625440817123,0.0012,0.0188,0.0,0.2415444838348637,0.0,2.1674416281960227e-15,3.042673184113069e-15,-0.16282078581214018,-0.02155156333721447,1.0
fixed_participation,20261110,0.0006257373037334417,0.023740746787613246,-0.13239235755169496,0.13239235755169496,0.037834814030985875,0.20945353815544465,0.19760743782674745,0.07988318911886118,-0.04463682214973007,2.866748997575451,0.2520068982496069,0.9293350118600374,0.2791808481815247,0.6176440179711244,7.145485088801195,7428.267157927492,0.0116,0.02466516612695965,0.2956271649389469,0.0,0.02,0.0,0.23542722555885964,0.0,4.063953052867543e-15,3.042673184113069e-15,-0.2721071657119919,0.012352273069191965,1.0
fixed_participation,20261111,0.0005312274170649062,0.023520163992716957,-0.13321440155763198,0.13321440155763198,0.03171306585351475,0.1816541810287768,0.16138371834291254,0.035119958177659005,-0.03772545444853297,1.4039737468429285,0.17875863904986453,0.9203336715428695,0.30277161584702356,0.6299181343696071,7.140705042050146,6679.056908144198,0.01,0.030413139660501257,0.3178035526448695,0.0,0.02,0.0,0.22376266387001698,0.0,1.7610463229092685e-15,1.7197717997160825e-15,0.025386103538127803,-0.011285925863755732,1.0
fixed_participation,20261112,0.00032634307171340354,0.02292664880840344,-0.08037153199691141,0.11976296545630667,0.031204890899357497,0.15644587684797914,0.13353430974898345,0.03762775285293878,0.018785623552331678,0.915761967624114,0.2930657869470499,0.8376345662640678,0.3320597114485191,0.6245092326650734,7.199653680642821,15243.975105128622,0.0056,0.08815397532080478,0.4341777492632263,0.3976,0.0184,0.0,0.20019767489480467,0.0,1.4901161193847656e-15,2.1166422150351785e-15,0.034022284896490874,0.010911621481603717,1.0
fixed_participation,20261113,9.530320805727754e-06,0.02319372470690091,-0.04212501585045548,0.13657653690741345,0.03186519252356634,0.1337530559550361,0.16167232214603203,0.03136564152794894,-0.020703612583705507,0.5102659506530589,0.3190640163303251,0.7805764349589244,0.33576620180564215,0.6288576497185698,7.2217093085918656,6757.507065132877,0.0048,0.07260509937451869,0.4937781583003378,0.0,0.0152,0.0,0.25253149484309834,0.0,1.3546510176225143e-15,2.9103830456733705e-15,0.007512011141523988,-0.019379358703083976,1.0
fixed_participation,20261114,0.0003317963514530103,0.023633122265669843,-0.11255968244663274,0.11255968244663274,0.036363737260719474,0.17808414008129303,0.1647493784335481,0.06990836610745893,-0.03665140164162701,1.160167871026239,0.31236200021038524,0.8787721019921344,0.2805817262610671,0.6198901787821631,7.198368876787356,7962.853881365302,0.008,0.05317320018225264,0.3882884372478953,0.0,0.0216,0.0,0.25728450995075836,0.0,2.302906729958274e-15,1.98435207659548e-15,0.06744683511706137,0.016884660771887088,1.0
fixed_participation,20261115,0.0003815973170482259,0.022360285753560485,-0.04538019323795293,0.11016806935944316,0.029303971962549004,0.060667159228086256,0.1252446378444791,0.0048260361497363185,-0.036891251030627153,1.2712243680593733,0.24551960472196632,0.8216443247268018,0.353331850212236,0.6042795974648946,7.071189309908069,5167.443079530831,0.0108,0.12356103129117446,0.4824755825617587,0.0,0.0204,0.0,0.2535542123363579,0.0,4.063953052867543e-15,1.1906112459572878e-15,-0.23271454936623148,-0.007404449465778202,1.0
fixed_participation,20261116,0.0006193827841273144,0.023064497228449308,-0.055656811916311395,0.11274833734584024,0.029924663137570758,0.13498648450856554,0.15644524169027535,0.05402735043940337,-0.010038650215031744,0.6901963895895058,0.2729062114779141,0.8947145557490084,0.31568053597802165,0.6366298586621308,7.165657982311253,4422.40937718564,0.0064,0.07347807450380817,0.397504127397339,0.0,0.018,0.0,0.2653936975006155,0.0,2.4383718317205256e-15,2.778092907233672e-15,0.017399360174384107,0.013708818072405048,1.0
fixed_participation,20261117,0.0007327952067478794,0.02329746161434775,-0.08695886067276566,0.1474566361801844,0.033272147184109285,0.17102791369686443,0.1346575108282704,0.011725017287488631,-0.030016817490607643,1.2713561289446345,0.201302801406684,0.9065993877953515,0.3049675403899695,0.6352609518755826,7.1625875260792,3419.8561487457737,0.0084,0.05927449424245378,0.2927170814158162,0.0,0.0168,0.0,0.24915375401734297,0.0,2.0319765264337714e-15,5.423895676027645e-15,0.003908430161401702,0.05826010298365472,1.0
fixed_participation,20261118,0.0004092811346167107,0.023834635518728064,-0.08875627294831546,0.1525538352024802,0.03289567823472168,0.17083588067613117,0.21244472559273128,0.028781932533620526,-0.02744760307312466,2.4929819874084655,0.24551407346045445,0.9117198809221507,0.3259357280834286,0.6137185850997106,7.130350517851053,6990.600781470003,0.0104,0.04726386204109857,0.3761708474424841,0.0,0.0212,0.0,0.2525057545506342,0.0,2.1674416281960227e-15,2.5135126303542743e-15,-0.028150119173229165,0.039672080857949425,1.0
fixed_participation,20261119,0.0005043298358636087,0.023330494917532273,-0.09365700754742819,0.1745617619384142,0.03147695566389284,0.1352440080148045,0.20734960136014732,0.011548718112097147,-0.031019951453552908,1.3062126188418848,0.24990558885092806,0.9006463948500313,0.3080501755812208,0.6373465440014343,7.167163322654232,5787.469736517125,0.0068,0.03874307296128949,0.29738792227300004,0.0,0.0224,0.0,0.24891273128369074,0.0,5.147673866965554e-15,1.4551915228366853e-15,-0.10575122363238043,0.02100630247066879,1.0
fixed_participation,20261120,0.0003744102588549389,0.023603920774990156,-0.0926371616584317,0.1546684261801995,0.032774953935443815,0.11130232062838336,0.14619845650280516,0.01721782049625263,-0.029213115470119264,2.081226122936317,0.20719093441375908,0.8850208781060092,0.287436688463746,0.6311557254926591,7.168568204224199,6810.424075970137,0.0088,0.030746100774738112,0.4888675950254818,0.0,0.0176,0.0,0.23650712063792678,0.0,1.8965114246715198e-15,3.7041238763115625e-15,-0.03329674882872114,0.020572952500591907,1.0
fixed_liquidity,20261101,0.0002263966626214625,0.0185596023951434,-0.014119529900338153,0.1502442273629242,0.029808231838034466,0.06836213772222877,0.05909529196435995,0.005790910606618529,-0.01737859811298468,0.3486948837445185,0.19968951404341226,0.7359542486728433,0.4287664519490021,0.5626637013697409,5.700594505105661,6339.049416725619,0.004,0.06345326682140719,0.40262631050826625,0.0,0.006,0.0,0.18967535421181192,0.0,1.625581221147017e-15,1.8520619381557813e-15,-0.1808980083616419,0.0333240903996745,1.0
fixed_liquidity,20261102,0.0006054439462132219,0.018444422119421336,-0.019243896209670056,0.1059428272798102,0.027759380641063047,0.10460029658239038,0.031948600793702604,-0.027293625901940604,0.0376400058916888,0.09300429830985868,0.14439085702864324,0.8801381379646792,0.4289997020232361,0.5642979810485028,5.697770200154021,3562.385470067179,0.0044,0.12711996204876572,0.37690582677856566,0.0,0.0048,0.0,0.19659178421983614,0.0,2.1674416281960227e-15,3.1749633225527677e-15,-0.011533581361994814,-0.023171311252445904,1.0
fixed_liquidity,20261103,0.0001396400656083813,0.01899094396615962,-0.020652841433161997,0.10837028645193574,0.026818666740391777,0.06389447825668541,0.04783644300103977,0.00450281889893591,-0.05440417508144683,0.06759832944682698,0.18013022012445076,0.7897575281301583,0.40873571427839395,0.5919935376411459,5.7208940011349,10465.851487736883,0.004,0.019339919888068276,0.33416733371216345,0.0,0.0032,0.0,0.19748403719631225,0.0,3.522092645818537e-15,1.8520619381557813e-15,0.0021664370509220246,-0.009611527654787167,1.0
fixed_liquidity,20261104,-1.7488696022373416e-05,0.018532986907857683,-0.010285080306871707,0.11932067222900801,0.024978134194943637,0.04338682936106392,0.03728003093378391,0.04428496268202576,-0.015224113629477051,0.2781126721877416,0.1508882579237629,0.7918007656974146,0.4386899042143819,0.5509352589199911,5.702679587474336,5620.252834613757,0.0056,0.0627478859129612,0.47132499499664104,0.0,0.0056,0.0,0.19086854881508164,0.0,3.7930228493430395e-15,2.9103830456733705e-15,-0.0417796248261233,0.005420153850594283,1.0
fixed_liquidity,20261105,0.00046524872222786657,0.01941675839973737,-0.04193650014772996,0.13368555804285984,0.02552298602145627,0.08432622406343544,0.03887829876659652,-0.005960637533979697,-0.0179413541842792,0.2810150248432821,0.1767097895077267,0.8714954284809172,0.3925303559903493,0.5943731064606695,5.73554371681748,14153.821590415157,0.004,0.02187871225255559,0.42836201433592447,0.0,0.006,0.0,0.17740811164574755,0.0,3.7930228493430395e-15,2.645802768793973e-15,-0.059532049388136124,0.015791752877647385,1.0
fixed_liquidity,20261106,0.00040535424160977735,0.01929026880416387,-0.04368762991712627,0.11612917906097724,0.02802003661025574,0.10505666242572397,0.044261244153450764,0.0033071895953765956,-0.0006263871943520893,0.19716275220189328,0.11870170270584661,0.8668092606585566,0.4200400101751397,0.5736501674891659,5.72788227815869,6027.633434520811,0.0048,0.07670746053214458,0.45285435940886265,0.0,0.0068,0.0,0.1826943214241996,0.0,2.84476713700728e-15,3.042673184113069e-15,0.02116312653936675,0.02638707250809028,1.0
fixed_liquidity,20261107,0.0003731904922328692,0.018802015875877844,-0.035353371592443436,0.12858361209202998,0.02608382757144747,0.039470186764988396,-0.0038354773026201107,1.3364754831786338e-05,-0.00670980669771623,0.1280685312431431,0.1045237432037126,0.863307965903926,0.39754226378545987,0.5957322737411401,5.712833336731993,5623.936271638447,0.0036,0.06984624732870613,0.3044495333785957,0.0,0.006,0.0,0.18702902161327062,0.0,6.637789986350319e-15,2.248932353474877e-15,-0.08159009837366167,0.00982078010609706,1.0
fixed_liquidity,20261108,-0.00011221251805380277,0.018193872766364316,-0.00166089610007483,0.10970349583269189,0.024030067167620572,0.09496323644567793,0.09993811673914384,-0.0002665624205622499,-0.027536491545824607,0.18678739259196941,0.22782389128789396,0.7795657550611605,0.43013761265007944,0.5924166144546468,5.6854068335448895,16231.739336634297,0.0032,0.021073998191467557,0.5955230009533541,0.0,0.0052,0.0,0.20061217619005456,0.0,2.1674416281960227e-15,2.645802768793973e-15,-0.015601581351225849,-0.003346547654239204,1.0
fixed_liquidity,20261109,0.0002204541623422287,0.01887722975633428,-0.03079313946950751,0.07450967860105379,0.022523837287945707,0.0174608355419338,-0.004899842306661875,-0.035861013918259334,-0.005235480991138311,0.39881875319040283,0.1713648218704195,0.7697029294032547,0.41983206076735136,0.5795196111476212,5.7145852381430755,8660.300126635628,0.0052,0.02236146364850453,0.4157258946112027,0.0,0.0048,0.0,0.18880588266149045,0.0,1.4901161193847656e-15,2.248932353474877e-15,-0.07248105755336776,-0.017640463566550742,1.0
fixed_liquidity,20261110,0.0006100745965995142,0.01853261126441906,-0.04058555854309278,0.10673674711274256,0.023927435502999434,0.10741933847881753,0.030908378135044923,-0.0016430717923685621,-0.023651314343404877,0.5119108346694747,0.17361979784402454,0.9149843032261196,0.40784982929398333,0.5796968515119519,5.698097702848362,8784.216629663673,0.0044,0.034922851332178255,0.29246343874415337,0.0,0.004,0.0,0.1848143291613109,0.0,2.1674416281960227e-15,1.7197717997160825e-15,-0.09931641082044759,0.011432568568805418,1.0
fixed_liquidity,20261111,0.000510525484809148,0.018549500512539997,-0.062184084801706965,0.10502085359518062,0.026136860380767492,0.08755047292317204,0.06675070672543611,0.0019695028178346825,-0.0010699050494767022,0.2484176552340318,0.1353634926709679,0.9104319769243422,0.4169284831381714,0.5734671310737258,5.699730049190584,7943.590383539185,0.004,0.05525654773180875,0.3168311989333187,0.0,0.0044,0.0,0.1640593563689512,0.0,3.1156973405317828e-15,1.98435207659548e-15,-0.030486012809254386,-0.0021695885073276465,1.0
fixed_liquidity,20261112,0.0002865150224416581,0.018642820099300492,-0.05782808542278021,0.10858511302611773,0.023480720277847006,0.11517241744122718,0.040976910393206195,-0.029148837134910736,0.019421352301003243,0.29145607725693035,0.2106947164249743,0.8004807659753066,0.4176803967637269,0.5732833745518898,5.701038308472812,19196.141714558955,0.004,0.02248219513633905,0.4404062753313396,0.0,0.0048,0.0,0.1631763503548802,0.0,3.1156973405317828e-15,3.7041238763115625e-15,-0.0038126854202927517,0.00493642058886956,1.0
fixed_liquidity,20261113,4.744088191039708e-06,0.018824008090444256,0.0018001030461692632,0.1355094794261996,0.02677411607158463,0.0805974569361269,0.06729682319680431,-0.029575509259839785,0.01119978359739661,0.019973395192221854,0.21105962990702015,0.7481032802184577,0.43324217376601254,0.5769422502192887,5.713151247099478,7757.735079049196,0.0012,0.04631053304263097,0.4898484402102965,0.0,0.0028,0.0,0.17895086008941297,0.0,2.980232238769531e-15,3.96870415319096e-15,-0.0032864724541398515,-0.01970681456106395,1.0
fixed_liquidity,20261114,0.0003311554955334405,0.01892829709931289,-0.06573142918380029,0.09794267179279441,0.02781915479550175,0.08260421861446066,0.04630351703358212,0.010207461381858005,-0.00738623922109373,0.18097126749875736,0.20605215008826958,0.8450057416241996,0.39758829153706093,0.577920015128842,5.716880917450085,9057.120127834749,0.004,0.025711798408113624,0.3795357387830267,0.0,0.0024,0.0,0.18837373414482705,0.0,2.0319765264337714e-15,1.7197717997160825e-15,0.09249036868131941,0.005032312172850358,1.0
fixed_liquidity,20261115,0.0004111124292609521,0.018409936854387732,-0.013028729025580315,0.09136548535443306,0.0235141734697926,0.009486720909498621,0.0413396113923533,-0.028158066920459728,-0.033244719548612744,0.3957304210639596,0.14216935731263974,0.8047066251791339,0.4368482964294497,0.5573783389465035,5.696811466143927,5725.686483357585,0.0044,0.06484243117612012,0.49321687813774884,0.0,0.0068,0.0,0.18741859372619984,0.0,3.7930228493430395e-15,1.3229013843969864e-15,-0.08810828689913526,-0.003245454058534542,1.0
fixed_liquidity,20261116,0.0006309194031327386,0.018762292137495248,-0.023542034676350222,0.08171029530646585,0.026098499581803342,0.045806289912975987,0.061946378893643704,0.017201850612222812,0.013783002708120096,0.03683949967101929,0.14684037715038406,0.871231866469214,0.4228383917462014,0.5820710409549169,5.71270697977559,5178.608012345015,0.0024,0.06646271407197621,0.4036110945190635,0.0,0.0048,0.0,0.20639327473979163,0.0,5.68953427401456e-15,2.9103830456733705e-15,0.012792548047750336,0.02909618941525808,1.0
fixed_liquidity,20261117,0.0007024231743151887,0.0182178938502539,-0.031078452737871853,0.12013577168059113,0.027904976049804003,0.10072528440715398,0.011068517326618534,-0.005701538923343448,-0.026460855534390388,0.09665937309790573,0.10847111814958933,0.8895350566304101,0.42357870613509385,0.5738941884450715,5.68998393442089,4130.655358377469,0.0032,0.09617623702904628,0.2887747191972748,0.0,0.0048,0.0,0.1944035433147877,0.0,3.928487951105291e-15,3.5718337378718635e-15,-0.006982002848262698,0.039078191929708794,1.0
fixed_liquidity,20261118,0.0004216610138219032,0.01921363272302554,-0.03176252714299903,0.1360070787222453,0.025489143055121316,0.06888480743199825,0.04018844263058613,-0.055188913995252394,-0.016872077909520798,0.25638358220743696,0.1287269312965692,0.881211572778269,0.4259858328524451,0.5908389971505814,5.726481473371008,8080.3996883908,0.004,0.03589102492895074,0.38050716546717245,0.0,0.0076,0.0,0.19933669111725671,0.0,3.251162442294034e-15,2.645802768793973e-15,-0.04236370446536747,0.018668073648463297,1.0
fixed_liquidity,20261119,0.0005097745195580451,0.01860069694977556,-0.03347420199152418,0.121321963472793,0.026848326838306652,0.05734392095769199,0.09683368343555981,-0.019574139746690193,0.0041364516730708345,0.28368786392209433,0.14153677112247545,0.8837904294218362,0.4204324645353064,0.5847592786853023,5.704353782623283,6900.084932122876,0.0052,0.0454783976577923,0.2657418564101589,0.0,0.0056,0.0,0.19243323649434707,0.0,1.7610463229092685e-15,3.7041238763115625e-15,-0.06687620301454944,0.007617642442848014,1.0
fixed_liquidity,20261120,0.00036140951915415796,0.018624600561781664,-0.03479412394842914,0.13421723982434924,0.02456972604026591,0.07028475959018896,0.050700604903146235,-0.020291977621349447,0.006954665523421246,0.4627762694967248,0.12922005107223303,0.8632428918710288,0.4062477960222176,0.5757688650403094,5.703022630935054,8096.120603019203,0.0068,0.047337968055841693,0.47106441874928495,0.0,0.0064,0.0,0.17041573151943257,0.0,3.1156973405317828e-15,2.3812224919145757e-15,0.02046208014346399,0.015058840878856441,1.0
liquidity_stress,20261101,0.00020398049450791867,0.0373434940005172,-0.13800031819576575,0.21096039387761115,0.04414074255986032,0.322080475317002,0.3291567238348812,0.1751389543038674,-0.010193253332744503,5.888663361485335,0.5664784199415164,0.9319762423032347,0.4776676698376179,0.5503957496401849,19.123213522324527,2348.8593985589428,0.02,0.10017864468646995,0.4064769373550986,0.0,0.0668,0.0,0.32561440556530563,0.0,2.4383718317205256e-15,2.248932353474877e-15,-0.4529477116960077,0.018213612357789094,1.0
liquidity_stress,20261102,0.0005597377491008413,0.036941258448625426,-0.05089047400952257,0.13871911974142204,0.04033751400687154,0.3612137357594809,0.33757134634517133,0.2303176551034919,0.05107413164561937,3.927456460167516,0.5294160019473185,0.9464767017716541,0.5361574407947276,0.5548216322854598,19.78611908825132,1262.059024257318,0.018,0.17244464935145828,0.3877889398681278,0.0004,0.0676,0.0,0.3506729179634389,0.0,4.3348832563920454e-15,3.836414014751261e-15,0.01999160449250752,0.014673106556700899,1.0
liquidity_stress,20261103,0.00013979578323850212,0.034960516672969066,-0.18983000897274607,0.18983000897274607,0.043651022305662215,0.3485330648228089,0.2998934759868262,0.15849799852454108,-0.03130259492174766,4.283332712420079,0.505048031958085,0.9179843964700942,0.36791173731636356,0.6012041905716375,19.51849147650907,3600.919496462366,0.018,0.027286458720043563,0.36008867239997155,0.0032,0.0592,0.0,0.3346485964438357,1.0,2.980232238769531e-15,5.0270252607085486e-15,-0.03846854902683438,0.048399256153027224,1.0
liquidity_stress,20261104,-1.0004905774832196e-05,0.03654643757476358,-0.15067878731234594,0.15632475528123854,0.03899722508222332,0.35122970475426646,0.31763185100767355,0.17881906710150863,-0.042908814583182485,4.014710634632243,0.5155669032293582,0.9198076772977448,0.43233986476058506,0.5845736229695228,19.891173681084663,1862.3726754553788,0.0164,0.05637289940464682,0.5476643534854235,0.0008,0.066,0.0,0.33155105380397587,0.0,2.4383718317205256e-15,5.953056229786439e-15,-0.229480740950985,0.012378123519195788,1.0
liquidity_stress,20261105,0.0005196472085577177,0.03725896021098712,-0.09650765147105367,0.23820918868208107,0.06398723125424327,0.3605265707927573,0.3669563992856846,0.18064515659254826,-0.01787040089357767,5.509166704441901,0.5501741306598101,0.9415611788494229,0.445242314679458,0.5609191737293003,18.891707724394124,5006.256387425025,0.0228,0.045732152265337084,0.46382703512955503,0.0504,0.0624,0.0,0.3116317204536414,0.0,3.251162442294034e-15,3.042673184113069e-15,0.032905885359758705,-0.010431463115562834,1.0
liquidity_stress,20261106,0.00042614758350533355,0.03976867173026688,-0.15074143466140116,0.16591592796387442,0.03407182932141264,0.36927227975253407,0.33120230446264415,0.20511148590162473,-0.018510772763144386,4.906793861186292,0.4894109935021932,0.9395833237162261,0.4133264359263282,0.5957151162798223,19.665653187162995,2113.610148209552,0.0192,0.05371468573807424,0.559836403010606,0.0036,0.0704,0.0,0.3433216478123853,0.0,3.251162442294034e-15,1.98435207659548e-15,-0.23642527773233965,0.07718626792769172,1.0
liquidity_stress,20261107,0.0003093393408161546,0.03545370533803418,-0.14793258805704446,0.17853462320109123,0.03832162711912594,0.368947160706648,0.3116042899253865,0.18053038345357503,-0.0009639023976876839,4.570780486389508,0.5129421713601129,0.9480297643037904,0.49727222910418817,0.5384501831985963,19.035579729309646,2098.577277852657,0.02,0.14354161068273916,0.3648790893916476,0.0004,0.0624,0.0,0.34047067531726216,0.0,3.251162442294034e-15,2.645802768793973e-15,-0.2086751037075854,0.06482872964750892,1.0
liquidity_stress,20261108,-0.00010363230220688174,0.0353550150468634,-0.11176086076914615,0.18007217542070156,0.03878075043073625,0.4075499510872074,0.39345328928199313,0.1941736057668703,0.001558197253962758,4.844949798116856,0.6098812768694956,0.8995911822096729,0.5086868663275065,0.5497422068519086,18.380675253188603,5772.537010964345,0.0212,0.05101595748033657,0.6297960459479692,0.0584,0.0604,0.0,0.3671171745305408,0.0,1.0837208140980114e-15,3.042673184113069e-15,0.2200615391426983,-0.00011759091750814726,1.0
liquidity_stress,20261109,0.0002659336997933487,0.03509335658063769,-0.1368502852396044,0.1368502852396044,0.03309167049633124,0.3667471107943214,0.33807650526523,0.18173329449182177,0.005213671957672058,4.623856070521292,0.560117271759279,0.9267337580941089,0.43419844652612427,0.5656313591590291,18.95778843352577,3070.943273549576,0.0212,0.02955250820220313,0.4587472720862006,0.004,0.0584,0.0,0.3401782963076798,0.0,1.3546510176225143e-15,2.5135126303542743e-15,-0.12742801317414865,-0.00016369819642172694,1.0
liquidity_stress,20261110,0.000603837209278187,0.03643378364191073,-0.2011525192768469,0.2011525192768469,0.04963770834893764,0.39084091582365305,0.32340001708357907,0.22730529661623539,-0.03614746610709439,5.797937252755899,0.4758700261271339,0.9519626486182992,0.4228787768966776,0.5749857827143166,19.034838424326757,3122.485200847838,0.0192,0.03683294933310117,0.3352510285101695,0.022,0.06,0.0,0.32205378197816126,0.0,2.980232238769531e-15,3.3072534609924663e-15,-0.25972414426618096,0.01339546362083583,1.0
liquidity_stress,20261111,0.0005270875970301862,0.03803515528850017,-0.20729602833165195,0.20729602833165195,0.03871174219144674,0.42954308674189096,0.35363651743290675,0.17706969601637956,0.015615580499136144,5.047444850519808,0.48426163785878923,0.9556215195143188,0.39110895183164934,0.5758915698152045,18.91804310466883,2860.9182899417824,0.0196,0.029660143497134674,0.3603565362901475,0.0108,0.0696,0.0,0.3129900666968275,0.0,3.7930228493430395e-15,3.1749633225527677e-15,-0.010405713340137936,0.038345949389726054,1.0
liquidity_stress,20261112,0.0003272095592075807,0.03504883761579252,-0.14728446197061723,0.14728446197061723,0.043412748702798314,0.37148531678813335,0.3217187315930932,0.1486297557211139,-0.011468247418234158,4.072912643643518,0.5199645785628205,0.9144373927632758,0.4551590697636666,0.5770010722128016,19.276650069854206,6381.723527397267,0.0188,0.06975118925358537,0.503316506031979,0.1776,0.06,0.0,0.3209004322172879,0.0,3.3866275440562853e-15,1.8520619381557813e-15,-0.03756923178257313,-0.02362198725894689,1.0
liquidity_stress,20261113,1.6998615933033533e-06,0.0378543822698139,-0.10705471283963776,0.1473859380261935,0.03865801186888322,0.35775499743706385,0.347095417314057,0.25014047896737934,0.08869331350001844,3.9368690092409553,0.5586699758219754,0.899426015509961,0.4154450935803084,0.5957338583883061,20.177765512861104,2616.727621972849,0.0176,0.0502787321612002,0.5067265651552888,0.0,0.072,0.0,0.33973152409706664,0.0,2.7093020352450286e-15,1.5874816612763839e-15,-0.2060375102103574,-0.011352202777517726,1.0
liquidity_stress,20261114,0.0003408467652209023,0.037242442524664666,-0.22778226807178187,0.22778226807178187,0.04791925196489022,0.41016568643159845,0.3355432203259257,0.21433638442891237,0.030134303475505,5.024727674840639,0.5480027362236854,0.9402078418805024,0.4050677202318881,0.5710993262462706,19.108927585531728,3194.462960720073,0.0168,0.03101148444018787,0.4740454650395841,0.0188,0.0644,0.0,0.3193314032419323,0.0,4.063953052867543e-15,4.233284430070357e-15,0.11901405001919227,-0.004259173905477467,1.0
liquidity_stress,20261115,0.0003263007660501579,0.036677804098050444,-0.1468875704357804,0.1468875704357804,0.03548283233944376,0.32823851469272985,0.2964558401628317,0.16027346823335187,0.019553974806512935,4.646762414651454,0.49820594910008703,0.9232470506142387,0.45393694648203964,0.5855749756989378,20.264455971201116,1942.7913870616137,0.0184,0.08904076444194714,0.521715456480211,0.0004,0.0652,0.0,0.33746376274382617,0.0,3.7930228493430395e-15,1.98435207659548e-15,-0.3648884624532262,0.012962294224196348,1.0
liquidity_stress,20261116,0.0005768647938367579,0.03699515621921391,-0.10841606658611452,0.18222765356715667,0.0347028071236775,0.386017495472719,0.3516505399542238,0.20512930621348607,-0.005065892846413283,4.613128435803615,0.5442302829535399,0.9476328723413707,0.4732600302405154,0.5680368974675879,19.50697958568241,1840.394448702796,0.0212,0.09875537102876535,0.4271699757221422,0.0016,0.0688,0.0,0.35766342513103777,0.0,1.3546510176225143e-15,1.3229013843969864e-15,-0.11588835929907286,0.012111533041185386,1.0
liquidity_stress,20261117,0.0006197332434009862,0.0364402530991049,-0.105401306057086,0.1960834910589973,0.03419281491434058,0.3631053767303613,0.34227305375370853,0.18201597772491424,0.01200249423646649,3.5959273490076376,0.5038127493251275,0.9540165371088086,0.4575396700718986,0.5723721363287123,19.698982818566414,1473.6958985867043,0.02,0.14826606274807821,0.30650652101608067,0.002,0.0632,0.0,0.3330868596243959,0.0,3.928487951105291e-15,1.8520619381557813e-15,0.07262485106449879,0.020019797616127443,1.0
liquidity_stress,20261118,0.00038661117750977676,0.03684721760016071,-0.118526754402046,0.1689273087723763,0.03780644554652202,0.3272939233688928,0.31564233627395655,0.14146774069124202,0.050226363685073785,3.249909745951678,0.4796512184660656,0.947174892520041,0.4269187049459019,0.6003990970479928,19.793430860932318,2769.8903154300665,0.02,0.05303457786060028,0.3819469157061903,0.0104,0.0704,0.0,0.3446648168869384,0.0,4.605813459916548e-15,2.645802768793973e-15,-0.03571065151678293,0.02726986656194136,1.0
liquidity_stress,20261119,0.00046201769569448494,0.03643414712000252,-0.12754584119799287,0.20891522664306594,0.03230667141174365,0.37880679406130363,0.3817387595471768,0.16491412741232117,-0.07896888837545722,3.9518828838674933,0.505113719928569,0.9445846868223806,0.4925829330982236,0.5583399211765845,18.95713546495912,2536.1185375757077,0.0188,0.08397043707717011,0.35521192377030375,0.0016,0.066,0.0,0.350105794323317,0.0,2.4383718317205256e-15,3.1749633225527677e-15,-0.2750292919411023,0.0241865540572133,1.0
liquidity_stress,20261120,0.00035448001295010877,0.03759333951923477,-0.1603519973902215,0.1603519973902215,0.04224244087765872,0.3113476429306398,0.3518720893278901,0.1663870766312689,0.021350441970443265,4.23008506117065,0.4890253898504349,0.9454863558084751,0.4201508622753229,0.5937595970843921,19.941870530623024,2858.7958437464345,0.0188,0.059409532746369995,0.49737742406340557,0.0012,0.0712,0.0,0.33525862431908804,0.0,1.7610463229092685e-15,2.3812224919145757e-15,-0.00764842815718344,0.007713729470562676,1.0
concentrated_wealth,20261101,0.0002309535390170648,0.023426796872089744,-0.03911141241632265,0.19014229100621258,0.03439101987655859,0.2113966637820534,0.2322513768288907,0.09211952757922054,-0.06485558038581188,1.769484715688531,0.3896259792114039,0.8346592411516139,0.42366182734810165,0.5717612092654333,7.264023119848724,5412.286854258395,0.0116,0.05835342653105661,0.40058073691048524,0.0,0.0216,0.0,0.600618118706088,0.0,1.625581221147017e-15,2.5135126303542743e-15,-0.20274264188076996,0.03332060835587245,1.0
concentrated_wealth,20261102,0.0006250922625467513,0.02200701006052247,-0.04570377102202923,0.13099493503022933,0.03627374602774894,0.21574271445140691,0.18147010115987575,0.04148834938000436,-0.01604763889068444,1.4207341600937333,0.2034562007787967,0.8944426592289981,0.4018213638890158,0.5823083929571977,7.174998548255445,2787.812418579054,0.0088,0.039024914875150966,0.37229488607404737,0.0,0.0144,0.0,0.5664333430331054,0.0,3.3866275440562853e-15,3.7041238763115625e-15,0.036126866116219174,-0.025425879333801395,1.0
concentrated_wealth,20261103,0.00016922787650311514,0.02279641550323793,-0.06598933848800667,0.10811146431147617,0.03116078967791335,0.2555289668749964,0.20213647339360294,0.05132618879175006,-0.09038581559238261,1.8140827881143782,0.3424951716897847,0.8476765705701953,0.4169522384572857,0.5859722579442761,7.144933952795508,8779.68868328067,0.0088,0.024613307429370068,0.337262891435231,0.0004,0.0176,0.0,0.5697163245668366,0.0,2.4383718317205256e-15,1.7197717997160825e-15,0.040212315038261705,-0.013331244269889615,1.0
concentrated_wealth,20261104,-3.5555766866355752e-06,0.02328852255396577,-0.041526207446659295,0.15608991795549035,0.03111540000667134,0.19489525246084669,0.21691430197152725,0.1131594321561155,-0.05840384848687673,2.5520414810853493,0.365106704663321,0.8512333634379736,0.42579246371347795,0.5602724722034396,7.169086679151457,4783.3593733754,0.0128,0.048984366635900584,0.5070729955528698,0.0,0.02,0.0,0.5770912036666505,0.0,2.302906729958274e-15,2.778092907233672e-15,-0.0247813893535106,-0.0013876885306219277,1.0
concentrated_wealth,20261105,0.0004722085745259569,0.021775096624321255,-0.07718782535171852,0.14563782656404134,0.03424540643125862,0.21392367376248594,0.19840099804145542,0.08323551392840665,-0.04533312215811213,1.7396146176890266,0.2895725918503707,0.8847328983356482,0.3843294769390088,0.5769077738322709,7.195735398628235,11852.678011623388,0.0104,0.023483166865884874,0.4236804985148932,0.0016,0.0176,0.0,0.5808793837470467,0.0,2.302906729958274e-15,1.8520619381557813e-15,-0.15007990182890485,0.032510355934084204,1.0
concentrated_wealth,20261106,0.0004059007415976094,0.02310875737441957,-0.049353083630607655,0.15808434469210592,0.03730706510815892,0.2376309224060557,0.21699793224914024,0.08044260874682455,-0.05092122862095754,2.923867123956799,0.29533194684731195,0.885825298751179,0.4245716045185445,0.5606517868763975,7.179172749882315,5081.134271251045,0.0124,0.05670364896295404,0.4690224383755416,0.0,0.0172,0.0,0.5603261116124667,0.0,1.2191859158602628e-15,1.5874816612763839e-15,0.031014142032439258,0.050556670775320826,1.0
concentrated_wealth,20261107,0.0003759014412172643,0.023340929595553842,-0.05637182201597606,0.17048346821423,0.03013623506840151,0.21450926658745434,0.18711661080304823,0.08044923474426757,-0.05005960657318757,2.4165212835802388,0.26873536068620196,0.8805353432088857,0.4185213837899617,0.5790677153296615,7.231529652333469,5167.448908938878,0.0136,0.14040898761872717,0.30391011704241366,0.0,0.0188,0.0,0.5737719454155112,0.0,2.7093020352450286e-15,4.89473512226885e-15,-0.1474126587337991,0.025413840434408773,1.0
concentrated_wealth,20261108,-6.991190868236323e-05,0.02124152261518674,-0.016739365856254115,0.12718582547933846,0.02779925015803574,0.23022797902741973,0.23189986764807263,0.06417827685690945,-0.04008632645881507,1.8485986255982993,0.3604034319801986,0.8182276896564411,0.43545907031400416,0.5773108488587451,7.1437679233161155,13413.611744475347,0.012,0.04667840251767554,0.5864287491236397,0.0536,0.0128,0.0,0.578714555913449,0.0,3.3866275440562853e-15,1.98435207659548e-15,0.17335607213894824,-0.019660571284200734,1.0
concentrated_wealth,20261109,0.00024056899301455736,0.022313226729781897,-0.027780381182561806,0.11533239871587588,0.02650625136232524,0.18697653503440553,0.1709362720260395,0.057429373132223946,-0.04359354884342686,2.567608664154543,0.3513387341437169,0.8338177836519985,0.44375840434857006,0.5517484967836419,7.163696427479224,7005.794496042203,0.0124,0.04437958373285439,0.42724468625686707,0.0268,0.0192,0.0,0.5874311833872885,0.0,1.4901161193847656e-15,3.5718337378718635e-15,-0.21389305623402188,-0.01834619884110492,1.0
concentrated_wealth,20261110,0.0006337987954470727,0.022810568950930244,-0.09171017944063901,0.15044520144912793,0.036279484542525504,0.2339685821799593,0.2213970916110639,0.07376211161705204,-0.07043936284754976,3.5618174596329872,0.27101050131560345,0.9238095388220808,0.4053076489740287,0.5709961560181334,7.0964358701565144,7344.361327905971,0.0124,0.023723276684293335,0.29865488191178924,0.0004,0.0184,0.0,0.5626530288918972,0.0,3.251162442294034e-15,2.645802768793973e-15,-0.2577140115208088,0.004727407643217712,1.0
concentrated_wealth,20261111,0.0005394404176081899,0.02152933461095084,-0.0945952082499146,0.12277142847486769,0.028505537561223725,0.2022715312285413,0.1722221048727421,0.031933591876651304,-0.03654281910122919,1.7714450936688761,0.18309995659794343,0.907846755495665,0.398126875909172,0.5714575949064695,7.086833464944471,6661.672888621357,0.0104,0.027536884257609053,0.31440227177984037,0.0,0.0144,0.0,0.5501813574762515,0.0,4.7412785616788e-15,1.98435207659548e-15,0.07213018597247534,-0.007823532634266385,1.0
concentrated_wealth,20261112,0.00031744673464282334,0.021666566841181144,-0.05179051037556286,0.1380832747972888,0.03248710583373923,0.20986179787748252,0.21324926416671947,0.06709557003833656,-0.008879054205615154,2.199692044466171,0.32448098388847735,0.8414474579017105,0.4481358300931624,0.5547021079353593,7.155947828414747,15499.797829450017,0.0104,0.0802889115570766,0.43037869804401885,0.296,0.0172,0.0,0.5512059151911934,0.0,2.302906729958274e-15,2.248932353474877e-15,0.07447758184873651,0.019051114071407613,1.0
concentrated_wealth,20261113,6.851725134635345e-06,0.022616919531542705,-0.00010460684028512368,0.15045266326565104,0.03461403809036386,0.2026460548602244,0.22029847031705985,0.046853944227551826,-0.04526096204857594,1.087094260625685,0.36078597691675124,0.8043813271806207,0.4333843003028954,0.5836810472315748,7.246271620775308,6755.541857312543,0.0076,0.07198117635293773,0.48619244979004117,0.0,0.0164,0.0,0.5718226262702073,0.0,4.3348832563920454e-15,1.5874816612763839e-15,0.024578583654670607,-0.016145783701108862,1.0
concentrated_wealth,20261114,0.0003498031632399968,0.02320638244685265,-0.07043082969793436,0.14701340022881917,0.04054566221791397,0.2624387987523705,0.250806332402163,0.11308105434892468,-0.047390035352690346,2.7195119610577763,0.3649236597646566,0.8789483524611788,0.4062178800169344,0.5572922981725462,7.189197748100971,8058.21382846526,0.0132,0.05136314860249024,0.38524260094418816,0.0,0.02,0.0,0.5709832369878607,0.0,2.7093020352450286e-15,3.5718337378718635e-15,0.042653943754931437,0.005430960266102055,1.0
concentrated_wealth,20261115,0.000381658311049722,0.021631727364486514,-0.015529907471678631,0.11221517335165163,0.02847936467883868,0.11121843624894502,0.13198011403036397,0.004945355456539973,-0.042443868628907255,1.5281089956291627,0.26910568085039244,0.8193071826633032,0.4414647507468616,0.5671998395034715,7.074794228274097,5137.704777876225,0.0108,0.11780905157200545,0.48323403167987733,0.0,0.0168,0.0,0.5753635434112374,0.0,2.980232238769531e-15,6.614506921984933e-15,-0.3149539144783273,0.0060120399956357425,1.0
concentrated_wealth,20261116,0.0006286536634541981,0.02156962288925152,-0.01949027454264698,0.10606515005980421,0.028927231245231843,0.19138361640677193,0.21940249674857737,0.06312097659336569,-0.03265573436314456,1.3631426035012755,0.289909528524167,0.8856656657116009,0.43120390736651026,0.5722428265050291,7.11718425445964,4418.396714971896,0.0112,0.06578655778980927,0.3948024109839421,0.0,0.0132,0.0,0.5783043419551628,0.0,4.605813459916548e-15,1.5874816612763839e-15,0.05352900693307207,0.01567392928822617,1.0
concentrated_wealth,20261117,0.0007190791803019178,0.023345396459461012,-0.039089799185969824,0.16492535715603449,0.03365247823945109,0.2565821829217741,0.22707206785413594,0.044229141638719695,-0.05571178681911685,2.5937784396521737,0.26488609949642883,0.9032536915215402,0.4175062651210768,0.573267084878759,7.195309052664808,3459.3131144068957,0.0136,0.06312290552047747,0.2911134415822627,0.0,0.0176,0.0,0.5748949973586448,0.0,2.980232238769531e-15,1.4551915228366853e-15,0.017558702150693797,0.044183049817102436,1.0
concentrated_wealth,20261118,0.00041077108623536915,0.023181403149161065,-0.060429248690549074,0.14631021310772907,0.03047297735257513,0.23909077591087757,0.2555630236998981,0.03726543576223161,-0.05823490174789908,3.7689651326667404,0.27741151227850075,0.9046245611998983,0.431889200229872,0.563611559648653,7.126171763344403,7038.560012713572,0.0132,0.049755832841534745,0.3973318067520729,0.0,0.02,0.0,0.5904104773113987,0.0,1.7610463229092685e-15,2.778092907233672e-15,-0.06744568612375115,0.04685638979609695,1.0
concentrated_wealth,20261119,0.0004989393785308991,0.02127901746293134,-0.06419914911618968,0.16872930118747803,0.02917810528052083,0.2077447509401877,0.2593572258420512,0.01727204118970125,-0.05415894311399332,2.4190557633505687,0.29492747465330776,0.892948683940881,0.42403178604309183,0.5651201010943604,7.067572150764652,5880.2278746858765,0.0096,0.043905021557907035,0.29783560557032096,0.0,0.014,0.0,0.5722059248990283,0.0,1.625581221147017e-15,3.1749633225527677e-15,-0.10635868795634304,0.010249423509457544,1.0
concentrated_wealth,20261120,0.000369704910786027,0.022407645522104905,-0.04862202144529262,0.15404424033358363,0.03399356565846105,0.1783035059089595,0.21308033408140423,0.0339284018367785,-0.05140599812642886,3.0982056315369713,0.25213285810706293,0.8815041242572766,0.41409962019481245,0.5651551558971862,7.15268761876181,6905.66680542916,0.01,0.0389677580857386,0.4824618942179235,0.0,0.0172,0.0,0.5628517910701134,0.0,3.522092645818537e-15,2.645802768793973e-15,-0.047454492986233186,0.02182119560399795,1.0
garch_t_control,20261101,0.0006006437828030154,0.02071841661758977,-0.0863544560730069,0.13992078877758352,0.03944873797084954,0.3244054840279474,0.3540753758423968,0.21118438158481473,-0.024204710918015942,4.223191125085752,0.39794524885443733,0.9190407555573925,0.4698292056278703,0.5718058078227855,7.227960262331813,4377.353899184354,0.0148,0.04070594072898666,0.28489819782976766,0.0,0.016,0.0,0.1898060775127477,0.0,2.84476713700728e-15,3.439543599432165e-15,-0.19881701992301345,0.030526281486135308,1.0
garch_t_control,20261102,0.0005593865504663335,0.02100459167846265,-0.041114304055993645,0.14761068173892503,0.036715224910668545,0.3178855727938946,0.3703886492310324,0.17033939723583694,-0.06379905043509793,3.741172404168587,0.40360966771688545,0.9188688081857602,0.45757995977970606,0.5521491711660351,7.245464049490343,2689.797804728827,0.0152,0.10104330332005684,0.2511530387697197,0.0,0.0168,0.0,0.20312576423949524,0.0,3.522092645818537e-15,1.98435207659548e-15,0.18736351257776576,-0.0029802742401211792,1.0
garch_t_control,20261103,0.0002251694021633643,0.02167625785653891,-0.09070982301237339,0.1285497167755868,0.03755648644934136,0.32349637334137865,0.36716850842668963,0.11022558369955972,-0.0918975939479839,4.2995183925882925,0.44347948058581227,0.9052246595128828,0.46061505599779773,0.548179481216993,7.185350345817945,11487.151562252697,0.0172,0.05066414452913871,0.3300254005788128,0.03,0.0208,0.0,0.20174315275416732,0.0,3.657557747580788e-15,2.645802768793973e-15,-0.38968860845681136,-0.030893610464582416,1.0
garch_t_control,20261104,0.00037963462380232257,0.020752828302881172,-0.001542660608623817,0.15789021703461037,0.02755777567609822,0.3170678468436208,0.25967791834147524,0.16581984189821522,-0.009044104127823157,3.695476846218761,0.2634368046006567,0.9111648052380668,0.47171858389926685,0.523492266699911,7.094869181305167,5971.550565961773,0.0136,0.09046307443065187,0.3830844311304632,0.0,0.0148,0.0,0.20677364141558052,0.0,2.7093020352450286e-15,2.9103830456733705e-15,-0.14493200054690006,-0.0008522039669908408,1.0
garch_t_control,20261105,0.0004781100143000483,0.023318580701996355,-0.05098241683603986,0.20220819264091427,0.0351965996772259,0.3210481413868833,0.34621562117212096,0.12529490200476096,-0.0455707168551611,5.522838167852022,0.44963732401926837,0.9106212516268418,0.45772595737450117,0.5115284445118421,7.183926442491208,7410.246671618614,0.0204,0.057958969366909745,0.41794991772339274,0.0324,0.0248,0.0,0.1723405687983497,0.0,2.0319765264337714e-15,2.645802768793973e-15,-0.04655638120808295,0.013260300608064289,1.0
garch_t_control,20261106,0.000638570023810339,0.02420011406059027,-0.07165819725721699,0.08789988793744417,0.03412062008494513,0.3951884157984465,0.33944091795954856,0.1789819044953113,0.04223766432524268,9.517507527400754,0.4340476922403484,0.9281639350586014,0.4812878935627124,0.4890722877773341,7.195053632895386,6419.427562908917,0.0188,0.04258615515183661,0.4867281423512706,0.0,0.0268,0.0,0.20951775167520448,0.0,3.1156973405317828e-15,1.98435207659548e-15,-0.618173830357373,0.06146028123759631,1.0
garch_t_control,20261107,0.0007977142630651336,0.022263663280764182,-0.06704983009470922,0.12373216712193935,0.03150638491151084,0.32070437385341855,0.3104284110964391,0.19629036684902534,0.013046318551263638,5.382699352103128,0.30332483096684737,0.9358600791712297,0.4651307306350732,0.5064214229996125,7.25480736208802,4225.2029799042475,0.0188,0.11501030919559525,0.26250616500350343,0.0,0.0232,0.0,0.2156564984144862,0.0,1.3546510176225143e-15,3.96870415319096e-15,0.10079638081003518,-0.005645189368535114,1.0
garch_t_control,20261108,0.00027486330792064317,0.021382435466495375,-0.05244815454640858,0.14976574565142595,0.038893448755022306,0.35089384158760945,0.35040196764528364,0.18419172494595706,-0.04064860013644518,4.955472182152155,0.39609676536455407,0.9110233852502498,0.46759682743178566,0.5372490325938076,7.207336190026425,6406.191269871867,0.0188,0.01817688584770704,0.4219098405023761,0.0024,0.0196,0.0,0.18030322733229487,0.0,1.8965114246715198e-15,2.645802768793973e-15,0.10336030365320062,-0.025843351394923626,1.0
garch_t_control,20261109,0.0005573825966294674,0.021874207226308073,-0.08627449781486758,0.1306742126977341,0.03705890692381451,0.2831482445380762,0.3284631229344015,0.15916866232388321,-0.07383886563452996,4.524576753987306,0.39881924789132184,0.9185899523670771,0.4597007722725951,0.536187719062219,7.259747987522388,7158.5296164240035,0.0172,0.03331814460928223,0.3094633749095447,0.0064,0.0188,0.0,0.18190541639500113,0.0,2.4383718317205256e-15,3.96870415319096e-15,-0.12637610141310268,-0.003407291103373756,1.0
garch_t_control,20261110,0.0003906968121529818,0.02329734455822673,-0.10051010423875137,0.11336684351186721,0.04235817171161617,0.34996887799849385,0.3884709299625591,0.1658558326337858,-0.0391538017665443,4.8604968286319465,0.4699670781897845,0.9167938022715637,0.4713424957707749,0.4899643156086111,7.239032446742227,6546.191643059796,0.0196,0.05641378601174288,0.2819495039318404,0.0268,0.0256,0.0,0.15626091790268415,0.0,3.522092645818537e-15,3.96870415319096e-15,-0.19824018532384116,0.0366790906494051,1.0
garch_t_control,20261111,0.00034623853748321984,0.021491270194364993,-0.07496116403820748,0.12641836183508315,0.0309157361360116,0.3153141354083151,0.2942732595400737,0.1376477296723673,-0.05776363257099125,9.590778823693356,0.4656783231469091,0.9060460122301184,0.457913239432233,0.5220788830253329,7.139288460758419,8592.906837826944,0.0184,0.028876775660004215,0.36060197114515524,0.0,0.02,0.0,0.19253223622340387,0.0,2.4383718317205256e-15,2.1166422150351785e-15,0.3786144496850344,-0.003810073190363912,1.0
garch_t_control,20261112,0.00011853504735757277,0.02193931482439984,-0.04952339251009391,0.14640592362625954,0.04987520499024046,0.382438813916057,0.3746182016521353,0.19608374311638185,-0.07211977504216034,6.41231643164976,0.5558926081052301,0.9091150886062292,0.45867984721035654,0.5380948833620233,7.239527488733015,11688.207298398089,0.0176,0.022262994646555265,0.31423906761266185,0.0036,0.0248,0.0,0.19313317944707875,0.0,1.625581221147017e-15,2.3812224919145757e-15,-0.12788945883785435,-0.01237582465651897,1.0
garch_t_control,20261113,0.0005432890607222386,0.0212225478697228,-0.004198441424358254,0.16922005357280995,0.0335093708289551,0.3155914075567938,0.3277538887162965,0.17085506561231792,-0.05872290580770694,3.8591626789388362,0.3434793106616067,0.9177510310661198,0.489408654044735,0.5409746407314889,7.230890111515183,6624.206097887671,0.0172,0.12933667601280782,0.2687388051537668,0.0,0.02,0.0,0.2079233438051291,0.0,3.1156973405317828e-15,3.3072534609924663e-15,-0.004392038898678777,0.025232278800832977,1.0
garch_t_control,20261114,0.00038719483525162095,0.0213050100846641,-0.03031185443433069,0.12989632481462265,0.04682460108623329,0.3524607710755945,0.36600419794185024,0.19867831041352535,-0.08345616158290803,5.3974308948939935,0.45424037967856873,0.929134823167491,0.4957762663828191,0.5164874053090056,7.108551881714188,4470.142112203477,0.0232,0.13724299831157352,0.336553376912353,0.0,0.0208,0.0,0.20828346035310208,0.0,4.876743663441051e-15,4.89473512226885e-15,-0.05875890844655531,0.020598324848407026,1.0
garch_t_control,20261115,0.00026571732038638453,0.02455453872354415,-0.1519740102205485,0.17500292773979675,0.058972044775556606,0.4685137285393548,0.4243135900312668,0.2622534293790655,-0.004953717942133995,10.354884602309793,0.32906033731926493,0.9242943894034361,0.479515065767192,0.47437869517332737,7.3730105775395245,5622.633933408191,0.0232,0.02346777696869929,0.604725663589186,0.0008,0.028,0.0,0.1847294268528723,0.0,3.3866275440562853e-15,2.3812224919145757e-15,-0.03630151516674512,0.026023162647022986,1.0
garch_t_control,20261116,0.0001559040246612426,0.024312639706209997,-0.021752695973775375,0.11109860017695268,0.03657172088151023,0.36639104588034366,0.35210483457039865,0.21795017920806264,0.0014633027036320342,13.96265098573572,0.48968303269629493,0.8864112090827136,0.5031724118131807,0.48663839977531986,7.356092515213618,3446.6910890721992,0.0164,0.19215826010660267,0.5131970581472078,0.0,0.0228,0.0,0.21941057889489146,0.0,1.0837208140980114e-15,5.1593153991482476e-15,0.4254068719657742,0.01676747331670098,1.0
garch_t_control,20261117,5.568743270944303e-05,0.022527769147459333,-0.09898190444515763,0.11950308720393081,0.03911298010863151,0.36138173021812187,0.34140969805787,0.1765016446871207,-0.053396059468244945,4.98368440616072,0.5016036575068189,0.8971477503304057,0.4693901337147725,0.5259130606287078,7.212595328191138,5964.473848936933,0.0184,0.02991631600709528,0.5388598487704077,0.0,0.0224,0.0,0.2044457313409953,0.0,2.573836933482777e-15,2.645802768793973e-15,-0.08001836635728254,0.014646949300968552,1.0
garch_t_control,20261118,-0.00025881185164063823,0.030473942496123528,0.16134735648340756,0.16134735648340756,0.045747683216349276,0.4790568504832983,0.4455440525652878,0.2788316142390995,0.14456545460748577,31.32930908437568,0.23803671367891813,0.9314140001619062,0.5097869858600426,0.36106112702162446,7.258530394128181,10692.576746859357,0.0156,0.10986666123805348,0.910428910268052,0.0,0.0312,0.0,0.2255070178968117,0.0,4.3348832563920454e-15,1.98435207659548e-15,-1.4495909769623327,-0.06996654986397767,1.0
garch_t_control,20261119,0.0001816339487219487,0.03384587805065069,0.031171125757801524,0.1279256855557488,0.04543210274265755,0.5279910556980044,0.4215134300733343,0.3775248746425055,0.190004827295515,24.866198867899524,0.25851126124926616,0.8955566083365686,0.5198075840345653,0.32663361178433925,7.3889902316845735,3201.9208851007434,0.02,0.15244873437281306,0.7802069928840898,0.0,0.0392,0.0,0.18776092282223167,0.0,2.573836933482777e-15,2.9103830456733705e-15,-0.14614766096710843,0.011595926698503557,1.0
garch_t_control,20261120,0.00046708860358858216,0.022638316178867753,-0.054025652238679764,0.16256395343419447,0.035809900944235695,0.3365377708822318,0.35410984300293585,0.1693259335525007,-0.009493095626258127,4.825820373981562,0.36349240107340325,0.9253964130944444,0.4606780909851414,0.5237176318534384,7.154928563427635,7266.87951095863,0.0184,0.0662235105316914,0.5290905604685949,0.0,0.0252,0.0,0.19739835462381827,0.0,2.4383718317205256e-15,1.7197717997160825e-15,0.0405087868782143,-0.01811862769708187,1.0
logit_learning,20261101,0.0002676718959294284,0.02871429751010502,0.08010984700553955,0.2743663439196201,0.04298811451249355,0.32330052010342825,0.3306172636594527,0.16683492967754657,-0.08780890935498284,3.514874908647175,0.47202082520425137,0.8598654580380433,0.512102985745829,0.556567595976908,7.5107779190378965,5256.251921891987,0.0176,0.03426265997379898,0.42222142619220093,0.0024,0.0404,6300.0,0.2194967922189892,0.0,3.522092645818537e-15,1.5874816612763839e-15,-0.1741987548075306,-0.006747588883283012,1.0
logit_learning,20261102,0.0006819899790864206,0.027442288863586795,0.09693882755096032,0.18484993429218124,0.047601556208114335,0.28068813486804195,0.24301757262186574,0.055792290792871076,-0.0276710305026779,1.5574094276324244,0.30293974739003227,0.9159451236352302,0.49236855722885275,0.6040716482139274,7.427946704191671,2618.620635586316,0.0104,0.05694789895251989,0.3981935123404804,0.1288,0.0324,6300.0,0.21048140531722503,0.0,3.3866275440562853e-15,3.042673184113069e-15,0.04726921082485692,-0.04442709154320509,1.0
logit_learning,20261103,0.0001624081807565819,0.02544568056662407,0.06665957147298505,0.17332646224004883,0.03607519609997813,0.23621555629505883,0.22991686562514393,0.04197699015675535,-0.05455432705690774,2.005271779728874,0.39696304893446555,0.8763108548704664,0.4948886240065296,0.5999748295761987,7.248944840500847,8778.635411187666,0.0096,0.034495573642525236,0.3335733253765226,0.0044,0.0244,6300.0,0.2212985096128639,0.0,3.522092645818537e-15,2.5135126303542743e-15,-0.06270284605206984,-0.04168856333133063,1.0
logit_learning,20261104,4.007053083959704e-05,0.026921277039306184,0.08524765727197815,0.1973309589353319,0.03783213597774724,0.2566407505138247,0.24163359921872604,0.12020984481610054,-0.08485029798637449,2.557979539046972,0.4041315880544036,0.8613924701883878,0.5062678932586022,0.5598887027996062,7.4108469111503705,4744.955429601236,0.0164,0.047649252069115654,0.5396226103101519,0.0024,0.0328,6300.0,0.21132838168034906,0.0,1.8965114246715198e-15,3.3072534609924663e-15,0.03324710408096571,-0.013059384449747169,1.0
logit_learning,20261105,0.00047091631624992446,0.028788637110615335,0.009934467206492284,0.1914214805785779,0.04060355040105563,0.2689512440981945,0.293091993804949,0.13592432542259622,-0.05063995637096394,3.9313148308410444,0.4248960139265615,0.9109533758944686,0.46184881401852196,0.5871459396569043,7.515468732272214,11673.96563147889,0.0148,0.05241886803341003,0.44312421927943346,0.0576,0.0384,6300.0,0.20685978734115307,0.0,3.1156973405317828e-15,3.5718337378718635e-15,-0.14707648700184703,0.01857351330922112,1.0
logit_learning,20261106,0.00048531273498764876,0.029587822248376035,0.08279806248721587,0.21050559931719165,0.044145535214221425,0.30574950040028687,0.2831024265005345,0.13732972853869987,-0.06584432003285323,3.175584713429421,0.3827272353273629,0.903605358230855,0.5027441047433936,0.5778010671438619,7.5983997228684865,5117.203457641793,0.0148,0.052535634161523875,0.520661288247086,0.0004,0.0408,6300.0,0.20003144070404044,0.0,4.3348832563920454e-15,1.5874816612763839e-15,0.09261944832124908,-0.012220946001098567,1.0
logit_learning,20261107,0.0004293390036872012,0.02907628706109725,0.039624720486529166,0.2330867598342113,0.037230069233836725,0.32874394495921955,0.2947772798958596,0.12323388142830109,-0.05325615590107279,4.394672249151507,0.39281377023880776,0.9245964210774792,0.4869446414216156,0.5759032444445716,7.449150846283483,4927.08949889537,0.0148,0.0684619255394224,0.33280075093011696,0.0,0.038,6300.0,0.22477276730396123,0.0,2.84476713700728e-15,2.9103830456733705e-15,-0.21161920309961246,0.005356657991117166,1.0
logit_learning,20261108,1.9123292644028567e-06,0.025627963261848078,0.07628401528455774,0.1756454544769936,0.044921381669581546,0.31502263251463153,0.27266219235138833,0.10621291791420122,-0.06421425853751639,4.052398159274002,0.4573583892475467,0.8402284619796373,0.4977840517959493,0.5717159704038142,7.317270599317101,12480.110745527927,0.0156,0.12537454051922542,0.5621796614100372,0.586,0.0288,6300.0,0.18146754206018856,0.0,2.4383718317205256e-15,2.5135126303542743e-15,0.2770758980898827,-0.008588154092459945,1.0
logit_learning,20261109,0.0002451869638720016,0.026291894755401852,0.11198268052475052,0.18087887694379204,0.043285294082779716,0.25114187312118896,0.22682073971479355,0.10353878898719837,-0.03992794713863917,3.1445918991378043,0.4392480891511811,0.8557976182287055,0.5225542000786921,0.5637807659469349,7.394197908040649,7420.133795046612,0.0128,0.03040766912369393,0.44375004175124555,0.002,0.0316,6300.0,0.19433843423121377,0.0,1.4901161193847656e-15,4.497864706949754e-15,-0.17485706519556737,-0.025633709260538148,1.0
logit_learning,20261110,0.0006238148366383804,0.025415023530029147,0.05305459522811317,0.1817299198549108,0.03995677299944091,0.2369030327346863,0.2396722249992618,0.08053064716685907,-0.07848097251596002,2.6470177581043695,0.3289832770297696,0.9310209690215904,0.4876505019868882,0.587406332580411,7.255644162829372,7186.283030007107,0.0124,0.040584621767483224,0.33152006880927665,0.0292,0.0296,6300.0,0.18158868438692033,0.0,2.4383718317205256e-15,2.1166422150351785e-15,-0.14674608986731266,-0.004539034431905674,1.0
logit_learning,20261111,0.0005181520197791908,0.026714864894209652,0.028060440966619388,0.14845623634009822,0.03448884652253327,0.26940325643899177,0.2367241007853527,0.07632482336312955,-0.06615114798894986,2.52713210889487,0.288586139332455,0.9273675609902987,0.49156702353182674,0.5838014097054559,7.318615489716194,6589.837602324008,0.0152,0.03599192057629821,0.3721897676418029,0.0104,0.0336,6300.0,0.20036003888742293,0.0,3.251162442294034e-15,2.9103830456733705e-15,0.1094416040470148,-0.01479856866149771,1.0
logit_learning,20261112,0.0003237448565495871,0.02626302864181214,0.0008041301223073738,0.13478627100217797,0.0357626580051451,0.2583020967896102,0.23917175892809706,0.09596167283713995,-0.016950784992088953,3.5903649354450726,0.38343696609592837,0.8766959079677031,0.4557159805471248,0.5969609489391441,7.3743635951936,14166.392050994695,0.0108,0.16774223005562705,0.41873233233572416,0.8716,0.0332,6300.0,0.17420827329458222,0.0,4.063953052867543e-15,5.556185814467344e-15,0.16584102032968218,0.03616326518883795,1.0
logit_learning,20261113,1.5847444566198378e-05,0.027751190466072537,0.10794676825227682,0.20126725318206645,0.045943743202943185,0.28064509846498775,0.29296586401708685,0.09609481309863944,-0.05678105385922445,2.114481883291882,0.43897882684732425,0.8334766475217753,0.504665598433715,0.5911644313016962,7.518428505132168,6791.97433233952,0.0108,0.07358439730586334,0.5022630994325117,0.0,0.038,6300.0,0.21391242701698743,0.0,5.0122087652033025e-15,1.4551915228366853e-15,0.12450917398383982,-0.021330570703511426,1.0
logit_learning,20261114,0.0004040632503873002,0.026002839685217133,0.047357763433824245,0.15520508747977377,0.047975070234323396,0.3063585722954436,0.2797228273070062,0.1653687258304412,-0.04258475055258376,2.8279202317001095,0.4225868061403567,0.8995089301043698,0.48464687396881717,0.5619671857141392,7.319550262812692,8193.421465436351,0.0172,0.06376817668812637,0.3940747038235851,0.0028,0.0252,6300.0,0.1889487972310684,0.0,4.063953052867543e-15,1.3229013843969864e-15,0.07706925743633045,-0.004723417120831196,1.0
logit_learning,20261115,0.00044665760823658083,0.025591172175322044,0.10704147007643965,0.17763927638725435,0.04059683628033227,0.2047747293435265,0.21960659545341907,0.05364784510119105,-0.08279903132369193,1.5821947664447125,0.316508248533804,0.8530317455181806,0.5051579016507398,0.582409467509527,7.369014529314606,5189.642719780751,0.0124,0.12183734104034151,0.5076772325836578,0.0,0.0288,6300.0,0.20107797559119156,0.0,2.573836933482777e-15,1.4551915228366853e-15,-0.13805304620382627,-0.009682114821059174,1.0
logit_learning,20261116,0.0007236870402351073,0.026739409357535243,0.12301027281425432,0.1645904782459818,0.04215079755814558,0.2740813976855565,0.2620802623420533,0.10730605050587316,-0.03952436123933703,1.748427949272381,0.35897807878370747,0.9049426394809672,0.5214611080080993,0.5881742724907856,7.388867040275094,4371.969910052108,0.0104,0.0573183637707029,0.4016098009294695,0.0588,0.0332,6300.0,0.2050730867369457,0.0,3.1156973405317828e-15,3.439543599432165e-15,0.03203298359933245,0.013934351007908572,1.0
logit_learning,20261117,0.0008234570159692087,0.026967176911592304,0.11195059261834961,0.2375402395997383,0.04540469557231714,0.25064595797062716,0.22592617153229802,0.07674255822148986,-0.053810521732823344,2.4414187907201628,0.29809993623506914,0.9230466066731922,0.49242538400139796,0.5958030753323099,7.366598686159907,3310.1081285315645,0.0132,0.046096717251995656,0.31570376622046015,0.0108,0.0324,6300.0,0.21602449214385477,0.0,2.1674416281960227e-15,2.778092907233672e-15,0.07356822277642525,0.02346743047887834,1.0
logit_learning,20261118,0.0003908274607230105,0.027278046224722016,0.0686267312154799,0.18396738862865328,0.04139582791381798,0.2537430678364596,0.26127779232145093,0.07815664930252855,-0.07397646412440305,3.541336238882904,0.3204077068607119,0.907424819000802,0.49681670567230896,0.5809588998420997,7.396309117597768,7171.461010698183,0.014,0.07705304402933148,0.43957517961280934,0.0004,0.03,6300.0,0.19608834651182327,0.0,5.960464477539062e-15,1.1906112459572878e-15,-0.08747108506542584,0.021708148742055153,1.0
logit_learning,20261119,0.0005482600249265158,0.027155781198842276,0.07472041678049432,0.23333593824616536,0.04212118736633338,0.2448084151077717,0.28197473287287844,0.05616524136699396,-0.08656486505629885,3.224565443110598,0.3441931279153824,0.9085227025007748,0.5001521783973494,0.5970133267078993,7.423331262773521,5836.120595630635,0.0104,0.03513245231293829,0.31763479594455846,0.0036,0.0352,6300.0,0.2069731121202636,0.0,4.605813459916548e-15,4.100994291630658e-15,-0.062263086147906724,-0.01606543102116252,1.0
logit_learning,20261120,0.0003738911625128672,0.026523057570456334,0.0828395658031136,0.1841054897298445,0.044329603570969815,0.22490591480343158,0.2340379677428773,0.0854923623258648,-0.06413798219378838,2.865858712808712,0.2653545168993654,0.8858378828471045,0.47307839466835383,0.6002847687105194,7.391252039992626,6900.645511277521,0.0112,0.046851471952346124,0.5091656668929276,0.0016,0.0296,6300.0,0.19791765818460827,0.0,3.522092645818537e-15,4.365574568510055e-15,-0.010090564141302116,0.01573630739146057,1.0
