scenario,seed,mean_return,daily_volatility,return_acf_1,maximum_absolute_return_acf_1_20,mean_absolute_return_acf_1_20,absolute_return_acf_1,absolute_return_acf_5,absolute_return_acf_20,absolute_return_acf_50,excess_kurtosis,volume_absolute_return_correlation,volume_acf_1,order_flow_imbalance_acf_1,order_flow_imbalance_return_correlation,mean_spread_bps,mean_depth,three_sigma_tail_fraction,mean_absolute_log_price_gap,maximum_drawdown,bubble_day_fraction,crash_day_fraction,strategy_turnover,final_wealth_gini,price_cap_hits,maximum_cash_relative_error,maximum_share_relative_error,return_skewness,leverage_correlation,learning_fitness_alignment
full,20261101,0.00023370723812735967,0.02005206997751322,-0.0479531965439635,0.16455702462096092,0.03327283005206895,0.11442405206480442,0.1456617999442397,0.04555223086913309,-0.03299483602392628,0.840919209156676,0.2788940684057281,0.7823502816858878,0.43052393342443457,0.4942463226086401,7.066169319232502,5289.846771470311,0.0072,0.043647718775134334,0.41149649190294524,0.0,0.0112,0.0,0.20427807881739057,0.0,2.0319765264337714e-15,1.4551915228366853e-15,-0.14455016749589478,0.030243156261529753,1.0
full,20261102,0.000654331412899775,0.01970840687786351,-0.053215860862433885,0.12079921012658243,0.033357596487072386,0.17381227659139464,0.13393201442304412,0.009907029434421386,-0.011810016145155859,0.9000972398414988,0.16401828941717378,0.8907414759639314,0.4218033858130958,0.47897578611989367,7.046975913858241,2863.3249340151287,0.0064,0.061517479961265824,0.3591349637739495,0.0,0.0084,0.0,0.20066340856047082,0.0,2.0319765264337714e-15,1.98435207659548e-15,0.03555613663328229,-0.01175197313883181,1.0
full,20261103,0.0001358695268957412,0.020378143890695984,-0.05641981442603647,0.11692979035811259,0.02856433213378427,0.15372173446744022,0.12914640866591615,0.01917159549237687,-0.07000249480184012,0.6035486395910108,0.2712211217185004,0.8207660579215926,0.4098406672746656,0.5525667999016299,7.0216481670177275,8945.31531993348,0.0048,0.02455558114359948,0.33484288791694894,0.0,0.0092,0.0,0.2185159777324277,0.0,1.8965114246715198e-15,4.630154845389453e-15,0.03960414230443984,-0.0059119961308981535,1.0
full,20261104,-1.7569692944007896e-05,0.01998020453015906,-0.03434484694888754,0.14728836856332342,0.027959316257383175,0.13445266938796577,0.1526352750649027,0.07779335824909428,-0.026104002367779322,1.8275547942048433,0.26687866433262053,0.8240994006810675,0.4414443188866267,0.46477759453932593,7.008693655192171,4741.540671407099,0.0092,0.047570939090366596,0.49266179000252863,0.0,0.0104,0.0,0.19965737885171086,0.0,2.573836933482777e-15,4.630154845389453e-15,-0.07914617177250624,0.009307196222555204,1.0
full,20261105,0.00046791478123472957,0.02207753755420653,-0.0683822289806197,0.14539109111448664,0.03516680538088756,0.17771838386236744,0.16253497596668587,0.05991936716423586,-0.042345389717102846,1.7649954616764116,0.3154942158733169,0.8893368062832733,0.39404006233947436,0.5694573469349061,7.157172319781536,12130.233834257486,0.0072,0.02278694175890079,0.4295639272052587,0.0,0.018,0.0,0.2162233973119807,0.0,2.302906729958274e-15,2.9103830456733705e-15,-0.07243586049120948,0.016805284328909202,1.0
full,20261106,0.00043543353240189405,0.021244033345178694,-0.06090986049480486,0.15046829487692362,0.03645964400039674,0.1924594051934597,0.18472312284741074,0.06591537091746691,-0.03846334237936728,2.0872255941257833,0.2344664195683197,0.8798201376470157,0.42264035391646904,0.49098916845584617,7.118881414128012,5045.815126314958,0.01,0.04730720958304363,0.47794233661940855,0.0,0.012,0.0,0.1894803009746251,0.0,3.928487951105291e-15,3.7041238763115625e-15,0.06866504689047297,0.05390808546116869,1.0
full,20261107,0.0003881911189366889,0.02031000729054078,-0.08790891910966196,0.171830033357982,0.028925893553596572,0.15006183023644015,0.12853415662291037,0.03691637215946018,-0.04102939186461358,1.2322036327731007,0.19151660588544972,0.8768834058172895,0.3936497136945372,0.5176110773506387,7.04240560364994,4713.633078466928,0.0096,0.04862121565347702,0.30865996938944484,0.0,0.0108,0.0,0.19568691914384417,0.0,1.625581221147017e-15,1.7197717997160825e-15,-0.10630299095219789,0.018136925530295164,1.0
full,20261108,-0.00011426484940715724,0.020818938747113866,-0.033749899583506375,0.12354176069910527,0.026140471218252654,0.19982733656732862,0.1965710098225748,0.040154263451065486,-0.032857737420391574,1.1032750876783783,0.3324795864207579,0.8244179795883216,0.4268225538461797,0.5775761916183443,7.111320121647963,13956.577381849738,0.01,0.018273968750853,0.6072480764138596,0.0,0.0108,0.0,0.22447940461677263,0.0,7.315115495161577e-15,2.3812224919145757e-15,0.09685096587444907,0.0015377072314951942,1.0
full,20261109,0.00021656656703066552,0.02069955085071201,-0.05140772542750528,0.10267860268083552,0.027487844746065783,0.10731105548599504,0.08801367532405174,0.01571290482919139,-0.027516573621502227,1.8611648245430947,0.2761088415081742,0.8134968864575916,0.43090074989474875,0.5155712598875892,7.058216057235686,7462.4791179170115,0.01,0.030604551581818122,0.42567559110403186,0.0,0.0132,0.0,0.21441543468111735,0.0,2.302906729958274e-15,2.3812224919145757e-15,-0.24465308691090085,-0.012895877435022324,1.0
full,20261110,0.0006238539546155273,0.020527260464366415,-0.08463259003566512,0.13578317375684226,0.03311759654290258,0.20118392022552836,0.18211984660002292,0.04656400713594476,-0.059128002110396635,2.4492268321015427,0.2697471809846718,0.9211000288960675,0.4177199797252132,0.5115286166936279,6.970223477734803,7605.119626607879,0.01,0.03567350401661915,0.3013891016859117,0.0,0.0136,0.0,0.2069178620901304,0.0,2.7093020352450286e-15,3.042673184113069e-15,-0.22572448719396448,0.014354632923333504,1.0
full,20261111,0.0005295269317743153,0.020095320224678862,-0.10034704258417965,0.11332623063005878,0.02846890799377768,0.17753252953317114,0.16069418850138426,0.03164877975271093,-0.030870160584036545,1.339207106447991,0.19643009943700862,0.9122977070173952,0.41466735771456326,0.5088700120273596,6.972720354204008,6748.623738783344,0.0092,0.03860389883793507,0.3293875998737309,0.0,0.0096,0.0,0.17915089241081228,0.0,1.2191859158602628e-15,1.3229013843969864e-15,0.03320845721427135,-0.009543899225767878,1.0
full,20261112,0.00028022361752437914,0.02174412466003151,-0.07524523241042683,0.1269912559281027,0.03103074289167501,0.16680699341149502,0.13560981621452503,0.022013802300783855,0.021187037915966614,1.267857180621343,0.3270027790785028,0.8367329150009312,0.4079774572170007,0.5893426081257683,7.124404772378838,16439.653838680082,0.0072,0.02060797480368688,0.45262205152999935,0.0004,0.016,0.0,0.2098143930277876,0.0,2.84476713700728e-15,2.3812224919145757e-15,0.06807080514366211,0.014059612494112842,1.0
full,20261113,-5.492870976045338e-07,0.020565918431865546,-0.022972588270619203,0.13671728928644733,0.033299712675332827,0.15753212808461872,0.18245979675818136,0.018757707168755276,-0.02922863564787423,0.7399728179092548,0.305167811564153,0.7904420470193464,0.43410822170469676,0.5138467737937717,7.127048672475546,6513.448099195143,0.0064,0.03548398451401264,0.50261690802634,0.0,0.01,0.0,0.19659461014104673,0.0,1.625581221147017e-15,1.98435207659548e-15,0.040303696237554656,-0.019242130817134457,1.0
full,20261114,0.000327776583722283,0.020911088276547904,-0.08459986011749093,0.11098663087535725,0.03336035530719082,0.18346679232091792,0.16801378587239663,0.07247754070307405,-0.03829930658025711,1.0977703811934436,0.3187541954358288,0.8672662652882176,0.40432298298977987,0.5174387185844427,7.093670687645135,7785.138739771735,0.0092,0.03045975815637563,0.39226095641966185,0.0,0.01,0.0,0.2153605266879779,0.0,3.1156973405317828e-15,1.4551915228366853e-15,0.11068612958471714,0.013147828472704005,1.0
full,20261115,0.0004382904490951514,0.019480686958639866,-0.05128351414705663,0.09645877450022002,0.025893598476831065,0.08927289738361228,0.1502207383691177,0.006231729133546194,-0.042256606446168486,1.5283781496389102,0.2213736196928553,0.8226950507395578,0.44275284832634443,0.4695582168036256,6.953416669926683,4835.81221098997,0.0116,0.04753275381753134,0.5098674928564493,0.0,0.0128,0.0,0.19336702327634359,0.0,3.657557747580788e-15,3.96870415319096e-15,-0.22176919927350655,0.0004966954968769073,1.0
full,20261116,0.0006627318132101213,0.02005357007942506,-0.037771817685063935,0.09965993607455595,0.03017441024784237,0.15121466043998621,0.18548330835048937,0.05471260073722747,-0.014264764578219971,1.048994602695176,0.23382379244372511,0.8820589076366685,0.42480014215778866,0.49752911412448997,7.0407027037661285,4352.568624661656,0.0104,0.0504014234789445,0.4059927494247383,0.0,0.008,0.0,0.21645399885622174,0.0,2.7093020352450286e-15,2.9103830456733705e-15,0.009597117312943729,0.021851944232101458,1.0
full,20261117,0.0007456212432179868,0.019562615830380537,-0.06454040014265747,0.13688888227057802,0.03115097351705552,0.197347986282242,0.1301291357706159,0.022370056346832114,-0.03597836055759629,1.6887036825464516,0.21524955634670892,0.8972468947435163,0.4221208949301572,0.4715719890389706,6.988858366771941,3439.587941266057,0.0116,0.05751495500148557,0.29207728059339955,0.0,0.01,0.0,0.19650251656686013,0.0,1.4901161193847656e-15,1.5874816612763839e-15,0.004158467012043082,0.05468715550664229,1.0
full,20261118,0.0004265741384486766,0.021147196523817458,-0.06362911344681682,0.14892723273039643,0.02957427608123408,0.17196376501986416,0.20813879100509775,0.008097830047494144,-0.05278122980414322,2.4629882205732665,0.24647834516207318,0.8991528242436143,0.43773874993694056,0.5122884067634148,7.03763089978457,6959.965996144792,0.012,0.036249058180963814,0.37820511844240445,0.0,0.0144,0.0,0.21791644710417257,0.0,2.980232238769531e-15,4.630154845389453e-15,-0.07579955804321528,0.030602826892684926,1.0
full,20261119,0.0005284833396094168,0.020034836453390766,-0.06801768412990988,0.16566150470618884,0.030842487791454147,0.14736882379571192,0.23349478933289444,0.020716671944928634,-0.04422978311916035,1.3875365613154598,0.24669092859103076,0.8954554703405305,0.43034324007456837,0.5075164247539709,7.0333469625904605,5876.997320397612,0.0072,0.04000040180840457,0.28573472198024463,0.0,0.01,0.0,0.20681932720456775,0.0,3.251162442294034e-15,1.8520619381557813e-15,-0.04799969118849371,0.015865502652940854,1.0
full,20261120,0.00036891576626605163,0.0202970827194277,-0.05750149287414911,0.155269218216815,0.030802354954109268,0.12192668871296103,0.1450085436824547,0.005784325697272244,-0.02639299602230152,1.991830662541628,0.21723208383483422,0.8750959382441498,0.41458152130935283,0.5074096240218892,7.025911068790949,6868.816891981578,0.0104,0.0364108788253624,0.49431944352520796,0.0,0.01,0.0,0.18707560415803592,0.0,4.605813459916548e-15,4.497864706949754e-15,-0.014323239308159453,0.026151235779647324,1.0
no_direct_news,20261101,-1.4905477612077788e-05,0.015285078037633064,-0.05955981725758361,0.15916002212331926,0.052638934938203374,0.5094623414765973,0.5477739457705982,0.36477626128371016,-0.04398828546788547,14.625830012092656,0.7301195483793506,0.9702191089213466,0.8626301174507439,0.2922988862116878,6.610753962200706,13653.675423877039,0.0296,0.9477213383171523,0.1907534434310254,0.0,0.0124,0.0,0.10096845458282688,0.0,2.0319765264337714e-15,1.7197717997160825e-15,-0.29230786904237605,0.019177369345145696,1.0
no_direct_news,20261102,-1.09689451191052e-05,0.01595446446098247,0.015015515602526624,0.18640350246867293,0.057868703883634395,0.586443287890351,0.5727441202990646,0.343269945207254,-0.0768445455410216,14.625578609300216,0.7604576263278707,0.9749996535986086,0.8669240783575459,0.28200969981468077,6.602661240345661,13681.859533066738,0.0348,1.6615321696773944,0.22421516290154742,0.0,0.0148,0.0,0.10680568605125718,0.0,3.928487951105291e-15,2.778092907233672e-15,0.11798563570321742,-0.018339966088710795,1.0
no_direct_news,20261103,7.647325278952267e-06,0.015191653180081451,-0.0905229391215095,0.13518089258969557,0.04627813732520119,0.5663249506072324,0.5434016870258412,0.3244927502220532,-0.04782723633185641,15.605858277074113,0.7358523203675245,0.9671047633019266,0.8434655594281333,0.30902060203982873,6.439376287569251,13781.227823426914,0.0324,0.40790403953417087,0.20181722857660922,0.0,0.0132,0.0,0.11212408086050174,0.0,3.522092645818537e-15,6.3499266451055354e-15,0.12868093951118373,-0.0062172423294412265,1.0
no_direct_news,20261104,1.374351926169659e-05,0.015676219402988235,-0.026574060358196053,0.22721200618059578,0.054128990876857706,0.5531314620682775,0.5288663886130222,0.317005440929298,-0.07972592857490528,12.983282394885045,0.7321135357518986,0.9709340591593066,0.87507621978073,0.2990992253317188,6.634653183023379,13643.052513073462,0.0348,1.0787275966771275,0.2213871625292857,0.0,0.0132,0.0,0.11487280229670649,0.0,4.470348358154297e-15,1.98435207659548e-15,0.43459687958109555,-0.02757822559356691,1.0
no_direct_news,20261105,3.7357468670561644e-05,0.01620302586862581,-0.07391820886858146,0.21173974075587168,0.04336709299431054,0.5133725524135146,0.483893493456969,0.30431541405156587,-0.011862576405683202,11.333126244965936,0.7088750887218968,0.9662466479902467,0.8178571159854995,0.3499810720590781,6.728060230051689,14283.799134305757,0.0344,0.29987871751609985,0.22121780768916066,0.1956,0.0148,0.0,0.1114721807660275,0.0,2.302906729958274e-15,1.1906112459572878e-15,0.08330214356319987,0.028947598205781293,1.0
no_direct_news,20261106,2.150824142989194e-06,0.017127362825160617,-0.13953632532865107,0.13953632532865107,0.0520040774648729,0.5955090068468375,0.5199617699853953,0.3049882435822075,-0.0558138834925077,18.181270386236307,0.7223492581780787,0.9706244328455786,0.8662654770279616,0.2868869825894482,6.632262929414987,13704.698953147503,0.032,1.0752348864375183,0.18889547748441737,0.0,0.0164,0.0,0.11175420472426945,0.0,1.7610463229092685e-15,2.1166422150351785e-15,-0.4559327934149076,0.04743168841477712,1.0
no_direct_news,20261107,6.260658288844923e-07,0.015895208481049902,-0.03845017538150631,0.19480673454631245,0.04738322516975965,0.46782093434202593,0.5064550730043332,0.34235118851154916,-0.03607801733260026,19.709527014461084,0.713020710550085,0.9713145659035136,0.8623471930838562,0.2810252399632609,6.531559849282284,13779.871799893615,0.028,1.1099198575932854,0.2071189847888385,0.0,0.0124,0.0,0.10610230588062808,0.0,4.199418154629794e-15,5.0270252607085486e-15,-0.2245705552789652,0.06179983527079417,1.0
no_direct_news,20261108,-4.7327313156632654e-05,0.015264934473782391,-0.07406321920856125,0.17229379914225326,0.04893054432714875,0.5181427706083076,0.5002674765509548,0.29577584733327206,-0.08550770112692932,13.094673479818763,0.7053357193958443,0.9638164231376007,0.8162645827493008,0.35647060357306953,6.706511087551959,14319.599755464476,0.032,0.13468719605971538,0.2639750840363264,0.328,0.0108,0.0,0.12023897693197316,0.0,4.199418154629794e-15,2.3812224919145757e-15,0.2171514524690932,-0.021973927407763362,1.0
no_direct_news,20261109,-2.468516825720286e-05,0.01571212032164259,-0.09263135694623956,0.14742067974666745,0.04864872128255198,0.5743148718055247,0.5191495262038017,0.31712169382952676,-0.06751221802386928,15.51041911053819,0.730756942645309,0.9718709288047129,0.8615638278149665,0.29228944528871176,6.53741233850679,13740.994065357578,0.0284,0.5957750283864981,0.21959893550030996,0.0,0.0132,0.0,0.1192471287829997,0.0,2.302906729958274e-15,2.3812224919145757e-15,-0.23979427748118295,-0.012740308808349414,1.0
no_direct_news,20261110,6.585355915371948e-05,0.01636946453896729,-0.07413533807325043,0.25614192521362533,0.05709438751149134,0.5091451373239634,0.5516942029626299,0.3312438519859237,-0.08938941320219039,13.76103082081383,0.7177656322054815,0.9652099413345787,0.8357251649917183,0.32108303706103686,6.709644498802324,13783.00361519776,0.0312,0.7119550170252581,0.19111070283957932,0.0304,0.014,0.0,0.11872697650917585,0.0,2.4383718317205256e-15,2.248932353474877e-15,-0.3678953772470029,-0.015672743777019868,1.0
no_direct_news,20261111,3.162590506952902e-05,0.014749761370716371,-0.07597330456763175,0.15267869225293132,0.04688711357186243,0.5517091509463806,0.5598372999141904,0.34713805022170896,-0.03912439124402208,18.137163012480695,0.7346734855825213,0.9735278427047106,0.8731880765124485,0.2771164245470863,6.338376067439514,14057.0042615157,0.0324,0.8031013046001796,0.18972004772218043,0.0012,0.0128,0.0,0.09357064783365443,0.0,4.470348358154297e-15,1.8520619381557813e-15,0.20718929885894932,-0.04226293007814427,1.0
no_direct_news,20261112,4.037327825515362e-05,0.015930562655476533,-0.026089821807641075,0.174913025815007,0.044734825112307655,0.5073759658216916,0.5044280307174552,0.3170526810857281,-0.030304733536473498,11.676045323438604,0.7046750042236045,0.9584558800171098,0.8299524259262098,0.3632290475249367,6.833874470543433,14868.083606396272,0.0272,0.20043534402100113,0.20971872356326782,0.624,0.0116,0.0,0.13926271833371895,0.0,5.5540691722523084e-15,3.836414014751261e-15,0.34785178616431806,0.04428540803480074,1.0
no_direct_news,20261113,3.315141523587073e-06,0.01556028609715459,-0.03517621956690284,0.2225521272419929,0.0504300631237725,0.6061769570853744,0.6075026752041036,0.3985746005301325,0.015009296329372456,9.398539921907567,0.7630815169201117,0.9696564954464649,0.8434791003624962,0.31268751788296856,6.727791656634951,13533.12505642224,0.03,0.7285148545243686,0.1920051399130409,0.0,0.0116,0.0,0.11089630231940406,0.0,2.0319765264337714e-15,2.645802768793973e-15,0.09352337693644733,-0.0027547786050679222,1.0
no_direct_news,20261114,1.2930938564313975e-05,0.016283131719250592,-0.009534551877532726,0.22517458299012966,0.056365658867339706,0.5363469897390387,0.5451090437828613,0.3240157459680288,-0.056386181297027924,16.630249441387697,0.7441413725235588,0.972128718488796,0.8771085515103084,0.2816292421011779,6.556087359262756,13771.593718249875,0.036,0.5852040135474391,0.2007693939263594,0.0,0.016,0.0,0.12007927562135823,0.0,1.7610463229092685e-15,2.3812224919145757e-15,0.2050529893435399,-0.00245982685059893,1.0
no_direct_news,20261115,3.2947513869796553e-06,0.015121464756987222,0.08606680906470608,0.20038107285176449,0.053176472474738404,0.5539863838992041,0.5695023598768058,0.34391835029964557,-0.04542721386101681,13.505285931009425,0.7383169001724614,0.9736108255028156,0.8581620430740968,0.29437365580954894,6.547846705356394,13690.825130436182,0.0328,1.0787010087031714,0.2212771419977685,0.0,0.0112,0.0,0.12159965897254965,0.0,2.4383718317205256e-15,2.645802768793973e-15,0.25627816642998524,-0.0273770503308803,1.0
no_direct_news,20261116,-2.9421203418901954e-05,0.01676491967598049,0.009953540915361206,0.14005917958743327,0.052613563630043894,0.5422414693336709,0.5502965868497187,0.3602435571700541,-0.039329678089118164,10.216340859528776,0.7295289430114732,0.9686284680317145,0.8584328510486114,0.3175155769064717,6.9168775676068135,13360.972138927073,0.0316,1.2047928873542302,0.20939129387824063,0.0,0.0168,0.0,0.13101766021277528,0.0,2.1674416281960227e-15,1.5874816612763839e-15,-0.043865449092897225,0.0021204117829383613,1.0
no_direct_news,20261117,6.2916874053492226e-06,0.015534065393250439,-0.03586225823888583,0.20479551881616484,0.05610263171526314,0.5561922112631078,0.5697342916428165,0.3587295851209072,-0.03131839531189867,13.82571508392654,0.7449339074333414,0.9718981164112365,0.864129961434753,0.2833342365635238,6.59659298921822,13677.16597811777,0.0352,1.4810907547919698,0.21555602104713023,0.0,0.0164,0.0,0.10915049225061946,0.0,2.4383718317205256e-15,2.5135126303542743e-15,0.08760642579721922,0.004142443781246177,1.0
no_direct_news,20261118,2.8150898901245468e-05,0.017101779043856895,-0.00473144921749658,0.30277358179900143,0.05100590066534816,0.5733035039688131,0.5931181494144062,0.36007947754882236,-0.03602969919884343,11.992445929495492,0.7459973697834975,0.9729233986838242,0.859307218490448,0.2955900935397542,6.755967990771866,13592.249677246371,0.0336,0.7342490799761667,0.20682373332738213,0.0008,0.0188,0.0,0.11666122285572733,0.0,2.302906729958274e-15,3.836414014751261e-15,-0.21572641409186194,0.05922767080753536,1.0
no_direct_news,20261119,8.035617888623747e-06,0.01560807700829142,-0.016876203757281685,0.20116380401525583,0.04227904894715227,0.5720889857042358,0.5572867520637366,0.3298713604891535,-0.04958390708003263,17.718154513812127,0.7461042772124716,0.9703567570706311,0.8608506649544719,0.29769374293927736,6.503818984246372,13797.940130151128,0.03,0.9300641257399126,0.22755605116945976,0.0,0.0124,0.0,0.13134605259642207,0.0,2.302906729958274e-15,3.7041238763115625e-15,0.18044789250381554,0.00389572957116118,1.0
no_direct_news,20261120,3.505525928718214e-05,0.015907787781814196,-0.047049046386432286,0.20665582725087975,0.05151750497377057,0.5882593780116434,0.5576756669534518,0.36470008844010027,-0.0826731955319076,14.610942039034477,0.7561443584093909,0.9739916744284186,0.8797069871445455,0.2844722001078132,6.609395357124862,13709.094139040124,0.0344,0.7307607710746696,0.21257048356428143,0.0,0.014,0.0,0.11273174956893439,0.0,4.470348358154297e-15,1.8520619381557813e-15,0.048999549054518046,0.009907117768769458,1.0
no_agent_information,20261101,0.0002352639595805744,0.01986001437125195,-0.004025001473842681,0.16483640226483273,0.03300316911948471,0.127519258592354,0.15270071852299485,0.04527974131181722,-0.033074682736377155,0.9258090472431957,0.29022360693213967,0.7869350140466858,0.48283460012770996,0.46431469153032706,7.067243852759622,5349.600926389246,0.0076,0.05485061100484786,0.41008461024002774,0.0,0.0104,0.0,0.19070287482140058,0.0,1.4901161193847656e-15,2.3812224919145757e-15,-0.1595419334785555,0.04065490030919282,1.0
no_agent_information,20261102,0.0006562043749545317,0.01950007971701341,-0.011423189733448816,0.12302583675462639,0.03440660904733962,0.1731297493576678,0.1293120810428159,0.0005807724908078506,-0.009563452276103905,1.053811009813197,0.1673983411698762,0.8897204152285522,0.4667114134387227,0.45186340430332034,7.030694216897972,2886.4094125651486,0.0072,0.068338336384758,0.3637305986113316,0.0,0.0068,0.0,0.16190586751339864,0.0,1.3546510176225143e-15,4.233284430070357e-15,0.07516238421157581,-0.01871377425835808,1.0
no_agent_information,20261103,0.00013643130599426528,0.020014702364960595,-0.001798720587451629,0.11660441930877521,0.02775031685125972,0.15495050546204264,0.1326984288343675,0.008550029305789388,-0.07074721765145933,0.676672569231608,0.27296059098659087,0.8192701013292275,0.4658957593496019,0.5245907523318486,6.997188933903035,9041.63561024383,0.006,0.033253557485116145,0.34208248414485465,0.0,0.0072,0.0,0.20871336556502285,0.0,2.573836933482777e-15,3.3072534609924663e-15,0.03734882235141265,-0.012408235406644423,1.0
no_agent_information,20261104,-1.698189011287532e-05,0.019753047142023587,0.010725721068187297,0.13915193173506488,0.026828033091017812,0.14333981000630147,0.15169813339682278,0.07586551899993998,-0.030638332544578414,1.860798332042224,0.2776274876021779,0.8252389605370268,0.4904861110656188,0.4353681377154461,7.004236420756268,4793.986829783307,0.0096,0.057542789434849397,0.5029441708274972,0.0,0.01,0.0,0.18930179503133338,0.0,5.5540691722523084e-15,2.9103830456733705e-15,-0.029074628156085157,0.003388058923258675,1.0
no_agent_information,20261105,0.0004619154909026051,0.02156854684979468,-0.016569786404902018,0.15583577270921856,0.03224292586031332,0.17657923575433987,0.16313369310341172,0.05814266467561712,-0.040827209299732284,1.6756679722106007,0.31325221500086053,0.8830594170111715,0.4535005574846897,0.5449130005053912,7.134341899272231,12147.769221972016,0.0096,0.02820999680307506,0.43071851447570886,0.0,0.0152,0.0,0.19925699369820982,0.0,1.7610463229092685e-15,1.3229013843969864e-15,-0.08611003372140244,0.005016400789322922,1.0
no_agent_information,20261106,0.0004374722373358967,0.0209862901086211,-0.010989338811820298,0.14947087079086646,0.03541213911473192,0.2040662383307862,0.18229083059961557,0.06700953852771376,-0.04334177429562044,2.0356458092165575,0.24994686576506805,0.8769188760362547,0.47413929877488054,0.462082299955246,7.117063101182736,5101.1153123111235,0.0096,0.05693257015470983,0.483703466485473,0.0,0.0112,0.0,0.1610512173219263,0.0,1.8965114246715198e-15,2.3812224919145757e-15,0.10898342463799882,0.039731198834412944,1.0
no_agent_information,20261107,0.00039128583733633455,0.020015267077579023,-0.04489448828014474,0.16782374368055078,0.027958376901814956,0.16044584650331847,0.13682255330561544,0.03466963146395617,-0.05241097227056762,1.2469654467406226,0.19009856553828786,0.8763269653775188,0.4436893676606311,0.4901405104192397,7.024720711418841,4763.738865940332,0.0084,0.05823562539222455,0.3099485665795413,0.0,0.0112,0.0,0.17676397833833324,0.0,4.876743663441051e-15,4.630154845389453e-15,-0.07434410029742651,0.011918485948133129,1.0
no_agent_information,20261108,-9.938204413945364e-05,0.020463901855758294,0.03492503285259801,0.12047414594862114,0.02980125529552527,0.22022813016080484,0.20008913119836683,0.044907788364072415,-0.031598095925062346,1.0614232230498413,0.3425469165644576,0.8208432430633679,0.4909778109184871,0.5519203063914345,7.096933881612306,13932.896864879816,0.01,0.024281057090179664,0.6049998895554336,0.0,0.0104,0.0,0.21575669472277026,0.0,1.7610463229092685e-15,1.7197717997160825e-15,0.08737035976614349,-0.005511809714578616,1.0
no_agent_information,20261109,0.0002175260264263514,0.020367466166005127,0.0057252700594357005,0.10588212805198181,0.02655490768496868,0.1068876105476114,0.09143900504710921,0.016710759393840546,-0.02892220076964686,1.6281137615963335,0.2789491480650773,0.8166495613585966,0.48680848368281787,0.4876368171484483,7.05526339919492,7539.089829647582,0.01,0.04101748864628629,0.4340615559714954,0.0,0.0128,0.0,0.199735327856029,0.0,3.7930228493430395e-15,3.1749633225527677e-15,-0.1914563165445887,-0.011676344824352747,1.0
no_agent_information,20261110,0.0006205729542987928,0.020266080656587346,-0.03386954731096282,0.14581529393390455,0.03365073303624305,0.2035210324441926,0.20004922833607933,0.0506555098490818,-0.05619423238184534,2.815596020677088,0.281872077549337,0.9174460088437358,0.47401410734026816,0.47906768551656326,6.962692804723342,7666.92663686655,0.0104,0.044033067899376103,0.30629080186913027,0.0,0.0124,0.0,0.18921567319986576,0.0,3.1156973405317828e-15,2.3812224919145757e-15,-0.22236071267621246,0.021566256431802926,1.0
no_agent_information,20261111,0.000525210481611493,0.019726388652679464,-0.052556484821591254,0.1106133182683127,0.027183561424007824,0.1694144455236357,0.1501807322081776,0.016841913571522326,-0.037388913111190775,1.3792796487692645,0.19373170696297748,0.9078262144936671,0.46521714439585526,0.4828809970918988,6.95910790717792,6797.336826179972,0.0088,0.04707185267491993,0.33104361316666187,0.0,0.0088,0.0,0.16301355200313816,0.0,1.8965114246715198e-15,2.5135126303542743e-15,0.07168345151028813,-0.020868140599891668,1.0
no_agent_information,20261112,0.00027683174572974137,0.021192047956798098,-0.014705585720330695,0.12178305890013771,0.029820934562735036,0.174207811291105,0.13225038344499684,0.034936038955946803,0.012961983315493043,1.3399836986498554,0.3301945494549315,0.8299233354399069,0.4698959502177586,0.5650129075128394,7.103577690283721,16262.971596718235,0.0064,0.028767677916420178,0.4564741625220128,0.0036,0.0132,0.0,0.19643586378823175,0.0,3.657557747580788e-15,2.778092907233672e-15,0.08157855401648166,0.01340284229197588,1.0
no_agent_information,20261113,-1.6533642710687247e-06,0.02021953181524109,0.02957623273534715,0.159565839782069,0.03543553827195193,0.16190542299979713,0.1769074029289582,0.006404967418239676,-0.025575272690717302,0.66666731099013,0.30649434464214287,0.7887404601135688,0.4821829834925901,0.48976429774536007,7.108451033269686,6589.212474120249,0.0048,0.0473176307811436,0.5055000401739116,0.0,0.0088,0.0,0.18609885197717313,0.0,2.302906729958274e-15,1.5874816612763839e-15,0.025234687149647158,-0.02392116126479899,1.0
no_agent_information,20261114,0.0003285633254042743,0.02050543467886775,-0.029438586184266844,0.1254331420081343,0.034264584460029134,0.17500625842877007,0.16934078371742597,0.07261150324921073,-0.03311190755547234,1.1956411816987886,0.311342841987638,0.8648483316838141,0.4598994879937266,0.49080697328309847,7.07113345811118,7874.801726558829,0.0104,0.039872115809724835,0.38787832920998,0.0,0.01,0.0,0.20068239089093276,0.0,5.0122087652033025e-15,5.688475952907042e-15,0.11836373425970544,0.005407870633996784,1.0
no_agent_information,20261115,0.0004402298796992348,0.019167137033447704,-0.00045023982479578723,0.11304278773866937,0.025101898226773323,0.08291716515997796,0.14118743939530234,0.005093188979835207,-0.04508405086184227,1.324797904752228,0.22349760192176574,0.8229970062316008,0.4939428305724396,0.4429978031138044,6.949411203759022,4875.668067050668,0.0116,0.057772284409617666,0.513653363921621,0.0,0.012,0.0,0.16405457795439804,0.0,4.3348832563920454e-15,2.778092907233672e-15,-0.20709180618956866,-0.0027188653099245704,1.0
no_agent_information,20261116,0.000667051671155372,0.019793467903076557,0.009077246889329017,0.10379309441079672,0.0292600027835562,0.15796571887663777,0.186038746638137,0.04680983500609811,-0.02236187845018067,0.9321349201118232,0.2433521167893814,0.8808759359132984,0.47829880161564703,0.4687506699362803,7.023594204551456,4401.692388278121,0.0096,0.05955345679687603,0.4073909520337461,0.0,0.0068,0.0,0.1792340542808697,0.0,2.1674416281960227e-15,2.9103830456733705e-15,0.04119407153853922,0.017969067744216388,1.0
no_agent_information,20261117,0.0007487836935454222,0.0193765682995332,-0.024906984122413746,0.13426989399031847,0.030408794577314345,0.2086502841905758,0.13867291541412993,0.025479764965879444,-0.04198633873706104,1.5966188749016164,0.2197524491133355,0.8968862868408136,0.47175842782760213,0.44393322637296584,6.990751066365255,3469.009622073646,0.0124,0.06513787327043122,0.29270617822672995,0.0,0.008,0.0,0.15630974262390684,0.0,2.84476713700728e-15,3.836414014751261e-15,0.04230880245115538,0.04485119374735364,1.0
no_agent_information,20261118,0.0004230493133865206,0.020797575127698597,-0.010664878815637926,0.1422763725589157,0.030216283577858778,0.17466471400108388,0.20693765801050007,0.009062597348777542,-0.05009019150997679,2.364020225100637,0.2524583258140863,0.8958555477863418,0.4908742508082999,0.4831758986508329,7.0322269823333485,7016.966318513677,0.0108,0.04543054275328823,0.38512576327185954,0.0,0.0136,0.0,0.20216149225296332,0.0,2.980232238769531e-15,4.497864706949754e-15,-0.04528896398617495,0.025183677838663144,1.0
no_agent_information,20261119,0.0005322772551667817,0.01981666302386393,-0.021895662371459998,0.15942705031937335,0.02895998146091252,0.14860945072594783,0.23264731390884352,0.019505561374685728,-0.05050122369833047,1.65283137652263,0.2514133987430439,0.8946539202879302,0.483595259110431,0.4807694453115298,7.0349466601362,5942.721220873667,0.0068,0.0496137031075255,0.28759223227884534,0.0,0.0072,0.0,0.17813567595191881,0.0,5.824999375776811e-15,4.497864706949754e-15,-0.0654783113518159,0.021627290612769114,1.0
no_agent_information,20261120,0.00036566466403379396,0.01983106611092422,-0.00827069042756488,0.14994181695700828,0.02879061745616099,0.11969174578505305,0.1306826659869343,0.006443524667973447,-0.029726239048125724,1.6726246079035922,0.20342167526719968,0.8696843537669839,0.4659608446895408,0.4836784513746257,7.0130094261878035,6919.315592182858,0.0096,0.04636367710695403,0.4963031417142557,0.0,0.0096,0.0,0.1781772397410455,0.0,3.928487951105291e-15,2.1166422150351785e-15,0.016785846084029426,0.019489773075121192,1.0
no_information_channels,20261101,-8.140352928371186e-06,0.016931970301761176,-0.04390746644431722,0.25503817412321633,0.06612098647167422,0.5422963937003895,0.5392407748431539,0.3320450237792591,-0.06724236446904672,13.568665648491727,0.7480964175171418,0.9700687050637564,0.8779194316741469,0.28194714145259253,6.720343506334423,14366.520884571344,0.0328,1.001294175091424,0.19051294011005615,0.0,0.0176,0.0,0.09803839491896893,0.0,3.1156973405317828e-15,1.4551915228366853e-15,-0.14824546653545886,-0.011133426473017304,1.0
no_information_channels,20261102,1.0961586452513217e-06,0.017703598957342324,0.06390871304371798,0.22792342333365825,0.0698901748947233,0.5212591743793272,0.522823184883546,0.36629970847575016,-0.023263449445573067,11.291485584091712,0.7234368430214662,0.9690238899144528,0.8564984630820578,0.3108633598875958,6.936855087080496,14044.284101375973,0.0328,1.7136834587001248,0.2207824938063958,0.0,0.0192,0.0,0.12130734536843524,0.0,2.7093020352450286e-15,2.9103830456733705e-15,-0.12264486750541045,-0.007502609643764828,1.0
no_information_channels,20261103,-1.75802875343674e-05,0.01690902909966338,0.023516911587782054,0.17995146868940695,0.04429755642418433,0.5635688392477545,0.5329470410848476,0.30002935452696894,-0.06669629288704179,12.79533294592324,0.7418059946533461,0.9678760446458985,0.8554715263158218,0.3137447361339684,6.725036652439965,14316.592551854194,0.0292,0.461279439845511,0.22351386025827125,0.0,0.0164,0.0,0.1276009905469424,0.0,1.7610463229092685e-15,1.98435207659548e-15,-0.05806692544734573,-0.01486528217181617,1.0
no_information_channels,20261104,1.532946937909081e-05,0.016395161614270057,-0.040877204613345625,0.20689281017066732,0.044493085072008234,0.5630275249333784,0.5335166995371545,0.36154928961110744,-0.058674216983273145,10.835761026387432,0.7425537131265293,0.9744765310517692,0.8662701454756806,0.3016343323121632,6.756704906175924,14283.962587716473,0.032,1.1313772486398366,0.18410341559947974,0.0,0.0148,0.0,0.10934151567639994,0.0,4.199418154629794e-15,3.836414014751261e-15,0.3409906513846696,-0.03509360764953592,1.0
no_information_channels,20261105,1.2855317797174237e-05,0.016478526992330725,-0.018145259557547103,0.18933879266109369,0.04781657460823831,0.4999177205915959,0.5346467654437433,0.3279556354413908,-0.022437059611303344,12.610717054925868,0.7153774934132754,0.9655932667759152,0.8359624641462803,0.3296121936757231,6.642419323626666,14373.420415621345,0.0316,0.34769903374620176,0.20059493222834346,0.326,0.0164,0.0,0.11316853961400541,0.0,2.980232238769531e-15,1.3229013843969864e-15,-0.29548094964694066,0.045781925910500565,1.0
no_information_channels,20261106,-1.0717506113869746e-05,0.015494612686377767,-0.047459054708346195,0.24637890021528663,0.05058586266230204,0.5554158505463718,0.5402121821864687,0.30033963191817814,-0.09179685899176693,16.128555090954297,0.7466440613969514,0.9732456536546135,0.8699516355764515,0.27853601407917206,6.4719815473923,14575.272222863216,0.0328,1.1284707318311065,0.1993089692222989,0.0,0.0136,0.0,0.1080074271193241,0.0,1.8965114246715198e-15,1.7197717997160825e-15,0.09558430326709351,0.05508677015264399,1.0
no_information_channels,20261107,-4.125927120868767e-06,0.016803114615048374,-0.07767510939652392,0.2011979240804493,0.06133123243575882,0.5729767769838794,0.5570431855927371,0.3617030160960558,-0.05992423177181577,11.774733339597518,0.7447988077805334,0.9716429412401467,0.8560470544150603,0.29294861036785047,6.717100312073539,14339.287880960057,0.0344,1.1633714060579063,0.2103841766527792,0.0,0.0184,0.0,0.11447173286884338,0.0,2.1674416281960227e-15,4.100994291630658e-15,0.3509825103410006,0.03030392118062281,1.0
no_information_channels,20261108,-1.1480486262485101e-07,0.016070362973271708,0.060387583707364564,0.2192654871518454,0.04887374640659685,0.5675317660759645,0.5664955481389342,0.29709913004236826,-0.0895952586538088,14.163634411154188,0.7308587461631891,0.9667984842844738,0.8734792084948492,0.2942692597908849,6.655297001160209,14351.566980628675,0.0312,0.18721351860465824,0.24726749419675786,0.4252,0.0144,0.0,0.11423380242807224,0.0,2.1674416281960227e-15,2.9103830456733705e-15,0.27492301771373695,0.005733235173329313,1.0
no_information_channels,20261109,7.35397895434744e-06,0.015757709947641148,-0.020038118791899703,0.18744192446852295,0.045515200305770026,0.5011219315292,0.5094610327704066,0.34196463636228863,-0.062113732595719284,15.49818417779089,0.7171260898200956,0.9731915431271752,0.8570507753679036,0.29469407901962164,6.622303696826741,14373.12735392496,0.0296,0.6486437827529492,0.2161770437864997,0.0,0.0148,0.0,0.10547240006398417,0.0,1.8965114246715198e-15,3.439543599432165e-15,-0.5056241215895394,0.02547371467787258,1.0
no_information_channels,20261110,4.245427738175529e-05,0.017297405917609227,-0.01893046364730643,0.1955350472984728,0.05069793461351384,0.5739252755062274,0.5758835953566298,0.3430691844156488,-0.059003947660529965,13.321190248629929,0.7516996416723827,0.9719702566958824,0.8762788133993018,0.28752785394213465,6.724210076622471,14397.188757916838,0.032,0.7635749978880021,0.2076706469332391,0.0704,0.0172,0.0,0.11157430547113623,0.0,2.4383718317205256e-15,2.778092907233672e-15,0.3224267826253777,0.014724557251785236,1.0
no_information_channels,20261111,-7.565257748734666e-06,0.017186583947402422,-0.16071580027418156,0.16071580027418156,0.04769402821405528,0.5965510158782344,0.594246107663779,0.3323390314386648,-0.08862882894824493,13.426760511967949,0.7571454802243789,0.9721918380445833,0.8651957642768657,0.28273977283439705,6.6870750252333035,14391.830648451149,0.0332,0.8521302173967841,0.25978676170772996,0.0252,0.0184,0.0,0.1085267968831456,0.0,2.302906729958274e-15,2.778092907233672e-15,0.49261887968222784,-0.009575376808466969,1.0
no_information_channels,20261112,-2.081632756620877e-05,0.016258971624241118,-0.01814087757174642,0.12942836792933868,0.04683260847257479,0.5775037102427241,0.5516068057017028,0.3294410497794979,-0.07928934244647645,15.10165417062613,0.7358456846192801,0.9676149499440441,0.8837570984539922,0.28359978562798305,6.6686671729404665,14392.291551959574,0.03,0.2705186346750867,0.2541438213672559,0.7768,0.0144,0.0,0.12393019814493522,0.0,1.7610463229092685e-15,1.7197717997160825e-15,0.1579995203896317,-0.007684710094122428,1.0
no_information_channels,20261113,-1.318387007208166e-05,0.01574673548852413,0.021020910971748616,0.15465784136399172,0.057038413357275164,0.5337310926859172,0.5272250801719166,0.3379423459636547,-0.06773345860738539,9.577166557499888,0.7375731672514194,0.9694911489756859,0.844668710763932,0.32175725935156696,6.80618350981355,14165.879874389917,0.0312,0.7824378816030889,0.19438265705933822,0.0,0.0144,0.0,0.11643019131347154,0.0,5.283138968727805e-15,4.762444983829151e-15,-0.005148219442422299,-0.023020646251559213,1.0
no_information_channels,20261114,7.129406831668916e-06,0.015715474476541518,-0.05830916902687282,0.15575982538702635,0.04738342303452207,0.5452921836258829,0.5279637378276472,0.36654122549979173,-0.03229666844387788,11.763830931647949,0.7332908647584693,0.9719566201254572,0.8726848854794552,0.29698538591376444,6.662308337812088,14337.834364795064,0.0356,0.6383373801392178,0.208315515415883,0.0,0.0148,0.0,0.12242811438913037,0.0,3.251162442294034e-15,2.1166422150351785e-15,0.3165162715673448,0.03096969288132075,1.0
no_information_channels,20261115,-4.6216211409770837e-07,0.01698422368622973,-0.054276256540633686,0.16147234395286394,0.04089123582943443,0.5197042392685964,0.5308583192119852,0.30601945637984634,-0.08449788407516459,14.64269771347216,0.7163111613552197,0.9656953051259769,0.8644385916391639,0.3082262455013008,6.802293205526715,14252.820988777832,0.03,1.1335074676816226,0.20646654696842626,0.0,0.0184,0.0,0.12401010927553613,0.0,3.251162442294034e-15,1.4551915228366853e-15,-0.5648692345765854,0.0046935716406820436,1.0
no_information_channels,20261116,-2.8089325765535378e-05,0.016292942530856766,-0.00314061462213843,0.1873287173361105,0.04545292352225138,0.5584455159969703,0.5304138834803349,0.31170426185052863,-0.07197132510550233,12.477516314655054,0.7314607834339512,0.967142721328092,0.8464121225057276,0.3228823126961249,6.705031813191262,14229.263902368177,0.0316,1.2567542623446764,0.19231515361952312,0.0,0.0152,0.0,0.12495982024701813,0.0,2.84476713700728e-15,2.9103830456733705e-15,0.106576784681415,0.05760038247546087,1.0
no_information_channels,20261117,-1.0603248940048005e-05,0.016140506432237404,-0.052003891328579216,0.17719530670181416,0.05274507984897867,0.5424364656234235,0.5550865732584844,0.33113729124025976,-0.04226576531397599,13.912031107101601,0.7343527753196329,0.9715881731925424,0.8604670561119665,0.28733569951554966,6.622667060953051,14431.768495450136,0.0304,1.5353556672263848,0.20498398474137258,0.0,0.0128,0.0,0.1036049398747505,0.0,3.251162442294034e-15,6.085346368226138e-15,0.2483890363136143,0.041154292864424034,1.0
no_information_channels,20261118,1.4074910925242534e-05,0.017014106815072972,-0.025032761549860266,0.24330704649871662,0.04729879223808403,0.5442559450220767,0.5189914865480051,0.3292300076921751,-0.08250925405345715,10.23552466217031,0.711426727112981,0.9611179137962328,0.8284312722644372,0.34332969658134177,6.785790904520416,14161.746741364634,0.0328,0.786369276014113,0.20952163304931992,0.0,0.0176,0.0,0.12657085333082185,0.0,2.980232238769531e-15,2.1166422150351785e-15,-0.2581764294878899,0.005472386398905835,1.0
no_information_channels,20261119,-9.59815732812146e-06,0.016661477931313454,-0.051070462298354685,0.23531192720434074,0.056368936575984685,0.5923333501928313,0.6029022025042131,0.32748656155780853,-0.06418047795556484,13.697749867902278,0.7467538311943751,0.9670412542602206,0.8533512567444814,0.3153948912716686,6.693171774469522,14359.234832977856,0.0328,0.9853096536677526,0.23410400620681504,0.0,0.0148,0.0,0.11910048574908338,0.0,1.7610463229092685e-15,1.3229013843969864e-15,-0.5372031516039472,0.0333807970899798,1.0
no_information_channels,20261120,7.912060034822587e-06,0.016615361125049934,-0.06005838084717324,0.22544858350089877,0.04399707182464002,0.549745567099721,0.5523273289204137,0.34017737263245384,-0.10362551379693238,10.62078749134934,0.7427122059836654,0.9699387415842529,0.8625172987459608,0.30918547482422876,6.81183338415425,14252.70500077404,0.0336,0.7850450679266809,0.1953770542221699,0.0,0.0144,0.0,0.11708795483579859,0.0,1.625581221147017e-15,3.5718337378718635e-15,-0.005994336549866989,0.011838952131266832,1.0
value_only,20261101,0.00023252737102130787,0.01361306152586775,-0.09885321064404759,0.09885321064404759,0.02107355542269489,0.06527164601151923,0.009606372084849027,0.0014870644943063651,-0.008727555989015399,-0.12885933922318493,0.16179340389357136,0.5322713685613204,0.34629865504766066,0.44027643725424226,6.703935092408048,5156.066980124994,0.0028,0.03217080240755723,0.40667249609526623,0.0,0.0,0.0,0.007699430765039761,0.0,1.625581221147017e-15,1.7197717997160825e-15,-0.002514155222295682,0.026679018154562063,1.0
value_only,20261102,0.0006609663163798082,0.01340435999239095,-0.0918261806798665,0.0918261806798665,0.01803518589726387,0.0337041166908844,0.0004929685579919595,-0.019035566784867206,-0.02013907620254015,0.14187922748857806,0.1365499563137443,0.7770224128240724,0.41133258295777186,0.3817483209551747,6.679866757830462,2818.9583549074637,0.0044,0.05302243056646374,0.3495001662554491,0.0,0.0,0.0,0.02033964826069634,0.0,2.0319765264337714e-15,3.96870415319096e-15,-0.0520137683798565,-0.004136324879327263,1.0
value_only,20261103,0.00013523410808616597,0.01375433267080144,-0.0935860853372059,0.0935860853372059,0.023088708089059003,0.018642920813822787,0.0011422558017741397,0.00464123192649512,-0.0324693988926224,-0.05190528425748475,0.21537041873461582,0.4886986679057453,0.3436108929904776,0.43090968910215877,6.692478324270155,8792.183032676203,0.0008,0.01355247346619086,0.3141406818770083,0.0,0.0,0.0,0.004767989912026316,0.0,1.625581221147017e-15,1.5874816612763839e-15,-0.09336069465720884,0.025553458174412846,1.0
value_only,20261104,-2.6579449195907044e-05,0.013709757959881571,-0.11732902761399126,0.11732902761399126,0.015510959985031098,0.03748670008291747,0.009131756298159413,0.0026362940996340943,0.0020422002837489563,0.09515325934383823,0.12362820926895147,0.5779244791450238,0.3364506771572142,0.424867189377072,6.674191544967895,4612.929457250416,0.004,0.036041150972779185,0.4668991562952568,0.0,0.0004,0.0,0.008149145954100767,0.0,6.095929579301314e-15,1.4551915228366853e-15,-0.08421156411451705,-0.015780603496936118,1.0
value_only,20261105,0.0004499718030812023,0.014131226849408103,-0.11460332274522982,0.11460332274522982,0.023700461536114784,0.004021060777430499,0.05004891906659045,-0.010453827402760216,-0.01488689605717833,0.318861237086542,0.2995739850024644,0.633705309225056,0.3361887652701172,0.43848074264173126,6.6760609754144316,12031.902270066432,0.0056,0.01173580209505987,0.39514093272427164,0.0,0.0008,0.0,0.005941517694050713,0.0,1.625581221147017e-15,1.3229013843969864e-15,-0.07447128449703716,0.021749876601023895,1.0
value_only,20261106,0.0004119887203590533,0.013860539677200417,-0.11945928524036611,0.11945928524036611,0.02498681867952821,0.04229557496790669,0.022290023737663024,0.01416595659527592,0.021085596566375705,0.4369102661905213,0.12833395293202007,0.7019954478914086,0.3771777938136738,0.41388989656848746,6.688117622060963,4916.521560068394,0.0048,0.03605931801657442,0.4561835374502985,0.0,0.0008,0.0,0.014479627974218978,0.0,2.1674416281960227e-15,3.3072534609924663e-15,-0.08346781304079191,-0.03128824883150762,1.0
value_only,20261107,0.00039213815080365395,0.013506261464310063,-0.11236668714720498,0.11236668714720498,0.02047624005060786,0.04865271725204517,0.0043290617023262834,-0.01516531414692705,0.016427962165742233,0.09522133277458433,0.0923807122819866,0.6827984249905418,0.36998802232653516,0.4181822477456293,6.680821520640193,4593.634555585958,0.0032,0.03726586222577448,0.2840531225197428,0.0,0.0004,0.0,0.009681268347170757,0.0,2.302906729958274e-15,2.1166422150351785e-15,0.014957995762574682,-0.016821386124777665,1.0
value_only,20261108,-0.00013284884337154922,0.013817923874980079,-0.1016982690814864,0.1016982690814864,0.022541000693722262,0.06625631849997228,0.04902147146319863,-0.012257709844826131,-0.017672768074037355,0.3133766607682906,0.37981197086536944,0.578081074372716,0.3120529629528102,0.5001881378095038,6.698907849049591,13852.412461355198,0.004,0.006835535267218344,0.5834930304308658,0.0,0.0004,0.0,0.005401225035724044,0.0,1.3546510176225143e-15,1.8520619381557813e-15,-0.03132051921456599,-0.03308353673704396,1.0
value_only,20261109,0.00020930338627285928,0.013871655388153537,-0.0944165872641436,0.0944165872641436,0.016676858455206507,0.032899718009076866,-0.00013870977629047327,-0.015628630711885867,0.008564193253407147,0.10234050702914832,0.1743924251676985,0.45767659383943293,0.35263166252431827,0.4327973545830204,6.704843416816739,7268.2082604081725,0.0036,0.019000461220903913,0.3871067890632063,0.0,0.0004,0.0,0.007221092003699026,0.0,2.302906729958274e-15,3.836414014751261e-15,0.017665770620298882,-0.023655845353428656,1.0
value_only,20261110,0.0006066071983192558,0.013517217628764708,-0.10511820984280335,0.10511820984280335,0.017612296858728938,0.06816993430007154,-0.03846628163477976,-0.005564116309966592,0.03781238499112731,0.13646532064005923,0.22185323659891396,0.6800459003256518,0.38032548102747177,0.4263938572802929,6.688678349202202,7336.638344748835,0.0032,0.0248003160358017,0.2814826044241536,0.0,0.0004,0.0,0.009169245563707351,0.0,1.8965114246715198e-15,3.3072534609924663e-15,-0.07452467975153976,0.013148252298761631,1.0
value_only,20261111,0.0005519407513558416,0.013527674419241936,-0.10972476295202557,0.10972476295202557,0.01928100440411381,0.059965876759993465,0.013102722288357519,0.038759829541665625,0.007519749934887044,0.16128567334225608,0.18846963796996138,0.6449277332598792,0.3556833945322586,0.42165802972419564,6.686804696372941,6540.879223779668,0.0032,0.02707897841014252,0.3077485521704244,0.0,0.0,0.0,0.008118222707703904,0.0,1.8965114246715198e-15,5.820766091346741e-15,0.0597679274687398,-0.0046740493924810915,1.0
value_only,20261112,0.00029307305064549813,0.01453222494585198,-0.13854110096786632,0.13854110096786632,0.021038323490075703,0.06587525791897704,0.04472054704935021,0.010156340237899405,0.013648892644797671,0.5433104382934753,0.3896470257456065,0.6020275918277798,0.3159781366397051,0.5062289991238795,6.705479906949929,16484.011818329367,0.0064,0.008283348503051352,0.43013442058608653,0.0,0.002,0.0,0.005125136872397018,0.0,2.302906729958274e-15,1.5874816612763839e-15,-0.09524015674995354,-0.0036634536249505675,1.0
value_only,20261113,4.6029123797882935e-06,0.013795587315462361,-0.082301919835941,0.082301919835941,0.02160546234482586,0.016662348773947296,0.0013617778190948544,-0.024316920376212733,-0.006652355906976767,0.09417240834189,0.15981288091519721,0.49940474203718904,0.3690520861829293,0.42634079808371816,6.688633685999516,6386.18427645243,0.004,0.024227936259260896,0.4755372144596589,0.0,0.0004,0.0,0.006896333334528659,0.0,1.625581221147017e-15,3.5718337378718635e-15,-0.0481480301875522,0.00501042200163011,1.0
value_only,20261114,0.00032117738979944014,0.013770282836761997,-0.12877775830817503,0.12877775830817503,0.019599228825883993,0.024829653529548107,0.01928052910533765,-0.031228711854686786,-0.01907484125620619,0.08272184670189198,0.21765048131863104,0.5680588587408313,0.34867824065008507,0.4366450558509933,6.71010543011461,7585.679394513471,0.0024,0.019923045712346595,0.3623824292027591,0.0,0.0004,0.0,0.007861404450056675,0.0,2.1674416281960227e-15,4.233284430070357e-15,-0.0032729669936314566,-0.003224456349342943,1.0
value_only,20261115,0.00044879379760737767,0.013797378758796702,-0.11070489171337346,0.11070489171337346,0.017904086377835447,0.02250932121046342,0.023131320510114985,-0.02977352640697385,-0.02638274168767762,-0.09518094906357222,0.1574965475214083,0.6344135821264621,0.3654048571674487,0.4338323286784052,6.7219709813279405,4669.09155936946,0.0016,0.03671457610323099,0.49680615135531003,0.0,0.0,0.0,0.015566021501830507,0.0,1.8965114246715198e-15,2.1166422150351785e-15,-0.05952007435016799,0.02382638255167757,1.0
value_only,20261116,0.0006679212765141368,0.013642156461788402,-0.13459056995049662,0.13459056995049662,0.018583028090723836,0.03643823661075729,0.04615263610717825,-0.0014882493099869288,-0.007544751365070738,-0.06498095214269295,0.1306794740765607,0.7128186722123336,0.3782893507593471,0.4017280640331446,6.672028347563099,4277.71658097036,0.0016,0.039734266859086986,0.37425130685643804,0.0,0.0,0.0,0.017927568125882143,0.0,2.1674416281960227e-15,2.248932353474877e-15,-0.09084726120724256,0.0023684264685776167,1.0
value_only,20261117,0.0007470184590934284,0.013024795789312538,-0.11472671707040073,0.11472671707040073,0.023962662126110527,0.023485462044131482,-0.03531295771004237,-0.017678684276647694,0.0027176615568966834,0.2142667313091997,0.13843733211739775,0.7942082354512833,0.35576353070533023,0.41208003285813105,6.642261040055493,3364.902133942304,0.0048,0.04852420106035263,0.27661152734288985,0.0,0.0,0.0,0.019781410868987548,0.0,5.5540691722523084e-15,4.365574568510055e-15,-0.09205967309194425,0.0052065914814863985,1.0
value_only,20261118,0.0004252250741413352,0.013696891004434105,-0.10311805678132378,0.10311805678132378,0.022388070708328506,0.005800999615329959,-0.009585762901098482,-0.038752598630019536,-0.009135839127054584,0.20071062946867535,0.1790155187441683,0.6279703753595266,0.346541518326428,0.44174401723717743,6.667801905364027,6770.736356396342,0.004,0.025038809318572372,0.36101649947370473,0.0,0.0004,0.0,0.007406920873052725,0.0,3.657557747580788e-15,2.5135126303542743e-15,-0.06604705872754385,0.02113055570075115,1.0
value_only,20261119,0.0005285652474699219,0.013326552909337893,-0.12657405579139747,0.12657405579139747,0.021091539500071574,0.05211777672626045,0.025456498713478923,-0.026237457962707968,0.01978197109136392,0.03613020019552993,0.15601264372625634,0.6773885065683143,0.3726641492383956,0.42186262593659235,6.653051346281515,5746.620708332517,0.0032,0.03029648115363193,0.24760693015109958,0.0,0.0,0.0,0.015231400224581915,0.0,3.657557747580788e-15,3.96870415319096e-15,-0.04971905317160131,-0.04581976906940729,1.0
value_only,20261120,0.0003742716073253202,0.013918663752107482,-0.1021205289952034,0.1021205289952034,0.022230738384895664,0.06231314508621593,0.0337915516064069,-0.004970803278812555,0.03303359302477738,0.06719308107955202,0.17295608095450488,0.6123534930180575,0.338986140326063,0.42935589441158023,6.696307458878855,6681.459602323055,0.0032,0.024551688501140895,0.4722589002651524,0.0,0.0004,0.0,0.007048018085365815,0.0,1.8965114246715198e-15,4.365574568510055e-15,0.0030256529538789097,-0.02262717914540979,1.0
trend_only,20261101,0.00022256709922834864,0.027179725697154745,-0.04000537536947363,0.14868165582772777,0.043112978233456486,0.3796725833102254,0.4202885418084813,0.13814516656706424,-0.07110182406226684,11.513936470235185,0.5850984005195042,0.8384801634143708,0.658969080451455,0.3552441285480338,7.228879719810241,5595.628944653818,0.026,0.05509544410349713,0.41806792921093305,0.0004,0.032,0.0,0.02490386540164069,0.0,3.522092645818537e-15,2.5135126303542743e-15,-0.5773170791194021,-0.015438012655387832,1.0
trend_only,20261102,0.0006448440915715946,0.02469474520718851,-0.09338011619899898,0.13498208482168456,0.051492584238868065,0.3276374631319373,0.3180167685944613,0.18700408378208294,-0.056007148248582855,8.505389286712674,0.4253146021658701,0.8526104347331015,0.6277703264414836,0.38167098679521805,7.168398893403863,2988.7567292032018,0.022,0.06692402384962484,0.3867062858679893,0.0,0.0244,0.0,0.016225986299990502,0.0,3.251162442294034e-15,4.89473512226885e-15,-0.013101554430697309,0.0071011490676736125,1.0
trend_only,20261103,0.00016308143792514328,0.028255458839909996,-0.032220872992915525,0.18376632410595634,0.04462076726074107,0.3620966376357811,0.36252364289779526,0.18198270887021148,-0.06591616618705466,13.287366984229987,0.6030287209979819,0.8556425798346864,0.6447581598942747,0.38163326167325423,7.302958014951541,9391.53316278028,0.0232,0.03519131863843939,0.34794983645764566,0.0028,0.0284,0.0,0.030431025861690886,0.0,2.980232238769531e-15,4.630154845389453e-15,0.033482889023573284,0.02734623061737393,1.0
trend_only,20261104,-2.2796209567834325e-05,0.025745598596815866,-0.01331442509648736,0.13065110202529892,0.04051840559964931,0.3402086364914849,0.3385510469122643,0.15040811336571305,-0.07745094812559689,14.752590104366927,0.4817256083458654,0.8341981795747149,0.6280266661630359,0.35591020965129067,7.07502656563338,4995.500008875169,0.0192,0.05907196391607508,0.5382675233090031,0.0004,0.0228,0.0,0.02065235779212027,0.0,2.4383718317205256e-15,4.233284430070357e-15,-0.033173159830157284,0.013942624604873183,1.0
trend_only,20261105,0.00047550208577371613,0.028148332372433475,0.028661469851482733,0.27540015591267564,0.05667816229506253,0.36527248928019546,0.38068721939450584,0.15230729232646065,-0.0785981650288894,13.628189757387531,0.5169652817811123,0.8627483562105894,0.6517803921918308,0.4355850759151605,7.289596228928571,12701.071208496645,0.0204,0.04492248869473724,0.5255213537637602,0.0248,0.0328,0.0,0.03174967592785838,0.0,2.1674416281960227e-15,3.439543599432165e-15,0.28232059924549,-0.05553017085229313,1.0
trend_only,20261106,0.00041529050831997126,0.02602496446459433,-0.05755416374368896,0.18287695529589654,0.03239038427781417,0.37919998319796244,0.3799207687324751,0.09193405847591161,-0.05589138889234375,12.530508485635876,0.5231132018574877,0.8683654492617742,0.645663121101266,0.3610003490628058,7.123540512322549,5312.248227130869,0.0212,0.056892145167423906,0.5240935137821823,0.002,0.0224,0.0,0.019259847984156808,0.0,5.0122087652033025e-15,4.497864706949754e-15,0.14810331591829562,0.07114780237325669,1.0
trend_only,20261107,0.000390511725237258,0.02606423384634349,-0.06310645763327213,0.19666563635320924,0.03721750572429801,0.3452205807820037,0.3606257248909983,0.11265273798501363,-0.08266400351989213,15.399635796810252,0.4947804879273747,0.8616726092395819,0.6351163514785546,0.36832421898854867,7.087175320433129,4994.066428451207,0.0208,0.059288827323881764,0.32745070360069584,0.0,0.0264,0.0,0.0239929289341414,0.0,2.573836933482777e-15,2.1166422150351785e-15,-0.8765592417426696,0.004251432247683425,1.0
trend_only,20261108,-0.0001219743402345678,0.027208291073061382,0.023042659547664757,0.15238463028844396,0.04523379581622906,0.4336153678850115,0.4424898054002385,0.1156394598923742,-0.0628807036668541,15.699097090161636,0.605913605892277,0.8420090335215457,0.7008329729633349,0.4082483925672679,7.029288142633474,14813.507910211345,0.024,0.0376881369598787,0.6005828249501943,0.0224,0.0256,0.0,0.04196880399164482,0.0,2.573836933482777e-15,2.1166422150351785e-15,0.5083190236360681,0.0089625919263477,1.0
trend_only,20261109,0.00020831205879373406,0.025562045985541168,-0.06889425051343093,0.0968889734225491,0.03912315964795004,0.33677641287115323,0.3638107079787889,0.08350785858700258,-0.05329510796335638,8.795559798425115,0.5545686460643946,0.8202609604269153,0.6360962838260845,0.4031404627952196,7.147513164205019,7851.839833970765,0.0204,0.044027723762827715,0.47790654298376745,0.0016,0.0268,0.0,0.04074840660803569,0.0,2.4383718317205256e-15,1.7197717997160825e-15,0.3440318715384081,0.0028002397853757422,1.0
trend_only,20261110,0.0006649421501339437,0.024161601700463314,-0.026148902266393288,0.09868569473823026,0.025216248909730538,0.37351983487238155,0.3063694252906563,0.09846402990208937,-0.05317485391993807,8.490243082150226,0.45037334665329426,0.8794530857503675,0.6293135854227888,0.3991192877507932,7.094490607004972,7750.82075956904,0.0196,0.04826115814700195,0.33635146763206103,0.0012,0.0248,0.0,0.035857865569715264,0.0,3.522092645818537e-15,2.778092907233672e-15,-0.09507765729308162,0.031814687847497504,1.0
trend_only,20261111,0.0005540457322836914,0.02668882755843505,-0.038097201694344,0.1271556079880786,0.036294282936546476,0.3722970882174771,0.343520675658796,0.13858874543630095,-0.07069777480733457,12.290079751199539,0.4315399436886681,0.8752353226750749,0.633307919497261,0.3891939853837952,7.240962073273459,6955.182693951959,0.0228,0.04783687412206124,0.36465626118831795,0.0004,0.0276,0.0,0.023419362277655953,0.0,2.4383718317205256e-15,2.248932353474877e-15,0.07660204150661477,0.037863721368394936,1.0
trend_only,20261112,0.0003165347437031862,0.028169422031603802,0.01731883696191117,0.17727724893699418,0.039948593793409634,0.39024313502574653,0.38890016838859365,0.1654508168405959,-0.046423129295862786,9.37924128497974,0.5802564157394021,0.8306491299451264,0.637169536081411,0.4679033907774599,7.271039559850392,16971.535543091948,0.0228,0.05226141696354009,0.5504803030162461,0.0896,0.03,0.0,0.06749974990766439,0.0,3.251162442294034e-15,4.233284430070357e-15,-0.0878947458331058,0.03748715265190815,1.0
trend_only,20261113,1.8599555545321066e-05,0.02468849175396168,-0.059446035518126814,0.15244631865171362,0.035854367127507086,0.3559234096355243,0.330055499897096,0.07570282556213546,-0.03932357583722378,10.657390393618954,0.5332407667694189,0.7990983300936632,0.6174128795738039,0.394663150155694,7.0073963174992695,6945.1132653887835,0.0208,0.04863501850368541,0.5023661661132182,0.0,0.0208,0.0,0.021045592234469668,0.0,2.0319765264337714e-15,2.5135126303542743e-15,0.5609591694428129,0.0003242851166695813,1.0
trend_only,20261114,0.0003199201382892902,0.025459316701754463,0.002591939071964092,0.19337272682981427,0.03886983129754721,0.3909570658156711,0.39002438345983076,0.08870563983759845,-0.08954199535783727,10.471883615843614,0.5360269286232602,0.8413344062975102,0.6491132077443605,0.3866558604669517,7.05036560286125,8238.474953463054,0.0228,0.04381220939653852,0.4133565124928731,0.0032,0.0228,0.0,0.025785807029372165,0.0,2.1674416281960227e-15,5.423895676027645e-15,0.3018845016167066,0.018421056114705917,1.0
trend_only,20261115,0.0004064086589281608,0.025743424063672707,-0.014138549009244265,0.1271047386220082,0.04194687996191067,0.31408426650720267,0.37204425296221616,0.13675936625041288,-0.04809429218779472,12.244996535185049,0.5136204723902579,0.8298720860747901,0.6479085378672795,0.36406995869181696,7.1130503077364216,5083.62809818725,0.0232,0.055292343007299516,0.5280605855949725,0.0,0.022,0.0,0.019466447717353397,0.0,6.095929579301314e-15,1.7197717997160825e-15,-0.19809701428187343,-0.05515967318707593,1.0
trend_only,20261116,0.0006370692853663325,0.024602186706529954,-0.03280355101067812,0.12997128209779385,0.0382046520590749,0.28772304491777334,0.2900089372935083,0.10432343219495664,-0.0721503914780291,9.95342350406286,0.4313689577085516,0.8419358371173266,0.5990610141401971,0.4084391913862991,7.133347411824524,4504.620673239968,0.0204,0.05738065024352462,0.40338103950056514,0.0,0.0224,0.0,0.019096643873936614,0.0,1.3546510176225143e-15,5.820766091346741e-15,0.3823234617485861,0.0035408782990878317,1.0
trend_only,20261117,0.0007674754998136567,0.024336156657009656,-0.05155576969896603,0.15554912119620454,0.04188588329151102,0.38386867118184503,0.37608202996228085,0.11497980899061029,-0.040885301930611115,10.403582495231326,0.44721641983800065,0.8451207728651384,0.5855292333707108,0.38896278263467843,7.1081124321125255,3577.4881842487484,0.0204,0.06353323804160534,0.30409735753089484,0.0008,0.0232,0.0,0.01949961567672953,0.0,4.876743663441051e-15,3.5718337378718635e-15,0.22956058960911568,0.05250576920056628,1.0
trend_only,20261118,0.000378785793770475,0.02726897368341536,-0.0481823705588999,0.17239838743238284,0.0371597525001892,0.3426054395266981,0.342457859464959,0.10790969590818124,-0.0509315760963551,11.084026482571268,0.4870905199956896,0.8601540168759993,0.650153364487174,0.39589260055346615,7.2323220547252305,7210.964758866942,0.0204,0.0481380801182394,0.3770664516909733,0.0012,0.0324,0.0,0.033020016044887024,0.0,3.251162442294034e-15,2.645802768793973e-15,0.46449453908283467,0.043228062866881904,1.0
trend_only,20261119,0.0005551440181048601,0.0254989059425155,-0.026758077899383354,0.26429274217472043,0.03847423370071908,0.35947006254170644,0.3514421245855997,0.09848891945639182,-0.06745491442766909,18.125069372707355,0.5130856620484625,0.8523457677129221,0.6446244152399189,0.37443553294442383,7.014795805301416,6224.347984923387,0.0204,0.04675863757854976,0.36005975189590167,0.0,0.0228,0.0,0.023532240703791008,1.0,2.1674416281960227e-15,3.042673184113069e-15,-0.8103053379808506,-0.004390045884891014,1.0
trend_only,20261120,0.00035482144475121373,0.02655951051246949,0.025022360803594577,0.2450941643485542,0.04698461827422094,0.324874980879645,0.36936779538581926,0.09276639329728323,-0.06812942680451084,12.33544089936987,0.46109206543679376,0.8337412132099687,0.6286435354381357,0.38952530091913384,7.213220419393368,7193.710881843938,0.0204,0.04967807223909992,0.5246887298870805,0.0016,0.0284,0.0,0.02551760187526364,0.0,3.522092645818537e-15,2.1166422150351785e-15,0.24730411818968268,-0.047750600775780735,1.0
noise_only,20261101,0.0002343505311077557,0.019516453009162125,-0.03997752171491033,0.20645959326310478,0.03831182234846995,0.2805214591083639,0.25023933243723306,0.14058665230205833,0.00881949885022394,14.00591519599595,0.5576725717337521,0.9131922800600056,0.5032196616658151,0.2567365405669481,6.695798704391162,6783.8118517607045,0.0156,0.2646910725986968,0.4286567291469069,0.0,0.01,0.0,0.20814414797788294,3.0,2.4383718317205256e-15,2.9103830456733705e-15,0.546142839328343,0.008579641875530052,1.0
noise_only,20261102,0.0006668062795095278,0.022336847144022634,-0.0014864730301261267,0.1846969106321043,0.036765467560376505,0.3402447109380813,0.3380022729026341,0.1447731200962778,0.03989578525848565,11.642287373550856,0.5818980677699052,0.9238893125636111,0.5255253588967874,0.27689027067007993,6.812474036730817,2752.0312864660045,0.0188,0.02617784919858796,0.3621797793184536,0.0168,0.0144,0.0,0.19252676463270246,6.0,2.302906729958274e-15,4.365574568510055e-15,0.05502254798665296,-0.057376599058313736,1.0
noise_only,20261103,9.93982211548495e-05,0.016017503096653257,0.018325462116119642,0.10117578665963989,0.0239534462953033,0.19017464999031325,0.11640258698303914,0.05321866281894363,0.012693753032658128,3.938443565098675,0.4504350917225763,0.8662817015774539,0.5412278445845259,0.2619509657032503,6.58805973689015,10474.20772802171,0.0112,0.15277862083380714,0.3442452875535772,0.0,0.004,0.0,0.2405466135669656,8.0,2.1674416281960227e-15,2.5135126303542743e-15,0.01917203396192807,-0.025467372755441777,1.0
noise_only,20261104,-3.464790455630364e-05,0.023037166742605513,-0.04200952082233135,0.24763631652244217,0.06455812669621352,0.4338730502075537,0.3680210747034972,0.23493062941699067,-0.009722323531347537,24.887430216845974,0.6077799494403031,0.9289139135979193,0.5023711220133811,0.2421140550322257,6.771949363666971,4878.335364822527,0.0168,0.05372225611901069,0.5488809734847303,0.0044,0.0116,0.0,0.25958247445904914,6.0,3.251162442294034e-15,4.233284430070357e-15,0.010220579682107808,0.062168677591379604,1.0
noise_only,20261105,0.0004587186962819832,0.016911307511425704,0.004165289962839447,0.11169859531161791,0.023034157537294306,0.23769954919995337,0.17836027095527215,0.021516806874251324,0.03315546314842879,10.20378716019124,0.5436894690884376,0.8694656396566589,0.48957981223734404,0.28751015444842243,6.634423236780339,14756.865995618906,0.0124,0.18157006186185146,0.4329626114746916,0.0,0.0044,0.0,0.24743072426335821,7.0,1.2191859158602628e-15,1.5874816612763839e-15,0.9700112249074878,-0.025416896482872875,1.0
noise_only,20261106,0.00042922030577495176,0.018576552042833445,-0.05171972295339928,0.13989811044134057,0.030307954830946504,0.2541420969795084,0.25825208106483066,0.10776383464822031,0.009174789947147167,6.228397333015348,0.4594673187860648,0.8995935063172336,0.5197691306786516,0.2973419624078493,6.6672603973021225,5874.982742713704,0.0144,0.1644055672652781,0.48642155396272324,0.0,0.0072,0.0,0.24727310567968241,4.0,4.7412785616788e-15,3.7041238763115625e-15,0.3880185736413132,0.005418232372190747,1.0
noise_only,20261107,0.00039161086753064717,0.019048299972193976,-0.0504595454636669,0.12970045560946966,0.03475877164768588,0.35365857628253755,0.26219989249003733,0.11946256292692643,0.03832289066567107,7.727066129945271,0.5642057511915897,0.9162923587205458,0.48904544987086906,0.2714138230896515,6.725332232337295,4878.164694328871,0.0184,0.05402008071595767,0.29608018379974843,0.0,0.0076,0.0,0.21819879560830335,1.0,3.1156973405317828e-15,2.645802768793973e-15,0.6235986318195285,0.00018415582249630953,1.0
noise_only,20261108,-9.895141493535e-05,0.016566141186083138,0.08361889656555278,0.14116109315400946,0.03973048847395415,0.3125224562813289,0.26329758118156577,0.020698972312480926,0.053149867684090905,10.816794649343311,0.5473020382292432,0.8901997193301745,0.5287022873291155,0.23883033994880173,6.58315502775101,19631.178198063095,0.0164,0.321794218184346,0.6355167656675835,0.0,0.0048,0.0,0.23456255323479902,6.0,6.2313946810635656e-15,4.100994291630658e-15,0.8530826181559773,0.07686593284779765,1.0
noise_only,20261109,0.00022113946163443074,0.01719276036380089,0.03335060460235115,0.11029496560586179,0.036824582551292916,0.25972528364836256,0.24093085582183335,0.06670638175674971,0.03473272882821774,11.253328731184334,0.5188902738488994,0.88046631196335,0.5326598761726533,0.22941958466786957,6.5765321552877305,8829.402171212632,0.0148,0.17015935395115428,0.4308910040423396,0.0,0.0068,0.0,0.23917182560189865,4.0,4.470348358154297e-15,3.836414014751261e-15,0.7931815871249208,-0.02372904124288937,1.0
noise_only,20261110,0.00064101015965749,0.016394501655831322,0.04249489218018785,0.1209059276162583,0.0267566821164067,0.2556578947211077,0.1652913518700489,0.00015735284496974265,-0.008742915873852973,4.3811745204807,0.48582054175849393,0.8753966076002594,0.5127677326478559,0.26694245758381424,6.58552478148066,10200.46668588821,0.0128,0.29653209657548446,0.29000370272493015,0.0,0.0032,0.0,0.20448003712697438,6.0,3.7930228493430395e-15,2.1166422150351785e-15,0.30917569693717445,0.040290245582422994,1.0
noise_only,20261111,0.0005139073524539356,0.01903200416920616,-0.08663628970559788,0.11114469487892628,0.028442331079129874,0.319380737366938,0.23581615951189888,0.08182954625278581,-0.027063438395757502,17.55007637635481,0.5621274426691979,0.9049728422218135,0.5118192682745294,0.2840587078664422,6.599562830425048,7984.179232447221,0.016,0.16196685871589095,0.3459914382438296,0.0,0.0088,0.0,0.2247915027474412,3.0,5.147673866965554e-15,3.3072534609924663e-15,1.548839721073624,-0.022393148825035073,1.0
noise_only,20261112,0.000269801221159862,0.01672572808604892,-0.02193443670183866,0.07688898554446982,0.02373106877635369,0.2645264385309927,0.1323073877449151,0.047175915581914064,0.022817022435201433,11.09139436252556,0.4781581340100589,0.8894020323714609,0.492384093476183,0.2799628464546429,6.5330096395970365,16400.905611767354,0.0104,0.04563587312598146,0.47085610679246015,0.0508,0.0032,0.0,0.2351601659309861,4.0,2.0319765264337714e-15,5.1593153991482476e-15,0.5335008270072884,0.02836144573183815,1.0
noise_only,20261113,-2.4357398956817277e-05,0.016739662148962567,-0.04553063624666776,0.17796422510531842,0.03598428595068966,0.22678184123862746,0.20347492053266078,0.013103637482999354,0.031479798242396,16.589854949693258,0.4532342121093152,0.8685860212280695,0.5407451959002987,0.21809298435526997,6.559213566568766,7329.483978589094,0.0112,0.1279436490266059,0.5413883369528283,0.0,0.0048,0.0,0.2411043892485687,3.0,2.1674416281960227e-15,1.7197717997160825e-15,1.1935777749212773,-0.048344943276390925,1.0
noise_only,20261114,0.0003455298012443233,0.017361350608304797,-0.05013105104651228,0.13090448275914687,0.03261049088721901,0.25941793956899545,0.20007931189351383,0.09384126213255867,0.051451697308642595,21.712094070095837,0.49724227858250575,0.8845964422471644,0.5310861715852988,0.22926187293391412,6.620808788639497,9389.618058179856,0.0124,0.1853981876943144,0.40877583321707356,0.0,0.0056,0.0,0.20102925329474042,3.0,3.7930228493430395e-15,1.98435207659548e-15,1.6031118798245672,0.012802222822521395,1.0
noise_only,20261115,0.000454363664459985,0.01778806416978667,-0.021155945831896387,0.13646790692238914,0.029309810471635677,0.20175603986445434,0.21716079549308587,0.06293104641751149,0.0126618380596923,8.571498340280664,0.473122978379848,0.9053144983409922,0.5094604580150551,0.23701796680990922,6.658161738831995,4628.943609614404,0.0168,0.024878526088068183,0.5332147488756493,0.006,0.0068,0.0,0.23498104690074584,5.0,3.251162442294034e-15,2.1166422150351785e-15,-0.009493516366691511,0.04296487877268587,1.0
noise_only,20261116,0.0006733441759713091,0.01831247122211233,-0.004380708069672776,0.14995297104759528,0.038179188904725006,0.2519190431274055,0.2648132074909986,0.145926327890824,-0.0025364366585487303,11.978567203806463,0.5190079713992065,0.9004208416139432,0.5306316997601587,0.25165271198890254,6.656719796082833,4841.9786530373585,0.0144,0.12212455057273187,0.3901031218893979,0.0,0.006,0.0,0.18899927011216233,2.0,1.7610463229092685e-15,3.7041238763115625e-15,1.0232782272011036,-0.010110552360429088,1.0
noise_only,20261117,0.0007561933864455562,0.018745912958786443,0.015848769978566383,0.19530437161579267,0.0379144041672768,0.2660013751527614,0.2803945289461131,0.09354880940145881,0.0014420251056643898,9.761242271848015,0.5047464550827888,0.9139751348298935,0.5044239795561898,0.2556060011794828,6.713651461059412,3118.1996472997566,0.0168,0.07154088966991341,0.2910208773428856,0.0744,0.0092,0.0,0.21617978420206274,2.0,2.980232238769531e-15,3.3072534609924663e-15,0.9210583998979704,-0.01399700354788803,1.0
noise_only,20261118,0.00047897971490207426,0.01822316666811092,-0.01938798869399848,0.11294589266738324,0.02914774287300902,0.29154297345027275,0.18802292293490572,0.05274085698626757,-0.023094541045446802,9.970371682422249,0.5439302790030981,0.9078076302353889,0.49980693940567755,0.28114337110181975,6.645759145512972,8105.91931307967,0.0152,0.15834176910642872,0.3659158083431797,0.0,0.0064,0.0,0.22110992550463116,5.0,4.7412785616788e-15,2.778092907233672e-15,0.9101844506367092,0.056983116738886924,1.0
noise_only,20261119,0.0005216268047856563,0.017891867294094504,0.0010293710175874823,0.12059062989049756,0.02924323930566734,0.2596440417814542,0.23958449759018136,0.10186521772302294,0.01840292070428327,7.060401584605165,0.5283626673607511,0.9141306539727205,0.5078689539334034,0.2909563716332889,6.653127545997613,7944.533083125764,0.016,0.31170012987043355,0.31960163242354733,0.0,0.0072,0.0,0.22590790735600086,6.0,1.7610463229092685e-15,2.9103830456733705e-15,0.2961864867768152,-0.0032707417315824597,1.0
noise_only,20261120,0.00039195456428466394,0.019102052567748117,0.0022018486560332296,0.11804410606047873,0.030901010652666865,0.25618014557236085,0.22183066208683241,0.11776568722015383,-0.007590078435092268,9.051608936762479,0.5036978252703258,0.9166584334004207,0.5082518048337585,0.2739270589620076,6.733544739239101,7857.1762580475215,0.0168,0.147283300265679,0.5367952795147896,0.0,0.0076,0.0,0.20850227827312162,2.0,6.502324884588068e-15,3.439543599432165e-15,0.8981214206338148,0.05312401529994345,1.0
no_logit,20261101,0.00023370723812735967,0.02005206997751322,-0.0479531965439635,0.16455702462096092,0.03327283005206895,0.11442405206480442,0.1456617999442397,0.04555223086913309,-0.03299483602392628,0.840919209156676,0.2788940684057281,0.7823502816858878,0.43052393342443457,0.4942463226086401,7.066169319232502,5289.846771470311,0.0072,0.043647718775134334,0.41149649190294524,0.0,0.0112,0.0,0.20427807881739057,0.0,2.0319765264337714e-15,1.4551915228366853e-15,-0.14455016749589478,0.030243156261529753,1.0
no_logit,20261102,0.000654331412899775,0.01970840687786351,-0.053215860862433885,0.12079921012658243,0.033357596487072386,0.17381227659139464,0.13393201442304412,0.009907029434421386,-0.011810016145155859,0.9000972398414988,0.16401828941717378,0.8907414759639314,0.4218033858130958,0.47897578611989367,7.046975913858241,2863.3249340151287,0.0064,0.061517479961265824,0.3591349637739495,0.0,0.0084,0.0,0.20066340856047082,0.0,2.0319765264337714e-15,1.98435207659548e-15,0.03555613663328229,-0.01175197313883181,1.0
no_logit,20261103,0.0001358695268957412,0.020378143890695984,-0.05641981442603647,0.11692979035811259,0.02856433213378427,0.15372173446744022,0.12914640866591615,0.01917159549237687,-0.07000249480184012,0.6035486395910108,0.2712211217185004,0.8207660579215926,0.4098406672746656,0.5525667999016299,7.0216481670177275,8945.31531993348,0.0048,0.02455558114359948,0.33484288791694894,0.0,0.0092,0.0,0.2185159777324277,0.0,1.8965114246715198e-15,4.630154845389453e-15,0.03960414230443984,-0.0059119961308981535,1.0
no_logit,20261104,-1.7569692944007896e-05,0.01998020453015906,-0.03434484694888754,0.14728836856332342,0.027959316257383175,0.13445266938796577,0.1526352750649027,0.07779335824909428,-0.026104002367779322,1.8275547942048433,0.26687866433262053,0.8240994006810675,0.4414443188866267,0.46477759453932593,7.008693655192171,4741.540671407099,0.0092,0.047570939090366596,0.49266179000252863,0.0,0.0104,0.0,0.19965737885171086,0.0,2.573836933482777e-15,4.630154845389453e-15,-0.07914617177250624,0.009307196222555204,1.0
no_logit,20261105,0.00046791478123472957,0.02207753755420653,-0.0683822289806197,0.14539109111448664,0.03516680538088756,0.17771838386236744,0.16253497596668587,0.05991936716423586,-0.042345389717102846,1.7649954616764116,0.3154942158733169,0.8893368062832733,0.39404006233947436,0.5694573469349061,7.157172319781536,12130.233834257486,0.0072,0.02278694175890079,0.4295639272052587,0.0,0.018,0.0,0.2162233973119807,0.0,2.302906729958274e-15,2.9103830456733705e-15,-0.07243586049120948,0.016805284328909202,1.0
no_logit,20261106,0.00043543353240189405,0.021244033345178694,-0.06090986049480486,0.15046829487692362,0.03645964400039674,0.1924594051934597,0.18472312284741074,0.06591537091746691,-0.03846334237936728,2.0872255941257833,0.2344664195683197,0.8798201376470157,0.42264035391646904,0.49098916845584617,7.118881414128012,5045.815126314958,0.01,0.04730720958304363,0.47794233661940855,0.0,0.012,0.0,0.1894803009746251,0.0,3.928487951105291e-15,3.7041238763115625e-15,0.06866504689047297,0.05390808546116869,1.0
no_logit,20261107,0.0003881911189366889,0.02031000729054078,-0.08790891910966196,0.171830033357982,0.028925893553596572,0.15006183023644015,0.12853415662291037,0.03691637215946018,-0.04102939186461358,1.2322036327731007,0.19151660588544972,0.8768834058172895,0.3936497136945372,0.5176110773506387,7.04240560364994,4713.633078466928,0.0096,0.04862121565347702,0.30865996938944484,0.0,0.0108,0.0,0.19568691914384417,0.0,1.625581221147017e-15,1.7197717997160825e-15,-0.10630299095219789,0.018136925530295164,1.0
no_logit,20261108,-0.00011426484940715724,0.020818938747113866,-0.033749899583506375,0.12354176069910527,0.026140471218252654,0.19982733656732862,0.1965710098225748,0.040154263451065486,-0.032857737420391574,1.1032750876783783,0.3324795864207579,0.8244179795883216,0.4268225538461797,0.5775761916183443,7.111320121647963,13956.577381849738,0.01,0.018273968750853,0.6072480764138596,0.0,0.0108,0.0,0.22447940461677263,0.0,7.315115495161577e-15,2.3812224919145757e-15,0.09685096587444907,0.0015377072314951942,1.0
no_logit,20261109,0.00021656656703066552,0.02069955085071201,-0.05140772542750528,0.10267860268083552,0.027487844746065783,0.10731105548599504,0.08801367532405174,0.01571290482919139,-0.027516573621502227,1.8611648245430947,0.2761088415081742,0.8134968864575916,0.43090074989474875,0.5155712598875892,7.058216057235686,7462.4791179170115,0.01,0.030604551581818122,0.42567559110403186,0.0,0.0132,0.0,0.21441543468111735,0.0,2.302906729958274e-15,2.3812224919145757e-15,-0.24465308691090085,-0.012895877435022324,1.0
no_logit,20261110,0.0006238539546155273,0.020527260464366415,-0.08463259003566512,0.13578317375684226,0.03311759654290258,0.20118392022552836,0.18211984660002292,0.04656400713594476,-0.059128002110396635,2.4492268321015427,0.2697471809846718,0.9211000288960675,0.4177199797252132,0.5115286166936279,6.970223477734803,7605.119626607879,0.01,0.03567350401661915,0.3013891016859117,0.0,0.0136,0.0,0.2069178620901304,0.0,2.7093020352450286e-15,3.042673184113069e-15,-0.22572448719396448,0.014354632923333504,1.0
no_logit,20261111,0.0005295269317743153,0.020095320224678862,-0.10034704258417965,0.11332623063005878,0.02846890799377768,0.17753252953317114,0.16069418850138426,0.03164877975271093,-0.030870160584036545,1.339207106447991,0.19643009943700862,0.9122977070173952,0.41466735771456326,0.5088700120273596,6.972720354204008,6748.623738783344,0.0092,0.03860389883793507,0.3293875998737309,0.0,0.0096,0.0,0.17915089241081228,0.0,1.2191859158602628e-15,1.3229013843969864e-15,0.03320845721427135,-0.009543899225767878,1.0
no_logit,20261112,0.00028022361752437914,0.02174412466003151,-0.07524523241042683,0.1269912559281027,0.03103074289167501,0.16680699341149502,0.13560981621452503,0.022013802300783855,0.021187037915966614,1.267857180621343,0.3270027790785028,0.8367329150009312,0.4079774572170007,0.5893426081257683,7.124404772378838,16439.653838680082,0.0072,0.02060797480368688,0.45262205152999935,0.0004,0.016,0.0,0.2098143930277876,0.0,2.84476713700728e-15,2.3812224919145757e-15,0.06807080514366211,0.014059612494112842,1.0
no_logit,20261113,-5.492870976045338e-07,0.020565918431865546,-0.022972588270619203,0.13671728928644733,0.033299712675332827,0.15753212808461872,0.18245979675818136,0.018757707168755276,-0.02922863564787423,0.7399728179092548,0.305167811564153,0.7904420470193464,0.43410822170469676,0.5138467737937717,7.127048672475546,6513.448099195143,0.0064,0.03548398451401264,0.50261690802634,0.0,0.01,0.0,0.19659461014104673,0.0,1.625581221147017e-15,1.98435207659548e-15,0.040303696237554656,-0.019242130817134457,1.0
no_logit,20261114,0.000327776583722283,0.020911088276547904,-0.08459986011749093,0.11098663087535725,0.03336035530719082,0.18346679232091792,0.16801378587239663,0.07247754070307405,-0.03829930658025711,1.0977703811934436,0.3187541954358288,0.8672662652882176,0.40432298298977987,0.5174387185844427,7.093670687645135,7785.138739771735,0.0092,0.03045975815637563,0.39226095641966185,0.0,0.01,0.0,0.2153605266879779,0.0,3.1156973405317828e-15,1.4551915228366853e-15,0.11068612958471714,0.013147828472704005,1.0
no_logit,20261115,0.0004382904490951514,0.019480686958639866,-0.05128351414705663,0.09645877450022002,0.025893598476831065,0.08927289738361228,0.1502207383691177,0.006231729133546194,-0.042256606446168486,1.5283781496389102,0.2213736196928553,0.8226950507395578,0.44275284832634443,0.4695582168036256,6.953416669926683,4835.81221098997,0.0116,0.04753275381753134,0.5098674928564493,0.0,0.0128,0.0,0.19336702327634359,0.0,3.657557747580788e-15,3.96870415319096e-15,-0.22176919927350655,0.0004966954968769073,1.0
no_logit,20261116,0.0006627318132101213,0.02005357007942506,-0.037771817685063935,0.09965993607455595,0.03017441024784237,0.15121466043998621,0.18548330835048937,0.05471260073722747,-0.014264764578219971,1.048994602695176,0.23382379244372511,0.8820589076366685,0.42480014215778866,0.49752911412448997,7.0407027037661285,4352.568624661656,0.0104,0.0504014234789445,0.4059927494247383,0.0,0.008,0.0,0.21645399885622174,0.0,2.7093020352450286e-15,2.9103830456733705e-15,0.009597117312943729,0.021851944232101458,1.0
no_logit,20261117,0.0007456212432179868,0.019562615830380537,-0.06454040014265747,0.13688888227057802,0.03115097351705552,0.197347986282242,0.1301291357706159,0.022370056346832114,-0.03597836055759629,1.6887036825464516,0.21524955634670892,0.8972468947435163,0.4221208949301572,0.4715719890389706,6.988858366771941,3439.587941266057,0.0116,0.05751495500148557,0.29207728059339955,0.0,0.01,0.0,0.19650251656686013,0.0,1.4901161193847656e-15,1.5874816612763839e-15,0.004158467012043082,0.05468715550664229,1.0
no_logit,20261118,0.0004265741384486766,0.021147196523817458,-0.06362911344681682,0.14892723273039643,0.02957427608123408,0.17196376501986416,0.20813879100509775,0.008097830047494144,-0.05278122980414322,2.4629882205732665,0.24647834516207318,0.8991528242436143,0.43773874993694056,0.5122884067634148,7.03763089978457,6959.965996144792,0.012,0.036249058180963814,0.37820511844240445,0.0,0.0144,0.0,0.21791644710417257,0.0,2.980232238769531e-15,4.630154845389453e-15,-0.07579955804321528,0.030602826892684926,1.0
no_logit,20261119,0.0005284833396094168,0.020034836453390766,-0.06801768412990988,0.16566150470618884,0.030842487791454147,0.14736882379571192,0.23349478933289444,0.020716671944928634,-0.04422978311916035,1.3875365613154598,0.24669092859103076,0.8954554703405305,0.43034324007456837,0.5075164247539709,7.0333469625904605,5876.997320397612,0.0072,0.04000040180840457,0.28573472198024463,0.0,0.01,0.0,0.20681932720456775,0.0,3.251162442294034e-15,1.8520619381557813e-15,-0.04799969118849371,0.015865502652940854,1.0
no_logit,20261120,0.00036891576626605163,0.0202970827194277,-0.05750149287414911,0.155269218216815,0.030802354954109268,0.12192668871296103,0.1450085436824547,0.005784325697272244,-0.02639299602230152,1.991830662541628,0.21723208383483422,0.8750959382441498,0.41458152130935283,0.5074096240218892,7.025911068790949,6868.816891981578,0.0104,0.0364108788253624,0.49431944352520796,0.0,0.01,0.0,0.18707560415803592,0.0,4.605813459916548e-15,4.497864706949754e-15,-0.014323239308159453,0.026151235779647324,1.0
no_activity_persistence,20261101,0.0002327512316945576,0.020016647915313823,-0.04580085419397127,0.16894049031198904,0.03363863034634483,0.10698970109316869,0.14108719550555787,0.04328663510321529,-0.030534565603070215,0.8671434925196388,0.2654987201228527,0.7786027718730297,0.43074459169547313,0.4957913239945507,7.056384895722488,5290.823130669728,0.0068,0.04356839536120274,0.4115746468313104,0.0,0.0116,0.0,0.20465063517151316,0.0,3.3866275440562853e-15,2.3812224919145757e-15,-0.14318359331849068,0.03378842123186668,1.0
no_activity_persistence,20261102,0.0006542637549422956,0.019655374214203297,-0.05304138135604196,0.12187313349104918,0.033806768654949165,0.17530135145325618,0.13339165018582821,0.004480376364447258,-0.010395777063056106,0.8678376888533168,0.15982666374920246,0.8899183876811634,0.42190351320673936,0.4792349130043553,7.042709875328643,2862.312671194848,0.0072,0.06151622449638322,0.35963978985885714,0.0,0.0076,0.0,0.20052079975868065,0.0,1.625581221147017e-15,4.365574568510055e-15,0.04018661242984938,-0.014256063118638399,1.0
no_activity_persistence,20261103,0.0001358475532711804,0.020342662855692282,-0.055235573605183406,0.11887280123369617,0.029086410758707416,0.15109481569647173,0.12466711458858179,0.020373157814959925,-0.07277522092113739,0.6015106166133175,0.2641314343136846,0.8181146488842209,0.41135516460708443,0.553447687574499,7.011101095135303,8952.703634362475,0.0044,0.02455122180502804,0.33392070403719265,0.0,0.0096,0.0,0.21895904685232193,0.0,1.7610463229092685e-15,2.645802768793973e-15,0.03505369621214856,-0.010640631301779821,1.0
no_activity_persistence,20261104,-1.6357543945144216e-05,0.020005843635725506,-0.032120546160080955,0.14663696253399452,0.029083299512855355,0.13682495246112905,0.15435453399093574,0.07639580686509509,-0.023134428646777352,1.8740791272695692,0.2718705421284716,0.8273228136070149,0.44413268268097555,0.46242274515495235,7.019755725245655,4740.722414205437,0.0088,0.04767391933162169,0.4950436139180201,0.0,0.0112,0.0,0.20083021528327483,0.0,1.8965114246715198e-15,1.3229013843969864e-15,-0.07471333088900761,0.006939575257600018,1.0
no_activity_persistence,20261105,0.00046879435091738377,0.022059514434371135,-0.06791314334241129,0.14176887324725618,0.03496367636243587,0.1789945956514991,0.16784005392725843,0.058281671265569795,-0.04006792882295982,1.5887987598722928,0.31651572644967024,0.8901072893362199,0.3985834218795553,0.5682513183123493,7.172868488046145,12108.225976047468,0.0072,0.022910798189782186,0.4291923816050094,0.0,0.0168,0.0,0.21711124099527535,0.0,2.1674416281960227e-15,2.248932353474877e-15,-0.09854923867393318,0.02059056330241577,1.0
no_activity_persistence,20261106,0.00043883053992993163,0.02127253440943162,-0.061976636252178634,0.14861155911659568,0.03645603645698502,0.19341905207755827,0.18561150084670192,0.06485538147107443,-0.03550502375054696,2.112908923704894,0.23327150939913419,0.8791320668959925,0.41883283701782364,0.49273001657792176,7.114185466299561,5049.753711274302,0.01,0.04731341805723662,0.47788453790255236,0.0,0.0116,0.0,0.1901557325631169,0.0,2.84476713700728e-15,2.645802768793973e-15,0.077486130747189,0.05416965320850318,1.0
no_activity_persistence,20261107,0.0003876774891434849,0.02034508096111993,-0.08627666165469237,0.1738091800797589,0.02962491412605083,0.15854941711958906,0.13395675241657823,0.0374472711326193,-0.04090222082192924,1.3374274429885507,0.19672182581895054,0.8768751010627637,0.3969669035570395,0.5154366023684427,7.043498672711588,4716.473113523906,0.008,0.048607091910235316,0.30719224685519864,0.0,0.0104,0.0,0.19473670457017733,0.0,1.4901161193847656e-15,2.5135126303542743e-15,-0.12201272497206928,0.022957279163554143,1.0
no_activity_persistence,20261108,-0.00011475240051928175,0.020830497284463626,-0.03245991949988392,0.12611849142518647,0.02641131240053381,0.2012013860343151,0.19242964999426224,0.03899685662361657,-0.035417716200644815,1.0192603262005155,0.3268728760266059,0.8194772838645685,0.42071089988193044,0.5803876234500768,7.113291666300674,13950.268630830175,0.01,0.0183260155334693,0.6086208074870131,0.0,0.01,0.0,0.22570322614556382,0.0,3.928487951105291e-15,1.8520619381557813e-15,0.08673733458585471,0.0015483048325116544,1.0
no_activity_persistence,20261109,0.00021696136927639885,0.020792718805524756,-0.05390552445602226,0.10553522796287323,0.02711785714179995,0.11113037823390243,0.08556086842198579,0.014982085780694078,-0.032687865556705664,1.8778670284089962,0.2764997243217142,0.8127981744832466,0.42656795355154253,0.5178253614246997,7.0633668114789785,7459.480799269755,0.0084,0.030611295980493048,0.4254474352473663,0.0,0.0132,0.0,0.21562479559553527,0.0,2.4383718317205256e-15,2.5135126303542743e-15,-0.26100464995898176,-0.018482137367269433,1.0
no_activity_persistence,20261110,0.0006267238110383051,0.020500881361551572,-0.08183271240652018,0.1338767386463029,0.03202083192356729,0.19838929371445563,0.17853178144516949,0.04467051964297513,-0.0579322885754254,2.278077105374966,0.25947932020451403,0.9222728749118578,0.41505830025897555,0.5137246370314695,6.978911615006224,7591.750440330614,0.0092,0.03568813580560434,0.30267619782054833,0.0,0.0128,0.0,0.20688524693137622,0.0,2.0319765264337714e-15,2.645802768793973e-15,-0.21831427900191816,0.010735607157072882,1.0
no_activity_persistence,20261111,0.0005269593297968818,0.020112195517819266,-0.10190733861638315,0.10915906790568147,0.02912253379526783,0.1833309035133202,0.16739548143301256,0.03658852654817307,-0.029041120285254886,1.3868009978622462,0.1983088386497486,0.9123567924922534,0.416100682701646,0.5072372723146801,6.971135256191069,6750.132248534499,0.0092,0.0385339640646712,0.3295003231765491,0.0,0.01,0.0,0.17894441504595804,0.0,2.302906729958274e-15,1.8520619381557813e-15,0.02588113752609921,-0.014459530692613189,1.0
no_activity_persistence,20261112,0.00028124132823527576,0.021779300914437007,-0.07468555821656528,0.12456959227938456,0.030649532322493976,0.16394101137898628,0.12644740936619608,0.02259857110112355,0.022065285280624368,1.169035281671695,0.32854035712241875,0.8375004761700025,0.406135125376042,0.5914966458727634,7.137237074792717,16399.80753398885,0.0064,0.020701824549469457,0.45254919870099186,0.0004,0.0156,0.0,0.2125543570148538,0.0,2.302906729958274e-15,3.1749633225527677e-15,0.04794727598921166,0.013461209412674495,1.0
no_activity_persistence,20261113,-4.671840565809049e-07,0.02061037781528862,-0.027595774374217442,0.13249875068132191,0.03271149949054335,0.15942755601591554,0.17607859487006314,0.022103180976370346,-0.02980238957258501,0.6765216644671272,0.3008774259199836,0.7839517785799307,0.42961043964672724,0.5156364596694696,7.134531843726229,6509.914668483368,0.006,0.035608724095652806,0.5032854452068567,0.0,0.01,0.0,0.1974717921979794,0.0,2.302906729958274e-15,2.5135126303542743e-15,0.038100090844058604,-0.013713470630563853,1.0
no_activity_persistence,20261114,0.00032741524154486967,0.02089862076541999,-0.08482913099952034,0.1140028353734443,0.03322640598981351,0.18624356788127874,0.1657928711104977,0.07549713699123327,-0.03965749525661665,1.1631691461733125,0.3190407125199808,0.8692363697334281,0.4083061834760616,0.5149658137552673,7.093642720459316,7781.296283358377,0.0088,0.03040196848996627,0.3932993548313479,0.0,0.0104,0.0,0.21436400130281186,0.0,1.4901161193847656e-15,5.291605537587946e-15,0.10998651050468963,0.012760043761263894,1.0
no_activity_persistence,20261115,0.00043834930409020244,0.019505787405038888,-0.05148560588065172,0.0962082505619815,0.025967570444810146,0.08762711553400743,0.15343736278197687,0.004807962456808811,-0.043243601424210125,1.5256810695360477,0.22102600923251758,0.8224878018890815,0.43972677540606875,0.47104220891540116,6.957114644231429,4832.049890421556,0.012,0.047452956797368114,0.5100774600202347,0.0,0.012,0.0,0.19334029622140192,0.0,1.8965114246715198e-15,1.1906112459572878e-15,-0.21402859047315143,-0.003079950193784866,1.0
no_activity_persistence,20261116,0.0006635248424993318,0.020103789517468905,-0.03869094017498129,0.10123248632981943,0.03008926566153346,0.1530509786660938,0.1821305463794091,0.05810556694614837,-0.013105101947470891,1.0271921942467364,0.2384947863911622,0.8824758414971994,0.4220926324833391,0.49871264363220075,7.0434474371548035,4354.312717952936,0.0108,0.050243855125835145,0.4055333506440931,0.0,0.0092,0.0,0.21600907836036876,0.0,2.84476713700728e-15,1.4551915228366853e-15,0.016543915044378018,0.021344606814700677,1.0
no_activity_persistence,20261117,0.0007458993612089991,0.019528676363082413,-0.06502169837078865,0.13832831432029907,0.03149693848262681,0.19591834684630974,0.13023810005527367,0.020987777875351443,-0.03685536434247352,1.6278884591845548,0.21242936849701133,0.8988600198988215,0.42389447356014764,0.4714821910284882,6.993911426826441,3434.942380649157,0.0116,0.05753488961934319,0.2912840581717264,0.0,0.0104,0.0,0.19611837427214662,0.0,2.4383718317205256e-15,3.439543599432165e-15,0.004544578056844148,0.06003471552562162,1.0
no_activity_persistence,20261118,0.0004263803721497613,0.021148980025123273,-0.06586359001802108,0.14814672715586885,0.029324113553389312,0.17236074834538237,0.20041496815504317,0.005847325692697158,-0.05267438638276079,2.3589091784868277,0.24009103630315934,0.8968452699634532,0.43479328834492836,0.5166031232874594,7.038910546794996,6957.986699787603,0.0112,0.03616987070633246,0.3760467257073232,0.0,0.014,0.0,0.21996309783201196,0.0,1.7610463229092685e-15,2.3812224919145757e-15,-0.07067981247743703,0.029836360975472414,1.0
no_activity_persistence,20261119,0.0005252879631283783,0.019956161050620935,-0.06739476849410614,0.1660986415181232,0.02992181169082724,0.14156939066660806,0.22908302871743802,0.014701002325977423,-0.03808282502616822,1.3745344484424233,0.23959757530079148,0.8933826571689658,0.43026549822414817,0.5087699985257952,7.021931433307297,5883.84844238842,0.0076,0.039898276521477025,0.29122465816277254,0.0,0.0092,0.0,0.20623377903388396,0.0,2.7093020352450286e-15,5.0270252607085486e-15,-0.04069390235821479,0.01575409540646415,1.0
no_activity_persistence,20261120,0.00036975486163652816,0.020335005698808577,-0.058698625178772855,0.1564221026530708,0.03105709193078233,0.12145102758837012,0.14484061871000298,0.003576582586937384,-0.024820998311772303,2.016720812989826,0.2185195539647501,0.8745581962310058,0.41169368742241547,0.5097369356841893,7.022348052722466,6871.814868765646,0.01,0.03640693735306206,0.49516184116922324,0.0,0.0096,0.0,0.1882415568465159,0.0,2.4383718317205256e-15,3.1749633225527677e-15,-0.003773275988609646,0.024191102733736362,1.0
independent_signals,20261101,0.00022876450576331386,0.012631146693601235,-0.05597454546468654,0.05597454546468654,0.018785719417749796,0.03164401427203991,0.0075503257164130635,-0.0018010627451523634,-0.002589229660003289,-0.1315114200711296,0.034387860616916836,0.816845915948887,0.5511413546034395,0.20423792692113857,6.655201700164138,5200.160856311148,0.0024,0.042010438082811234,0.4084284401475211,0.0,0.0,0.0,0.03460027532021592,0.0,5.283138968727805e-15,1.3229013843969864e-15,0.0004201177326580989,0.01656929527100758,1.0
independent_signals,20261102,0.0006667905203272294,0.012784230600780523,-0.08040134359894749,0.08040134359894749,0.015075838016826063,0.01671006692401083,-0.002902217918967413,-0.009023089482711587,-0.001193429027268391,0.08707138220221644,0.012083287141669898,0.9472769762292705,0.5987448201465547,0.21896113048522628,6.649340149391767,2835.503435505432,0.0036,0.06024258410813734,0.36150135365645186,0.0,0.0,0.0,0.06146551082923968,0.0,3.251162442294034e-15,4.762444983829151e-15,0.02066199011528273,-0.0017325778354071962,1.0
independent_signals,20261103,0.00012663765554075433,0.012753667133082944,-0.06769189467804951,0.06769189467804951,0.02143265422227362,0.001117318762492596,-0.015488887826472317,-0.002782207044153709,-0.019685813242149883,-0.11376316409641252,0.016481995857552192,0.8595915898770832,0.5282594578890049,0.2342689122124096,6.629838343721057,8861.798034614161,0.0016,0.020902722566254753,0.3219828311923757,0.0,0.0,0.0,0.02484192481508507,0.0,1.625581221147017e-15,2.9103830456733705e-15,-0.07367057635391121,-0.0006002403676431668,1.0
independent_signals,20261104,-2.472297368603975e-05,0.012802444037871043,-0.07575197315216968,0.07575197315216968,0.01467961126278897,0.027544422202138374,-0.008688954472081083,0.014888807291075314,0.004386873167747312,-0.06852328203716951,0.00019754624140275715,0.8619772001539177,0.5539522759514881,0.2459279060223298,6.6195142120240575,4655.81273529328,0.0024,0.04677793971085405,0.46888018061941095,0.0,0.0,0.0,0.030348391390190965,0.0,2.1674416281960227e-15,2.645802768793973e-15,-0.08565006925331997,-0.010985311086920899,1.0
independent_signals,20261105,0.0004454798200271945,0.013090071462518895,-0.08866503882468743,0.08866503882468743,0.019324002173000634,0.031312256905833266,0.029917347955912582,-0.004888077622382034,0.012421487178230765,0.017368105768821085,0.03159999431919639,0.92413622129781,0.5538113348582743,0.28161535731211995,6.647341601934704,11956.15247638463,0.0024,0.015643038567793026,0.41816980528752146,0.0,0.0004,0.0,0.02343164479749893,0.0,2.84476713700728e-15,1.5874816612763839e-15,-0.08034324020573742,0.021256946391710375,1.0
independent_signals,20261106,0.0004126735163959484,0.012825701871443624,-0.0835929470469354,0.0835929470469354,0.023372228191962434,0.01600388579937156,-0.011443291552494229,0.02465367344373959,0.026281321659004944,0.14842058400947078,-0.0009863950809306781,0.9317143416738942,0.5659348160899399,0.19881769378927117,6.635556731976381,4947.718344611652,0.0044,0.044703837437723846,0.4625359889175664,0.0,0.0,0.0,0.04730682189180602,0.0,2.980232238769531e-15,3.1749633225527677e-15,-0.009869945834773478,-0.015191045039363495,1.0
independent_signals,20261107,0.00039359720520313067,0.012557417521779104,-0.07202476741075801,0.07202476741075801,0.02125696545956101,0.033157789440157244,-0.015858160619011897,0.007108842349555187,0.0035260227149122507,0.07429218402591298,0.021944933763756558,0.9182658317982809,0.5796457225465981,0.2033914795895358,6.6105789331243185,4645.607470453915,0.0036,0.04639806745333114,0.30336275778461463,0.0,0.0,0.0,0.04265904757615302,0.0,2.1674416281960227e-15,2.778092907233672e-15,0.02382554073678773,-0.022989420622297165,1.0
independent_signals,20261108,-0.0001351263549641345,0.012582804009288894,-0.0810869043477776,0.0810869043477776,0.01983523913092385,0.0030353960976217914,0.05146870587350298,0.019696714466548526,-0.002463198581880785,0.12445718406960138,0.05877685902452764,0.8556388924209135,0.5388039937996274,0.31449100241185374,6.6383180626495975,13820.205174852405,0.0028,0.009189017710898516,0.59409975302068,0.0,0.0,0.0,0.022174262518427135,0.0,4.3348832563920454e-15,2.9103830456733705e-15,0.021046402621438334,0.0016576795305294262,1.0
independent_signals,20261109,0.00021358537519713928,0.012892792874330308,-0.058594389524450376,0.058594389524450376,0.016241506561176684,0.028987854090484662,-0.01427527111556119,-0.0008565716818788402,0.009753296116565405,0.2551824349658398,0.03050266449332557,0.8297183773367984,0.5733325013494324,0.23942504106657042,6.608874425020195,7365.168811070826,0.0044,0.02904272811152206,0.3962218156971502,0.0,0.0004,0.0,0.032693861342949715,0.0,3.657557747580788e-15,2.645802768793973e-15,0.02369711022930534,-0.016937008093263765,1.0
independent_signals,20261110,0.0006089198769967695,0.012577379384140266,-0.07361025381699073,0.07361025381699073,0.020231740151941256,0.02244912699991954,-0.029717113563829316,-0.0038021172572712623,0.03149893814067388,0.04363775532635161,0.05441218121945145,0.9562725237216831,0.5721405368338252,0.2595744498634236,6.642700985465649,7347.865104389522,0.0028,0.03152466056579594,0.2921900018478165,0.0,0.0,0.0,0.0377296982696016,0.0,3.522092645818537e-15,2.248932353474877e-15,-0.05243410534375438,0.02919810448943382,1.0
independent_signals,20261111,0.0005477012449883389,0.012610100139913576,-0.09223710393596665,0.09223710393596665,0.017182130928425028,0.05609051961172939,0.007401998199444016,0.02761350296467643,-0.002897028336844873,0.15605130043654514,0.02326454537605825,0.9509943723408926,0.5812975992246278,0.23333356373163797,6.61145444052862,6589.92313188946,0.0056,0.03495642212050159,0.3168480365803851,0.0,0.0,0.0,0.02916596664152249,0.0,4.063953052867543e-15,2.1166422150351785e-15,0.0273350201016657,0.0353157890088896,1.0
independent_signals,20261112,0.00029678803717318443,0.012956162736173976,-0.08839186133953986,0.08839186133953986,0.017933874965158473,0.0067710075932737,0.0252608250959744,0.009206754499408514,0.01692885661337374,0.0840957277362766,0.06490888659905458,0.8764837321703455,0.5013671917244565,0.28020559139662543,6.643848530221364,16304.069972567275,0.0032,0.011437996590718782,0.44309876424100336,0.0,0.0,0.0,0.022461539054452695,0.0,3.928487951105291e-15,1.1906112459572878e-15,-0.028651325346349357,0.016961981109029464,1.0
independent_signals,20261113,1.0491451721567558e-05,0.012827523133435888,-0.07208804208023689,0.07208804208023689,0.016853846233863618,0.029517972010240184,-0.0272454376359763,-0.01798648780182147,-0.006653458066856557,0.00720131692341619,0.016190092099390457,0.8131554707441561,0.5246269720613174,0.2607245334705369,6.608112666545573,6458.090790755924,0.004,0.03453437873706708,0.4852999950543444,0.0,0.0,0.0,0.026682271053494633,0.0,2.4383718317205256e-15,2.645802768793973e-15,-0.054902550004583814,0.002666635113778929,1.0
independent_signals,20261114,0.0003181701714559342,0.012764551835604874,-0.08946788457112104,0.08946788457112104,0.019016403805766906,0.0338735167619594,0.006494725153835135,0.005073429484603062,-0.0367636181161806,0.05670620822141226,0.03770280906057467,0.9046397929994793,0.5765478043725895,0.24319561976283738,6.636154206423725,7662.849331444108,0.0028,0.027948736628399355,0.3689386099431068,0.0,0.0,0.0,0.034989612917514235,0.0,1.7610463229092685e-15,3.5718337378718635e-15,-0.005727315649839579,0.03543061699462671,1.0
independent_signals,20261115,0.00045670693535216316,0.012902549294507897,-0.0716363001312233,0.0716363001312233,0.01930006217127981,-0.0033707741117651275,0.003174426031161896,-0.02765190798107647,-0.006034158001245097,0.0336746374200545,-0.0035197773340389857,0.8908408876433259,0.5680669522514478,0.2409740672771713,6.676634733516989,4710.760827408134,0.0032,0.04553532226829694,0.49511742274181136,0.0,0.0,0.0,0.04975392608483453,0.0,4.876743663441051e-15,1.3229013843969864e-15,-0.04258570713936702,0.016497374464434257,1.0
independent_signals,20261116,0.0006654168811235028,0.012744923798532436,-0.09258024791096912,0.09258024791096912,0.0177650891705985,0.03242970269441283,-6.878063072700928e-05,-0.002313929031762989,0.005990948367582043,0.005692322053002741,0.0033706700250638656,0.9192878081236544,0.5586711222667091,0.21219236851526604,6.6209014664421835,4305.746509631988,0.0016,0.04851295375911666,0.38450750631513275,0.0,0.0,0.0,0.05823527752168012,0.0,1.7610463229092685e-15,1.98435207659548e-15,-0.06595713804587983,0.017098577073501906,1.0
independent_signals,20261117,0.000753696280882383,0.012285248320593469,-0.08475271924391006,0.08475271924391006,0.019981000916884,0.051070289320463744,-0.05269623984890395,-0.024436404709655815,-0.017354090764609212,0.18776769157016115,0.013046085583482636,0.9391736260448295,0.6009155988078231,0.17547424122154673,6.601535042886537,3379.096197133688,0.0064,0.055512727885964966,0.2807132127629147,0.0,0.0,0.0,0.06252471715593999,0.0,2.980232238769531e-15,2.1166422150351785e-15,-0.12872037189470237,0.03257026963020969,1.0
independent_signals,20261118,0.0004143995968460022,0.012738728993425341,-0.0857569243721649,0.0857569243721649,0.020595766507372795,-0.008664621550099762,-0.022323235796351235,-0.044415963286927825,-0.0067123372717277675,0.04344705601053489,-0.022672971864414176,0.9309043542467292,0.5224264302298594,0.26515586267950586,6.628543689868414,6809.067818009087,0.004,0.033034154563449145,0.3617269163954424,0.0,0.0,0.0,0.03227959441998052,0.0,1.625581221147017e-15,1.7197717997160825e-15,-0.05160198916497,0.02525255041052723,1.0
independent_signals,20261119,0.0005361274237965851,0.012359431901374835,-0.0917067977363361,0.0917067977363361,0.020987787210332995,0.017850183928446315,0.011261716559108277,-0.020693762313268336,0.004371548052944291,0.07280358533593789,0.009060369759867046,0.9366393552420726,0.6132437531897906,0.2032398523340579,6.606506446853191,5788.277238933471,0.0036,0.03870672428582306,0.2442278194877816,0.0,0.0,0.0,0.0504239577025023,0.0,2.302906729958274e-15,2.3812224919145757e-15,-0.02660976519345602,-0.009227839892652457,1.0
independent_signals,20261120,0.00036895502045430353,0.012933716339772944,-0.07352651640560831,0.07352651640560831,0.02151446368610553,0.039961768696589475,0.00746069992347339,0.001785397493597525,0.016173987606528106,0.10465913448035025,0.006395445377910267,0.9244347843961952,0.582032199522005,0.2225242414014842,6.636063016918667,6723.039695301737,0.0036,0.033094479838996084,0.4711368261964384,0.0,0.0004,0.0,0.025738757240915344,0.0,3.251162442294034e-15,4.233284430070357e-15,-0.033624111569875346,0.012388512071800748,1.0
fixed_participation,20261101,0.0002323930364989337,0.02107147487013323,-0.08345239375365468,0.1635344846747964,0.033395243471654235,0.058081838738447036,0.09577729700465984,0.04147050231383773,-0.02632314892499073,0.5919919654856756,0.23161342332185378,0.7490505710180227,0.32126459134245416,0.5540927267781794,7.083331666288345,5270.527778549648,0.006,0.043477193942256326,0.4157627440429409,0.0,0.0132,0.0,0.2302341494784279,0.0,2.302906729958274e-15,5.1593153991482476e-15,-0.14037617205175995,0.03341685529391535,1.0
fixed_participation,20261102,0.0006582010713938942,0.020829273247868648,-0.09109676286932405,0.1199843897310535,0.03290726771185951,0.12372031713839016,0.09334396624245318,-0.008645369918063894,0.0020779977415451047,0.5694639995797117,0.14127012273279607,0.8921891111737681,0.3185574517886283,0.5384910322690544,7.087807969086292,2858.164935070355,0.0052,0.06179603186494775,0.3630383498296347,0.0,0.0088,0.0,0.22919287030856839,0.0,2.573836933482777e-15,1.8520619381557813e-15,0.035407219911185554,-0.01417948041957644,1.0
fixed_participation,20261103,0.0001372413399609119,0.02129932597959673,-0.1039909474504951,0.11608897310981688,0.029871726753258266,0.12598757440562108,0.11056254251157364,0.029788646383640392,-0.0504599975507083,0.6166562795957748,0.2739394173797973,0.8423464489154867,0.3109884654574736,0.5935792814903088,7.010776319185967,8970.933071235988,0.0048,0.024636452804616276,0.3367619695270355,0.0,0.0128,0.0,0.2346077828766988,0.0,2.302906729958274e-15,4.497864706949754e-15,0.04670412262838894,-0.0014808132277158014,1.0
fixed_participation,20261104,-1.6395868904450596e-05,0.020970423963232364,-0.06918243752340379,0.13621989283881686,0.02983543888885905,0.09245289462514526,0.1206996214007128,0.07683615384899754,-0.01114729014181324,1.1890028593201514,0.2418169010855132,0.8175760559033259,0.3424143593540466,0.5228638809128918,7.0622042813715,4719.826089914752,0.0076,0.04730970634985457,0.493906353509462,0.0,0.0128,0.0,0.22769148564546615,0.0,2.302906729958274e-15,9.260309690778906e-16,-0.041433058059633356,0.0021487956478255213,1.0
fixed_participation,20261105,0.00047315142755458483,0.022715659928996105,-0.0913374899097501,0.14376907576850181,0.03440281471187559,0.10923645758528013,0.10809432718505753,0.03770575839393529,-0.02183817839060848,0.9846213994510631,0.2973458662033604,0.8960665641399185,0.29422347470932564,0.6215214264997041,7.109901712990265,12075.821237315593,0.0068,0.022988874016949108,0.4320917982277843,0.0,0.0184,0.0,0.23898398467700321,0.0,2.0319765264337714e-15,1.8520619381557813e-15,-0.07437262069233845,0.017533001987216225,1.0
fixed_participation,20261106,0.0004406395021651086,0.022403832326398084,-0.10189707880715147,0.14039960677482402,0.03511648310714767,0.14622884443232115,0.13560943601496142,0.05175196180951071,-0.028826264845443268,1.2052478822249935,0.17603399610051096,0.8725727368610021,0.3129278644794342,0.5569701997114825,7.166949652051035,5015.849335946502,0.008,0.04710117288982833,0.47377197910341184,0.0,0.0156,0.0,0.2226461104473958,0.0,3.522092645818537e-15,3.5718337378718635e-15,0.03299410321656575,0.0585098375703527,1.0
fixed_participation,20261107,0.0003843814953955061,0.021529501809577273,-0.11916470964997578,0.1607296771269034,0.029855745337455098,0.09281436307903145,0.09010346695382836,0.03159779564771071,-0.02490544387439303,0.922492126291417,0.14829794912616834,0.8720200078753437,0.2925732394872931,0.5743816094884835,7.084770173483206,4696.47076308282,0.0072,0.04874572549916382,0.30876900070180646,0.0,0.012,0.0,0.22715755519912717,0.0,3.251162442294034e-15,2.3812224919145757e-15,-0.10871581331158736,0.02786908619047601,1.0
fixed_participation,20261108,-0.00011686174820321753,0.021466260397810053,-0.07099247059260126,0.13022232819973237,0.028566117325215568,0.16591278854135855,0.16469732301154152,0.03529944542238176,-0.03360510297986614,0.8908165688688836,0.3205069416227604,0.7837346409797574,0.31760058525597756,0.6144440275561746,7.079168254454342,14051.240810183466,0.0084,0.018232220199724446,0.603917250196143,0.0,0.014,0.0,0.24368597694556793,0.0,3.251162442294034e-15,1.8520619381557813e-15,0.10473952969640839,0.00805183972902219,1.0
fixed_participation,20261109,0.00022073984271097337,0.021571828360601182,-0.09876069470814881,0.09876069470814881,0.027184690964417946,0.07317655028942639,0.04639362916660926,0.0015137826548671906,-0.0112255939561519,1.2210000509867678,0.25291458952706725,0.8148555731098167,0.3166302492920655,0.5698936005300973,7.05035644412525,7450.3399756259605,0.0072,0.030460997662670918,0.4236908579653378,0.0,0.0136,0.0,0.23960356474172806,0.0,2.1674416281960227e-15,2.1166422150351785e-15,-0.19319757662761977,-0.021512354776451758,1.0
fixed_participation,20261110,0.0006295171391401872,0.02159143924669272,-0.125341959808887,0.125341959808887,0.03143030402174281,0.1571996266883237,0.1346705214312229,0.042634684702322845,-0.03925481840403609,1.4856833207949256,0.22905674342560642,0.9239427233798697,0.29170980144515835,0.5765618398841771,7.030627934105692,7558.671550689143,0.0072,0.03591042487860685,0.298344200871584,0.0,0.0152,0.0,0.2366186681120559,0.0,1.625581221147017e-15,2.1166422150351785e-15,-0.15598560666534583,0.0183575148139207,1.0
fixed_participation,20261111,0.0005241534532111835,0.02145801546438927,-0.14474621860882037,0.14474621860882037,0.03068481767961595,0.14323472560775338,0.13387983062648048,0.03223325992691504,-0.024895847747485305,0.8980523276589056,0.1782417025437762,0.9174687904316091,0.31493154520427746,0.5690244489334363,7.044852346723275,6716.812825980699,0.0088,0.0389163538819521,0.33406865598901037,0.0,0.0128,0.0,0.21184930213688036,0.0,2.980232238769531e-15,2.778092907233672e-15,0.03414242342522352,-0.01010676730672821,1.0
fixed_participation,20261112,0.0002794729128448516,0.022874991015425904,-0.11433435169899257,0.11802253817838128,0.030053675188097578,0.13229665295372292,0.10343122710296444,0.017065357662948328,0.0354473971750164,0.9533909113599992,0.316737587100352,0.8393985572016804,0.2966299908915123,0.6362332791527043,7.149427437417792,16410.32673451565,0.0056,0.020679638771339874,0.45502758857371506,0.0004,0.0176,0.0,0.23456270161354809,0.0,1.2191859158602628e-15,2.9103830456733705e-15,0.05549640320276288,0.009289056686509537,1.0
fixed_participation,20261113,-4.990286745290007e-08,0.02151645102870479,-0.06696126883239006,0.12396595796043779,0.03191281458724921,0.09682555019373718,0.12569303823796013,0.011439002717852035,-0.02094070663841444,0.308004584955178,0.25298166567112884,0.7408192408060572,0.33042754034555416,0.5747867493843065,7.1332741975721135,6490.0103917715,0.0032,0.03532734702618351,0.5023029328212635,0.0,0.0108,0.0,0.22622418106559916,0.0,3.3866275440562853e-15,1.5874816612763839e-15,0.02514809125621022,-0.026862909209454885,1.0
fixed_participation,20261114,0.0003285084736208361,0.02193347911129469,-0.12924082406991827,0.12924082406991827,0.03475030805505435,0.14062518274392866,0.12205649967826787,0.046126256068358636,-0.027733011821435633,0.7230801029414127,0.2779858827621065,0.8653109303819813,0.28158332132910957,0.5760865590026115,7.1105802995130585,7758.579042229715,0.0068,0.030075728337211012,0.394904829530364,0.0,0.012,0.0,0.23875285976014782,0.0,3.7930228493430395e-15,1.3229013843969864e-15,0.09178411408985003,0.01818300723890064,1.0
fixed_participation,20261115,0.0004361405159405553,0.020713183448278945,-0.08751042496559965,0.09704059329457547,0.028450393421360454,0.03864043270461698,0.10900277995664524,0.0008007071810927689,-0.03844574852554264,1.0035406064411259,0.18413277915428666,0.8093756009681055,0.3332437504191975,0.5344366745205329,7.003303866941295,4815.145722276589,0.0092,0.04762576860830586,0.5151702678288363,0.0,0.0144,0.0,0.22391917022240393,0.0,1.3546510176225143e-15,1.8520619381557813e-15,-0.17280961913857626,0.001102303050669646,1.0
fixed_participation,20261116,0.0006621688151319141,0.02116258479754846,-0.08279224243695066,0.09967300613133728,0.030172959477270157,0.09930829132388565,0.13339448662865194,0.03264057190293925,0.00301289110589704,0.3904075851551183,0.20186432059372172,0.8819907650040698,0.310662909709659,0.5626437257946335,7.091814298831135,4328.780701109626,0.006,0.0504113044069427,0.4039046139537493,0.0,0.0092,0.0,0.24325297574478366,0.0,5.147673866965554e-15,3.7041238763115625e-15,0.03222993819506463,0.01927357755316997,1.0
fixed_participation,20261117,0.000742930569000805,0.02075931186871292,-0.10284973989479024,0.13351893099486817,0.03223470186267645,0.1255874503745296,0.07731266585883498,-0.0030632254536973698,-0.023025983236785605,0.9066521704692745,0.15182406868729517,0.8977917371400609,0.31382082552707097,0.5423024143134568,7.047167778144176,3414.988665420522,0.0088,0.05791514948417257,0.29472374500166276,0.0,0.0108,0.0,0.22660211812614817,0.0,2.1674416281960227e-15,2.248932353474877e-15,0.005095269512572668,0.06814965208160104,1.0
fixed_participation,20261118,0.0004294114681604537,0.02203386854600213,-0.10121755192803562,0.15082570499942066,0.030861552266438934,0.12000615020356944,0.16538730776766877,0.0016072800713840365,-0.03307644891496498,1.6475480792725907,0.2193361059019442,0.903141426072935,0.3247433061237716,0.5696803403999603,7.051058823542062,6942.425931181616,0.0096,0.03613305192302182,0.3688602192921211,0.0,0.0144,0.0,0.24250588273961604,0.0,1.8965114246715198e-15,4.89473512226885e-15,-0.03726765118845553,0.042575316845854645,1.0
fixed_participation,20261119,0.0005262144403240573,0.021214490812477758,-0.10095321571732827,0.16193444792669517,0.031270280618280154,0.0823173060072116,0.1746544468134812,0.004898144318809764,-0.021943420637240356,0.7394050387341018,0.2066095332028906,0.8939116709793918,0.31897040995064346,0.5728337163758158,7.073353233978587,5852.659404757181,0.0056,0.04069734459420357,0.28999008075042654,0.0,0.0108,0.0,0.23739535715551408,0.0,3.657557747580788e-15,1.5874816612763839e-15,-0.06527985664271065,0.02086486410346129,1.0
fixed_participation,20261120,0.00037180634855888924,0.021496493741430724,-0.10079673343200432,0.15179885305779925,0.03131785995314063,0.07179055028031867,0.10645140152754157,-0.00333434140420423,-0.013518610878111384,1.347031972359157,0.1817691231743688,0.8715753287219477,0.30085109167218893,0.5719805833052632,7.057805631051806,6846.94720279495,0.01,0.036704656736955235,0.49398121910929627,0.0,0.012,0.0,0.22131638022823763,0.0,2.1674416281960227e-15,1.8520619381557813e-15,-0.007719868672729598,0.028934298515392743,1.0
fixed_liquidity,20261101,0.0002321293358671234,0.01737224606681741,-0.027355967072127226,0.13646356655777636,0.02853551638851337,0.0596419875714953,0.05745873511970524,0.0002695314732750537,-0.017976255720219263,0.27051550649277445,0.1631059272491682,0.721715485658081,0.42967455033433416,0.47770713310192703,5.657550810889013,6217.046035577884,0.0032,0.043654024439618216,0.4122313484294775,0.0,0.0036,0.0,0.1709028398502095,0.0,1.7610463229092685e-15,5.953056229786439e-15,-0.15059998248514508,0.03026645989098808,1.0
fixed_liquidity,20261102,0.0006605887462211467,0.017097984894537555,-0.046757529514572335,0.09644450201527027,0.02640602530096155,0.09227146497973468,0.00963924902861064,-0.032963767595500626,0.023703980981111747,0.14482756104654326,0.11231987535520119,0.8823516777722521,0.42269290207792004,0.4604189797388048,5.648021671952348,3383.309391558769,0.004,0.06114044385494265,0.35808796286569744,0.0,0.0016,0.0,0.1732464155908604,0.0,1.625581221147017e-15,3.1749633225527677e-15,-0.004000251242834742,-0.011344459797893072,1.0
fixed_liquidity,20261103,0.00013359539246660077,0.018176527897103556,-0.02574796743114425,0.10828926377721153,0.02701073793787941,0.06251640213204233,0.04774706288238096,0.002225916539053535,-0.05446754312913258,0.07707594507724913,0.18069301404349228,0.7863981119761569,0.41913697773407416,0.5449448719764449,5.689894455275313,10566.326369121998,0.0036,0.0235617216286581,0.3302997052882557,0.0,0.0024,0.0,0.1917129918062983,0.0,1.7610463229092685e-15,4.100994291630658e-15,0.015868845476453702,-0.011465279029543717,1.0
fixed_liquidity,20261104,-2.003151553212348e-05,0.017337784870449697,-0.023968553370870914,0.10996649932223146,0.02371129235516966,0.03245668249452533,0.03635573674993126,0.043301192820331895,-0.004814433134525068,0.2477737413858061,0.1277964412148273,0.7860327187766888,0.44203455280950377,0.45725925036930665,5.658719480922052,5540.084150517352,0.0048,0.047372537059625984,0.4737841761041076,0.0,0.0052,0.0,0.17299638241057758,0.0,3.928487951105291e-15,3.7041238763115625e-15,-0.02961502339885771,0.0030589194465269706,1.0
fixed_liquidity,20261105,0.0004674426067064065,0.019202805707368365,-0.040876768111999986,0.13049395198860747,0.025397576868725336,0.09143155566198312,0.045388564823255734,0.002673848811970683,-0.013534995058963372,0.2979989896724087,0.2137201789638531,0.8731854847268615,0.39714926366848324,0.5804214014569558,5.726501342418206,14237.213514457837,0.004,0.021801778827788477,0.4297674408478753,0.0,0.0044,0.0,0.182122767617501,0.0,3.251162442294034e-15,3.836414014751261e-15,-0.05567420697068552,0.013438210471239427,1.0
fixed_liquidity,20261106,0.00043391513723317523,0.018065965125074288,-0.06043960225067866,0.10611639498660042,0.02688431955451121,0.08957772123373502,0.03911011618359325,0.007476562303810248,-0.0011174431445941904,0.16438513473864624,0.10352877333186108,0.8647377503059066,0.4188012967624537,0.49292111616502987,5.6834783820492,5897.98503689509,0.0052,0.04659580921363363,0.4610650593899197,0.0,0.0036,0.0,0.160158363184018,0.0,4.3348832563920454e-15,3.96870415319096e-15,0.022715989862244424,0.028358603168687338,1.0
fixed_liquidity,20261107,0.0003880071504400707,0.017454376741670715,-0.05340714640384981,0.1212504024388625,0.025425512360047735,0.028719796229677366,-0.01174041094487271,-0.002654583771586913,0.0019481129528817836,0.08934812883968801,0.08856150088105053,0.8604856044254438,0.39566953168953667,0.5102903497156018,5.663440479688157,5528.270701477311,0.0044,0.048055312825292865,0.30903124392932835,0.0,0.0032,0.0,0.1686727641164938,0.0,2.7093020352450286e-15,2.778092907233672e-15,-0.06863063734816503,0.004762602197713466,1.0
fixed_liquidity,20261108,-0.00011901491811008853,0.018317306768148137,-0.0048045321220735225,0.11096610263263171,0.024372054224989333,0.09802503928173567,0.10300074622893175,0.002618661293481746,-0.02420414885164093,0.17628661427440662,0.25031932861358847,0.7908251709432096,0.4267486852041029,0.5945235389132232,5.689752228673074,16456.928263662412,0.004,0.01707984652245595,0.5998941693300103,0.0,0.0052,0.0,0.19764582557990518,0.0,3.1156973405317828e-15,1.5874816612763839e-15,-0.011767394034927142,-0.00727655690145618,1.0
fixed_liquidity,20261109,0.00021676918222247678,0.01786992593185834,-0.035004659807315895,0.06837080285049166,0.022317517502161002,0.01481700776014317,-0.015544560337176083,-0.028499015661293585,-0.0012690215272984054,0.43921045458944263,0.15263574834853583,0.757246487514093,0.4300102648946317,0.5147205711620174,5.677348471364437,8740.657600826424,0.0044,0.029523624465948715,0.4104270700752439,0.0,0.0036,0.0,0.17681814698769904,0.0,3.3866275440562853e-15,2.778092907233672e-15,-0.06496514338266413,-0.020907845889378333,1.0
fixed_liquidity,20261110,0.0006200581118912226,0.017637862872148094,-0.04697678065435526,0.10192153534736059,0.023669807028264024,0.10275468129117146,0.028164496413006786,-0.0033477138614025417,-0.024304916309071046,0.562109964499621,0.20253209584317153,0.9143244546942776,0.41213487170756835,0.5171698533220345,5.664663057370679,8812.263670223736,0.0052,0.03530084086812374,0.30018013357876716,0.0,0.0032,0.0,0.17876266494259352,0.0,2.980232238769531e-15,5.1593153991482476e-15,-0.07692036017859195,0.013725977080776585,1.0
fixed_liquidity,20261111,0.0005255859243130843,0.017572655136169898,-0.07376441487849364,0.10297590435714497,0.025911141025592332,0.07861184865079975,0.06095564464632653,0.018535990994472708,-0.0010117924601474992,0.239520206724122,0.1493345392439283,0.9095789105155759,0.41631507294066356,0.5075096027522372,5.664257791770964,7843.3742720394675,0.0048,0.03814536666111025,0.3222641786304268,0.0,0.0024,0.0,0.15106976820209694,0.0,3.251162442294034e-15,3.439543599432165e-15,-0.0010569541920928088,0.0003590734584980055,1.0
fixed_liquidity,20261112,0.0002847366415961467,0.019184310130291562,-0.0538948821585828,0.10573104312242394,0.023235848580885198,0.12611672774917781,0.04545011211519066,-0.026908726842788902,0.026684777886541493,0.33950558450665724,0.25316669649241685,0.8127785219576313,0.4092533126909641,0.5976106127411044,5.719770014256144,19383.18740571477,0.0056,0.019334415132349632,0.4529159580886981,0.0,0.0056,0.0,0.1799504299354,0.0,6.773255088112571e-15,4.233284430070357e-15,0.013379649115037804,0.006499116346976121,1.0
fixed_liquidity,20261113,1.966069302552498e-06,0.017772102031442867,-0.01598245293777355,0.12462301459814333,0.025688329930278725,0.07618709069995079,0.05028953250587795,-0.03135758211256359,0.012234267343654485,0.044786009321666764,0.1869198108466784,0.741763961157371,0.43558906564345495,0.5078101521253316,5.673881481566189,7675.027701297938,0.0024,0.03514591686310469,0.49259798882336536,0.0,0.002,0.0,0.16314752487505868,0.0,3.7930228493430395e-15,3.1749633225527677e-15,-0.002413855708142353,-0.021102841729430763,1.0
fixed_liquidity,20261114,0.0003294526458215479,0.01795101959097481,-0.07106875431126015,0.08975678459757826,0.026290351167322246,0.07694447905880554,0.04584266708071408,0.012669399851355458,-0.01063360687244982,0.10820981109035399,0.2038921350807518,0.8382021899202252,0.40668016342999824,0.515813971305139,5.681451158294819,9124.124096371117,0.0032,0.029288430860156648,0.38623482587468483,0.0,0.002,0.0,0.18194082150614999,0.0,1.625581221147017e-15,3.3072534609924663e-15,0.09539687893244005,0.0068875051322828396,1.0
fixed_liquidity,20261115,0.0004389696703680631,0.017180703949375497,-0.03249144504564402,0.07892021682690951,0.02239390166350813,-4.840821105730514e-05,0.0445675560545381,-0.024531713998181878,-0.032727391030752395,0.3479987822933981,0.11747855096385885,0.7961082933576957,0.43972298479078303,0.4659552140143117,5.652010187866647,5641.562264426465,0.0052,0.04691729500284247,0.5055911297760012,0.0,0.0044,0.0,0.1669958946713337,0.0,2.302906729958274e-15,3.5718337378718635e-15,-0.06805651921778612,0.0032338500292264584,1.0
fixed_liquidity,20261116,0.0006658804034899827,0.0174423077948339,-0.04461000851678691,0.06873131806009795,0.02622479293168365,0.04393704329792071,0.060889951874441205,0.008851662158644451,0.01907801048262258,0.04333437022857467,0.12260221214606082,0.8673135376964237,0.4239399061599776,0.4891702074412033,5.663135770735522,5119.071370890869,0.0028,0.049911298982060266,0.4019751379886748,0.0,0.0012,0.0,0.185092706683484,0.0,2.573836933482777e-15,2.645802768793973e-15,0.017269090293916798,0.02467244272577795,1.0
fixed_liquidity,20261117,0.0007459614304233941,0.01681550970940498,-0.052843978005291094,0.11204720040020957,0.027707043767283956,0.07604243930405769,-0.01084217961945659,-0.014704752777658711,-0.02303504206261723,0.10043804172483783,0.09144950089704539,0.8878009154942349,0.4190729067482274,0.46914899532058646,5.638574271614501,4013.946221463871,0.0032,0.0574527525002107,0.2922025379659091,0.0,0.0012,0.0,0.17227689056936635,0.0,3.7930228493430395e-15,1.8520619381557813e-15,0.004508491797804771,0.04802291070530857,1.0
fixed_liquidity,20261118,0.0004246952657426071,0.018152791688641947,-0.042717586212048964,0.1330433787311159,0.025242816546971785,0.05639541848400319,0.037500269054366354,-0.05540172511205366,-0.021513022334439313,0.2861256244197561,0.1413350566136524,0.8802448007560372,0.43356126903154485,0.524101127810357,5.6865704667762955,8109.223460292301,0.0044,0.03590025101166951,0.3753358118429584,0.0,0.0048,0.0,0.18914232914140272,0.0,2.84476713700728e-15,2.1166422150351785e-15,-0.0294316240700594,0.0189610857050053,1.0
fixed_liquidity,20261119,0.0005311758652260099,0.017438440725532793,-0.04755156606061311,0.11201688535772303,0.0261556389510433,0.0462972833212029,0.09384665096732443,-0.012131729291736103,0.013088025351377328,0.2353749104786469,0.13650164254600397,0.8819612197839966,0.425261008321472,0.5074177270488104,5.661971662998271,6904.6487512130525,0.0048,0.039644952981524366,0.2669403949424787,0.0,0.0036,0.0,0.1781680238418415,0.0,2.4383718317205256e-15,2.778092907233672e-15,-0.052888340183513516,0.006081255046960839,1.0
fixed_liquidity,20261120,0.00036894958556123,0.017653753971128547,-0.0464489428162248,0.13091432166358816,0.024874560236484693,0.05727365890833814,0.04717582298170722,-0.023776741496884413,0.01146201526479863,0.4772790956562152,0.13202362629782036,0.8608877058646928,0.4119648805293355,0.5077278813534248,5.667071173350935,8030.340538570457,0.0072,0.03594170010120701,0.4749285226117238,0.0,0.004,0.0,0.15825372951853334,0.0,2.0319765264337714e-15,5.291605537587946e-15,0.03252567567436437,0.01720707832547989,1.0
liquidity_stress,20261101,0.00023427600957578144,0.03487021658596757,-0.19566728713109016,0.19566728713109016,0.04170010187125586,0.2622825150192896,0.2620023387438757,0.1375940519450222,-0.0029566578346881646,3.9850131839931473,0.5042949550353556,0.9183736350283139,0.394921671253741,0.5277014527828681,20.08098534729078,2078.049935973243,0.0172,0.047930243234502165,0.413575179051074,0.0,0.062,0.0,0.29884379286882634,0.0,3.3866275440562853e-15,2.645802768793973e-15,-0.35833896040438906,0.007135286011283831,1.0
liquidity_stress,20261102,0.0006672581849470195,0.0337270583037416,-0.13269739021382085,0.13269739021382085,0.04274857111976051,0.29078543581773636,0.2688034609182022,0.20293730011883762,0.04249637650343565,2.6437528360580336,0.4412594131847421,0.937694949926579,0.4589378443252969,0.5027122644245983,20.16864719617012,1123.5251824590848,0.0152,0.06642746744215006,0.3656335753127645,0.0,0.0644,0.0,0.31793525789153443,0.0,2.4383718317205256e-15,3.1749633225527677e-15,0.05652780852485106,0.018208750598813158,1.0
liquidity_stress,20261103,0.0001460614101831215,0.0323873011464764,-0.20841492064493525,0.20841492064493525,0.03615426174686332,0.3149147353166009,0.2736398780112106,0.14038910705384247,-0.03592382818837665,3.508793274029361,0.49531693324284887,0.9120703140897197,0.3860189143965272,0.5327376870552808,19.94659993968726,3501.1507971603187,0.0156,0.03113558948063891,0.35558862279329884,0.0004,0.0528,0.0,0.3010688935100614,0.0,2.4383718317205256e-15,2.1166422150351785e-15,-0.07931968569318826,0.004402863681956994,1.0
liquidity_stress,20261104,-2.0024285486825732e-05,0.0340766535167278,-0.17289547672994868,0.17289547672994868,0.04016198484927922,0.31474781360204057,0.3141264382333745,0.16841145007807137,-0.009542333303878967,3.361226881486939,0.47560006553042483,0.9149429408941165,0.41241704410620006,0.5151624462828865,20.50379653074971,1781.5047949407879,0.018,0.051106193371414345,0.5580533640046554,0.0,0.056,0.0,0.3031602922252159,0.0,2.0319765264337714e-15,1.8520619381557813e-15,-0.17139992845379326,-0.007060515294479527,1.0
liquidity_stress,20261105,0.0005026607298810131,0.03486824401870357,-0.13418823516229195,0.21736285671765362,0.05075839415477279,0.32369717291574224,0.34165292185665247,0.20124267743963725,0.012984092988095032,3.702143166731762,0.5119784163263734,0.9386844309241695,0.39872699920348537,0.5416599188913451,20.166771902733366,4785.994024955282,0.0196,0.028783804249148788,0.46139652369786555,0.0048,0.0588,0.0,0.30358835726780287,0.0,2.980232238769531e-15,2.3812224919145757e-15,0.08516907980824374,0.007709908176320344,1.0
liquidity_stress,20261106,0.00043913590388374926,0.036286148304657914,-0.16851000786653836,0.17470948018637358,0.03451631864721639,0.31138892522767797,0.29327722837571285,0.17482878002728564,-0.01872513621799941,3.387597847618748,0.45036198961767215,0.9330394620230026,0.3915764721710632,0.5361879178522487,20.28109954741,1982.3928000344538,0.0136,0.05220201448682164,0.5300730201041286,0.0,0.0684,0.0,0.3101617503763574,0.0,3.1156973405317828e-15,3.96870415319096e-15,-0.16780111475022533,0.08017824175993442,1.0
liquidity_stress,20261107,0.0003686143562863446,0.03365736797738063,-0.2003589468053123,0.2003589468053123,0.037192004446187164,0.32283442971028453,0.26745665581854455,0.17191122341927922,-0.015213149769538628,4.069260535512189,0.4383663073112182,0.9408474758359894,0.38521583267926107,0.531928724955364,19.932598794456524,1825.7677387363256,0.018,0.054091058064345374,0.33023289873531536,0.0004,0.056,0.0,0.3035630481725611,0.0,1.8965114246715198e-15,1.8520619381557813e-15,-0.24088891562056147,0.08551004182649247,1.0
liquidity_stress,20261108,-0.000107605557966966,0.032498580423548286,-0.154401592029541,0.17242375870260623,0.03797189419163961,0.3396919847745407,0.3305972414720651,0.13127833974276132,0.0016376531386194757,4.329538105303995,0.5443861481044501,0.8844488900713436,0.44106672539216946,0.5291848396950941,19.361828262945572,5563.7632508801435,0.0196,0.021742996908101348,0.6223710813340657,0.0012,0.0508,0.0,0.3173458352196248,0.0,2.7093020352450286e-15,2.645802768793973e-15,0.08239514069053139,0.018330000657867815,1.0
liquidity_stress,20261109,0.00023333435868744913,0.03256967957315986,-0.14865827384406596,0.14865827384406596,0.03050132133639134,0.31117045480555394,0.26311653067689805,0.1625343739825882,0.02095236277580083,3.5569601449133303,0.5140622810977284,0.9121736530107223,0.4347859303303363,0.5043652933690012,19.627690027539586,2920.729750131313,0.0188,0.036200884074074444,0.4381591157866659,0.0016,0.0544,0.0,0.31049068529257484,0.0,1.625581221147017e-15,1.98435207659548e-15,-0.11555770286627566,0.02756161812947638,1.0
liquidity_stress,20261110,0.0006182700958840777,0.032207244739673645,-0.17377136030564933,0.17377136030564933,0.044746045053115344,0.3079093295120295,0.2654269848042791,0.14193917465633,-0.0358728877802223,3.6787209168632007,0.4348595825077523,0.9462585459882809,0.3965680344725511,0.5337704522478934,20.187102359916935,2858.686358364946,0.0148,0.04133361245465365,0.2939868740336905,0.0012,0.05,0.0,0.3111376273958937,0.0,2.980232238769531e-15,2.5135126303542743e-15,-0.13520552982574102,0.021643290216070657,1.0
liquidity_stress,20261111,0.0005267938545688423,0.033533442754857985,-0.20003660337904594,0.20003660337904594,0.03620473635210657,0.3407985375950302,0.2988473848890263,0.14080983279962883,-0.00791778288627247,3.3868341595136364,0.4235290512164382,0.9481250533596388,0.386929425273573,0.5321042515888496,19.937186205829935,2605.942178763526,0.0164,0.043409476151280844,0.34575679153913785,0.0008,0.0584,0.0,0.2963828791652301,0.0,2.573836933482777e-15,2.9103830456733705e-15,0.023519161457552257,0.044906055217260016,1.0
liquidity_stress,20261112,0.00027500228173914644,0.034029238031542834,-0.20236629080859736,0.20236629080859736,0.042415652106287005,0.35384873890481494,0.2893556533981582,0.13351004617297926,0.007203477567025881,3.1878329679682347,0.4933857963053304,0.9101536525491876,0.3882805925334544,0.5614432358001538,20.036443037869443,6386.059213495733,0.0156,0.024808441908279428,0.468870435001857,0.0084,0.06,0.0,0.30802458211054207,0.0,2.1674416281960227e-15,3.1749633225527677e-15,-0.030898481933852095,0.011379152981529412,1.0
liquidity_stress,20261113,-8.385592849638357e-07,0.03360945159619739,-0.14219180601740472,0.14219180601740472,0.040155595950996534,0.3045967853790646,0.28789522791864774,0.20336673450956497,0.0795275047351573,2.740392962709125,0.4851863575868894,0.8840666419132165,0.3950589956551986,0.5366342052812988,20.883284618336475,2395.2875902103647,0.014,0.041402762063690465,0.5209201718663565,0.0,0.06,0.0,0.30567858649418067,0.0,1.4901161193847656e-15,1.8520619381557813e-15,-0.004662597550701852,-0.007625454587244547,1.0
liquidity_stress,20261114,0.0003244608719265411,0.033947932647747044,-0.23832674682021365,0.23832674682021365,0.04988771447922535,0.3577225709813497,0.306873234062586,0.16521006635105312,0.049992026688047336,4.067805857358895,0.5218772659325153,0.9354171835562989,0.3767860377284215,0.527755741966051,19.70136353137179,3078.8960422036043,0.0176,0.035881345141028274,0.43930092615064553,0.0004,0.0576,0.0,0.3029951074682984,0.0,2.7093020352450286e-15,4.630154845389453e-15,-0.02735637748690094,0.015815663033296113,1.0
liquidity_stress,20261115,0.00039025746218216355,0.033113221762989725,-0.17191900200596463,0.17191900200596463,0.03493089146069016,0.24943536911890737,0.24960986137152724,0.10796494516982061,0.01689363088155624,3.5098205596135497,0.4335746576359326,0.9131678037989029,0.40765063481231373,0.5278491823491087,20.907280054351837,1771.7794314782673,0.0176,0.05239175611251951,0.5394652962651885,0.0,0.0524,0.0,0.3050636937250011,0.0,3.1156973405317828e-15,2.5135126303542743e-15,-0.3401880159207356,0.013499859313195493,1.0
liquidity_stress,20261116,0.0006562143866334758,0.033425743199316474,-0.1448094952969675,0.1588694062080637,0.034186605268631036,0.32952806906548016,0.3167853421555003,0.1493822759036699,-0.0026980930269546737,3.0140617860324284,0.47206166531142013,0.9376942029097736,0.4119051337245561,0.5266932712461345,20.15260976182374,1655.9973992872438,0.0168,0.05546181989965961,0.4004854955483026,0.0,0.0568,0.0,0.3150193995021173,0.0,1.7610463229092685e-15,5.291605537587946e-15,-0.09593456268289624,0.032956309221275584,1.0
liquidity_stress,20261117,0.000744159849263956,0.03278187194939375,-0.12387331290493535,0.21935523972797052,0.037052624441149026,0.3191271622985886,0.26990757315425734,0.09823977820974235,0.008341686465011705,2.9600749704382325,0.4475390032890658,0.9470235569384178,0.41004813929602063,0.5142107871666511,19.942761162075843,1307.0206610342993,0.0184,0.06207710740885053,0.2994593465142025,0.0,0.054,0.0,0.30668916383718714,0.0,2.4383718317205256e-15,3.96870415319096e-15,0.006774200216627969,0.048912868616889406,1.0
liquidity_stress,20261118,0.0004299772982417093,0.03389103520144858,-0.16287543255141182,0.1785394507383808,0.04004997146227223,0.2879158799477104,0.28147244939054894,0.13233765520302515,0.045759013168395965,2.7402551873544967,0.4525045128032513,0.9454795675523,0.3915395493142085,0.5412640846862466,20.302240035658865,2616.7446051178536,0.0176,0.04185336576289833,0.363665962429627,0.0012,0.0584,0.0,0.3072985257937084,0.0,2.4383718317205256e-15,2.1166422150351785e-15,-0.02657055001412573,0.028157822440905554,1.0
liquidity_stress,20261119,0.0005320053685509528,0.03369177099872526,-0.17325783925575383,0.194104481408703,0.03469608099167738,0.3351562506071615,0.32622219016217513,0.13289665207220855,-0.051929475361589046,2.8327786206066845,0.4766498484910097,0.9394985097704924,0.42387130730827083,0.5261750425586058,20.16187077838108,2318.01107983623,0.014,0.046195963193556046,0.3318412272705876,0.0004,0.0592,0.0,0.31253958299148676,0.0,3.7930228493430395e-15,2.5135126303542743e-15,-0.17065115610611548,0.04027415372232553,1.0
liquidity_stress,20261120,0.00037542022450132216,0.033890573627900114,-0.17789932365093855,0.17789932365093855,0.04400946602369011,0.27642802005764733,0.28848779730268753,0.12979949484821118,0.00877477745024304,3.083363624627413,0.43461036117897506,0.9350520604175783,0.3886663743328006,0.539358148768151,20.32515835526776,2642.958893552813,0.016,0.041858065831690335,0.5244624721346278,0.0004,0.06,0.0,0.3030708642130435,0.0,1.8965114246715198e-15,4.89473512226885e-15,0.016546098019782258,0.03596803285211341,1.0
concentrated_wealth,20261101,0.00023409568647152242,0.020846400577588648,-0.05766340653366188,0.16981107404313292,0.03255942664786412,0.12543348877210003,0.14807980714912947,0.03676223738224465,-0.044945720725634374,1.096039250683603,0.29482954764333297,0.7871019293882106,0.4083517504197811,0.5101909160359115,7.090416300554641,5301.647424825455,0.0068,0.04375178805634779,0.4142752483264871,0.0,0.0128,0.0,0.5909309194577541,0.0,3.7930228493430395e-15,2.9103830456733705e-15,-0.18593786994950537,0.038698847461327145,1.0
concentrated_wealth,20261102,0.0006559589959483396,0.01935684801485071,-0.05340260706876106,0.12115896757497684,0.03278391402205979,0.16216183553493588,0.1299160437233116,0.006351677146451171,-0.005250558626919061,0.9355962555354296,0.16105855084911141,0.8858272550298829,0.4167625025101451,0.47743145836632334,7.021991370189184,2862.956942443766,0.006,0.06149134013866235,0.3604411291726217,0.0,0.0076,0.0,0.5608264377213497,0.0,4.063953052867543e-15,3.5718337378718635e-15,0.021472422558579264,-0.010416635937640882,1.0
concentrated_wealth,20261103,0.00013989843610650717,0.020914320714617775,-0.061831412282736614,0.11407113569119699,0.0294365254971167,0.17744210523029105,0.14803598779997498,0.023029594116101452,-0.07833792307316319,0.7745708599085441,0.29561680987052047,0.8209867507459461,0.4180776004708958,0.5475629057090977,7.065619352729062,8958.640698871413,0.0056,0.025524942052533063,0.3389318972317915,0.0,0.0112,0.0,0.5679921558457017,0.0,1.7610463229092685e-15,3.042673184113069e-15,0.04485112307522528,-0.006810457749503776,1.0
concentrated_wealth,20261104,-2.037212871089977e-05,0.021205001555325592,-0.05019998904425141,0.1556372954768361,0.03093236643827693,0.16435143289608686,0.1805761846040201,0.08993624415540015,-0.04162781939472761,2.589075578350056,0.3063406679222451,0.8262897714598102,0.4241080400930469,0.4816787168182526,7.068812123541486,4761.122016415674,0.0104,0.04818239368077421,0.4972378146187685,0.0,0.0128,0.0,0.5668166339810619,0.0,3.657557747580788e-15,3.5718337378718635e-15,-0.11324291915325173,0.012746903894087402,1.0
concentrated_wealth,20261105,0.0004652112194595766,0.02041751864895567,-0.0734869925441716,0.1449555162695473,0.03196036167730787,0.15560854136550809,0.13648791842364927,0.04040629026089053,-0.03320111200551018,1.0266362486143636,0.27795264653690516,0.8757711190857096,0.37846908988400146,0.5615651383627088,7.088299048389234,12056.213016168347,0.0064,0.021056613783025476,0.42812609267869617,0.0,0.01,0.0,0.5823061962652449,0.0,2.4383718317205256e-15,4.365574568510055e-15,-0.07616668818750583,0.012290505542091322,1.0
concentrated_wealth,20261106,0.00043221976747024834,0.02084141332777764,-0.06759210258958907,0.1449770504134358,0.03499731700051943,0.19110451422862507,0.18349830616150428,0.06304396007094915,-0.036557336086343956,1.9929030331339268,0.23709987150544887,0.8765909693922787,0.4219217254197173,0.4861755564367793,7.086036041537015,5050.6178089350815,0.0096,0.04658992282504859,0.4750899049494426,0.0,0.0112,0.0,0.550298034770557,0.0,2.4383718317205256e-15,2.248932353474877e-15,0.038653342622062895,0.05943499718623327,1.0
concentrated_wealth,20261107,0.00038662855043356393,0.020848275752975997,-0.087082195583004,0.16509366316574225,0.029336598195465236,0.13729023621492514,0.13449032006321537,0.053929492135566415,-0.032945977903794776,1.3518081172577538,0.1948541793548421,0.8690549753812321,0.3894123882311671,0.5238466787719073,7.0820379289611,4712.479281739502,0.01,0.049487333900901355,0.3065395825540479,0.0,0.012,0.0,0.5633726591063213,0.0,4.3348832563920454e-15,2.645802768793973e-15,-0.13960919243252087,0.0251371792331305,1.0
concentrated_wealth,20261108,-0.00011676954165168354,0.02044891685933385,-0.03926991291608912,0.12429579128067886,0.027885491515186357,0.183638040192425,0.19125730530518048,0.032846300202353663,-0.029766668963730022,1.0412324857994033,0.32646267789129446,0.8160257623381437,0.41829795046123686,0.5747030445953606,7.109535910037606,13935.824357227892,0.01,0.01754251031862429,0.6042185029336636,0.0,0.0112,0.0,0.5769917219742609,0.0,3.657557747580788e-15,3.836414014751261e-15,0.08034667899459262,-0.005370118335348215,1.0
concentrated_wealth,20261109,0.00021691593264741514,0.020095751657080378,-0.04921055761466188,0.10083227992744377,0.02526706503493693,0.11738011749643062,0.09077603260067392,0.028093551597547367,-0.03280249867553547,2.0168874192854105,0.27256031690798804,0.7938292504292865,0.43858134593797155,0.5000244919638728,7.019225413685974,7484.1297159577725,0.0112,0.031359003220585165,0.427231670365364,0.0,0.0124,0.0,0.5842970672269456,0.0,2.0319765264337714e-15,3.7041238763115625e-15,-0.2378964344530324,-0.011469162112085159,1.0
concentrated_wealth,20261110,0.0006230410089853162,0.020589223298414856,-0.08099260480508705,0.13754096116458536,0.03128808374325108,0.17975853812448156,0.15841360577251126,0.04462409062589728,-0.056790776343805895,2.003104290563604,0.2558089053924187,0.9214945697226974,0.4077711015874582,0.5224048245125571,6.978939307883639,7582.465403034502,0.0092,0.035636816897550445,0.30079177303714644,0.0,0.0108,0.0,0.5599289985357119,0.0,2.302906729958274e-15,5.820766091346741e-15,-0.1724637596347205,0.016291167713238807,1.0
concentrated_wealth,20261111,0.0005308067070608839,0.019542302661129593,-0.10579072200158302,0.11632857636092427,0.027788005330810987,0.1678849635940805,0.1437309996456313,0.02501937083533492,-0.03226151748735584,1.1305554554960269,0.18140407286273993,0.905169167762377,0.40677919146055824,0.5061898892209487,6.969460039043048,6728.033536598572,0.0084,0.037693044028635554,0.3240909251433166,0.0,0.0072,0.0,0.5437297490174839,0.0,2.1674416281960227e-15,1.98435207659548e-15,0.07232743832875649,-0.005768667382524002,1.0
concentrated_wealth,20261112,0.0002785053949925949,0.021354293319877645,-0.07742421259553892,0.13272498429864651,0.03113737865763575,0.1646579404244942,0.1500946033173756,0.027719562833615412,0.021079617260745098,1.3992786009674658,0.32370354429261355,0.8339581392252451,0.41833013725651125,0.5770371130576891,7.1212370075802065,16429.866184331786,0.008,0.020432249735527395,0.45117261658566143,0.0004,0.0164,0.0,0.5606961016220706,0.0,1.8965114246715198e-15,1.3229013843969864e-15,0.0325213491587344,0.010985309216882537,1.0
concentrated_wealth,20261113,-6.59700585199019e-07,0.020790967266144662,-0.028775389320106346,0.14049845991735968,0.033505451377746485,0.15976259885255806,0.18548536664531717,0.019369606899363925,-0.02542388232066424,0.8996992475920487,0.30561192844501006,0.7866824390402826,0.42488611232599877,0.5189414729700599,7.132831303984054,6518.1896228956375,0.0068,0.03550020668453915,0.5030128353588862,0.0,0.0104,0.0,0.557394372861175,0.0,3.522092645818537e-15,2.778092907233672e-15,0.054597556303742786,-0.021222147015668106,1.0
concentrated_wealth,20261114,0.0003299794950005175,0.021083528059996477,-0.09125490143025036,0.12576523914806279,0.03527035355848362,0.18697024840826476,0.17240381921668196,0.0802660985717049,-0.036601472145801645,1.2958609209939738,0.3209747551844715,0.8635530342763654,0.39731538768320246,0.5160182928168597,7.1086956874020935,7797.354878183354,0.008,0.030151579944333106,0.39062286528737844,0.0,0.0108,0.0,0.5624203142478843,0.0,1.625581221147017e-15,3.836414014751261e-15,0.1187796268814883,0.008326102612414477,1.0
concentrated_wealth,20261115,0.000434998904649434,0.01992657296384074,-0.055276696611059085,0.09786000165048013,0.026320950794153086,0.07754138798964973,0.11458790931670255,-0.0010668867319388801,-0.03913520870152346,1.2942430326266958,0.21697344559254422,0.811358530214484,0.4248539557368012,0.4867421552911262,6.989984919376442,4825.15484687877,0.0108,0.047971752886310455,0.5143169044291065,0.0,0.014,0.0,0.5618424258329131,0.0,1.7610463229092685e-15,2.3812224919145757e-15,-0.25023094759576314,0.006776777251166191,1.0
concentrated_wealth,20261116,0.0006632748009272806,0.019521343872742878,-0.042324561347960664,0.09969986497828003,0.028883998842594273,0.15308365711292365,0.18376212193967364,0.050776641141698484,-0.009529493829177884,0.8989148815002728,0.2380079608419264,0.8765515217305719,0.42442229413331284,0.48983550302267054,7.0266827105689895,4348.778703354849,0.01,0.05004414532135252,0.4024063756090145,0.0,0.0068,0.0,0.5660584207778949,0.0,3.522092645818537e-15,1.8520619381557813e-15,0.0751734229574189,0.013855466345410222,1.0
concentrated_wealth,20261117,0.0007431682860928333,0.020714834044788702,-0.07295599338888441,0.14348416933305658,0.033654244931011115,0.20675677985211455,0.16984795941205663,0.02518162590198687,-0.03644605192844962,2.292047148420518,0.22031429396708738,0.895809262378711,0.4132570721127298,0.4812624560543419,7.044550914150284,3448.148450800471,0.0116,0.05813504891038097,0.29158463940526413,0.0,0.0116,0.0,0.5615700647734545,0.0,2.302906729958274e-15,1.3229013843969864e-15,-0.010656051938566174,0.06429062454888425,1.0
concentrated_wealth,20261118,0.00042774542795694364,0.021200097328524972,-0.07622265355382575,0.14952288943531786,0.027829154037811565,0.18653343209643716,0.21609499728424691,0.012889761513827229,-0.05436909957692881,2.742234892686912,0.2518325583812163,0.8970239364873845,0.43094333968987925,0.5109665907597898,7.032384786539477,6959.245458167441,0.0116,0.03594895157320977,0.3848764793208188,0.0,0.014,0.0,0.5815942319135852,0.0,4.3348832563920454e-15,1.98435207659548e-15,-0.026712250269586922,0.04439692568712048,1.0
concentrated_wealth,20261119,0.0005264596897163205,0.019344732334255026,-0.07317950017992217,0.15937745611934123,0.02959942906582046,0.1630316543044966,0.22403676109595563,0.017023903697422745,-0.039797664549548514,1.5283710900321674,0.25628026700235296,0.8887023466706229,0.42388657202806446,0.4944788186668955,6.978136052240912,5893.427811794741,0.0076,0.03980439412794603,0.286500274485727,0.0,0.0092,0.0,0.5661463929932462,0.0,3.251162442294034e-15,3.96870415319096e-15,-0.06920614730507481,0.009650692251914481,1.0
concentrated_wealth,20261120,0.0003685403164929813,0.020271885466322692,-0.05773129278139101,0.15313313072947893,0.03206171638590117,0.11733628458985945,0.15426438452857838,0.00599785830124744,-0.03445283792942983,1.991078460907417,0.2138438479843623,0.8687757116915646,0.4154666083551267,0.5042943851508729,7.028495020116796,6875.533960537574,0.01,0.03646558455555057,0.49093521153424136,0.0,0.0108,0.0,0.5546414208500823,0.0,4.063953052867543e-15,1.1906112459572878e-15,-0.005653452753204385,0.022978241457085092,1.0
garch_t_control,20261101,0.0005952066359524956,0.017617321802578478,-0.08012762338760165,0.16855129300030466,0.039588170454527984,0.2674466333802603,0.3026070515841525,0.16115166763473365,-0.031885974356974746,3.1728893662866042,0.35932148041757067,0.9035573135875796,0.47114442940154977,0.49769287831933184,7.014196919939562,4430.5199681826,0.0124,0.04863348169095377,0.23406648939029573,0.0,0.0084,0.0,0.17549316036375617,0.0,2.84476713700728e-15,2.9103830456733705e-15,-0.24990924820054888,0.017358622319216706,1.0
garch_t_control,20261102,0.0006048356121505553,0.018066608551796867,-0.07176449279217698,0.1384434267977428,0.034106335329518074,0.3088905912661165,0.35135444902142493,0.1774903327028519,-0.03103423061094009,2.649995653609597,0.34583059462186116,0.910153749138326,0.4434698241531692,0.46824207283093516,7.11057023587624,2617.9212288323147,0.0144,0.0639452550493853,0.23848235533972795,0.0,0.01,0.0,0.17920551883557234,0.0,2.4383718317205256e-15,3.042673184113069e-15,0.18111950399869325,0.014650385524284692,1.0
garch_t_control,20261103,0.00019902617700009914,0.02032657376702541,-0.10496432813747669,0.12328101083783427,0.035212538556395015,0.28129828430019377,0.32335175580514863,0.07155398702494482,-0.07508072337308819,3.7130047002209494,0.42939465696149276,0.8980806825522878,0.43858778340714955,0.5408419582827038,7.111445449039494,12041.303710130233,0.0144,0.019684179805094102,0.34289752152963693,0.0,0.0152,0.0,0.21208100105153838,0.0,3.657557747580788e-15,3.7041238763115625e-15,-0.39727938836244414,-0.033050890282373804,1.0
garch_t_control,20261104,0.0004066676685902479,0.018920466572536265,-0.04158491398817564,0.1528246397693392,0.028602441106177885,0.3001611599963304,0.25340239716290386,0.18109309127575363,0.03134616173670158,2.9528981607374964,0.24811136826182606,0.9089719978800579,0.4584135303580932,0.45347707621943656,6.982565424690675,5753.586434162584,0.0144,0.041688478935209015,0.391765436968624,0.0,0.012,0.0,0.18117102358610948,0.0,1.8965114246715198e-15,2.5135126303542743e-15,-0.04526247691379178,0.007405197122357815,1.0
garch_t_control,20261105,0.0004576379760607487,0.02134877564950091,-0.07092599756831738,0.1937341240612479,0.03506361271516907,0.3057471114521227,0.32551677594007233,0.1266403755169043,-0.016149208741284782,4.145508243869268,0.43941242252426455,0.9059464466801731,0.4444158801575731,0.4721997708525071,7.13000451983132,7954.165670486507,0.0172,0.030506051231164007,0.40776626180035824,0.0,0.0216,0.0,0.19661432368188225,0.0,3.251162442294034e-15,1.4551915228366853e-15,-0.11718966820589467,0.01916876425981833,1.0
garch_t_control,20261106,0.0006519543121118378,0.022074741965272038,-0.075552297292821,0.08397029527124494,0.03406494832665588,0.3746466624894008,0.32965400869817507,0.1945087891714661,0.07768007241829047,10.578000491863405,0.4224360600972277,0.9227429330352696,0.4854950334401975,0.42122485865618625,7.091642308280061,6426.795338578762,0.0184,0.037981380911713505,0.48880580495271764,0.0,0.0232,0.0,0.1877420924659936,0.0,1.7610463229092685e-15,4.100994291630658e-15,-0.7464348211861553,0.05106798324035516,1.0
garch_t_control,20261107,0.0008876074871731238,0.02021645284643542,-0.08951712268776987,0.11073363948972538,0.03300049816410403,0.31533365155785037,0.2899259240414002,0.19673362623932444,0.04047657030407214,6.800493740798679,0.23971213815043674,0.9294958718942272,0.4513445255822783,0.4175619933234967,7.074652103831956,4079.7933202513696,0.02,0.05207635763487093,0.23476153329688976,0.0,0.0172,0.0,0.18667288969902418,0.0,3.7930228493430395e-15,2.248932353474877e-15,0.09984857900683923,0.023165950432051708,1.0
garch_t_control,20261108,0.00024865686965958993,0.01900875959536938,-0.05062278268656756,0.13701953590545612,0.03755766439459956,0.28126553592908277,0.31324226351975215,0.17470852507582013,-0.012899479337445157,3.5798885280424857,0.332866948500953,0.898352223951584,0.4709601241400654,0.48854298387987183,7.1265161721065935,6569.998988491489,0.0184,0.037098897201326225,0.41194318766443494,0.0,0.0144,0.0,0.174862903623638,0.0,2.980232238769531e-15,2.5135126303542743e-15,-0.04505331192107146,0.012385804797152613,1.0
garch_t_control,20261109,0.000499768386664277,0.01944057042895148,-0.10361645819506231,0.1304661522974749,0.03443677603417923,0.25802325163072143,0.29676513378873426,0.1221271896519135,-0.0707422254698065,4.31481061224443,0.3701521263752552,0.9009869525023234,0.4588536366936878,0.4824021097818651,7.0513740391044335,7617.196781211215,0.0156,0.031220430206743078,0.30497911665876576,0.0,0.0156,0.0,0.1874640645599004,0.0,3.522092645818537e-15,4.100994291630658e-15,-0.277066283093626,-0.01127247501291037,1.0
garch_t_control,20261110,0.0003729897202657,0.021124166669747185,-0.09939158591088622,0.10861312461881194,0.03777760442000426,0.3167169003408984,0.35729949761154794,0.16113703014649422,-0.010174749941687976,4.307343926709002,0.44896125471210724,0.909234387948235,0.4622014580500596,0.437162838337864,7.154446614933658,7073.810571962583,0.0192,0.03369372983898171,0.25148596867999673,0.0,0.0176,0.0,0.17867833633572738,0.0,2.980232238769531e-15,2.3812224919145757e-15,-0.22302492041540167,0.03983427957897897,1.0
garch_t_control,20261111,0.00035407123459702704,0.01956298020313316,-0.08899196201165424,0.13797727120237177,0.03199445509091116,0.298780421015265,0.2733963477724742,0.1316320563911255,-0.03679276394815154,12.495944527451124,0.4370059995338984,0.8995468572255039,0.4671968244139602,0.46653139614640077,7.01305329031416,8617.197024779007,0.0132,0.02574801416203644,0.36408210430417276,0.0,0.0168,0.0,0.16731632247584405,0.0,4.3348832563920454e-15,1.0583211075175892e-15,0.5660967079893465,-0.005936752716359099,1.0
garch_t_control,20261112,0.0001139414223693322,0.01990471191375117,-0.05174880294921546,0.1468815784409269,0.04874986016390172,0.3346140981609107,0.32271682305850574,0.16012246387728274,-0.061649913362635506,4.482452243511128,0.5045918252381957,0.8884296757564425,0.4351774231599465,0.5445705776332768,7.156298969368894,11844.228807426238,0.0168,0.016400879488392667,0.2930667838109158,0.0,0.02,0.0,0.18747008494720907,0.0,2.1674416281960227e-15,2.645802768793973e-15,-0.07083003197946691,0.00057191661764189,1.0
garch_t_control,20261113,0.0006111695663791011,0.018949203097697067,-0.051405218222671925,0.16190533531562099,0.033810459937166096,0.3072097251865496,0.27874685727717025,0.13293347447154163,-0.03132302980350873,4.599776213966934,0.30091668438493696,0.9139018633937598,0.45743838970104844,0.486396930259035,6.976234804292398,6260.816911522171,0.0176,0.038933819995708316,0.23336682913854323,0.0,0.0132,0.0,0.1757456909037447,0.0,5.68953427401456e-15,2.645802768793973e-15,-0.09757046603843209,0.007401366501040665,1.0
garch_t_control,20261114,0.00041935055792254196,0.018440678055293893,-0.07879112032602889,0.12845294834754412,0.04476427783036784,0.31460514015570457,0.319933204680073,0.1707336255243487,-0.08415792273570916,4.072784007099329,0.39090310929324246,0.9248351797340042,0.4608341005469855,0.46324451834621827,7.0002488855628275,4102.8230955063045,0.0204,0.052927451354154643,0.35147615038801694,0.0,0.0132,0.0,0.18528908511429476,0.0,1.8965114246715198e-15,1.1906112459572878e-15,-0.11635674315098568,0.01723665900555335,1.0
garch_t_control,20261115,0.0002515070382080548,0.022063869860638963,-0.1532450642605927,0.16961958030230956,0.06279327204849652,0.4741188485466544,0.4195501203571792,0.2531947704411082,-0.004535495206317001,11.791265540285742,0.272031591522584,0.9116002934066083,0.4829416771360388,0.4064552623997479,7.188910075214678,5749.968944502625,0.0216,0.04040654879949947,0.634557579045297,0.0,0.02,0.0,0.17381099692679203,0.0,1.625581221147017e-15,2.778092907233672e-15,0.03344730283228817,0.014879415427966152,1.0
garch_t_control,20261116,0.0001979644774966605,0.021940138239006556,-0.06403278772096505,0.12514871208452036,0.03506429128832125,0.34094138760693354,0.31876407513781607,0.21860978405723738,0.04364224490000081,17.15705620123897,0.4323916431768052,0.878565525242627,0.4674076057549772,0.408255263378746,7.259217393032283,3001.063149023709,0.0156,0.060046654276224146,0.4776179275706436,0.0,0.0152,0.0,0.18209819294652463,0.0,2.302906729958274e-15,3.439543599432165e-15,0.45237154101330773,0.040373306958129476,1.0
garch_t_control,20261117,4.632457128814451e-05,0.019933273376222253,-0.10359490396174138,0.10359490396174138,0.03734987421356254,0.33033548407567515,0.30857539537955225,0.15801938250959494,-0.0305868242394294,3.6650334149522417,0.45178466795335004,0.8799397171380557,0.46806218187512344,0.4674493083988743,7.1137916529809315,6011.010076831645,0.0168,0.03916939299939747,0.5397376861714842,0.0,0.014,0.0,0.1866597679184996,0.0,2.573836933482777e-15,2.778092907233672e-15,-0.016344277647935928,0.008918488738815422,1.0
garch_t_control,20261118,-0.00021512237770364954,0.029600955758332676,0.14950021377345188,0.14950021377345188,0.04710214871612739,0.4764606545811337,0.450869484000088,0.29270748613238323,0.15573418039689127,31.422376579457982,0.22924208393935944,0.9323007354664173,0.48203826211573453,0.33466548249794636,7.176075445347234,9904.040982406657,0.0176,0.03578112571370753,0.919648791120133,0.0,0.0256,0.0,0.20318361005687624,0.0,1.3546510176225143e-15,2.248932353474877e-15,-1.5000123279331004,-0.07794806900954526,1.0
garch_t_control,20261119,0.0003668766653070783,0.032343540102684164,0.03412751667668358,0.12336896677989682,0.04684709519894607,0.5435620308063195,0.4411841463830573,0.41574155488870573,0.23721909856009413,29.274434761671067,0.1769646994571302,0.9005469418895635,0.5328607802563546,0.24861234055840337,7.2653093318699336,3005.6808908100566,0.0208,0.06162879430842222,0.7775938761385125,0.0,0.0324,0.0,0.19202780932446295,0.0,3.928487951105291e-15,1.8520619381557813e-15,0.12094959730248651,0.037434161487622374,1.0
garch_t_control,20261120,0.0005138804781865549,0.020625626132473575,-0.06042787882278716,0.15287211280879404,0.03482152125918035,0.30490761753396933,0.32482411665742167,0.1494242051829801,0.017535079608330676,4.258602088246704,0.3239339544688001,0.9213770013182044,0.44862482361151296,0.4750935283452851,7.053252760541215,7120.08592709071,0.02,0.03619094502689925,0.5140555146990875,0.0,0.0192,0.0,0.1718979106651537,0.0,2.573836933482777e-15,1.8520619381557813e-15,0.08971578380488922,-0.01483940285391568,1.0
logit_learning,20261101,0.00023312053192121133,0.024768230373441252,0.04412797618153759,0.2608672279827995,0.037974996496934296,0.2148339486459511,0.24758218552123043,0.10211721030142266,-0.0661776280570602,2.1370874283593873,0.3835925955302163,0.8186848107423929,0.4967701585251661,0.4973536544362949,7.282726703391445,5547.119575311614,0.0112,0.07894243042194878,0.4274494808026498,0.0,0.0288,6300.0,0.21403738309495424,0.0,2.980232238769531e-15,5.953056229786439e-15,-0.13020421955780231,0.00768584850381761,1.0
logit_learning,20261102,0.0006558658603891277,0.02450310157346591,0.053012016364690925,0.18028281614482422,0.04464538888914152,0.2119143251288711,0.1921107417369252,0.0297796601691805,-0.011563329525873864,1.2284286767752102,0.2671553903746871,0.9045739748673646,0.48301791003157996,0.5073493925629596,7.273070336631698,2944.2448083750487,0.0084,0.08317865153323628,0.36894781511137464,0.0,0.0228,6300.0,0.21108772986836755,0.0,4.063953052867543e-15,5.0270252607085486e-15,0.09973131159215902,-0.028853067571942826,1.0
logit_learning,20261103,0.0001247633515032014,0.0236962236103688,0.03589413868510043,0.16950122531284492,0.03428542512637149,0.18677406912967895,0.17802360874349513,0.02120359469634469,-0.03615761357419435,1.250049011153977,0.3585147199587223,0.8585509405087914,0.48158926278596614,0.5639567103716794,7.151357629068298,9283.509350951692,0.0076,0.0554513037166946,0.35965064743359065,0.0,0.0204,6300.0,0.2140137940993312,0.0,1.7610463229092685e-15,1.5874816612763839e-15,0.0038948766375918693,-0.03983888423618607,1.0
logit_learning,20261104,-2.2564251814235092e-05,0.02436479450958969,0.05073631873410444,0.2022308999505939,0.03646416977834718,0.17799446460804877,0.19273658546186564,0.09376426678434362,-0.05057777321959597,2.2013495231560203,0.3358070016561316,0.833920092461306,0.49732265361366224,0.47870028372460394,7.290231463738392,4913.056326732404,0.012,0.07683866016752164,0.5333965451899199,0.0,0.0256,6300.0,0.19993638790612778,0.0,3.522092645818537e-15,1.7197717997160825e-15,0.03525198482954798,-0.016743540642562366,1.0
logit_learning,20261105,0.00045620699665243724,0.027491247547889175,-0.007704572281439277,0.18387370066977166,0.040318737108602655,0.22403503207596773,0.2588133851787827,0.10770267929253842,-0.02526788751106626,3.1328922141900106,0.42984146174712984,0.907081131351735,0.45390008611366295,0.5773101354878897,7.389158225297939,12240.527082397837,0.0128,0.039776859361976634,0.4541693837114117,0.0068,0.0336,6300.0,0.21662684675450228,0.0,2.7093020352450286e-15,1.8520619381557813e-15,-0.034291674747185,0.01450269033321334,1.0
logit_learning,20261106,0.00044813586988146634,0.02622266090243174,0.04100260160760631,0.21190607628351146,0.04154790251090344,0.23478632047188086,0.2291226359240521,0.109746346399555,-0.055154409015903315,2.4529517550888693,0.30951903662665947,0.8837685251860832,0.4936242934666839,0.5075825646648631,7.412666514937758,5213.754923994681,0.0108,0.07708977301320176,0.48890823590464927,0.0,0.0304,6300.0,0.18795806236333812,0.0,2.1674416281960227e-15,5.423895676027645e-15,0.0919218018030806,0.014464991293746525,1.0
logit_learning,20261107,0.0003853769861140936,0.025829207254744916,0.004244521833910471,0.2345153886400159,0.032388384440699254,0.24500488019672623,0.2232001926068075,0.09507253724838596,-0.04020655427435955,2.6527903392714407,0.32841982531450337,0.9023676133727819,0.47248092036320016,0.5186406090742348,7.31292194074728,4907.761421247383,0.0152,0.0797446729967506,0.3184559757467814,0.0,0.0292,6300.0,0.20040172904712517,0.0,2.84476713700728e-15,2.248932353474877e-15,-0.14604410469287615,0.005328076735172423,1.0
logit_learning,20261108,-8.294395748357246e-05,0.025223298070755573,0.029171904222803368,0.1596622646138856,0.03662723829544452,0.26819112737633444,0.2341360192575617,0.07883747558650676,-0.05851809522451383,2.4942906774322164,0.4190401607432239,0.8455603786233177,0.4795085130077958,0.5790552703675839,7.348546904365202,14178.725894362598,0.0144,0.034212080022744035,0.6090865036583335,0.0012,0.0264,6300.0,0.19264201139914494,0.0,4.876743663441051e-15,1.7197717997160825e-15,0.2312057309357291,-0.003656593238315835,1.0
logit_learning,20261109,0.00022133822929763412,0.024199983150933257,0.06819985821064102,0.17710314186741208,0.03614048754713582,0.18392032778499498,0.1774631436033862,0.07674397916785822,-0.02485790754575615,2.653154120573597,0.3767070128748678,0.8372669555708928,0.509427604487533,0.5142396346155572,7.251443404766067,7806.445344159163,0.012,0.07036317142459639,0.44287877409351073,0.0,0.0252,6300.0,0.19247025728372447,0.0,2.7093020352450286e-15,4.89473512226885e-15,-0.11112929094409367,-0.014153527213620419,1.0
logit_learning,20261110,0.0006179902380918545,0.0237018387790173,0.02258860076355928,0.17443390517132357,0.03492215669162104,0.19395939008156576,0.20420053688056156,0.07242191002716607,-0.056578046027205654,2.2753131626903693,0.33942497980612757,0.9291972748663611,0.4804497153914615,0.5328932340588323,7.120030519930888,7707.8458559342025,0.0108,0.059588165099767755,0.30833906328705196,0.0004,0.022,6300.0,0.1872405077260222,0.0,5.960464477539062e-15,3.3072534609924663e-15,-0.07312256643837893,0.013389366812533618,1.0
logit_learning,20261111,0.0004991172215719133,0.02434753904371459,-0.00414374303668615,0.15797834967810573,0.03145448857422563,0.20486406399835821,0.18707669008145697,0.051791907206830655,-0.04084350173970584,1.8293601960034662,0.2902766724007283,0.9298106472884257,0.4798884017229511,0.5328124403863431,7.172111148379783,6908.423405346724,0.0108,0.0639832994335269,0.3532366070170041,0.0,0.0232,6300.0,0.1977507054048151,0.0,1.2191859158602628e-15,1.8520619381557813e-15,0.13868407628893892,-0.005996782071762249,1.0
logit_learning,20261112,0.0002596242815198263,0.027754474156365175,-0.012301835436513347,0.13002758486915986,0.033852241184351387,0.24153268299684352,0.20486434058192793,0.08040045777614163,-0.028515611861149696,2.8244506147890966,0.4172737514018072,0.8651080818133895,0.45950057007749534,0.6046118873418522,7.450448067223488,16120.350560601932,0.0116,0.0412620785437083,0.47138518825603926,0.0416,0.0344,6300.0,0.20356460446968394,0.0,3.251162442294034e-15,5.423895676027645e-15,0.13995970884009992,0.021228139574509076,1.0
logit_learning,20261113,-1.6832699254408822e-05,0.025146337873099344,0.06986068341845743,0.20320303734320766,0.042255820033469185,0.21743546080693163,0.2466555099318291,0.06290684060514475,-0.05362465827631657,1.780762271526724,0.37287521674366525,0.8058260179497637,0.49685396062930565,0.5264800390412459,7.374183300815747,6786.020124986518,0.012,0.07017742774725362,0.5225624485881373,0.0,0.0264,6300.0,0.19538945748395276,0.0,5.147673866965554e-15,1.5874816612763839e-15,0.1227974874037161,-0.012272342880521338,1.0
logit_learning,20261114,0.00032876384979850997,0.02372116264495802,0.014646376917644576,0.13746213675413,0.04200373170864089,0.2271087670065521,0.2188469927641099,0.1255797547556825,-0.03722763926777712,1.7452111978126439,0.38572256964494145,0.8849572489893933,0.4793245023402246,0.515670228458703,7.229230705562402,8097.3475376309725,0.0144,0.0621089622801584,0.4027176644652477,0.0,0.0216,6300.0,0.18674540979486265,0.0,2.1674416281960227e-15,1.98435207659548e-15,0.09533289152965078,-0.0014893760506326248,1.0
logit_learning,20261115,0.00044110238643938973,0.022977661875287592,0.06525705607587133,0.17523533051287285,0.037217447581181076,0.12970627127693382,0.16659872944601617,0.020196241090563137,-0.06306423491298889,1.4943104598832315,0.2572067445162128,0.8290475619947621,0.49800583959439226,0.4931912838891497,7.183328211874502,4979.716900557776,0.0132,0.07995214796158985,0.5259544200489199,0.0,0.0196,6300.0,0.18777511382229206,0.0,1.8965114246715198e-15,2.1166422150351785e-15,-0.18316639428096493,-0.00910032216802493,1.0
logit_learning,20261116,0.0006639031434183945,0.023784395225748586,0.08064052598979647,0.1657849110173875,0.03885302390013573,0.2044377786071768,0.21994178482210872,0.06267461724288809,-0.019152811766443838,1.1606354227660614,0.31243785777269484,0.8873152405525465,0.5058654828700038,0.5054969991206748,7.235576572875519,4508.891479461034,0.0076,0.0804507555697259,0.41726528332730695,0.0,0.0224,6300.0,0.19498802007072236,0.0,4.063953052867543e-15,3.042673184113069e-15,0.04288968958910656,0.010774375608134823,1.0
logit_learning,20261117,0.0007519912338090428,0.024250733448674584,0.06645687418444719,0.23264564068715599,0.03919929895466794,0.21452616804121644,0.17772454965222795,0.05114510273679979,-0.03493841071356084,1.9729178588775529,0.25382179644651126,0.8986296535993502,0.4824776249737278,0.5001026607449734,7.25932940754079,3528.3687585722687,0.0124,0.08096634847788044,0.3015185213886632,0.0,0.0204,6300.0,0.20185254779195083,0.0,2.7093020352450286e-15,3.3072534609924663e-15,0.14577890802487622,0.045570332521924856,1.0
logit_learning,20261118,0.00041548802155449884,0.02483910377189227,0.04185900381645359,0.19201481467814324,0.037407754708056525,0.18704259478603608,0.22804777952286892,0.050885899028246466,-0.05625702763780832,2.7213332367757586,0.28764921836595153,0.9021971786572399,0.4909928635816042,0.527353634603245,7.262571076395018,7092.94452117506,0.0128,0.06223095560566244,0.39548806148693083,0.0,0.0232,6300.0,0.19034562752928297,0.0,5.0122087652033025e-15,3.042673184113069e-15,-0.035830229973172034,0.026614424295645117,1.0
logit_learning,20261119,0.0005302869089533342,0.024381424447588826,0.031152019036481526,0.2274074933180777,0.03907438128386556,0.16896902628528945,0.2217301089691008,0.03610616970725576,-0.05803573614330337,1.8701938608866566,0.3015813966325342,0.90521785603186,0.4908368443539807,0.5338947900540906,7.28817345783328,6078.847281882174,0.0084,0.0733890050830501,0.32773356375317153,0.0,0.0244,6300.0,0.19819529211517262,0.0,2.980232238769531e-15,4.365574568510055e-15,0.045746206034846706,0.003998440419720711,1.0
logit_learning,20261120,0.0003595211604748023,0.02401998161246087,0.04812998404886806,0.1953626798807818,0.038733328053532703,0.16034544639736031,0.18071020886922218,0.048451364769816506,-0.042826261624778074,2.153219234603071,0.23770526293520652,0.8704403704089115,0.46787718785000626,0.5345800095084594,7.247543672642774,7027.38383424744,0.0104,0.06401667466261989,0.5084336314268156,0.0,0.0212,6300.0,0.18731290774579712,0.0,3.1156973405317828e-15,1.7197717997160825e-15,0.012181141640451086,0.016400818863538363,1.0
